"","baseMean","log2FoldChange","lfcSE","stat","pvalue","padj"
"g1",3.73773290985137,5.44064243229571,3.07625965258128,1.76859012136069,0.0769623005123705,0.173100393071594
"g2",84.742117005394,-0.82858246557916,1.06645820426238,-0.77694790313161,0.437189507394645,0.588400116063713
"g3",0,NA,NA,NA,NA,NA
"g4",7.66183700582877,-1.1817442492291,1.78042896800494,-0.663741306429822,0.506855897096139,0.650785739808179
"g5",0,NA,NA,NA,NA,NA
"g6",160.998801558069,1.24244078827773,0.603345889981818,2.05925126682337,0.0394701742963404,0.104904813381785
"g7",191.187786778311,-0.761875733796592,0.503878251563138,-1.51202345295335,0.130527896310213,0.257205412198297
"g8",2.67889989790541,0.409062560389947,1.98111445464636,0.206481033657879,0.836415178485405,0.893484017955624
"g9",0,NA,NA,NA,NA,NA
"g10",0,NA,NA,NA,NA,NA
"g11",0,NA,NA,NA,NA,NA
"g12",1.0859081468279,-3.49915202699045,3.22966173530993,-1.08344226540327,0.278612164122283,NA
"g13",362.737986339052,-0.332104836285733,0.396793150424471,-0.83697220057973,0.402608194269258,0.557585916596816
"g14",13.3615866267048,-0.461125653454467,0.869714929514441,-0.530203216945939,0.595971040866961,0.725592931893919
"g15",15.3934659795281,-1.99889113482519,1.03267518316615,-1.93564362483918,0.052911363468063,0.131393274337049
"g16",4223.30912302494,-0.531801550979811,0.419241164252803,-1.26848600835183,0.204624444195894,0.348505850231561
"g17",1941.80861113262,-0.311159831887031,0.366023375204123,-0.850109181451879,0.395264387475164,0.549694540249985
"g18",1446.32490488455,-2.16139001071248,0.418069286815648,-5.16993254198453,2.34178511432748e-07,5.65414140856899e-06
"g19",571.138193214444,-2.11370862226889,0.488914839565111,-4.32326542624281,1.53736587057065e-05,0.000192555075288974
"g20",119.462672928121,0.586306018693291,0.52590953537812,1.11484196283254,0.264918150729117,0.420012637706606
"g21",606.700380048186,0.169616135419481,0.491671529089297,0.34497855861952,0.730110490116331,0.819885866832858
"g22",1601.34699673573,-0.0472817752835923,0.32481272020708,-0.145566267396943,0.88426379899269,0.922950340198621
"g23",449.940793707228,-0.0175322345009229,0.40291870738805,-0.0435130813721132,0.96529253697613,0.979466452708944
"g24",673.728879758175,1.69189728983921,0.632916571585823,2.67317584306574,0.00751368536066216,0.0305993710382347
"g25",96.0251971743516,5.24757870386615,0.721122968024195,7.27695405160092,3.41441486288777e-13,4.27655461576693e-11
"g26",1663.33778975934,1.95906256390865,0.414844789084323,4.722398871715,2.3307899335909e-06,3.82860903845588e-05
"g27",1888.45131793742,-1.26017864991916,0.744891857601295,-1.69176053820375,0.0906916404962241,0.195186314009229
"g28",82.6948052328565,-0.9341053059767,0.602054827484798,-1.55152863714939,0.120775050034874,0.243005221154506
"g29",19.4073120836713,2.74827925795429,0.889502173772048,3.08968245271382,0.00200370595967611,0.011061781661683
"g30",18.2798478168952,-0.366454426943352,0.766259568171727,-0.478237978571285,0.632480834238596,0.754459280841754
"g31",2559.17588469424,0.336242459364671,0.41570445694223,0.808849781977194,0.418601557415507,0.573003771216309
"g32",143.872900326856,3.17654587595103,0.52533581614663,6.04669580545866,1.47846523724396e-09,7.40711083859226e-08
"g33",559.983841413105,-0.776681364180831,0.473242874420105,-1.64118976990948,0.100758028629938,0.211877323582787
"g34",236.677511248515,-0.141194074010422,0.511846964633292,-0.275852127230215,0.782661644626696,0.850622207882026
"g35",232.736806296203,-1.69306538452985,0.540721501085334,-3.13112273348024,0.00174139367413754,0.00978030838517632
"g36",3007.569410499,-2.41286319398999,0.722508883347373,-3.33956197577977,0.000839106254129861,0.00562397636547238
"g37",22.1576549428361,-1.97804075012401,0.780845359491076,-2.53320420756963,0.0113025086534697,0.0421007943151549
"g38",0,NA,NA,NA,NA,NA
"g39",0,NA,NA,NA,NA,NA
"g40",0,NA,NA,NA,NA,NA
"g41",0,NA,NA,NA,NA,NA
"g42",0,NA,NA,NA,NA,NA
"g43",0,NA,NA,NA,NA,NA
"g44",0,NA,NA,NA,NA,NA
"g45",0,NA,NA,NA,NA,NA
"g46",0,NA,NA,NA,NA,NA
"g47",0,NA,NA,NA,NA,NA
"g48",0,NA,NA,NA,NA,NA
"g49",0,NA,NA,NA,NA,NA
"g50",0,NA,NA,NA,NA,NA
"g51",0,NA,NA,NA,NA,NA
"g52",0,NA,NA,NA,NA,NA
"g53",0,NA,NA,NA,NA,NA
"g54",0,NA,NA,NA,NA,NA
"g55",0,NA,NA,NA,NA,NA
"g56",0,NA,NA,NA,NA,NA
"g57",0,NA,NA,NA,NA,NA
"g58",0,NA,NA,NA,NA,NA
"g59",0,NA,NA,NA,NA,NA
"g60",0,NA,NA,NA,NA,NA
"g61",0,NA,NA,NA,NA,NA
"g62",0,NA,NA,NA,NA,NA
"g63",0,NA,NA,NA,NA,NA
"g64",0,NA,NA,NA,NA,NA
"g65",0,NA,NA,NA,NA,NA
"g66",0,NA,NA,NA,NA,NA
"g67",0,NA,NA,NA,NA,NA
"g68",0,NA,NA,NA,NA,NA
"g69",0,NA,NA,NA,NA,NA
"g70",0,NA,NA,NA,NA,NA
"g71",0,NA,NA,NA,NA,NA
"g72",0,NA,NA,NA,NA,NA
"g73",0,NA,NA,NA,NA,NA
"g74",0,NA,NA,NA,NA,NA
"g75",0,NA,NA,NA,NA,NA
"g76",0,NA,NA,NA,NA,NA
"g77",0,NA,NA,NA,NA,NA
"g78",0,NA,NA,NA,NA,NA
"g79",0,NA,NA,NA,NA,NA
"g80",0,NA,NA,NA,NA,NA
"g81",0.311477742487614,1.9096457584262,4.0448507323431,0.472117733086278,0.636842755642901,NA
"g82",0,NA,NA,NA,NA,NA
"g83",1.22194671582975,3.8332826784789,3.64774983411263,1.05086227203171,0.293321850332123,NA
"g84",0,NA,NA,NA,NA,NA
"g85",0,NA,NA,NA,NA,NA
"g86",0,NA,NA,NA,NA,NA
"g87",0,NA,NA,NA,NA,NA
"g88",0,NA,NA,NA,NA,NA
"g89",0,NA,NA,NA,NA,NA
"g90",0,NA,NA,NA,NA,NA
"g91",0,NA,NA,NA,NA,NA
"g92",0,NA,NA,NA,NA,NA
"g93",0,NA,NA,NA,NA,NA
"g94",0,NA,NA,NA,NA,NA
"g95",0,NA,NA,NA,NA,NA
"g96",0.155738871243807,1.11606545129665,4.0804728567969,0.273513754524209,0.784458320715326,NA
"g97",0,NA,NA,NA,NA,NA
"g98",0.174649306542753,-0.807487900345844,4.0804728567969,-0.197890766262738,0.843130528772266,NA
"g99",2.42832585881434,4.80320569574601,2.91319419195544,1.64877635312115,0.0991934611384541,0.209687443166099
"g100",671.281611610787,-1.23698893257202,0.403804116310639,-3.06333908597512,0.00218881886217987,0.0119846803273455
"g101",9.78492595861178,3.90323240480669,1.44851099100597,2.69465156221973,0.00704622726750998,0.0292352783521532
"g102",641.516372436895,-0.674324655500734,0.33988179109804,-1.98399759316975,0.0472561082431845,0.121567703362441
"g103",162.421224822064,-0.876885049748219,0.672012503694886,-1.30486418768534,0.191939097658129,0.33389405530112
"g104",0,NA,NA,NA,NA,NA
"g105",2.84766833723378,-1.01037202524876,2.48917496605952,-0.405906390280081,0.684811382536501,0.790426483300571
"g106",0,NA,NA,NA,NA,NA
"g107",967.204523050896,-0.248103749219829,0.392357382755835,-0.63234122798251,0.527163928986189,0.665608707640711
"g108",0,NA,NA,NA,NA,NA
"g109",3086.85826903995,0.658813228762495,0.339698640492304,1.93940496143204,0.0524520468703777,0.130414270382428
"g110",2960.56985105059,-0.632122488066828,0.319190236325484,-1.98039418543567,0.047659252812248,0.121978470799164
"g111",0.926895383460413,1.04333928889367,3.94112008349668,0.264731666833147,0.79121618095441,NA
"g112",3937.14876797884,1.24323110966025,0.401083034589899,3.09968510867441,0.00193726481686778,0.010784107480564
"g113",61.7575503254219,3.47662972423916,0.666264122780187,5.21809535493504,1.80772398041577e-07,4.47244303302863e-06
"g114",7.856100456073,-2.04832027128834,1.50719245701847,-1.35903033600655,0.174136976027187,0.312138193165012
"g115",2185.42619646016,0.129139290268086,0.330801278431674,0.39038328654694,0.696253144822522,0.798340564082527
"g116",40.4987170234465,-0.319250669142134,0.633645901298961,-0.503831348845904,0.614379896251315,0.739914250052665
"g117",2300.02302669776,-0.155762026685556,0.400951405354223,-0.388481059314276,0.697660068086876,0.798464178438664
"g118",0.287513488366904,1.83172876717451,4.04938526566357,0.452347368057693,0.651018756811876,NA
"g119",0,NA,NA,NA,NA,NA
"g120",0,NA,NA,NA,NA,NA
"g121",0,NA,NA,NA,NA,NA
"g122",0,NA,NA,NA,NA,NA
"g123",0,NA,NA,NA,NA,NA
"g124",0,NA,NA,NA,NA,NA
"g125",0,NA,NA,NA,NA,NA
"g126",0,NA,NA,NA,NA,NA
"g127",1087.96262419412,-0.689192990783078,0.591536240649706,-1.16509005437454,0.243982542259439,0.394625516293717
"g128",0,NA,NA,NA,NA,NA
"g129",0,NA,NA,NA,NA,NA
"g130",0,NA,NA,NA,NA,NA
"g131",0,NA,NA,NA,NA,NA
"g132",3668.8372931056,-0.595444050339553,0.394023048636948,-1.51119091230674,0.130739817104412,0.257369934653479
"g133",0,NA,NA,NA,NA,NA
"g134",0.349298613085505,-1.84277290181777,4.02615683814773,-0.457700227760017,0.647167824360132,NA
"g135",0,NA,NA,NA,NA,NA
"g136",0.311477742487614,1.9096457584262,4.0448507323431,0.472117733086278,0.636842755642901,NA
"g137",0,NA,NA,NA,NA,NA
"g138",903.590148567144,-1.52689588518174,0.464989815074701,-3.28371898841793,0.00102447017830416,0.00658025076064593
"g139",498.07666961992,-1.08238743574808,0.486612266456633,-2.22433241075015,0.0261260876249605,0.0779117255958644
"g140",0.4713232864558,2.40017236107208,4.00912938875793,0.598676702179393,0.549388496226027,NA
"g141",14.1496075353807,-0.283487151637955,1.55386699427119,-0.182439779391104,0.855237610169998,0.906343823786714
"g142",0,NA,NA,NA,NA,NA
"g143",0,NA,NA,NA,NA,NA
"g144",0,NA,NA,NA,NA,NA
"g145",156.758647405854,0.678914360151776,0.469566188960798,1.44583314581122,0.148224006888346,0.279173787410006
"g146",7452.60806464159,0.169949571143839,0.616224968696428,0.275791439453278,0.78270825914893,0.850622207882026
"g147",75.1402926362685,-0.443793732132607,0.840238257935556,-0.528176059517924,0.597377144104985,0.7259816839214
"g148",5532.66720469259,-0.29155942224259,0.703530875883896,-0.414423065478516,0.678564299683182,0.788314699458027
"g149",979.428259236267,-1.35412341973817,0.459573304773739,-2.94647971427505,0.00321413500539123,0.0160626597276908
"g150",0,NA,NA,NA,NA,NA
"g151",26.0500689430335,0.639830411830326,0.748288356224338,0.855058623468015,0.392518694317752,0.54739559040555
"g152",2393.29448359404,0.929109418192179,0.743627430282008,1.24942865251734,0.211508334059881,0.357909603381248
"g153",0,NA,NA,NA,NA,NA
"g154",20.8809995039478,1.29665523507987,0.855006253192442,1.51654473898687,0.129381666579701,0.256003753181318
"g155",29.9819480093485,-0.926167223487208,0.707205374449505,-1.30961564624441,0.190325892712228,0.331663555648092
"g156",1274.71947985016,-1.38733320513936,0.485749269284187,-2.85606853754771,0.00428922533658112,0.0201510733652295
"g157",1073.94024758376,-0.663453799404812,0.334940728339864,-1.98080956798901,0.0476126334160366,0.121978470799164
"g158",1778.0733988787,-1.0679890976375,0.370831113384538,-2.87998784106886,0.00397690507857793,0.0190663104724167
"g159",278.768301334216,0.583568001735085,0.435096225711891,1.34123894267359,0.179842886412325,0.319791609911534
"g160",1643.89562529817,-0.363335185693929,0.423774462440419,-0.857378671667862,0.391235642641446,0.546366709305545
"g161",2001.94750970524,0.677573305051772,0.317248480895094,2.13578108598045,0.0326972614984306,0.0918434003766647
"g162",175.168479502323,0.912656926958935,0.423468975099064,2.15519195177269,0.0311468164589888,0.0885266208087215
"g163",175.614478961978,0.236570119766379,0.407801549070224,0.580110890470505,0.561839840116795,0.695875797029702
"g164",0,NA,NA,NA,NA,NA
"g165",3.37349025934675,-0.760944945038042,2.84608937260504,-0.267365091329351,0.789188074457003,0.856735049410528
"g166",0,NA,NA,NA,NA,NA
"g167",0,NA,NA,NA,NA,NA
"g168",0.311477742487614,1.9096457584262,4.0448507323431,0.472117733086278,0.636842755642901,NA
"g169",7.46269363383899,-3.48342731318127,1.59655198530681,-2.18184396451823,0.0291210506054425,0.0842115229629245
"g170",1441.63856927644,0.643032092788171,0.318050559024658,2.02179205331413,0.0431978390862022,0.113161398076796
"g171",567.904971447297,1.55299572837632,0.459298407676371,3.38123473197535,0.000721608699002426,0.00498656494069263
"g172",3997.6509351768,1.35581063752179,0.437863481964562,3.09642318523269,0.00195870603227996,0.0108732600794711
"g173",669.364482836936,1.08346392843602,0.340429885068519,3.18263459219497,0.00145941668396765,0.00847730734687298
"g174",460.471890468321,1.13222337207079,0.340041211355443,3.32966515310782,0.000869504812239614,0.00578899549411357
"g175",5198.75857130778,0.688860090680362,0.416306531125282,1.6546944118757,0.0979865011831609,0.207884206241327
"g176",10.7828756504853,0.756845504944957,1.17986202394571,0.641469502013384,0.521217689534198,0.660670619751127
"g177",0.728862796252209,-2.92965607550725,3.96344221804236,-0.739169619320016,0.45980400630837,NA
"g178",0.311477742487614,1.9096457584262,4.0448507323431,0.472117733086278,0.636842755642901,NA
"g179",749.252309158789,2.5897141175688,0.642058633414559,4.03345424045827,5.49628876935446e-05,0.000585880994350337
"g180",1512.37665411984,0.264460849948843,0.330797883473301,0.799463549077358,0.424021674456797,0.577268638322977
"g181",44.4004610041451,0.323960904210723,0.721054730578929,0.4492875373699,0.65322424686902,0.769583416064384
"g182",7081.54847100314,-1.23664876795186,0.529079552831837,-2.33735883636561,0.0194205336117882,0.0629753225857986
"g183",1910.05372623068,0.692660783650494,0.316124892134885,2.19109852113432,0.0284446637339324,0.0829739535994186
"g184",2400.40834024467,-0.0337992829742769,0.358150341533889,-0.0943717736789556,0.924813837057507,0.950424066391407
"g185",435.386115491091,-0.847731284973482,0.358795946070062,-2.36271143600922,0.0181417894564065,0.0601922948189382
"g186",63.5930997404604,-0.00877482585022682,0.496489287972502,-0.0176737465697605,0.985899124578938,0.991838275931824
"g187",0,NA,NA,NA,NA,NA
"g188",2.32372041760553,-0.553682717870397,2.64668950243665,-0.209198214358221,0.834293506322434,0.892168722876285
"g189",3170.24260965353,0.750819836186312,0.32593594817205,2.30358093483442,0.0212461790855635,0.0671566922515287
"g190",475.05783218714,0.921490433782303,0.481662775233547,1.91314438475237,0.0557295709991758,0.136363931968679
"g191",4155.80458767084,-0.287773066817671,0.325646927289084,-0.883696552008945,0.376860042129317,0.533729699241803
"g192",261.061382645313,-0.633579052628673,0.416034773622739,-1.52289926900005,0.127783908714141,0.254046580419781
"g193",2536.5797100708,-0.890804625612528,0.378598660821833,-2.35289956831553,0.0186276644928279,0.0613800326517571
"g194",138.927726260933,0.19199078910197,0.399309568321253,0.480806883514269,0.630653757515482,0.752793308888738
"g195",7448.34036667652,-1.99773542532587,0.617569589835684,-3.2348345161513,0.00121713251565512,0.00748866459805991
"g196",0,NA,NA,NA,NA,NA
"g197",0,NA,NA,NA,NA,NA
"g198",0,NA,NA,NA,NA,NA
"g199",0,NA,NA,NA,NA,NA
"g200",1273.23289324757,0.472543323257,0.333865439952482,1.41537058559956,0.156959869207114,0.290978332924197
"g201",94.6437999689277,5.0765243944215,0.81210804166425,6.25104559242906,4.07713823749523e-10,2.55330782123139e-08
"g202",813.375370885955,1.74852848096434,0.544635729481237,3.21045496341162,0.00132525033569143,0.00795150201414855
"g203",1458.58328040272,-2.41959255541925,0.518298905478368,-4.66833429483333,3.03651539688385e-06,4.74731650275954e-05
"g204",5.28820179649433,0.925011437456017,1.53844018679265,0.6012657790645,0.547662978526773,0.683901265994064
"g205",6265.78997271857,-1.06481999906261,0.409450372833505,-2.60060820483269,0.00930586665025942,0.036423743685781
"g206",100.502367667429,1.35482016638142,0.649914540462205,2.08461279450357,0.037104462160947,0.100212051442773
"g207",0,NA,NA,NA,NA,NA
"g208",553.681310493304,2.64418908722895,0.484088746267528,5.4621990443208,4.70272359704682e-08,1.4959139822987e-06
"g209",3185.38236009094,-0.195800700396302,0.41339227489099,-0.473643830059315,0.635753914528037,0.756113260957974
"g210",0,NA,NA,NA,NA,NA
"g211",46.7442527749331,-0.415865403326337,0.629656168874395,-0.66046427222298,0.508955938692581,0.652237159011496
"g212",913.312941055541,-1.03295780281109,0.615190268542696,-1.67908670801642,0.0931351463267509,0.199388841494226
"g213",175.215778835759,-2.33935216559511,0.679554229535454,-3.44248047311,0.000576405476755149,0.0040388691448158
"g214",0,NA,NA,NA,NA,NA
"g215",3578.26212475308,-1.79791303381226,0.502872077158736,-3.57528905555982,0.000349841155712924,0.00272794426478093
"g216",140.008374377882,-2.02955520180347,0.569342340802332,-3.56473611104238,0.000364222451004499,0.0027965585893219
"g217",35.9652732908731,-1.29594778394058,0.784135176339214,-1.65270966415612,0.0983899666130593,0.208428639632739
"g218",2.22546255723161,1.94287201607909,2.08933143696339,0.929901298428192,0.352422190669724,0.511334479314938
"g219",109.472822734307,-0.0426647122868562,0.536669091300172,-0.0794991047155216,0.936635643694295,0.959130214595486
"g220",991.129203344147,-0.448856336435866,0.369714805510354,-1.21406102689413,0.224724421012353,0.372462824752379
"g221",212.79028856219,-0.743742660465028,0.492363756915541,-1.51055525517206,0.130901801377843,0.257435927341705
"g222",2.19229754393284,4.67770935179198,2.99235739444606,1.56321880550565,0.118001138343514,0.238961607750851
"g223",803.770684278949,-0.464555625328193,0.476533530469693,-0.974864507163444,0.329627473921018,0.487601152556107
"g224",694.261396229131,-2.04176949937257,0.455031732266555,-4.48709255770433,7.22017128943782e-06,0.000101183379468765
"g225",3.78354636259667,-3.40575799145061,2.38804564593832,-1.4261695530164,0.153819405954294,0.287014980942649
"g226",0,NA,NA,NA,NA,NA
"g227",2048.07493566814,0.206408757041277,0.339297883022496,0.608340833731615,0.542961443883932,0.679914061348036
"g228",1081.82129485476,0.144209265432951,0.380387347899982,0.379111624582396,0.70460497435168,0.802884001214137
"g229",0,NA,NA,NA,NA,NA
"g230",136.085459993773,-0.196918909406895,0.491279087650882,-0.400829008107163,0.688546020212325,0.793015071554885
"g231",27.0598763585871,0.379814046466804,0.69654112183249,0.545285891330541,0.585556906051757,0.715521975443732
"g232",0,NA,NA,NA,NA,NA
"g233",0,NA,NA,NA,NA,NA
"g234",0,NA,NA,NA,NA,NA
"g235",3113.78322622536,1.06654435671012,0.611891413141984,1.74302880184827,0.0813285839197508,0.180490013483035
"g236",3607.96516400289,-0.818275299279368,1.47204621171438,-0.555876094627754,0.578295561348469,0.710548316948089
"g237",3.82157901873305,5.47588338882484,2.53727681598316,2.15817342212344,0.0309143509750717,0.0882512241510593
"g238",0.303939898485185,-1.66762683618469,4.041298957816,-0.41264624408928,0.679865814870593,NA
"g239",300.377415716151,-2.68992427458299,0.651530783544229,-4.12862192013431,3.64943914713312e-05,0.000408574081053339
"g240",6231.9276387858,-1.64766147529481,0.429056826621606,-3.84019405603798,0.000122937094072769,0.00112495861425493
"g241",3423.46812375241,-0.483885141706503,0.400566576871421,-1.20800178957973,0.227046573987139,0.375115364527174
"g242",71.2390581016119,-0.43016699618234,0.484953586691915,-0.887027146487773,0.375064285316835,0.532163658180921
"g243",0.622955484975229,2.86525150990414,3.98128264723281,0.719680505953434,0.471721731472327,NA
"g244",2258.24223180302,-1.06965601358892,0.421704714822808,-2.53650475318581,0.0111965222768219,0.0417836697257936
"g245",78.5537850996697,0.44497904222919,0.516045572771758,0.862286328393712,0.388529974174912,0.543174865419702
"g246",4275.21717264844,-0.677984510635291,0.36277944617269,-1.86886141921215,0.061642097133928,0.147235712343733
"g247",479.210893234579,-0.0914760783897546,0.380504059339942,-0.240407628103725,0.810014265218656,0.871453316509826
"g248",54.2457038779934,-1.23194584867394,0.565884201075409,-2.17702817348981,0.0294784654284833,0.0849997765736411
"g249",1371.72700163471,0.536374881090773,0.348576931676095,1.53875610331318,0.123863850070837,0.248223155541958
"g250",11305.0801755071,0.0479324986434937,0.401250781358584,0.11945770792321,0.904912744236882,0.935341590431469
"g251",0,NA,NA,NA,NA,NA
"g252",0,NA,NA,NA,NA,NA
"g253",0,NA,NA,NA,NA,NA
"g254",8.31576026678746,6.58063642317492,2.20770219470556,2.98076273102251,0.0028753147517733,0.0150447278395658
"g255",0,NA,NA,NA,NA,NA
"g256",8.40537822315373,4.0296424589527,1.46453847975622,2.75147598690848,0.00593273692711383,0.0256232862110692
"g257",1045.26523357494,0.954540894857374,0.346787025169415,2.75252770599204,0.00591371422344613,0.0255962922327992
"g258",0.463095730047561,-2.27026737785359,3.99589550236096,-0.568149836879421,0.569933229892846,NA
"g259",63.8989578621201,0.514300478009057,0.515377864517031,0.997909521184065,0.318323234646181,0.477127720441994
"g260",1584.34991484351,0.251224603903962,0.53229928901326,0.471961186289887,0.63695449321376,0.756643037581728
"g261",0,NA,NA,NA,NA,NA
"g262",5039.4220242036,0.646971743679236,0.308357727143661,2.09812074330739,0.0358944805905049,0.0982684960428577
"g263",0.144223211752404,-0.807487900345844,4.0804728567969,-0.197890766262738,0.843130528772266,NA
"g264",0,NA,NA,NA,NA,NA
"g265",3281.91082001168,-1.02176599947034,0.391992157188478,-2.6065980676727,0.00914466332898251,0.0358628283978101
"g266",3215.2960785228,0.100621548986097,0.306660974277026,0.328119837300195,0.74282105557726,0.827103100908775
"g267",10270.3346194406,1.8620247940286,0.365977653547282,5.08781007796707,3.62221841683787e-07,7.97684143664075e-06
"g268",88.6143403358533,0.309429416886319,0.654947305707325,0.472449331709433,0.636606099539363,0.756643037581728
"g269",0.934433227462843,3.44590313768905,3.95680839288598,0.870879455240874,0.383819975593458,NA
"g270",0.862540465100711,3.33676713376048,3.96070357329312,0.842468281711407,0.399525886625943,NA
"g271",0,NA,NA,NA,NA,NA
"g272",0,NA,NA,NA,NA,NA
"g273",0,NA,NA,NA,NA,NA
"g274",0,NA,NA,NA,NA,NA
"g275",0,NA,NA,NA,NA,NA
"g276",0,NA,NA,NA,NA,NA
"g277",0,NA,NA,NA,NA,NA
"g278",0,NA,NA,NA,NA,NA
"g279",0,NA,NA,NA,NA,NA
"g280",0,NA,NA,NA,NA,NA
"g281",0,NA,NA,NA,NA,NA
"g282",5887.46910867063,1.04480525017361,0.45393905029612,2.30164214665394,0.0213553612559356,0.0672895345234198
"g283",1727.93594144013,-0.725893647886251,0.772908537140679,-0.939171471144106,0.347642713901713,0.506305231583599
"g284",24.1002769947165,-2.38736704867746,1.00129378498063,-2.38428230004808,0.0171124695477047,0.0574428626023453
"g285",207.610921268056,0.417825917778205,0.40953188364101,1.02025247476083,0.307608736497609,0.46537200359593
"g286",463.846152090159,0.107407242044675,0.355893571220512,0.301795960169579,0.762807610687326,0.839802619792101
"g287",3.6804956086723,-0.202935222282266,1.75427936513242,-0.115680105640955,0.9079060737834,0.937857614361821
"g288",10139.0137885231,-0.00332757783958976,0.460859728159504,-0.00722037018265585,0.994239028164861,0.994735403116516
"g289",0,NA,NA,NA,NA,NA
"g290",0,NA,NA,NA,NA,NA
"g291",0,NA,NA,NA,NA,NA
"g292",779.820475266972,-1.31591323168141,0.585414956446258,-2.24782988065357,0.0245870397340156,0.0745422505702985
"g293",70.5171924985584,-0.221327349591562,0.689961207042454,-0.320782309689976,0.748375366331197,0.831343810492083
"g294",0,NA,NA,NA,NA,NA
"g295",743.256187838848,0.28650176793581,0.358255439507422,0.799713657745802,0.423876718032342,0.577268638322977
"g296",2816.63219599165,-0.038651166994545,0.344808476439075,-0.112094596379142,0.910748401888712,0.939824818426869
"g297",0.287513488366904,1.83172876717451,4.04938526566357,0.452347368057693,0.651018756811876,NA
"g298",1.40164984119426,4.02780714640374,3.94029625464024,1.02220921628937,0.306681889669819,0.465246409461255
"g299",574.8170600565,-0.113249239230606,0.617897113080918,-0.183281709580954,0.854576984947279,0.906122898325051
"g300",0,NA,NA,NA,NA,NA
"g301",204.409188094528,-0.616095636200518,0.475152981076914,-1.29662584627831,0.194759954948976,0.337337035192522
"g302",0,NA,NA,NA,NA,NA
"g303",0,NA,NA,NA,NA,NA
"g304",711.359571816729,0.351753266246681,0.369769383777692,0.951277422303186,0.341463565070701,0.498755819534756
"g305",0,NA,NA,NA,NA,NA
"g306",0,NA,NA,NA,NA,NA
"g307",429.209092579221,-1.35494231217423,0.386645249843892,-3.50435525257659,0.000457714317799262,0.00329949457866806
"g308",0.151969949242592,-0.807487900345844,4.0804728567969,-0.197890766262738,0.843130528772266,NA
"g309",728.266362279295,0.98903888161493,0.438134331131165,2.25738731557843,0.0239838836177539,0.0737886292564129
"g310",191.520796996601,-0.366479372616427,0.398497436274504,-0.919653024728568,0.357754107938978,0.514266141883431
"g311",760.184874704851,-0.319651831790142,0.356115584045407,-0.89760697400253,0.369395119683298,0.526147385504187
"g312",0,NA,NA,NA,NA,NA
"g313",0,NA,NA,NA,NA,NA
"g314",0.144223211752404,-0.807487900345844,4.0804728567969,-0.197890766262738,0.843130528772266,NA
"g315",0.576892847009617,-2.59491561913439,3.97810376594276,-0.652299631133285,0.514207897963865,NA
"g316",0.349298613085505,-1.84277290181777,4.02615683814773,-0.457700227760017,0.647167824360132,NA
"g317",0,NA,NA,NA,NA,NA
"g318",0,NA,NA,NA,NA,NA
"g319",0,NA,NA,NA,NA,NA
"g320",0,NA,NA,NA,NA,NA
"g321",0,NA,NA,NA,NA,NA
"g322",0,NA,NA,NA,NA,NA
"g323",0,NA,NA,NA,NA,NA
"g324",0,NA,NA,NA,NA,NA
"g325",0,NA,NA,NA,NA,NA
"g326",0,NA,NA,NA,NA,NA
"g327",0.842820437923415,-3.12698373924808,3.9562444665576,-0.790391940053423,0.429298907812409,NA
"g328",0,NA,NA,NA,NA,NA
"g329",31.9474641049548,0.744708771828522,0.726103035849374,1.02562409886826,0.305068803663329,0.463501048173853
"g330",1408.06043267244,-0.0696916615853407,0.453724450647375,-0.153599087476781,0.877925856489047,0.918362709625303
"g331",1.82363939091111,-4.24780864140973,3.80639445518341,-1.11596648519315,0.264436480829008,0.419580924450777
"g332",2.44617708891082,0.0640005989944667,2.63811942259819,0.0242599324527299,0.980645272987583,0.990530810013667
"g333",0,NA,NA,NA,NA,NA
"g334",0,NA,NA,NA,NA,NA
"g335",0,NA,NA,NA,NA,NA
"g336",69.8440172757926,0.880566381531072,0.47111107664535,1.86912688999235,0.0616051627157378,0.147235712343733
"g337",587.394555765854,0.788740615941051,0.384130793565702,2.05331264546524,0.0400422652224421,0.106003566057826
"g338",361.921237489175,-0.238512636516377,0.386462096697401,-0.617169545356815,0.53712290103794,0.673167163026912
"g339",0,NA,NA,NA,NA,NA
"g340",0,NA,NA,NA,NA,NA
"g341",0,NA,NA,NA,NA,NA
"g342",0,NA,NA,NA,NA,NA
"g343",0,NA,NA,NA,NA,NA
"g344",4.14051753743837,-0.875797072510921,2.01124254243808,-0.435450749490043,0.663235280373706,0.777265205771291
"g345",3679.85262277081,0.595848571818423,0.42763439925381,1.39335977848867,0.163511022146813,0.299521104554125
"g346",459.917836404309,-0.33965764740159,0.392627249036121,-0.865089339151654,0.3869897556013,0.542296833381437
"g347",0,NA,NA,NA,NA,NA
"g348",3154.43540143215,-0.476615685033293,0.388957700465343,-1.225366368793,0.220437212431836,0.368744719293322
"g349",0.592386321989993,-2.63026624748188,3.97639285959016,-0.661470418129907,0.508310679500182,NA
"g350",0.65323851157069,-2.76103668469618,3.97040993554314,-0.695403429247785,0.486802512077043,NA
"g351",0.547139385715514,2.65551688475358,3.99276927185259,0.665081477027459,0.505998381340035,NA
"g352",3059.4646133499,0.311242736009326,0.449737702770591,0.692053910739366,0.48890347395661,0.63434491331659
"g353",1698.87840793037,-0.708279043488725,0.402506579543046,-1.75967072213531,0.0784636527130787,0.175296722449286
"g354",854.676979297097,-0.170253040033756,0.325241462905655,-0.52346659159857,0.600649593905502,0.72819224814678
"g355",1.65133135316896,-2.07184167379707,2.6470363969257,-0.782702374702264,0.433801907414946,0.58565012585243
"g356",3301.19466481621,-0.817308067588017,0.493995777477226,-1.65448391434013,0.0980292289910447,0.207884206241327
"g357",0.287513488366904,1.83172876717451,4.04938526566357,0.452347368057693,0.651018756811876,NA
"g358",146.100853613968,1.40452726171814,0.471732355890923,2.9773816533435,0.00290721859924106,0.0151326391503353
"g359",5703.70524244743,1.51176812310118,0.385404214504923,3.92255213151509,8.76159277462498e-05,0.000844145765401369
"g360",59.9844531980514,0.508441644657208,0.703027197142431,0.723217603421108,0.469546205428404,0.618652594134465
"g361",8.04836694696094,-0.234798726240181,1.45530487137583,-0.161339888884041,0.871825707983973,0.916081218957505
"g362",19.4867600946035,-0.346902901792727,0.962043471484199,-0.360589632459686,0.718406240724975,0.812005700176453
"g363",732.015417596989,0.126019951483021,0.343090163788652,0.367308552630646,0.713388875214134,0.808157889162875
"g364",88.5467663239282,-2.18518844159612,0.691341172672543,-3.16079604104693,0.00157338628252938,0.00895757417667294
"g365",2.97038272300989,0.12764003647935,1.84303113973251,0.0692554964089622,0.944786249359278,0.964933885279109
"g366",685.473627328815,1.38388329803046,0.428807687266405,3.22728192410109,0.00124972261604559,0.00761229216582176
"g367",1063.21024625464,0.648406281161605,0.405104866057579,1.60058872526464,0.109468041103647,0.225229932619823
"g368",265.897938140003,-0.79832371520241,0.462549580833129,-1.72592030840131,0.0843617506000481,0.186190471588652
"g369",40.0222478837927,-0.88403107531704,0.580795248181115,-1.52210452493469,0.127982892392164,0.254190006297222
"g370",219.399187821044,-1.53232644359651,0.657090154921938,-2.33198813301129,0.0197013154562973,0.0637826109441354
"g371",11.1685018308191,0.291344219632158,1.09397329462242,0.266317487880463,0.789994705907219,0.857146394498141
"g372",425.99655488239,-0.885111114000949,0.406675659339335,-2.1764546111239,0.0295212840817183,0.0850009386490855
"g373",512.689983822478,0.309639465021847,0.454342735441165,0.681510764601943,0.495548357750548,0.640696070278773
"g374",55.6673185892975,0.218815577968497,0.710141416234908,0.308129582314229,0.75798373216736,0.837375633552033
"g375",5.70344368096659,-1.28761447667001,1.43657092440566,-0.896311107787964,0.370086628233149,0.526742615752295
"g376",0,NA,NA,NA,NA,NA
"g377",2.08821892148208,-0.297155694990939,3.20560938825457,-0.0926986600674819,0.926142961540319,0.950814802728893
"g378",0,NA,NA,NA,NA,NA
"g379",0.311477742487614,1.9096457584262,4.0448507323431,0.472117733086278,0.636842755642901,NA
"g380",0,NA,NA,NA,NA,NA
"g381",63.5444924757926,-3.85000514827619,0.931209703397375,-4.13441261858639,3.55863617611409e-05,0.000400646454883856
"g382",0.721116058762021,-2.9152064767126,3.96400840078579,-0.735418844252376,0.46208444878091,NA
"g383",1.74649306542753,-4.17978635569595,3.86888389713082,-1.08035972823989,0.279982021791869,0.43732187971232
"g384",0,NA,NA,NA,NA,NA
"g385",0,NA,NA,NA,NA,NA
"g386",0,NA,NA,NA,NA,NA
"g387",0,NA,NA,NA,NA,NA
"g388",0,NA,NA,NA,NA,NA
"g389",0,NA,NA,NA,NA,NA
"g390",0,NA,NA,NA,NA,NA
"g391",0,NA,NA,NA,NA,NA
"g392",0,NA,NA,NA,NA,NA
"g393",0,NA,NA,NA,NA,NA
"g394",0,NA,NA,NA,NA,NA
"g395",0,NA,NA,NA,NA,NA
"g396",0.144223211752404,-0.807487900345844,4.0804728567969,-0.197890766262738,0.843130528772266,NA
"g397",0.144223211752404,-0.807487900345844,4.0804728567969,-0.197890766262738,0.843130528772266,NA
"g398",0,NA,NA,NA,NA,NA
"g399",0,NA,NA,NA,NA,NA
"g400",193.613693262223,0.109089836967009,0.506492285128014,0.21538301800478,0.829468708985864,0.888906573693942
"g401",3419.75759940253,0.140226100914717,0.412952488767548,0.339569574536821,0.734180694001916,0.823334141454862
"g402",482.62699995311,0.0946576057882643,0.333860343609372,0.283524556300753,0.776774760393432,0.846469070053528
"g403",16.5972518088975,-0.0939353183782497,1.23434527908819,-0.076101330778078,0.9393384814054,0.960915935036459
"g404",9.5452909129963,-4.78861765946957,1.61607330960637,-2.96311908067829,0.00304538730098757,0.0155687656917834
"g405",27.2545177961242,-0.102710052228833,0.64015200522011,-0.160446349290927,0.872529481055817,0.916081218957505
"g406",290.47288962572,-1.35322551384437,0.446282600737317,-3.03221660806104,0.00242764930029877,0.0131843067691023
"g407",0,NA,NA,NA,NA,NA
"g408",354.534406251344,-1.12034263239274,0.579732897509722,-1.93251519312642,0.0532959486456463,0.132021113826793
"g409",3558.96737401804,0.0794432813576058,0.329003162126721,0.241466619481934,0.80919348493056,0.871372242773155
"g410",1013.41020400715,-0.914086324594869,0.415531723971074,-2.1997991293163,0.0278211497878074,0.0817501234234105
"g411",196.925495680821,-1.07588666265162,0.496639733206933,-2.16633223383949,0.0302858082472994,0.0869523778332206
"g412",999.488409327186,1.51854552856582,0.373645939703386,4.06412961364253,4.8212030724759e-05,0.000522253565256308
"g413",13.730072107694,-2.697885751682,1.2159220083849,-2.21879835472802,0.0265004460064259,0.0787626917436887
"g414",82.2147493771026,-4.39331277431179,0.887739312700973,-4.94887712130829,7.4642849970984e-07,1.51095223577628e-05
"g415",1.48549595007594,4.11648033102223,3.37539925612489,1.21955360497061,0.222634143225049,0.371180385210481
"g416",20941.1052564358,1.0889156920708,0.45763948944636,2.37941811662306,0.0173399950159832,0.0580122704708353
"g417",1.18290677370418,-0.0594958051054632,3.80676557899499,-0.0156289647657186,0.987530397961101,NA
"g418",351.236619350813,-2.13990283796048,0.451406730530859,-4.74052045135421,2.13169932785049e-06,3.58985332185914e-05
"g419",232.715555498043,-0.645933510492236,0.45283728088862,-1.4264141618921,0.153748828205088,0.287014980942649
"g420",1040.40555574268,0.742357010417202,0.498058112879109,1.49050279720549,0.136092081529814,0.264271832738128
"g421",224.443898845661,1.2236725135339,0.469168007058134,2.60817552587783,0.00910262648824372,0.0358382386688417
"g422",0,NA,NA,NA,NA,NA
"g423",0,NA,NA,NA,NA,NA
"g424",0,NA,NA,NA,NA,NA
"g425",0,NA,NA,NA,NA,NA
"g426",0,NA,NA,NA,NA,NA
"g427",0,NA,NA,NA,NA,NA
"g428",0,NA,NA,NA,NA,NA
"g429",0,NA,NA,NA,NA,NA
"g430",0,NA,NA,NA,NA,NA
"g431",0,NA,NA,NA,NA,NA
"g432",9.01722939821404,6.71217951564998,1.68454587211325,3.98456321479071,6.76043592288014e-05,0.000684238060073324
"g433",0,NA,NA,NA,NA,NA
"g434",0,NA,NA,NA,NA,NA
"g435",0,NA,NA,NA,NA,NA
"g436",24.4297061844692,1.76755506372904,1.15306315689675,1.53292129156748,0.125295249124021,0.250340657272719
"g437",1892.79597399513,-1.48022577615783,0.322156132119711,-4.59474654857039,4.33275571139225e-06,6.47973316838064e-05
"g438",335.886378798893,-1.58908673205031,0.350164003798036,-4.53812132262129,5.67576052105965e-06,8.2428401833774e-05
"g439",12.2758809012379,1.02030530529696,1.10275708963107,0.925231236226565,0.354845638674164,0.511619559107388
"g440",1201.34519924041,-1.73225438064728,0.353883143909063,-4.89498980231851,9.83108262709837e-07,1.9315185867358e-05
"g441",113.856389935144,-1.38919522424237,0.575316061874961,-2.41466441891952,0.0157497128262942,0.054150933221574
"g442",269.053671259715,0.676455186816841,0.38312904589325,1.76560663846228,0.077461865526157,0.173639349568701
"g443",890.396364880045,0.535750854351303,0.351316208979869,1.52498188428876,0.12726361620084,0.253263442767113
"g444",990.375884161094,-1.48417777600029,0.343040836869865,-4.32653380146492,1.51474084442706e-05,0.000190914506429675
"g445",91.1930638869007,-1.66812443255641,0.471132874395353,-3.54066660004836,0.000399117568353038,0.00298444629469959
"g446",15.5382252616457,-0.185181230940211,1.08695902008154,-0.170366340882216,0.864722041226009,0.914460670510249
"g447",571.468833269731,-0.6973094925426,0.409590038759389,-1.70245715607412,0.0886697034292998,0.191894260985223
"g448",59.0528997003262,0.361081016553653,0.57140206001501,0.631921096931585,0.527438436992739,0.665608707640711
"g449",981.67231926964,0.877383153626943,0.42076826958949,2.08519324540069,0.0370517627855521,0.100212051442773
"g450",75.2587895925612,0.620072022303628,0.521550346427092,1.1889015634856,0.234478404831892,0.383587529210704
"g451",18543.2873122464,-0.289985596458088,0.440373792318757,-0.658498760635116,0.510217693154635,0.652237159011496
"g452",78.1340574885955,1.65227661137155,0.566275992518249,2.91779385529628,0.00352517316730653,0.0172684606646938
"g453",558.963746330411,1.3479386787902,0.335009341522243,4.02358535038253,5.73187981255019e-05,0.000601397232688512
"g454",2.55233924670853,1.24186528372522,2.10791216228328,0.589144702490844,0.555764208170125,0.690072202639534
"g455",81.5736066863221,-0.508630952920741,0.643743384009181,-0.790114454851604,0.429460928850748,0.581513311768176
"g456",1011.01229963011,0.973328915808643,0.39440351051215,2.46785053851254,0.0135927061081805,0.0482974876609819
"g457",4.77706955548135,-1.1355805671059,1.72043388710207,-0.660054754570486,0.509218692458062,0.652237159011496
"g458",2862.69081316456,0.443199785624674,0.680944701060096,0.650860172543673,0.515136753067011,0.656699010159233
"g459",0.95444536414516,3.47190898019489,3.95592214065553,0.877648461407676,0.380134521522083,NA
"g460",1320.31570697764,0.370264058119538,0.379860210543325,0.974737674130014,0.329690400056649,0.487601152556107
"g461",27.9357799607208,4.91771874762657,1.23152953032237,3.99317972208047,6.51931169737067e-05,0.000669984648283632
"g462",0,NA,NA,NA,NA,NA
"g463",0,NA,NA,NA,NA,NA
"g464",2.17280663419011,4.63828565725213,3.06672426564667,1.51245604608475,0.130417886256028,0.257205412198297
"g465",65.7484380691458,3.43312932436663,0.949596144632232,3.61535726926971,0.00029993369226212,0.00239468971829995
"g466",1402.61499768417,-0.939133958154187,0.329653584847358,-2.84885104037027,0.00438774185500234,0.0203286057638008
"g467",0,NA,NA,NA,NA,NA
"g468",0,NA,NA,NA,NA,NA
"g469",0,NA,NA,NA,NA,NA
"g470",0,NA,NA,NA,NA,NA
"g471",0,NA,NA,NA,NA,NA
"g472",0.311477742487614,1.9096457584262,4.0448507323431,0.472117733086278,0.636842755642901,NA
"g473",169.462474897339,-0.458058984800767,0.41557197102812,-1.10223743836124,0.270358459741167,0.426612876630944
"g474",940.045009380202,-0.422682177856129,0.35982712024333,-1.17468126796639,0.240122256318415,0.391223578587075
"g475",0,NA,NA,NA,NA,NA
"g476",0,NA,NA,NA,NA,NA
"g477",0,NA,NA,NA,NA,NA
"g478",0.311477742487614,1.9096457584262,4.0448507323431,0.472117733086278,0.636842755642901,NA
"g479",0.287513488366904,1.83172876717451,4.04938526566357,0.452347368057693,0.651018756811876,NA
"g480",0,NA,NA,NA,NA,NA
"g481",0,NA,NA,NA,NA,NA
"g482",0,NA,NA,NA,NA,NA
"g483",0,NA,NA,NA,NA,NA
"g484",0,NA,NA,NA,NA,NA
"g485",0,NA,NA,NA,NA,NA
"g486",0,NA,NA,NA,NA,NA
"g487",0,NA,NA,NA,NA,NA
"g488",0,NA,NA,NA,NA,NA
"g489",0,NA,NA,NA,NA,NA
"g490",0,NA,NA,NA,NA,NA
"g491",8.43919201400598,1.23961989054814,1.78282308073118,0.695312902298606,0.48685923025426,0.632727559941334
"g492",0,NA,NA,NA,NA,NA
"g493",2.63741577381936,1.83212784341954,2.5141180218987,0.728735814095113,0.466163280796986,0.614599483366552
"g494",971.814558996697,0.432513205075974,0.44322655918408,0.975828718098872,0.329149350825452,0.487601152556107
"g495",0,NA,NA,NA,NA,NA
"g496",0,NA,NA,NA,NA,NA
"g497",0,NA,NA,NA,NA,NA
"g498",0,NA,NA,NA,NA,NA
"g499",0,NA,NA,NA,NA,NA
"g500",0,NA,NA,NA,NA,NA
"g501",0,NA,NA,NA,NA,NA
"g502",0,NA,NA,NA,NA,NA
"g503",0,NA,NA,NA,NA,NA
"g504",0,NA,NA,NA,NA,NA
"g505",0,NA,NA,NA,NA,NA
"g506",0,NA,NA,NA,NA,NA
"g507",0,NA,NA,NA,NA,NA
"g508",0,NA,NA,NA,NA,NA
"g509",714.973966015052,0.255493795384548,0.403376152352861,0.633388448707921,0.526480006440565,0.665608707640711
"g510",0.2356616432279,1.11606545129665,4.0804728567969,0.273513754524209,0.784458320715326,NA
"g511",0,NA,NA,NA,NA,NA
"g512",0,NA,NA,NA,NA,NA
"g513",0,NA,NA,NA,NA,NA
"g514",0,NA,NA,NA,NA,NA
"g515",0.287513488366904,1.83172876717451,4.04938526566357,0.452347368057693,0.651018756811876,NA
"g516",3.23218045247696,0.358868713559679,1.75308022109358,0.204707525212859,0.837800640647435,0.894487205038604
"g517",4.81447466149984,0.164116681985838,1.69807859364559,0.0966484605600596,0.923005570639954,0.949147734088366
"g518",0,NA,NA,NA,NA,NA
"g519",0,NA,NA,NA,NA,NA
"g520",75.3850435385795,3.75082399090509,2.74414673818448,1.36684527059461,0.171673809580621,0.308274475268428
"g521",0,NA,NA,NA,NA,NA
"g522",0,NA,NA,NA,NA,NA
"g523",0,NA,NA,NA,NA,NA
"g524",0,NA,NA,NA,NA,NA
"g525",23.9538973321397,-1.57188178182633,1.08691833637636,-1.44618204442735,0.148126148535683,0.279173787410006
"g526",5987.35444168993,-1.73913437493867,0.549094346238194,-3.1672778764767,0.00153873209819193,0.00881034035650466
"g527",955.245486365363,-0.389561386713847,0.483305905180876,-0.806034816744179,0.420222774104507,0.57445364175338
"g528",16167.3812190886,-0.87362173265366,0.326326388452588,-2.67714093486678,0.00742533937473629,0.0303681226672888
"g529",438.164900595292,-1.02255378709173,0.482922468999307,-2.11742847503167,0.0342234996517686,0.0947291343952269
"g530",0,NA,NA,NA,NA,NA
"g531",8314.01387356076,0.940875486734624,0.418003750629228,2.25087809695082,0.0243932593622376,0.0741791984247711
"g532",2054.47931765997,1.12757365522613,0.317272946105262,3.55395462823997,0.000379484675972696,0.00286976336094069
"g533",1481.23667959407,0.686667345862405,0.431892382397218,1.58990381365622,0.111856487908031,0.228968745421547
"g534",55.6829006188105,0.729715232171394,0.587568453716928,1.24192377510272,0.214264687140552,0.361436391439113
"g535",729.350392663392,-1.11344248623865,0.417598754494429,-2.66629743085957,0.00766918089166977,0.0310485626402146
"g536",3279.31094936514,1.34570757760483,0.651581373898943,2.06529472988517,0.0388951219239321,0.103789379940825
"g537",608.911482890914,0.574214898797312,0.402397619976726,1.42698383462239,0.153584554218445,0.287014980942649
"g538",1083.63610424377,-0.0466148043472243,0.346887778035501,-0.134380071304944,0.893102039489616,0.928528914263937
"g539",0,NA,NA,NA,NA,NA
"g540",0,NA,NA,NA,NA,NA
"g541",0.576892847009617,-2.59491561913439,3.97810376594276,-0.652299631133285,0.514207897963865,NA
"g542",55.7045741512973,-0.562310810880601,0.579073350796603,-0.971052821040818,0.331521975864145,0.489030122556105
"g543",169.325777893284,-0.578244048092011,0.464911236100287,-1.24377301125774,0.213583116020106,0.360894236512894
"g544",605.621386728951,-0.705489302733301,0.465681711446884,-1.51496029453536,0.129782459569115,0.256457018225359
"g545",747.796932009694,-0.577870867860526,0.366885882087412,-1.57506978620356,0.115240337172759,0.234696784242083
"g546",96.6003630338347,-0.155211729188696,0.446690495048368,-0.347470409398098,0.728237945165453,0.819881371972791
"g547",0.467216613731421,2.4542145012989,4.00542917274234,0.612721981953959,0.540060185155902,NA
"g548",0,NA,NA,NA,NA,NA
"g549",0,NA,NA,NA,NA,NA
"g550",0,NA,NA,NA,NA,NA
"g551",16.4889265405148,1.3313561854557,0.81010951913739,1.64342740580722,0.100294533704181,0.211568679519135
"g552",0,NA,NA,NA,NA,NA
"g553",0,NA,NA,NA,NA,NA
"g554",0,NA,NA,NA,NA,NA
"g555",1383.64464036473,-0.294488317567608,0.341442518523682,-0.862482853163417,0.388421864790459,0.543174865419702
"g556",878.295178257969,-1.69593238276294,0.513708282751442,-3.3013530046264,0.000962197389353942,0.00625009797263397
"g557",2.8414440927501,0.953226607723208,1.93619349113394,0.492319911252748,0.622493206418112,0.746098316783431
"g558",0,NA,NA,NA,NA,NA
"g559",405.733535215422,-1.90891995791166,0.433143903687725,-4.40712645764927,1.04751036697468e-05,0.000138105972066925
"g560",419.651722816536,-0.330854669207664,0.402965059741288,-0.821050513461588,0.411617496083592,0.565869007477787
"g561",2782.4596967135,-0.916688827338494,0.344601213819067,-2.66014393036875,0.00781072656540552,0.031368128330807
"g562",1322.80299198008,-0.446228044687175,0.369749839158006,-1.20683769789684,0.227494654908877,0.37522575180032
"g563",1090.95397109478,-1.30644420706114,0.456682141759761,-2.86072978905402,0.00422667125392705,0.0199770028133722
"g564",0,NA,NA,NA,NA,NA
"g565",0.755871930723989,-1.68625853905917,3.82747014266097,-0.440567392091225,0.659526213699208,NA
"g566",1521.60673402957,-0.374017022124698,0.3696789402721,-1.01173472811138,0.311664906072568,0.468906842621125
"g567",653.778706852768,-0.113635438438599,0.455140756374705,-0.249670979465187,0.802841802595662,0.865928402799627
"g568",354.738178650818,-1.46965090240154,0.498282282670166,-2.94943439394645,0.00318356156808503,0.0159896174998557
"g569",408.118089661709,-1.50331894732704,0.512359759424129,-2.93410815286646,0.00334507627225289,0.0165519329619625
"g570",76.5472944612821,-1.21452298770839,0.584112816552605,-2.07926098056952,0.0375933694411256,0.101395844360721
"g571",390.794866013343,1.03062747488636,0.361610504956869,2.85010380162845,0.00437049631210908,0.0203286057638008
"g572",712.772455965872,-1.05989657244883,0.46687716586718,-2.27018293019358,0.0231964862563581,0.0720709433453358
"g573",528.153644957869,-0.355591186039747,0.407010651124773,-0.873665554100544,0.38230041491161,0.538012662558192
"g574",0,NA,NA,NA,NA,NA
"g575",0,NA,NA,NA,NA,NA
"g576",0,NA,NA,NA,NA,NA
"g577",379.925905740281,-0.417373926147383,0.508851615126588,-0.82022718163831,0.412086609181338,0.56601889293996
"g578",1022.94015239643,-0.805612447196726,0.351101594526331,-2.29452802196348,0.0217601873703923,0.068350181019226
"g579",34.6588976264133,-0.888017677383737,0.764502625639057,-1.161562625951,0.245413170758044,0.395688416395891
"g580",467.131111243045,-0.185544457504636,0.421974460778709,-0.439705419996824,0.660150476535372,0.774508640204403
"g581",4171.15258011063,-1.05603967975316,0.419295492133265,-2.51860489694347,0.011782078290669,0.0433234585220197
"g582",182.977730175127,-2.82980230334925,0.841373595817411,-3.36331246596827,0.000770131410960183,0.0052854224231651
"g583",7228.40039164209,0.807974635451496,0.399835507275909,2.02076759254387,0.0433038290487142,0.113290957459038
"g584",123.579910242034,3.14058616418222,0.611294141678957,5.13760226060143,2.78266052440646e-07,6.33687692148926e-06
"g585",2691.72576816974,1.71853693487465,0.817909539113593,2.10113325825385,0.0356292701292315,0.0978096675876439
"g586",0.810688619961708,3.23526358915754,3.96459526094247,0.816038807549916,0.414477940433486,NA
"g587",0,NA,NA,NA,NA,NA
"g588",0,NA,NA,NA,NA,NA
"g589",141.729686792997,-0.0837911827880233,0.502996819989055,-0.166583921524288,0.867697445677737,0.91487883646214
"g590",240.112319812543,2.81388072368735,0.49438418792088,5.69168835176758,1.25789292456385e-08,4.84772580928068e-07
"g591",148.740802765887,-0.120396038344237,0.754437226435917,-0.159583904565536,0.873208858772784,0.916183535591968
"g592",517.220138038782,0.8739239954295,0.507433409666685,1.72224370485095,0.0850253807772167,0.187242706678618
"g593",259.438832856359,3.88240164021082,0.665432148623629,5.83440648042198,5.39823749428502e-09,2.30171658266961e-07
"g594",635.126456029907,0.856355794730109,0.484630613499176,1.76702785766456,0.0772235630224142,0.173493296296993
"g595",21.382798174148,3.96583888053093,1.00544508616067,3.94436149235621,8.00128833261467e-05,0.000789880877761566
"g596",200.756424974353,-0.321042611453948,0.494838626762691,-0.648782439548541,0.516479009457972,0.656699010159233
"g597",381.091670335111,-1.77793667626891,0.574356970163843,-3.09552555053303,0.00196464445453568,0.0108760980300815
"g598",109.920706859907,-0.882427358905362,0.661168208757459,-1.33464880376465,0.181991316965227,0.322752742653377
"g599",302.40104741478,-0.691713128032784,0.501343880192307,-1.37971790493873,0.167673517840001,0.303813498871032
"g600",1666.82733516175,0.663509130196307,0.327284158379576,2.02731819798863,0.0426298816112897,0.111966294559665
"g601",1327.51403200881,-1.8326545888494,0.53123559261725,-3.44979631319585,0.000561009670676151,0.00394903164297382
"g602",220.439850284501,-2.7298687751738,0.588661663854308,-4.63741558656933,3.52792616279926e-06,5.35603335624978e-05
"g603",0.287513488366904,1.83172876717451,4.04938526566357,0.452347368057693,0.651018756811876,NA
"g604",195.920417430935,1.27941186382322,0.493112689487012,2.59456284760021,0.00947112962197339,0.0369263497323632
"g605",86.2550838906424,1.34655771213787,0.786341075846092,1.71243465908098,0.0868165964330848,0.190142578417379
"g606",806.435930870637,-0.151026199257903,0.326467305920673,-0.462607423527427,0.643645786580843,0.763005489703034
"g607",36699.6636870017,4.30863497863986,0.523787055870972,8.2259287058465,1.93684201583029e-16,5.54490199960558e-14
"g608",0,NA,NA,NA,NA,NA
"g609",0,NA,NA,NA,NA,NA
"g610",0.467216613731421,2.4542145012989,4.00542917274234,0.612721981953959,0.540060185155902,NA
"g611",0,NA,NA,NA,NA,NA
"g612",3030.00545297254,2.08149611413611,0.522366673461115,3.98474140845254,6.75536500025981e-05,0.000684238060073324
"g613",14.1381636933961,7.35053373072624,1.7659756613422,4.16230749473614,3.1504770964127e-05,0.000364945439376361
"g614",1842.83732538813,-0.697619703910557,0.337165584188244,-2.06907150855903,0.0385393768851191,0.102977215037038
"g615",2674.38961477284,-0.289132178056028,0.371614227843914,-0.778043886353753,0.436543141429094,0.587925037247248
"g616",1.19984833198485,0.116269460199906,3.78998347398859,0.0306780916059098,0.975526263303346,NA
"g617",15.4445080354191,-1.00232772050592,1.24773858563528,-0.803315479736962,0.421792413007632,0.575798362171181
"g618",0,NA,NA,NA,NA,NA
"g619",2120.30714754875,-0.717742321468533,0.609848253161061,-1.17691953325802,0.239227624857811,0.390083124666438
"g620",115.55716148299,-2.12172700306448,0.538669732953194,-3.93882721316522,8.18808692162825e-05,0.00079775963906509
"g621",529.506510766909,-0.375901382305501,0.494208420257169,-0.760613067073795,0.446888212594382,0.596170687739145
"g622",63.379715221149,-0.266135631161107,0.691941722580104,-0.38462145362292,0.700517896979892,0.800363663368132
"g623",16.2284542961515,2.64339182868246,1.10845358671804,2.38475643938249,0.0170904320903648,0.0574428626023453
"g624",8000.93123328082,0.184667533857614,0.373504342798199,0.494418706015925,0.621010505856502,0.744766638980508
"g625",227.665384581696,0.428692879570442,0.468569264741125,0.914897565480071,0.360245408251323,0.51631000489519
"g626",265.889244508355,-1.28936358061499,0.454890875284292,-2.83444590927259,0.00459052284675624,0.021023725807795
"g627",14.1129160884878,7.35811814415377,1.54297111071426,4.76879838712444,1.8532801741881e-06,3.22954214701996e-05
"g628",672.996679897403,0.173291391273288,0.335292953412088,0.516835768571331,0.605270808728745,0.732023355879544
"g629",669.861025936708,0.629790624633389,0.434591851193007,1.44915424185828,0.147294512940513,0.277945578091137
"g630",1243.27807084547,1.08502701712149,0.400750178285957,2.70748979267395,0.00677941554959443,0.0284224869485089
"g631",78.939109995482,5.98802820295623,0.748359402061248,8.00154068548223,1.22871974765555e-15,2.73594930477969e-13
"g632",266.207726924852,-0.656382739798044,0.409281778326289,-1.60374288462644,0.10877073885657,0.224255720852435
"g633",30.6028336520529,3.31048760164778,0.735258071653817,4.50248386148484,6.71638564133922e-06,9.61402630374558e-05
"g634",23.3985418196682,1.76860055662177,1.11300453461429,1.58903266035181,0.112053019271365,0.229136990428382
"g635",0.875455527298971,1.03054704655916,3.62486199476444,0.284299663834823,0.776180743740277,NA
"g636",5.29377062678095,-1.02051330313015,1.86661472183374,-0.546718769113539,0.584571957457057,0.714754242064639
"g637",1.27362420290482,-0.244710864490721,3.72488433170523,-0.0656962318018326,0.947619672520499,0.966497491082473
"g638",160.106148427271,-3.86737589614447,0.709460644042233,-5.45114930422307,5.0045331386738e-08,1.56704443904723e-06
"g639",4.60137531724262,0.0262304766706408,2.01440395504272,0.0130214580868833,0.989610673233717,0.992720431747833
"g640",341.082053908081,-2.08509975407788,0.487123501818232,-4.28043349642352,1.86529622262441e-05,0.000227930099398739
"g641",862.56062142589,-1.09864312869393,0.914661690863588,-1.20114698108394,0.229694191494122,0.377610467394766
"g642",0,NA,NA,NA,NA,NA
"g643",566.701237669427,0.243970415430579,0.346854690342481,0.703379317689735,0.481819392118905,0.628623738155133
"g644",3132.13926822808,0.896685517263255,0.458287090001911,1.95660217541697,0.05039425906129,0.126554003958428
"g645",6511.79886105672,0.224902739669222,0.448188882299694,0.501803477398251,0.615805766800431,0.740741150461022
"g646",250.256743679961,-4.14651504353206,0.869934293822084,-4.76646922989346,1.87482346743647e-06,3.23891916270922e-05
"g647",7.22364953098868,-2.58991813207645,1.62403226616106,-1.59474549000099,0.110769161048458,0.227207163501648
"g648",589.995546632159,-1.46197395921365,0.455750496533145,-3.20783843426339,0.00133736605830224,0.00800024352488864
"g649",0.698597226171011,-2.85197473094692,3.96655278250562,-0.719005869158098,0.472137303434116,NA
"g650",4.18926416311656,-1.89343476151243,1.9024763035029,-0.99524748772228,0.3196159107616,0.477636305120244
"g651",1.24469189842278,-1.62766316934748,3.20873626563808,-0.507259878843241,0.611972485733227,NA
"g652",225.482571335579,-1.571363188688,0.548243952616663,-2.86617514190205,0.00415464322264975,0.0197605468830831
"g653",398.021888773581,-1.3258944871994,0.535927878310922,-2.47401663704864,0.0133603474945267,0.0477257332959562
"g654",728.826944222604,-0.822986570674019,0.349820113059619,-2.35259935020877,0.018642708848589,0.0613800326517571
"g655",250.068583752516,0.0354414766187408,0.434432645211808,0.081581062126354,0.934979861322227,0.957924152397619
"g656",672.224797409389,-2.076186312529,0.537035496232992,-3.86601319110618,0.000110628956895215,0.00102639087786116
"g657",13418.6138922779,3.64899207225383,0.551792007611253,6.61298464262029,3.76647542581331e-11,3.01920670133195e-09
"g658",2.30140751372673,2.74220120981118,2.33954973471891,1.17210639684933,0.241154342001367,0.391949149530202
"g659",17.1630964587647,-0.0364639317243107,0.930664553959815,-0.0391805313409252,0.968746455456013,0.981976680189099
"g660",14.0697218758449,-0.579609716608272,1.11650903859867,-0.519126757214381,0.603672350369569,0.730585479421017
"g661",161.604489339076,-0.405340116642578,0.532730309382806,-0.760873014926042,0.446732917878932,0.596170687739145
"g662",14.0018038515993,1.11377140558377,0.91735588511658,1.21411049261675,0.224705533773733,0.372462824752379
"g663",0.155738871243807,1.11606545129665,4.0804728567969,0.273513754524209,0.784458320715326,NA
"g664",0,NA,NA,NA,NA,NA
"g665",3597.58553544355,-1.33957089329207,0.599401723726701,-2.23484658162721,0.0254274225270787,0.0761682432649711
"g666",846.910544502113,-0.996337940472291,0.413127214156771,-2.41169767163827,0.0158784419625302,0.0543010199537722
"g667",225.229049591003,-1.81931449246448,0.537914479155671,-3.38216308161131,0.00071917436380744,0.00498656494069263
"g668",1388.52197488403,0.923076998822835,0.33357979083455,2.7671850159552,0.00565426558096345,0.0246865974384548
"g669",982.514299713159,1.41429571025556,0.483891755986547,2.92275223282557,0.0034695247916784,0.0170414894179498
"g670",3.79632690995119,-2.2293752453245,2.0375999399597,-1.09411823273247,0.273903126861273,0.429837013492554
"g671",31.0190928857234,-0.252099988256249,0.758542255029877,-0.332347982705748,0.739626511992806,0.826340473217533
"g672",168.808137110013,0.887834103335405,0.394276711819758,2.25180457460362,0.0243346244780256,0.0741791984247711
"g673",8.02464036362593,1.33932134339248,1.11863992200801,1.19727654720953,0.231198782502725,0.379150867541293
"g674",1679.76388495114,0.859751780101894,0.596422720741059,1.44151413117469,0.149439488012831,0.280935022493165
"g675",73.7522551195497,1.15347725899074,0.717138884874825,1.60844333408594,0.107738117374279,0.222686004835195
"g676",9127.31911540427,0.0504532305317855,0.550405411439831,0.0916655786501127,0.926963746470342,0.951170173029476
"g677",6634.75839668812,-1.99897377729945,1.70543330553015,-1.17212075712222,NA,NA
"g678",80.3245462025161,-0.115366660008478,1.02362832928105,-0.112703660799919,0.910265498846182,0.939810437757728
"g679",9195.43135466106,-1.54776472305886,1.3119788872406,-1.17971770591078,NA,NA
"g680",17495.4770815202,2.96687369117705,0.765840480784905,3.87401001333374,0.000107059010755161,0.00100725942513307
"g681",3.24293781567363,5.22582757554498,2.33511784887103,2.23792883861152,0.0252256960651101,0.0757905470981719
"g682",4028.26547275265,0.0672545308975466,0.433070603016891,0.155296920245874,0.876587243448975,0.917806079347829
"g683",2.4921598310137,4.84104436095993,2.51587784945419,1.92419690089889,0.05432990745157,0.133755693529418
"g684",8640.91518819279,0.748590928220134,0.416511726286275,1.79728656116062,0.0722901385780842,0.165187500240001
"g685",44.8443790550955,3.59804868324567,1.04164284203886,3.45420573927531,0.000551916153443657,0.00390826845053388
"g686",1068.06428541182,0.811151647341695,0.321931915878654,2.51963725040373,0.0117475831045857,0.0433234585220197
"g687",0,NA,NA,NA,NA,NA
"g688",1027.96948678819,-1.08808477790974,0.366100848843336,-2.97209028973151,0.00295779686821728,0.0152658661705931
"g689",265.644133689202,-1.0337292964815,0.452425903461129,-2.28485877703578,0.022321109867459,0.0697839378695598
"g690",2269.57453456389,-1.21923043846448,0.583579856286078,-2.08922639349429,0.0366873486260439,0.0997577295069089
"g691",58.3842475109375,-0.276030411171235,0.594291198068649,-0.464469963661399,0.642311074374125,0.762102660181022
"g692",87.1502194756012,-1.12634071461682,0.538093451345422,-2.09320650864747,0.0363307239924725,0.0990568311304964
"g693",312.540392444798,-0.350708325837096,0.435707413142523,-0.804917050429843,0.42086754851212,0.574927448683224
"g694",89.7514198682875,-0.156504724103393,0.523808996722044,-0.298782046667368,0.765106350261135,0.840437696258607
"g695",0.155738871243807,1.11606545129665,4.0804728567969,0.273513754524209,0.784458320715326,NA
"g696",27.0459251274978,-1.00809866693489,0.787523144342639,-1.28008767002826,0.200514304540502,0.343445013930911
"g697",111.274459292986,-0.501146852484495,0.773589544369129,-0.647820095465724,0.517101316382869,0.656699010159233
"g698",10.068650507215,-2.08182320719771,1.11523737304781,-1.86670861065956,0.0619422906346374,0.147776607656921
"g699",6342.69792783506,-2.71564372510761,0.652708964983894,-4.16057365655245,3.17449212626672e-05,0.000365613920749339
"g700",3.5857377842446,-0.132347578389702,2.13272271798491,-0.062055689318464,0.950518483751609,0.96839808919076
"g701",807.899136358747,-2.27470178208551,0.521920134935734,-4.3583330663524,1.31056830307079e-05,0.000169443798667991
"g702",1259.14202086144,-0.760169301498727,0.402190755206674,-1.89007154355922,0.0587483923360373,0.142188137972728
"g703",81.8320619127328,-1.60872508221225,0.525877534819283,-3.05912494011573,0.00221984550650261,0.0121214452180687
"g704",2751.61972597517,-1.02173147191618,0.444187709258198,-2.30022454611022,0.0214355018756505,0.0674360215993778
"g705",235.095914370215,-0.56446668597319,0.500317232805083,-1.12821755670586,0.259228051075561,0.413609087862599
"g706",4.87017044299307,3.75618759259238,1.97111067314023,1.90561983341519,0.0566995470046563,0.138231012405513
"g707",2510.06915691321,2.26999681218827,0.350316511656121,6.47984533031817,9.18166910085135e-11,6.814838843743e-09
"g708",84.5834904213879,2.81276077133334,0.507090178383295,5.54686501777847,2.90837094432257e-08,9.7139589540374e-07
"g709",1237.6216423547,0.391281049917794,0.339010843193477,1.15418446864983,0.248424548704549,0.399552805460607
"g710",113.290319108573,-0.500015109558488,0.62944716210346,-0.794371854640758,0.426978984280551,0.579326936017755
"g711",2915.86343111921,0.52278217412323,0.309489143963689,1.68917774442055,0.0911853726437179,0.195552019625041
"g712",61.9447088259634,0.343855089051208,0.609722021777354,0.563953862202421,0.572785532088417,0.70576705478481
"g713",1054.83393977115,0.17937988762526,0.354583733849461,0.505888653373523,0.612934818178342,0.738617784503546
"g714",0,NA,NA,NA,NA,NA
"g715",0,NA,NA,NA,NA,NA
"g716",0,NA,NA,NA,NA,NA
"g717",0,NA,NA,NA,NA,NA
"g718",0,NA,NA,NA,NA,NA
"g719",449.711978175669,1.39727646139505,0.471809292799897,2.96152806381383,0.00306116594880802,0.0155809288425416
"g720",0,NA,NA,NA,NA,NA
"g721",1273.17333014013,-1.36550302548276,0.414201135165085,-3.29671483140316,0.000978227694082392,0.00631331517227715
"g722",3020.08555346325,-2.30203101683172,0.515849963520293,-4.46259800257049,8.09718747780331e-06,0.000110386147656584
"g723",0.942646572911601,3.42355398667037,3.95758267105987,0.86506190046398,0.387004814735185,NA
"g724",1715.3341478852,-0.673627338820801,0.431802552120962,-1.56003556605218,0.118751476645701,0.240139212106948
"g725",0.478589205027937,-2.31391822899795,3.99326929458256,-0.579454591789517,0.562282477379121,NA
"g726",442.427798477465,0.119876467047528,0.405674931874944,0.295498828319228,0.767612847266818,0.841979280745869
"g727",30.7330297116731,1.93206597355813,0.749557124066485,2.57761004668505,0.00994861977869996,0.0382668599549227
"g728",22.1546929996246,-0.230483655395351,0.686559103666114,-0.33570839591902,0.737090773888007,0.825717781727759
"g729",5.53145904774291,5.99342429852334,2.01472364759122,2.97481210670704,0.00293168055893949,0.0152204348189501
"g730",237.527951262354,0.785501219277017,0.532777390747081,1.47435163901298,0.140386938258559,0.268706231394606
"g731",3605.29444109814,0.802838733159416,0.539379180460096,1.48844961437812,0.136632360514469,0.264807785755315
"g732",5.59190117201516,-5.86452912273002,2.39762166552614,-2.44597769825503,0.0144459935964033,0.050611488054532
"g733",1.36772954318333,-3.83305966145574,3.93717277377381,-0.973556377050156,0.330276854954504,0.488108272366391
"g734",1274.06736944542,0.373636886817763,0.334489230608143,1.1170371199648,0.263978454111472,0.419186071346585
"g735",26.7993173717833,-1.0481130951358,0.957202781224014,-1.09497497886032,0.27352759843964,0.429837013492554
"g736",4.47552131697149,-0.0196109130783443,1.6895384334034,-0.0116072607113413,0.990738953840152,0.992720431747833
"g737",251.087479903048,0.412970505687901,0.446361781418657,0.925192350418914,0.354865861855923,0.511619559107388
"g738",0,NA,NA,NA,NA,NA
"g739",0,NA,NA,NA,NA,NA
"g740",3394.524863776,-0.190864983538808,0.32985339971102,-0.578635793070565,0.562834947996405,0.696247676410368
"g741",0,NA,NA,NA,NA,NA
"g742",1561.98474501949,-0.432082858511733,0.388163605670274,-1.11314624091463,0.265645626785369,0.420540573187769
"g743",0,NA,NA,NA,NA,NA
"g744",0,NA,NA,NA,NA,NA
"g745",0,NA,NA,NA,NA,NA
"g746",1582.66355203218,0.256879110667173,0.408027803697502,0.629562761016193,0.528980694207318,0.666715290057525
"g747",416.162222438806,-0.185342641686672,0.444381253843766,-0.417080243785068,0.676619714934218,0.786535213159299
"g748",12.4045711154411,2.00296295131472,0.92604729508964,2.16291647514703,0.030547604372584,0.0875785395746184
"g749",693.228598129551,0.273583266415741,0.410096875218425,0.667118632079373,0.504696359703009,0.649172981286797
"g750",9.69350556050463,0.899817838891299,1.02341645773294,0.879229400790141,0.379276906213241,0.535881797886261
"g751",334.812284680887,-3.59423959359524,0.697085915187976,-5.15609269285841,2.52156108283483e-07,6.01572429762024e-06
"g752",164.431168569495,0.295111404880171,0.458889587435128,0.643098934821419,0.520159905636083,0.659764477332041
"g753",9.4521741720991,0.164700199694728,1.05672434246089,0.155859189645595,0.876144014051674,0.917806079347829
"g754",0,NA,NA,NA,NA,NA
"g755",2173.26331631632,0.431899758415563,0.378632025961732,1.1406846986029,0.254001156342516,0.405592284709484
"g756",99.2590606502485,1.01842458259209,0.544848500662081,1.86918855673556,0.0615965857678352,0.147235712343733
"g757",1.05422571752558,3.62155363123094,3.82624962685746,0.946502184753001,0.343892508462302,NA
"g758",224.993705108765,0.00853059472872135,0.433779079559606,0.019665758748398,0.984310006054813,0.991234800067259
"g759",499.93153617233,0.364498285589982,0.340107862088827,1.07171378912371,0.28384860540701,0.442671288121127
"g760",260.032755057793,0.910729515696382,0.42547156827157,2.14051791849716,0.0323129342936883,0.0912043948233118
"g761",1545.23355665334,1.08218543783855,0.336252763943058,3.21836889948006,0.0012892189093273,0.00780542203713568
"g762",136.949918357387,-2.64350918081548,1.76814272833413,-1.49507680486071,0.134894398607174,0.262965345144725
"g763",1.22706635994438,-0.685412505008219,3.76942310003663,-0.181834855578181,0.855712329693337,NA
"g764",0.303939898485185,-1.66762683618469,4.041298957816,-0.41264624408928,0.679865814870593,NA
"g765",24.4086432657503,-0.0187576225962157,1.03814672421723,-0.0180683733413107,0.985584308248894,0.991838275931824
"g766",4283.69344450606,-1.45206279405426,0.549167929719152,-2.64411433274492,0.008190498508569,0.0326967310979527
"g767",819.117689141033,1.89945412416978,0.346136813309899,5.48758193619001,4.0747302733644e-08,1.31705797868101e-06
"g768",1707.439415408,0.51347508821347,0.361550006552454,1.42020489256712,0.15554803971361,0.289700995897839
"g769",1343.37684159987,0.302473315139604,0.413682584206343,0.731172465768421,0.464673816027324,0.613847282345917
"g770",1229.27229533012,0.405236713699122,0.36238908787416,1.1182365232803,0.263465989270953,0.418704078111808
"g771",1601.24849850907,-0.434453042665389,0.437674976321717,-0.992638524405927,0.320886143624033,0.478820425780017
"g772",3834.44594441288,-0.959289266530455,0.392804224333897,-2.44215618647478,0.0145998287259575,0.0509722243324368
"g773",357.924093198886,-0.441365267086909,0.487012757562916,-0.906270442063091,0.364792726346234,0.52105817790296
"g774",28039.7549893087,0.12661899827265,0.35946147054801,0.352246370326187,0.724653504066694,0.817621423271163
"g775",1162.59022174513,1.14630723017648,0.40810220055695,2.80887294558098,0.00497152626204685,0.0222387022971917
"g776",1.21463788359993,-3.66189542726146,3.67188735644295,-0.997278802912087,0.318629199694852,NA
"g777",830.060926159132,-1.39990653512025,0.389330319382659,-3.5956781823209,0.000323547580047139,0.00255271397800971
"g778",282.379621401045,-2.09486537543116,0.526666595039939,-3.97759302594898,6.96163905166746e-05,0.000701061540680482
"g779",1513.84108486172,-0.086341280907561,0.341025912501108,-0.253180998107528,0.800128349574907,0.864397419163404
"g780",43.1650977849588,0.497639338055201,0.905324516957053,0.549680615883297,0.582538454454845,0.71313809574069
"g781",0,NA,NA,NA,NA,NA
"g782",11.3164631838615,-0.91541741988533,1.17547935338703,-0.778760951647212,0.436120543849728,0.587816614591933
"g783",7.13736508492005,1.38367646020248,1.29898621856363,1.06519718256326,0.28678670833222,0.444909617126516
"g784",0,NA,NA,NA,NA,NA
"g785",9951.94158650495,0.179571747198779,0.378587055459972,0.474320885009142,0.635271100554651,0.756019373088218
"g786",2773.83839410173,1.47987914737198,0.387863277506033,3.81546599845086,0.000135926172737193,0.00122150695141406
"g787",327.547697785195,-2.28012903820548,0.560701069177338,-4.06656802269147,4.77105634538519e-05,0.000519630267182169
"g788",0,NA,NA,NA,NA,NA
"g789",521.730152561918,-1.87482591181823,0.533162525478623,-3.51642477148069,0.000437400591934101,0.00318745740449432
"g790",0,NA,NA,NA,NA,NA
"g791",32.4509487723808,-0.602379839504904,0.719694838264793,-0.836993413704705,0.402596270204218,0.557585916596816
"g792",699.581567995422,0.488030078157063,0.379143227513905,1.28719186508261,0.198027421972616,0.340933808963164
"g793",740.110832669065,-1.49568655687366,0.447451053986805,-3.34268193928038,0.000829729427587426,0.00562397636547238
"g794",0.287513488366904,1.83172876717451,4.04938526566357,0.452347368057693,0.651018756811876,NA
"g795",43.2105570408177,-0.739853842499778,0.913683188725954,-0.809748774661637,0.418084579130456,0.572687284058396
"g796",14.9402831545725,0.339688533927117,1.0969201567112,0.309674803447478,0.756808265416608,0.836999869699163
"g797",0.934433227462843,3.44590313768905,3.95680839288598,0.870879455240874,0.383819975593458,NA
"g798",3205.57608431068,1.80004035340894,0.553066027645872,3.25465724421878,0.0011352929209056,0.0071997690300469
"g799",146.072963309928,-0.196452650210093,0.649877157685357,-0.302291976086359,0.762429494555613,0.839802619792101
"g800",67.3313576745711,-0.929769212985535,0.638767174258263,-1.45556824216145,0.145512012520695,0.27600222327258
"g801",183.002161852399,-0.749696851964724,0.529519013926344,-1.41580723684647,0.156831950176936,0.290978332924197
"g802",0,NA,NA,NA,NA,NA
"g803",0,NA,NA,NA,NA,NA
"g804",0,NA,NA,NA,NA,NA
"g805",0,NA,NA,NA,NA,NA
"g806",0,NA,NA,NA,NA,NA
"g807",0,NA,NA,NA,NA,NA
"g808",1055.11106940799,0.0397773910663292,0.411520304364275,0.0966596074227205,0.922996718176923,0.949147734088366
"g809",131.20518795874,1.26496363570855,0.489165699479262,2.58596143812855,0.00971077940593349,0.037544574952065
"g810",2273.58185858437,-0.968001673716943,0.331836421040214,-2.91710497202968,0.00353296849926369,0.0172684606646938
"g811",210.839278657974,-0.816867672738723,0.416125696074368,-1.96303107557371,0.0496425632838955,0.125294328489832
"g812",0,NA,NA,NA,NA,NA
"g813",1468.33064833129,-0.268592860692989,0.326826654603739,-0.821820548934861,0.411179036754982,0.565869007477787
"g814",59.758923552379,1.56177086397033,0.553158521084203,2.82336944011859,0.00475217767462978,0.0215409549702583
"g815",1521.58536862582,-0.510068000352994,0.50760925031183,-1.00484378493822,0.314972076717145,0.472812016285511
"g816",328.199542325571,0.0916847937085303,0.984363236777293,0.0931412209264308,0.925791370187772,0.950814802728893
"g817",881.209349666217,-2.00723750161184,1.50148674681322,-1.33683331262965,NA,NA
"g818",3476.75539325925,0.462324425813901,0.871212500567651,0.530667805515493,NA,NA
"g819",38.7747941169176,3.83587750839018,0.784344467190126,4.89055213474255,1.00553520619384e-06,1.93758899347351e-05
"g820",32.290513617827,3.31089073924504,0.853779108606829,3.87792428494491,0.000105351491704636,0.00100725942513307
"g821",21.8213710040214,2.63416683576844,0.912884748920963,2.88554150880716,0.00390740931473815,0.0188231929488828
"g822",46.0125254870177,1.94037209710302,0.647056690682284,2.99876676193087,0.00271074735467577,0.0144093838163667
"g823",3097.12090228906,-0.00558274541764474,0.360792871941928,-0.0154735468791172,0.987654388499229,0.992720431747833
"g824",0.743214442606922,1.85290658918246,3.81112391940558,0.486183768454179,0.626836878571696,NA
"g825",0,NA,NA,NA,NA,NA
"g826",0,NA,NA,NA,NA,NA
"g827",0,NA,NA,NA,NA,NA
"g828",0,NA,NA,NA,NA,NA
"g829",0,NA,NA,NA,NA,NA
"g830",0,NA,NA,NA,NA,NA
"g831",0,NA,NA,NA,NA,NA
"g832",0,NA,NA,NA,NA,NA
"g833",0,NA,NA,NA,NA,NA
"g834",0.467216613731421,2.4542145012989,4.00542917274234,0.612721981953959,0.540060185155902,NA
"g835",0,NA,NA,NA,NA,NA
"g836",0,NA,NA,NA,NA,NA
"g837",0,NA,NA,NA,NA,NA
"g838",0,NA,NA,NA,NA,NA
"g839",0,NA,NA,NA,NA,NA
"g840",0,NA,NA,NA,NA,NA
"g841",0,NA,NA,NA,NA,NA
"g842",0,NA,NA,NA,NA,NA
"g843",0,NA,NA,NA,NA,NA
"g844",0,NA,NA,NA,NA,NA
"g845",0,NA,NA,NA,NA,NA
"g846",0,NA,NA,NA,NA,NA
"g847",0,NA,NA,NA,NA,NA
"g848",1.4139698593674,4.01672673112174,3.94055324153419,1.01933065864576,0.308046013554348,0.46537200359593
"g849",0,NA,NA,NA,NA,NA
"g850",0,NA,NA,NA,NA,NA
"g851",0,NA,NA,NA,NA,NA
"g852",0,NA,NA,NA,NA,NA
"g853",0,NA,NA,NA,NA,NA
"g854",0,NA,NA,NA,NA,NA
"g855",0,NA,NA,NA,NA,NA
"g856",0,NA,NA,NA,NA,NA
"g857",0,NA,NA,NA,NA,NA
"g858",0,NA,NA,NA,NA,NA
"g859",0,NA,NA,NA,NA,NA
"g860",0,NA,NA,NA,NA,NA
"g861",68.258432598793,-0.386672522452514,0.539298357704164,-0.716991841211255,0.473379130900538,0.621697339456161
"g862",2542.56390355127,0.0669922758648549,0.353390460668965,0.189570130834995,0.849645994887921,0.903284124008167
"g863",1286.018755567,0.925842148560717,0.357193875884302,2.59198774410288,0.00954231709444982,0.0370596966226307
"g864",73.3350662925921,0.970548396863559,0.551724346503294,1.75911830430301,0.0785574165126962,0.17531076023546
"g865",1532.54015968598,0.364572100099897,0.452314142185264,0.806015258197634,0.420234051302622,0.57445364175338
"g866",24.4594973605294,1.19387818122868,0.864514725259132,1.38098073560381,0.167284883996375,0.303813498871032
"g867",114.506395392797,1.51384199013833,0.530104991835103,2.85573992596778,0.00429366682981686,0.0201510733652295
"g868",27.0351654889137,0.298484651849417,0.794011012959048,0.375920040122683,0.70697634156222,0.802884001214137
"g869",248.656991241573,-0.692018010061562,0.460895444631977,-1.50146420000774,0.133235539544703,0.261000998286984
"g870",1.20026611896036,-3.64585654294156,3.68592771404173,-0.989128606362106,0.322600223130891,NA
"g871",69.8264130725406,-1.4130397766279,0.74188014885004,-1.90467392720806,0.0568224702138547,0.138362369755243
"g872",1017.45522262734,-0.930437605611885,0.521718540408332,-1.7834091249348,0.0745197289345589,0.16893386514124
"g873",308.46752423417,1.78218711423815,0.442896838385325,4.02393279829112,5.72342551315596e-05,0.000601397232688512
"g874",3721.44526972685,1.99816368102501,0.475799109649748,4.19959525039029,2.67392529768184e-05,0.000313365280500258
"g875",5.82681920990497,6.07302641044933,1.87637668987443,3.23657101648164,0.00120975120879972,0.00748866459805991
"g876",321.360626191285,2.33660024124828,0.497645832765807,4.69530756092533,2.66205879921177e-06,4.26781266689631e-05
"g877",767.817263963608,-0.520652035366995,0.383323698421148,-1.35825684013663,0.174382200203923,0.312298417523379
"g878",170.555351118105,-0.665658077555428,0.48645336684495,-1.36839031842408,0.17118993310212,0.307957473910815
"g879",248.832321076984,-0.811830491332925,0.542426278702395,-1.49666511968226,0.134480416529572,0.262773188217223
"g880",3926.52632133657,-0.101532793362852,0.34465123736029,-0.294595760457728,0.768302701186882,0.842274952504656
"g881",766.035369848708,-2.56591259216134,0.573873076644608,-4.47121967659475,7.77747570355058e-06,0.000107490077999416
"g882",1094.27659657095,-0.177892704426751,0.436539691539121,-0.407506368549328,0.683636117639741,0.790426483300571
"g883",946.525278575321,0.772509700007076,0.3447432850063,2.24082595254309,0.0250373511727555,0.0755645357683767
"g884",16.8141234592832,4.74750464710917,1.22724478588551,3.86842519252069,0.000109540531526681,0.00102101965199753
"g885",113.546701840139,5.41841964156677,1.96808930590213,2.75313707834161,0.00590271752428215,0.0255962922327992
"g886",4304.57210527086,0.828115873032516,0.359214522404124,2.30535187578209,0.0211468743958943,0.0669483985614094
"g887",40.3438923743657,1.18156563280449,0.727836509894098,1.62339428806122,0.104505144979016,0.217474881140133
"g888",0,NA,NA,NA,NA,NA
"g889",0,NA,NA,NA,NA,NA
"g890",9.08240592928233,1.56268409207118,1.3674830499425,1.14274476172622,0.253144579233124,0.404887152684809
"g891",16.0067970925857,-2.4174463478389,1.16670667031308,-2.07202582221475,0.0382630331266639,0.102512190355394
"g892",117.490831885035,-0.884910443963373,0.532430069429848,-1.6620219156874,0.0965083803453357,0.205966766998991
"g893",19.9923775112817,-2.01446018691071,0.818891141900199,-2.45998531897201,0.0138942699275927,0.0490007356956111
"g894",130.213909592497,-1.64752709929704,0.663510184780741,-2.48304718915727,0.0130263829987348,0.0467829238879291
"g895",0,NA,NA,NA,NA,NA
"g896",0,NA,NA,NA,NA,NA
"g897",0,NA,NA,NA,NA,NA
"g898",0,NA,NA,NA,NA,NA
"g899",0,NA,NA,NA,NA,NA
"g900",0,NA,NA,NA,NA,NA
"g901",0,NA,NA,NA,NA,NA
"g902",0,NA,NA,NA,NA,NA
"g903",0,NA,NA,NA,NA,NA
"g904",0,NA,NA,NA,NA,NA
"g905",0,NA,NA,NA,NA,NA
"g906",0.575026976733808,2.75894514561069,3.98690172307533,0.692002295828488,0.488935887223169,NA
"g907",0,NA,NA,NA,NA,NA
"g908",0,NA,NA,NA,NA,NA
"g909",0,NA,NA,NA,NA,NA
"g910",1.21575959394074,-3.6633187732957,3.94095205422333,-0.92955172326187,0.352603233124564,NA
"g911",0,NA,NA,NA,NA,NA
"g912",0.311477742487614,1.9096457584262,4.0448507323431,0.472117733086278,0.636842755642901,NA
"g913",0,NA,NA,NA,NA,NA
"g914",0,NA,NA,NA,NA,NA
"g915",0,NA,NA,NA,NA,NA
"g916",4649.81911675133,-0.643008736130697,0.395829132628383,-1.62446036212896,0.104277593423462,0.217226920187753
"g917",0,NA,NA,NA,NA,NA
"g918",0,NA,NA,NA,NA,NA
"g919",0,NA,NA,NA,NA,NA
"g920",0,NA,NA,NA,NA,NA
"g921",0,NA,NA,NA,NA,NA
"g922",0,NA,NA,NA,NA,NA
"g923",0,NA,NA,NA,NA,NA
"g924",0,NA,NA,NA,NA,NA
"g925",0,NA,NA,NA,NA,NA
"g926",0,NA,NA,NA,NA,NA
"g927",0,NA,NA,NA,NA,NA
"g928",0,NA,NA,NA,NA,NA
"g929",0,NA,NA,NA,NA,NA
"g930",0,NA,NA,NA,NA,NA
"g931",0,NA,NA,NA,NA,NA
"g932",0,NA,NA,NA,NA,NA
"g933",0,NA,NA,NA,NA,NA
"g934",0,NA,NA,NA,NA,NA
"g935",0,NA,NA,NA,NA,NA
"g936",1.33634226276132,-3.79373159938958,3.5635496520656,-1.06459344468248,0.287059947577138,0.444909617126516
"g937",0,NA,NA,NA,NA,NA
"g938",0,NA,NA,NA,NA,NA
"g939",0,NA,NA,NA,NA,NA
"g940",0,NA,NA,NA,NA,NA
"g941",0,NA,NA,NA,NA,NA
"g942",0,NA,NA,NA,NA,NA
"g943",0,NA,NA,NA,NA,NA
"g944",0,NA,NA,NA,NA,NA
"g945",0,NA,NA,NA,NA,NA
"g946",0,NA,NA,NA,NA,NA
"g947",0,NA,NA,NA,NA,NA
"g948",0,NA,NA,NA,NA,NA
"g949",0,NA,NA,NA,NA,NA
"g950",0,NA,NA,NA,NA,NA
"g951",657.389542017402,1.58177932215515,0.436357202914219,3.62496439062129,0.000289001269999289,0.0023166341803143
"g952",169.032812142754,1.64445696568313,0.502523139646789,3.27240048456072,0.0010663840577768,0.00678423381518955
"g953",0.782801028943415,3.16753474551036,3.96734536243863,0.798401564809409,0.424637495497614,NA
"g954",146.126044688443,2.74967563914202,0.612220557955365,4.49131543103538,7.07846267116687e-06,9.98960506550593e-05
"g955",1900.70824829203,0.869221240760069,0.37161631800642,2.33902872032937,0.0193339471464418,0.0627961589651043
"g956",62.2441230478653,3.12201518802677,0.706243375559516,4.42059394263823,9.84299823868438e-06,0.000130631579273666
"g957",65.1141208090179,1.31263311609345,0.557362733072039,2.355078727382,0.0185187817636612,0.0613415514948381
"g958",1.32864116648928,0.118445810375674,2.44358022983294,0.0484722412342366,0.961339886714998,0.976939722604897
"g959",36.2113768345849,-3.76379651354894,1.05430881267481,-3.56991847957725,0.00035709233695592,0.00276298472301028
"g960",123.519214063658,-2.98015781600938,0.769154458618292,-3.87458953480284,0.000106804570141802,0.00100725942513307
"g961",505.830144682657,-2.2517631140825,0.500526087264271,-4.49879271306313,6.83404519020221e-06,9.7130684830959e-05
"g962",0.174649306542753,-0.807487900345844,4.0804728567969,-0.197890766262738,0.843130528772266,NA
"g963",0,NA,NA,NA,NA,NA
"g964",526.593746610339,0.339543773215337,0.36638639101797,0.926736859062767,0.354063175122591,0.511334479314938
"g965",0,NA,NA,NA,NA,NA
"g966",0,NA,NA,NA,NA,NA
"g967",0,NA,NA,NA,NA,NA
"g968",0,NA,NA,NA,NA,NA
"g969",0,NA,NA,NA,NA,NA
"g970",0,NA,NA,NA,NA,NA
"g971",740.124580005668,-0.87468628380274,0.429759212202234,-2.03529385518125,0.0418213141001627,0.110276201916745
"g972",2.11096410407511,-4.46058983304584,2.56686777262356,-1.73775598440224,0.0822538193970635,0.182174961192732
"g973",19.8442561320561,2.03600165845691,0.839325748471614,2.42575860702999,0.0152764275487239,0.0528656902653899
"g974",0,NA,NA,NA,NA,NA
"g975",0,NA,NA,NA,NA,NA
"g976",1887.40781352054,-1.9540687220606,0.413341145350393,-4.72749626801396,2.27305240312224e-06,3.76462563293965e-05
"g977",19.5692024705796,-1.34965411556182,0.86079088861034,-1.56792332890594,0.116899026635862,0.23735121517555
"g978",0,NA,NA,NA,NA,NA
"g979",17.6066126286782,-2.35661442553323,1.07526385752669,-2.19166152478509,0.0284039558571009,0.0829739535994186
"g980",233.957471997858,-2.37318974154029,0.413779209641403,-5.73540111789809,9.72818354377192e-09,3.82260388661156e-07
"g981",24522.8741575856,-0.0915582260708145,0.45384090739663,-0.201740796342094,0.840119367400138,0.8952223568222
"g982",37070.020396452,2.35897079696322,0.415651856103694,5.67535249108745,1.38403362600863e-08,5.23321393683265e-07
"g983",28.3364943006251,3.42467150190928,0.800436541101479,4.27850469844443,1.88153019194224e-05,0.000228520394221348
"g984",2217.58537567505,0.692533480724978,0.387673589223609,1.78638292619291,0.074037278185979,0.168411697485473
"g985",0,NA,NA,NA,NA,NA
"g986",0,NA,NA,NA,NA,NA
"g987",91.8759265399157,1.15055455243494,0.467799270125713,2.45950480454095,0.0139128835383247,0.0490007356956111
"g988",1516.85168328896,-0.641463197956694,0.311623733937627,-2.05845424496802,0.0395465491497609,0.104961664915545
"g989",1507.91753453242,0.686950558173863,0.401722020549587,1.71001469432534,0.0872631558330278,0.190288753307277
"g990",6.77259933061375,4.35682926651138,1.56666176284162,2.78096355566178,0.00541978210855812,0.0238708644957153
"g991",2308.45026509384,0.132554043970268,0.399691201676602,0.331641135492195,0.740160254204327,0.826340473217533
"g992",1.79977249797727,0.115557136760347,3.34203505251838,0.0345768775444978,0.972417139518854,0.984372631202712
"g993",487.625495122554,-0.759970000396674,0.366768395601137,-2.07207057508616,0.0382588599714861,0.102512190355394
"g994",75.455383876217,0.856578359752058,0.619558322938299,1.38256291302758,0.16679892738225,0.303813498871032
"g995",263.457152825254,-0.942087513870955,0.61073707052503,-1.54254188805188,0.122941967108455,0.24663676032414
"g996",3636.42354289582,-0.439719180162291,0.359255722366491,-1.22397265453636,0.22096254344797,0.369315210233305
"g997",1375.68034921924,-1.26433880058635,0.455829551721602,-2.7737095934459,0.00554211271319885,0.0243028312412483
"g998",89.7680979627333,-1.66735940596485,0.56400312704016,-2.95629461261148,0.00311359524742772,0.0157169896117006
"g999",2459.58268836221,-0.809436979740646,0.398353449717333,-2.0319567467409,0.0421580349150564,0.111018005216522
"g1000",0,NA,NA,NA,NA,NA
"g1001",0,NA,NA,NA,NA,NA
"g1002",0,NA,NA,NA,NA,NA
"g1003",128.605031689694,0.493817006994256,0.454896339169466,1.08555942194622,0.277673960643012,0.434423929338515
"g1004",1614.5732182051,0.936330245945956,0.347009919058521,2.69828092662691,0.00696985956972148,0.0290386664817502
"g1005",2323.42217999393,0.838421491872766,0.400444525991758,2.0937269395712,0.0362843116980126,0.0990568311304964
"g1006",293.503132524666,0.254785375470323,0.374825472969493,0.679744024470449,0.496666555086697,0.64129341644435
"g1007",0,NA,NA,NA,NA,NA
"g1008",27.5358398801408,0.526811011373894,0.881939115402182,0.597332630080318,0.550285323221617,0.685377121029285
"g1009",574.058396881431,0.165597910825308,0.36913541434528,0.44861019666461,0.653712876837945,0.76970658353892
"g1010",562.357953492516,-1.48472317286143,0.400796628715759,-3.70443029328567,0.000211866357172681,0.00179147755178925
"g1011",0.431270232550356,2.35055464862069,4.01264666568427,0.585786600330994,0.558018929473669,NA
"g1012",759.334200544348,-2.15477877477885,0.39943889925858,-5.39451410160215,6.87092311011724e-08,2.08626210798105e-06
"g1013",1477.16956277331,0.830097938133456,0.346587316135856,2.39506150250482,0.0166175776192146,0.0560633426749262
"g1014",283.103889138603,1.37075204080746,0.437011074108022,3.13665287225338,0.00170888322023107,0.00964676612209313
"g1015",1175.20107178342,1.59951319019864,0.400230134487321,3.99648365370477,6.42903187636229e-05,0.000664112364960311
"g1016",2009.33622532367,0.478457129593449,0.340368459122785,1.40570348623534,0.15981219131731,0.294902054696031
"g1017",1066.83107053991,0.888754152843105,0.382014359366965,2.3264940991115,0.0199922069028395,0.0643088003744627
"g1018",0.858617128203129,3.31443368156987,3.96153695452989,0.836653480609319,0.402787374766551,NA
"g1019",124.802360227842,2.00010481050479,0.408548654382463,4.89563431197204,9.7989137592142e-07,1.9315185867358e-05
"g1020",2936.57198560926,1.51163768168991,0.359875153880478,4.20045025445673,2.66384694318702e-05,0.000313365280500258
"g1021",461.56827571781,0.717919732602713,0.397049082021145,1.80813850254534,0.0705849470395081,0.16264491908212
"g1022",4.32159132808387,-0.807084469513029,1.89495900877892,-0.42591130772433,0.670172474952217,0.781283094708692
"g1023",515.329169423579,-0.559339087579421,0.37493027063441,-1.49184830190685,0.135738918092803,0.263914215749879
"g1024",1677.80726992669,-0.241169680119997,0.329460280558249,-0.732014431941083,0.464159759114392,0.613572663103721
"g1025",147.549456250968,-0.848340814748844,0.495993135419185,-1.71038821743344,0.0871941083781239,0.190288753307277
"g1026",3069.21952330699,-0.0522124221764881,0.431958167111815,-0.120873793232326,0.903790999918156,0.935052743332981
"g1027",7.11609953214834,-1.94328578288583,1.7746723936306,-1.09501099462661,0.273511819744488,0.429837013492554
"g1028",0,NA,NA,NA,NA,NA
"g1029",7.38476535538906,-0.174021890231933,1.80274279062358,-0.0965317354960759,0.923098270328456,0.949147734088366
"g1030",57.6607875178641,-5.04630791359555,0.834322105845528,-6.04839291472621,1.46297811690703e-09,7.40711083859226e-08
"g1031",5.03446295770758,-2.80068772870445,1.52235627864544,-1.83970583495503,0.0658114364443571,0.154433394185587
"g1032",0.303939898485185,-1.66762683618469,4.041298957816,-0.41264624408928,0.679865814870593,NA
"g1033",0.751542153552369,-2.97077118357635,3.96186142367445,-0.749842275104385,0.453349704112248,NA
"g1034",0,NA,NA,NA,NA,NA
"g1035",0.303939898485185,-1.66762683618469,4.041298957816,-0.41264624408928,0.679865814870593,NA
"g1036",0,NA,NA,NA,NA,NA
"g1037",0,NA,NA,NA,NA,NA
"g1038",188.278686097806,-0.617041444708899,0.459313044903419,-1.34340065355349,0.179142275389212,0.319680427319663
"g1039",381.244933126701,-0.118446507952347,0.377262508785404,-0.313963103128602,0.753549062258539,0.834316199318294
"g1040",592.146499212798,-0.802543791406326,0.328461116422106,-2.44334489314399,0.0145518232540539,0.0508932876110367
"g1041",30.8897005895187,0.331910573429727,0.755668781727832,0.439227584168312,0.660496639775112,0.774508640204403
"g1042",1601.86761226252,-1.27101506806935,0.909215205113919,-1.397925442646,0.162135457478275,0.29781801721949
"g1043",9.98480532686946,2.87157331023452,1.53976808691147,1.86493884023434,0.0621899774230066,0.14801241239033
"g1044",387.362772772863,1.21616132171166,0.788721098381475,1.54194090180588,NA,NA
"g1045",122.068165492331,2.03472424585724,0.803437404360676,2.53252367242765,0.0113244722931604,0.0421043459656651
"g1046",1022.28428713316,-0.53913879680473,0.414581548881538,-1.30044088613983,0.193449904397717,0.335648145812142
"g1047",3128.72433293511,-0.703095744110168,0.533157339926879,-1.31873968800016,0.187256153595316,0.329331972930476
"g1048",5.56363664731238,6.00106790760594,2.34468855894438,2.55943071190134,0.0104843753474245,0.0396428079174315
"g1049",1168.14320927865,-0.591180999001004,0.487527418355939,-1.21261077170718,0.225278668600765,0.372798061004074
"g1050",0,NA,NA,NA,NA,NA
"g1051",111.599135466885,-2.25817218694912,0.832939596018692,-2.71108757194735,0.00670629118981112,0.028174858583609
"g1052",0,NA,NA,NA,NA,NA
"g1053",0,NA,NA,NA,NA,NA
"g1054",0,NA,NA,NA,NA,NA
"g1055",471.995603983435,0.16651479708269,0.580852704535968,0.286673016725841,0.774362700311184,0.845566531452051
"g1056",12.9627998828684,2.85732762425344,1.0447753818145,2.73487265682986,0.00624044129404789,0.0267386916732518
"g1057",9413.04453419697,1.5394965901194,0.603686739961414,2.55015803431065,0.0107674098380775,0.0406363263945524
"g1058",1212.76532248683,0.846738929573724,0.388844766091255,2.17757574079063,0.0294376372633225,0.0849997765736411
"g1059",9.63115941609875,-2.53015739731055,1.27637876880558,-1.98229354729728,0.0474463958130085,0.121894997782274
"g1060",794.479204633289,-0.711593754219329,0.410403225217044,-1.73388928374771,0.0829377296304831,0.183249404828543
"g1061",4243.76264765198,-0.416888214493436,0.43301726190521,-0.96275195279558,0.335672017905864,0.492089776066826
"g1062",17.7726853593682,7.67966494804438,1.63655313758013,4.69258514844182,2.69774192606812e-06,4.29069430146073e-05
"g1063",18.5181764036538,-1.12149124168491,0.850636695465908,-1.31841389827493,0.187365130767365,0.329331972930476
"g1064",313.269995074194,-1.02454954069865,0.402292867215049,-2.54677530772866,0.0108723413032949,0.0409552104733138
"g1065",8.34369503625184,-2.19734793137715,1.69624703595112,-1.29541740371859,0.1951762775035,0.337766200446472
"g1066",0,NA,NA,NA,NA,NA
"g1067",8.50555694524477,-1.88053697394723,1.40071270617993,-1.34255723222208,0.179415386601653,0.319708269544826
"g1068",10603.9469888947,-1.89262075890447,0.518540980269651,-3.64989621055653,0.000262346290665335,0.0021199272842473
"g1069",2050.26974712006,-0.515039313196167,0.336946404826344,-1.52854966196066,0.126376123168555,0.251997762019685
"g1070",0,NA,NA,NA,NA,NA
"g1071",636.815453385019,-0.541100570779571,0.405816978965112,-1.3333610933664,0.182413333770062,0.322929612080569
"g1072",9.96826977930671,0.892424146962905,1.25823055181926,0.709269176203487,0.478157452607998,0.626292506553221
"g1073",320.555348107243,0.929726641745331,0.40080115912638,2.31967054130243,0.0203587066133974,0.0651592534359245
"g1074",6754.86962076683,0.542694274928763,0.759781688328023,0.714276591902363,0.475056163810882,0.623044864055633
"g1075",0,NA,NA,NA,NA,NA
"g1076",19525.587248423,0.586405179642564,0.645447623529072,0.90852481017176,0.363601011758905,0.520097378704387
"g1077",2.06353062571122,-0.383166205041258,2.33147525011343,-0.164344959279588,0.869459590433869,0.915124484889429
"g1078",0,NA,NA,NA,NA,NA
"g1079",0.303939898485185,-1.66762683618469,4.041298957816,-0.41264624408928,0.679865814870593,NA
"g1080",1638.38905484987,1.02892292065311,0.499126626711727,2.06144666621315,0.0392604466786021,0.104624913755211
"g1081",26344.864800755,0.565417690125209,0.591649621814989,0.955663063538672,0.339242489274393,0.496597478820952
"g1082",4622.98406076038,-2.69860587696188,0.465286962432039,-5.79987426008319,6.63646633044526e-09,2.7707246929609e-07
"g1083",13704.6153319446,-1.72169105121943,0.428153190292505,-4.02120336892319,5.79015883430437e-05,0.000604347828330518
"g1084",858.185470247995,-0.903377024369583,0.625884511772814,-1.44336056792774,0.148918925996518,0.280219274832884
"g1085",6820.4729622415,-0.248647871228302,0.676303365537695,-0.36765730277065,0.71312878136438,0.808157889162875
"g1086",1081.71200837432,2.83943135552919,0.492659652632981,5.76347452111021,8.23996974789519e-09,3.36997946424122e-07
"g1087",853.326877689951,-0.0597256359330495,0.35622436461316,-0.167662972738848,0.866848427237628,0.91487883646214
"g1088",2316.00670883039,-0.511090528785992,0.348160321412414,-1.46797465809028,0.142111106734117,0.271229197995401
"g1089",0,NA,NA,NA,NA,NA
"g1090",444.35066757386,-0.237664005141514,0.619426300046026,-0.383684072058054,0.701212619394682,0.800700905565209
"g1091",2450.15870535269,0.426701660045123,0.3448132539094,1.23748624859194,0.215906616450132,0.362983942421196
"g1092",525.582760185556,0.043566946643271,0.407173874381544,0.106998384190157,0.914790261626457,0.943024528960607
"g1093",0,NA,NA,NA,NA,NA
"g1094",0,NA,NA,NA,NA,NA
"g1095",76.5881509222691,0.228647638563641,0.5128955969601,0.445797624153572,0.6557434381512,0.770704370816006
"g1096",866.940043626953,1.06223357727622,0.430997342245236,2.46459426348809,0.0137168478035297,0.0484807107553326
"g1097",96.382152990262,-0.604805508278378,0.492254519823121,-1.22864389035107,0.219205351974112,0.367297262003445
"g1098",255.996275240461,0.0599842689510765,0.432342839620232,0.138742367061674,0.889653737770767,0.926645577179115
"g1099",916.275547258004,-0.0216639997422006,0.426468410809742,-0.0507986035848864,0.959486003620118,0.976045660535389
"g1100",206.215570808543,0.535450695487787,0.384091431078772,1.39407092208202,0.163296188971637,0.29940124675129
"g1101",111.353475545544,0.44285928959815,0.499428535490186,0.886732050990011,0.375223178148524,0.532163658180921
"g1102",234.675849669227,-1.09918386015494,0.50951301819991,-2.1573224253196,0.030980550883475,0.0883136802809664
"g1103",561.171094916224,-0.141090638741302,0.407898410812085,-0.345896514919989,0.729420487867306,0.819885866832858
"g1104",0,NA,NA,NA,NA,NA
"g1105",533.59283166061,-0.693102871156218,0.344792256445825,-2.01020428446055,0.0444095721455803,0.115881227317374
"g1106",83.2958755035136,-0.657029890102808,0.560065998634229,-1.17312940207946,0.240743917426182,0.391599683865316
"g1107",1957.10393351265,0.872239762318423,0.399514809889546,2.18324763119438,0.0290175788146631,0.0842115229629245
"g1108",1466.28908746967,0.166881377752511,0.370546025281613,0.450366125572881,0.652446466046755,0.769119245857469
"g1109",3.96115198767972,0.876589047446157,1.50726511479283,0.581575887906514,0.560852388166164,0.695082366038956
"g1110",170.866794551757,1.38636599487336,0.520668927567609,2.66266320394804,0.00775249650873125,0.0312595633873188
"g1111",859.991619459127,-0.158227034795603,0.369273931224219,-0.428481464345582,0.668300625628406,0.780283096554798
"g1112",884.140035016435,-1.28554093594771,0.381492359313012,-3.36976850142609,0.000752313576682686,0.00518088112602097
"g1113",0,NA,NA,NA,NA,NA
"g1114",3136.81610410683,1.23085095794667,0.334094701211403,3.68413792102566,0.000229477969019023,0.00190819024860632
"g1115",6823.69614912756,-2.75886277320623,0.591340513034182,-4.66543846125211,3.07959653372625e-06,4.74731650275954e-05
"g1116",180.529516751326,1.97459771909614,0.445530422195428,4.43201546005762,9.33563221958006e-06,0.000125561120590862
"g1117",178.239446853303,-0.28984029604904,0.394601615334525,-0.734513708980453,0.462635708094514,0.612770627244816
"g1118",1627.47673643183,-0.580620081223739,0.318026027736363,-1.82569988172497,0.0678954810206431,0.157818179628749
"g1119",571.952560309795,0.348398987279825,0.350014978592427,0.995383079549621,0.319549984854365,0.477636305120244
"g1120",4585.72950730497,0.527372410018513,0.346819131413171,1.52059780517196,0.128360797948061,0.254688157512787
"g1121",0,NA,NA,NA,NA,NA
"g1122",2.95903855363234,5.10400151478162,3.27408351941156,1.55890999252791,0.119017684931679,0.240192790134022
"g1123",2.86357959918968,-2.95163998896957,2.14739389245051,-1.37452192601763,0.169279708084408,0.305768584823332
"g1124",2.87140357958188,0.919337632123428,2.55623254883025,0.359645538722259,0.719112224133571,0.812345488818307
"g1125",83.8625781355269,3.49221752697588,0.953386573094672,3.66296067673811,0.000249316824125107,0.00203930985937435
"g1126",0,NA,NA,NA,NA,NA
"g1127",0,NA,NA,NA,NA,NA
"g1128",0,NA,NA,NA,NA,NA
"g1129",0,NA,NA,NA,NA,NA
"g1130",0,NA,NA,NA,NA,NA
"g1131",0,NA,NA,NA,NA,NA
"g1132",1.78490570346017,-4.21866204443021,3.18661199054155,-1.32387063657325,0.185546011696752,0.327318844577721
"g1133",0,NA,NA,NA,NA,NA
"g1134",10.6758035196574,-6.79842538810073,1.66277940135888,-4.08859129632279,4.34000736128096e-05,0.000483187486222614
"g1135",32.1490368682644,-5.63157123980175,1.19296474184853,-4.72065187029373,2.35090002689062e-06,3.83024687308033e-05
"g1136",6.45724044252959,-6.07234860071155,2.26684901668068,-2.67876182137759,0.00738949358788355,0.0303453794059808
"g1137",0,NA,NA,NA,NA,NA
"g1138",1343.6325343627,0.136926899221468,0.355162565263029,0.385533028009475,0.699842541238112,0.800048176064561
"g1139",128.380220551528,0.378118433834168,0.504209428244398,0.749923370435049,0.453300858140779,0.601997958723739
"g1140",327.909737234482,-2.11845943592117,0.440558477502987,-4.80857716761746,1.52008349391975e-06,2.74436695659026e-05
"g1141",0,NA,NA,NA,NA,NA
"g1142",0,NA,NA,NA,NA,NA
"g1143",0,NA,NA,NA,NA,NA
"g1144",0,NA,NA,NA,NA,NA
"g1145",1391.67513347576,1.22884921375223,0.387334139554034,3.172581727929,0.00151090026895122,0.00867577117185746
"g1146",10030.2563692137,1.1740368449754,0.409688819076353,2.86567948723197,0.00416115308615822,0.0197605468830831
"g1147",4.2767847248633,5.63975958833982,2.44048070075413,2.3109216092539,0.0208371852277632,0.0664931834338177
"g1148",11868.8291630878,1.0062806188773,0.424683079718788,2.36948601659296,0.017812828658981,0.0591988534537278
"g1149",1777.07061246097,1.27341077859468,0.329738311544063,3.86188299634243,0.000112516452655771,0.00103909203282104
"g1150",30.5500592519394,4.99496750403863,0.952453181088439,5.24431814940291,1.56861329184049e-07,4.03012953442094e-06
"g1151",0.174649306542753,-0.807487900345844,4.0804728567969,-0.197890766262738,0.843130528772266,NA
"g1152",0,NA,NA,NA,NA,NA
"g1153",0,NA,NA,NA,NA,NA
"g1154",496.666527325654,-0.649626013272897,0.439765492362834,-1.47721006889944,0.139619335585693,0.268261887357363
"g1155",1685.1166217497,-0.400332876307758,0.467688802808997,-0.85598131471891,0.392008114947235,0.547064249550319
"g1156",412.142390354325,-1.22310516858975,0.610831304647301,-2.00236163288321,0.0452458517503669,0.117756736243812
"g1157",130.692726142362,-0.943037512108788,0.640403904201974,-1.47256677531336,0.140867889125788,0.269112726223145
"g1158",0.4713232864558,2.40017236107208,4.00912938875793,0.598676702179393,0.549388496226027,NA
"g1159",34.0815137345503,-2.06551873922466,0.916551315300402,-2.25357675532622,0.0242228070227028,0.0739977214535008
"g1160",11.1270034869371,-0.814879645593371,1.05887392341189,-0.769571926908614,0.441553862998937,0.591866065711694
"g1161",238.158146109368,-2.74292226665596,0.74250533417305,-3.69414486390301,0.000220628003417292,0.00184995196170817
"g1162",679.912601393104,0.824002051868124,0.337784922352805,2.43942816076166,0.0147105272394928,0.0511803760207353
"g1163",3585.05427300548,-1.03344035179283,0.515112147583146,-2.00624341056919,0.0448302843830993,0.116826904946334
"g1164",1371.1684250189,1.1810478799808,0.353639725329942,3.33969233484415,0.000838712509779401,0.00562397636547238
"g1165",1651.74368322974,-1.96715721765363,0.45366270118783,-4.33616696392056,1.44988829108438e-05,0.00018506854365179
"g1166",0,NA,NA,NA,NA,NA
"g1167",0,NA,NA,NA,NA,NA
"g1168",5.47422136012266,-1.43747350399335,1.42403352131227,-1.00943796791293,0.312764637275732,0.470202800525557
"g1169",0.288446423504808,-1.60235200175857,4.0474125936041,-0.39589539358816,0.692182199412767,NA
"g1170",0,NA,NA,NA,NA,NA
"g1171",10.0227545973539,-1.00462428519029,1.03518013337243,-0.970482578638178,0.331806004544795,0.489030122556105
"g1172",77.3927873872395,-1.95389143623151,0.588372384443034,-3.32084150768073,0.000897464864735869,0.00589678553747764
"g1173",1.22194671582975,3.8332826784789,3.64774983411263,1.05086227203171,0.293321850332123,NA
"g1174",834.157052562951,-1.45985777607986,0.620378313219522,-2.35317345073487,0.0186139491222797,0.0613800326517571
"g1175",300.674280504646,0.148168903811598,0.479332991596855,0.309114762407626,0.757234229970585,0.837009044049119
"g1176",0,NA,NA,NA,NA,NA
"g1177",0,NA,NA,NA,NA,NA
"g1178",2.16526850940844,1.36137086353677,3.17004241723439,0.429448784702529,0.667596657694563,0.780283096554798
"g1179",384.357529512395,-0.591798141701794,0.400550369738133,-1.47746247766215,0.139551709265046,0.268261887357363
"g1180",2081.61116596843,-0.713832746225949,0.358603941234501,-1.99058812284262,0.0465261870799105,0.120031270684466
"g1181",1034.66788268777,0.580884991872842,0.331721353394493,1.75112330252082,0.0799246730986599,0.177768085338196
"g1182",247.821792845814,1.60241278096203,0.712403210900966,2.2493059498363,0.0244930375461968,0.0743697685493611
"g1183",2826.44775050912,1.03957405378889,0.608976697266914,1.70708347044229,0.0878065389750022,0.191057876336487
"g1184",1.71723425640626,4.31439405314623,3.26913326169516,1.31973636673014,0.186923053619405,0.329168540820113
"g1185",0.431270232550356,2.35055464862069,4.01264666568427,0.585786600330994,0.558018929473669,NA
"g1186",24.6984760536572,1.63182599363165,1.09045678786714,1.49646094351285,0.134533578398638,0.262773188217223
"g1187",10.6044692829451,1.53145777403468,1.17871831949205,1.29925678485649,0.193855819709109,0.336061472921327
"g1188",239.531344581497,-0.456540292695947,0.426671681078461,-1.07000373575764,0.284617627176492,0.443180827398361
"g1189",76.3040896750073,-0.820845933248352,0.782385855878609,-1.04915742926686,0.294105668043235,0.450947022768663
"g1190",9494.71164410125,0.3577069714166,0.382335961527235,0.935582857515533,0.349488004111094,0.508002389988594
"g1191",1783.91147330156,-0.441234286412093,0.335014384238984,-1.31706072088336,0.187818271898352,0.329586529671013
"g1192",1886.10009533115,0.303641296481098,0.350744338250094,0.865705482221041,0.386651692862423,0.542232325049892
"g1193",0.782801028943415,3.16753474551036,3.96734536243863,0.798401564809409,0.424637495497614,NA
"g1194",390.378506906127,-0.386067406230055,0.400246385176158,-0.964574373507804,0.334758040135899,0.491692069972856
"g1195",989.237705783804,1.56872023486788,0.445445207561545,3.5216906776377,0.000428804164647529,0.00315927774247665
"g1196",209.199348206368,-0.0838629052199188,0.464142999285204,-0.180683335414022,0.856616139903994,0.907324917741863
"g1197",54.291382420238,1.57651432989053,0.743418919986738,2.12062712893916,0.0339531932683992,0.0941109257397954
"g1198",0,NA,NA,NA,NA,NA
"g1199",0,NA,NA,NA,NA,NA
"g1200",4.16460227570503,1.90468322317738,2.7218601503212,0.699772625332205,0.484069313014559,0.630707821385585
"g1201",996.15149959522,-4.1203808391668,0.54310276446916,-7.58674252596403,3.28048033037472e-14,4.69577327290781e-12
"g1202",183.417896464344,-0.386749639073994,0.498394034083278,-0.775991710625835,0.43775388029868,0.588764279274198
"g1203",530.202204681669,-0.776083228643023,0.407748143430445,-1.90333969914301,0.0569962338642766,0.138617054203896
"g1204",0.598991230854518,2.81294716795631,3.9839969401915,0.706061578406007,0.480149843951647,NA
"g1205",0,NA,NA,NA,NA,NA
"g1206",7.09231543408952,-1.88621316771344,1.47169973405886,-1.28165625369203,0.199963257274389,0.342794155327523
"g1207",13.9061721593077,-2.6690395582366,1.24986055471091,-2.13546987156014,0.0327226486371949,0.0918434003766647
"g1208",1.23439531045905,2.70607772761739,3.77459835730264,0.716918058945793,0.473424658323385,NA
"g1209",7.48559643152847,2.86072281235535,1.36764016297051,2.09172185038927,0.0364634047179508,0.0992835095852899
"g1210",5087.72943920763,-2.21130447022068,0.574768787186707,-3.84729393717471,0.00011942965225848,0.00109787625287153
"g1211",6454.99812083269,-2.65325153163893,0.573949552317306,-4.62279571597625,3.78602526946147e-06,5.70465762406074e-05
"g1212",243.67175392866,-3.78037778396262,0.605611265672723,-6.24225142140201,4.31316906592915e-10,2.61926994185516e-08
"g1213",2759.74368424143,0.337897704620626,0.364157255087499,0.927889530964956,0.353464875494709,0.511334479314938
"g1214",20.7569778902572,2.79752844593306,1.0280660028506,2.72115646094331,0.00650539630020402,0.0275619750224289
"g1215",1.35969387595303,0.406902250626683,3.13436124714457,0.12981983203033,0.896708972003644,0.929645514689758
"g1216",1.78779037091691,0.0999201298498795,2.90736335398891,0.0343679539445211,0.972583737415853,0.984372631202712
"g1217",903.851831304178,0.714103381204794,0.444033560272705,1.60821938946737,0.107787138068932,0.222686004835195
"g1218",463.542522098755,2.35763088583917,0.623723450734166,3.77992984401031,0.000156872554034534,0.0013816730280662
"g1219",699.951658884781,0.480199623581726,0.546641993635929,0.878453593343114,0.37969761118455,0.535881797886261
"g1220",42.0606500452804,1.98238020470896,0.735436420973728,2.69551540850297,0.00702798272151775,0.0292200775392564
"g1221",2477.91102211653,0.10004141116968,0.421770451944364,0.237193977692105,0.812506308130827,0.873531460029065
"g1222",5275.68758588844,-1.78305118710332,0.702479438538983,-2.5382254472981,0.0111416185332926,0.0416616017868889
"g1223",0,NA,NA,NA,NA,NA
"g1224",0.143756744183452,1.11606545129665,4.0804728567969,0.273513754524209,0.784458320715326,NA
"g1225",2.71565601135444,4.97541712045908,2.33292953188264,2.13269070173928,0.032950107180096,0.0920948602355821
"g1226",6.18605110257008,3.01603594620421,1.66841491186181,1.80772535941828,0.0706492556682632,0.16264491908212
"g1227",3854.45991589948,-0.215642119342772,0.328412988339473,-0.656618730072478,0.511426102428981,0.653217278054606
"g1228",2126.47951596123,-2.0002814867507,0.501468826688886,-3.98884512913438,6.63957498642205e-05,0.000678862666979071
"g1229",5.53657247269074,3.08593414583988,2.19614627097284,1.40515874858959,0.159974077682772,0.294929210373758
"g1230",4.97351327536026,-0.957537155114671,1.40770378778841,-0.680212103868115,0.496370169432166,0.64129341644435
"g1231",4280.1560047571,-0.430955141998059,0.493939395663589,-0.872485867257231,0.382943374793686,0.538539314446699
"g1232",403.858402027651,-0.562874558236965,0.553389536266509,-1.01713986504777,0.309086898210181,0.466072343125058
"g1233",0.751542153552369,-2.97077118357635,3.96186142367445,-0.749842275104385,0.453349704112248,NA
"g1234",815.21528619894,1.32338283192604,0.46207415598163,2.86400530043634,0.00418321011566438,0.0198183287749206
"g1235",0,NA,NA,NA,NA,NA
"g1236",1406.59406550621,1.32024369729278,0.351865939423829,3.75212133193297,0.000175344560926807,0.00151951264223685
"g1237",141.929021848171,1.08273212451213,0.439217172100148,2.46514069414674,0.0136959461079605,0.0484807107553326
"g1238",3358.34750604222,0.881217370338144,0.333220503530455,2.64454726225334,0.00818002822689478,0.0326967310979527
"g1239",963.18348586037,0.604767315551824,0.524790649478435,1.15239727718639,0.249157859358898,0.400116932354112
"g1240",55.8854621038337,0.591513599987568,0.563205019995188,1.05026336589227,0.293597043263694,0.450821706082389
"g1241",0,NA,NA,NA,NA,NA
"g1242",114.402297662705,4.99673448492992,0.838777595286719,5.95716255775989,2.56654923843482e-09,1.22461063662461e-07
"g1243",2.11115287927801,-2.56211241694184,3.21734274375611,-0.796344257046946,0.425831968421503,0.578554077774028
"g1244",0,NA,NA,NA,NA,NA
"g1245",0,NA,NA,NA,NA,NA
"g1246",1669.7836586222,-0.897209483946134,0.377463854180457,-2.37694145812753,0.0174568584282724,0.0583059071504297
"g1247",548.383180211002,-0.398454570286955,0.348422024725506,-1.14359753979636,0.252790582439816,0.404887152684809
"g1248",2006.21307227496,-0.650305066378981,0.37930542290375,-1.71446287638234,0.0864437494326863,0.189740716169883
"g1249",310.611610721645,-0.38004233070304,0.590974069511512,-0.643077844375094,0.520173589912488,0.659764477332041
"g1250",6686.48029261039,0.710511629295979,0.476308073851409,1.49170603712595,0.135776225767527,0.263914215749879
"g1251",0,NA,NA,NA,NA,NA
"g1252",0.934433227462843,3.44590313768905,3.95680839288598,0.870879455240874,0.383819975593458,NA
"g1253",0,NA,NA,NA,NA,NA
"g1254",1057.08488884498,-0.0981709196064143,0.333945328460589,-0.293973028636034,0.768778513246487,0.842335779412772
"g1255",3.4142730403034,5.31199939751461,2.7590029159613,1.92533301316349,0.0541877100645556,0.133569705989384
"g1256",0,NA,NA,NA,NA,NA
"g1257",1.72508093020142,4.3294251356126,3.85561352997498,1.12288877034849,0.261484737408782,0.416546433837202
"g1258",110.678054253727,1.23049167498129,0.504305170820128,2.43997433732475,0.0146883053033466,0.0511803760207353
"g1259",111.041665199428,0.92039592688041,0.44333990335635,2.07605027183987,0.0378893017083531,0.101919678689315
"g1260",31.5951739707113,0.133517879187097,0.683490893864496,0.195346975922648,0.845121323911768,0.899906021848662
"g1261",1359.13109919164,-0.345107639634259,0.404013788702205,-0.854197676625922,0.39299547031083,0.54751451348907
"g1262",871.782586024447,0.662557460002173,0.386766436308758,1.71306865798781,0.0866999092403545,0.190094768181259
"g1263",734.319751248845,0.931710289881383,0.545450242301248,1.7081490072321,0.0876086974942914,0.190834597585391
"g1264",32.2997166639765,1.65701280719035,0.843236695654627,1.96506249755173,0.0494070044854131,0.124985868383803
"g1265",24.6214496007427,1.65850686383398,0.749341755459146,2.21328499546613,0.026878003414125,0.0794141438672013
"g1266",13.4856538552416,2.94917351658765,1.33721136795786,2.20546548380868,0.0274214472942088,0.080693950627892
"g1267",0,NA,NA,NA,NA,NA
"g1268",1.80019028495279,-2.19335824157921,2.83814244879366,-0.77281471284554,0.439632044795501,0.590893774493751
"g1269",545.911232507091,0.401766590662863,0.4325008230355,0.928938326274321,0.352921049197287,0.511334479314938
"g1270",5607.75071427572,0.816184967705741,0.386097309743832,2.1139359096992,0.0345207416577631,0.0954200914236652
"g1271",6.57764556658638,0.507007145747858,1.53463394043846,0.330376601473445,0.741115419224165,0.826354468224679
"g1272",3642.10183930159,-0.835473373252502,0.419736511770179,-1.9904710451064,0.0465390705198752,0.120031270684466
"g1273",1539.51992500801,-0.143327259979569,0.351071077115729,-0.408257100405686,0.683084931037797,0.790359238914403
"g1274",1216.22315419501,-0.311406928455822,0.512179098186201,-0.608003976653125,0.543184836436231,0.679914061348036
"g1275",3567.09159901428,-0.17677868121189,0.432402247331634,-0.408829237828425,0.682664981696709,0.790329649520627
"g1276",1.28373184054835,1.45163827593413,3.72497496275015,0.389704169947599,0.69675531266484,0.798340564082527
"g1277",0,NA,NA,NA,NA,NA
"g1278",0,NA,NA,NA,NA,NA
"g1279",0,NA,NA,NA,NA,NA
"g1280",0,NA,NA,NA,NA,NA
"g1281",708.573200507623,-1.61160659086744,0.42421972513402,-3.79899022931642,0.000145286819275013,0.00129979815101396
"g1282",4.46556052312469,-1.63288033903347,1.98869782229494,-0.821080166492638,0.411600606470062,0.565869007477787
"g1283",241.73322837282,1.71839053407807,0.607121059832256,2.83039190660402,0.00464910177271298,0.0211265305045733
"g1284",3483.42496362483,0.894638044101106,0.560105645013503,1.59726660865833,0.110206290654223,0.226284227941662
"g1285",1261.69979406482,0.0824174478048303,0.439828095374029,0.18738559148829,0.851358318840605,0.903469225016511
"g1286",0.622955484975229,2.86525150990414,3.98128264723281,0.719680505953434,0.471721731472327,NA
"g1287",0.431736700119308,0.86995431534822,4.04938489438323,0.214836163525701,0.829895056723956,NA
"g1288",91.4112546337047,0.375934848322108,0.53177046008865,0.706949476395205,0.479597875738278,0.627464341971882
"g1289",1723.3371861412,0.828897003527241,0.334128759630778,2.48077119863372,0.0131098493664846,0.0469827395414986
"g1290",2314.87076699917,1.01319227063812,0.342594872930888,2.95740640240847,0.00310238920640727,0.0156999696203035
"g1291",5071.7611785648,-1.85271484794177,0.653714625460352,-2.83413400248934,0.00459500594002705,0.021023725807795
"g1292",4.83051238069032,-1.09816417948332,1.58113144937409,-0.694543252503163,0.487341585910751,0.632943965110268
"g1293",0,NA,NA,NA,NA,NA
"g1294",4.60842923716183,1.47478925059552,1.65146515615908,0.893018690158462,0.371847163784307,0.528497671080675
"g1295",1071.81868920964,1.71502506204499,0.447313074170657,3.83405976949085,0.000126045492909457,0.00114674461246331
"g1296",5168.51066749254,0.232355540881366,0.401343384286589,0.578944489877143,0.562626629275804,0.696247676410368
"g1297",0.311477742487614,1.9096457584262,4.0448507323431,0.472117733086278,0.636842755642901,NA
"g1298",2104.44879139122,0.485134295404459,0.347606051706691,1.3956439855478,0.162821729910783,0.298804713132975
"g1299",192.87727484648,-0.299289203158749,0.450985156944909,-0.663634265008214,0.506924421078127,0.650785739808179
"g1300",0.4713232864558,2.40017236107208,4.00912938875793,0.598676702179393,0.549388496226027,NA
"g1301",3.49506872382256,-0.604396926858721,2.39958673736197,-0.251875423983705,0.801137356109676,0.865021153902905
"g1302",37.9634989037419,3.6860491291108,0.840991715622065,4.38297911934163,1.17067337190333e-05,0.000152339573850278
"g1303",702.174334919924,1.08649290157781,0.433948250700253,2.50373840619143,0.0122888856618775,0.0448577902848862
"g1304",68.1908189697507,0.673960729316854,1.20088516298692,0.561219965146822,0.574647594135229,0.707367185901105
"g1305",6.25678150054492,1.05175810932009,1.46377696787465,0.718523472088238,0.472434580589898,0.621640774459721
"g1306",64.3566349103991,-0.594997903418534,0.579911657216806,-1.02601473175092,0.304884640133648,0.463501048173853
"g1307",100.628553295,-0.708401729235636,0.659721246417813,-1.07378947257217,0.282917049324529,0.441562123712116
"g1308",10.953833226004,0.0885495407952235,1.27846459268886,0.0692624115690105,0.944780745077162,0.964933885279109
"g1309",19.5481830946836,0.653212808398041,1.15052798351175,0.567750474355471,0.57020441307432,0.703339161450248
"g1310",144.408814776899,-0.449924672127228,0.553706457494572,-0.812568945218846,0.416465242544733,0.570859333830126
"g1311",89.7665187483157,-0.63820861037874,0.52205665787881,-1.22248916999138,0.221522696908158,0.369942903836623
"g1312",0.622955484975229,2.86525150990414,3.98128264723281,0.719680505953434,0.471721731472327,NA
"g1313",2153.36871001043,-0.261132723986606,0.402977148679073,-0.648008763877998,0.516979281963095,0.656699010159233
"g1314",5194.35197958609,-0.0426934774150743,0.344090547291958,-0.124076286753815,0.90125487348531,0.933392644167731
"g1315",10.9590761059257,5.13804437651774,1.48950161473462,3.44950574453266,0.000561613781560648,0.00394903164297382
"g1316",18.4617520955931,-3.91395643798329,1.05939638113629,-3.69451558234061,0.000220306383989207,0.00184995196170817
"g1317",638.236152978747,0.706660765030257,0.532402102239465,1.32730648894473,0.184407318212289,0.325883832184681
"g1318",2138.84526045939,-0.0792126182977658,0.372177900982442,-0.212835362036992,0.831455380683534,0.890186662843573
"g1319",1098.94197453452,-0.223328002250746,0.372812142157523,-0.599036289318025,0.549148685342157,0.684812672946909
"g1320",2.28061671641326,2.70212917241778,2.64094683577202,1.02316681873979,0.306228978518775,0.464911267387594
"g1321",144.046961946045,-0.943247464695509,0.489801285439728,-1.92577580487297,0.0541323738119539,0.133569705989384
"g1322",1169.38648525305,0.333153588317209,0.379984208193818,0.876756404959013,0.380618962691765,0.536069667457045
"g1323",266.844709331873,-0.599759518263031,0.45651324934084,-1.31378337677827,0.188919113259567,0.330938726374276
"g1324",52.1357386742532,-0.0405155868262618,0.617522473065695,-0.0656098985760337,0.947688408172185,0.966497491082473
"g1325",33.9992788158373,0.886525766628933,0.728195174871098,1.2174287845094,0.223441116807034,0.371876612441186
"g1326",0.287513488366904,1.83172876717451,4.04938526566357,0.452347368057693,0.651018756811876,NA
"g1327",25.6850697206321,-1.86459219937011,0.754416701908746,-2.47156802686435,0.0134521954762204,0.0479683269294408
"g1328",34.5486197991721,-0.978160785735255,0.708465740162984,-1.38067478818415,0.167378976582179,0.303813498871032
"g1329",2410.16883356577,-1.00669020909528,0.4637632103057,-2.17069872453163,0.0299539536818231,0.0861229887781543
"g1330",2606.70879745549,0.406320373679529,0.388522102060141,1.04581019078455,0.295648675180362,0.452658450704726
"g1331",154.370691707023,0.803778913477552,0.460728164717062,1.74458384581537,0.0810573347878876,0.18008747108085
"g1332",113.159841766802,0.264351926929397,0.549284467812329,0.481265978596206,0.630327473584772,0.752793308888738
"g1333",779.362194490134,-1.22440959952805,0.45735077025844,-2.67717839162304,0.00742450926401036,0.0303681226672888
"g1334",1181.69343904399,-0.463464992916791,0.384337324717949,-1.20588078000728,0.227863462452493,0.375340403866248
"g1335",55.9281695269373,5.24724598601189,0.779466100506793,6.73184630171887,1.67523555051790e-11,1.39882168468245e-09
"g1336",160.947018987531,0.617633775541493,0.430482819817802,1.4347466312428,0.151359310873255,0.283480428962621
"g1337",2375.59750081167,0.44710350098986,0.544640933587315,0.820914245363421,0.411695116218869,0.565869007477787
"g1338",33.7366858318649,-1.37076051540585,0.657541582087808,-2.08467502702027,0.0370988089925276,0.100212051442773
"g1339",0.431270232550356,2.35055464862069,4.01264666568427,0.585786600330994,0.558018929473669,NA
"g1340",4517.3629947318,1.29418761139066,0.43576130905149,2.96994612534024,0.00297851979675743,0.0152658661705931
"g1341",3798.28156307186,1.33145206691009,0.392821924985435,3.38945456509194,0.000700318132507204,0.00487304700536263
"g1342",3.0131743368019,1.20435930183291,2.16277042864426,0.556859519569011,0.577623414145837,0.710157866225924
"g1343",415.87825804032,-0.437791787955774,0.375753243750961,-1.16510448076379,0.243976703362245,0.394625516293717
"g1344",71.0505753779413,-0.989311305406274,0.51307976743744,-1.92818225974366,0.0538324599993557,0.133021269838112
"g1345",2172.92550343917,-0.572347131544473,0.324012249464117,-1.76643670876974,0.0773226110758617,0.173521290701038
"g1346",1185.94760620984,0.0860314766152122,0.449573077703957,0.191362607953726,0.848241513202135,0.902269635062144
"g1347",319.109209923566,-1.54439199730209,0.474827005354272,-3.25253614450552,0.00114380047669797,0.00721326054789302
"g1348",982.830420195893,-0.653685002327108,0.387047183385835,-1.68890262062822,0.0912380929887294,0.195552019625041
"g1349",716.500391613718,-1.40394420213322,0.547433090046945,-2.56459506679222,0.0103296277661723,0.0392800266478353
"g1350",484.075824685432,-1.49346046741038,0.552533848198372,-2.7029302770863,0.00687311619900047,0.0287551667281773
"g1351",372.872256825699,-1.08374661043436,0.41285719615947,-2.62499145107731,0.00866511428455577,0.0343179625024699
"g1352",758.423875918087,-0.239651039900147,0.354259579293246,-0.676484289791838,0.49873321721684,0.643154033013223
"g1353",645.728366928895,0.08749134938986,0.466612533588744,0.187503213248386,0.851266104560722,0.903469225016511
"g1354",490.339724838084,-0.28209564631472,0.43460514719618,-0.649084917964357,0.516283489764605,0.656699010159233
"g1355",8.28833785615353,-1.61031993436385,1.67453053284291,-0.961654566925069,0.33622315149931,0.492537423687585
"g1356",1.5263245195753,-3.99179781163677,2.8542062745048,-1.39856668640018,0.16194296207168,0.297737335772153
"g1357",546.536281368118,1.38062928731831,0.470129104534587,2.93670243769548,0.00331722232131136,0.0164955670766947
"g1358",101.38640098999,3.45968334313634,0.589171679916093,5.8721141240683,4.30272362935861e-09,1.91614625627437e-07
"g1359",0,NA,NA,NA,NA,NA
"g1360",310.419808317483,5.14036451650051,0.60295197744512,8.52532989158058,1.52374918544715e-17,5.08932227939347e-15
"g1361",553.984159316735,1.17848379796513,0.472015434627055,2.4967060640639,0.0125352814027856,0.0455911142126723
"g1362",2704.04956480037,-0.008223644440023,0.356993637854003,-0.0230358291241766,0.981621693017234,0.990763473106737
"g1363",913.419527939091,-0.0667871187407703,0.423631920971369,-0.157653650337846,0.874729725300081,0.916819230910754
"g1364",0,NA,NA,NA,NA,NA
"g1365",0,NA,NA,NA,NA,NA
"g1366",0.728862796252209,-2.92965607550725,3.96344221804236,-0.739169619320016,0.45980400630837,NA
"g1367",114.427390182688,-1.87565078724923,0.600121100392267,-3.12545382260883,0.00177530940449273,0.0099100836952742
"g1368",1078.20908952031,-0.268763117719046,0.465467005737498,-0.577405303504189,0.56366569235697,0.696845186602941
"g1369",2017.68372094914,-0.233611325266057,0.374779581297221,-0.623329916900649,0.533067742023443,0.669760347971774
"g1370",12707.2548024303,0.688013962773079,0.406575423773132,1.69221729239835,0.0906045506067515,0.195186314009229
"g1371",579.486019323651,3.76148787001322,0.412947763114539,9.1088709178209,8.32437493399303e-20,6.70636641067648e-17
"g1372",0,NA,NA,NA,NA,NA
"g1373",0,NA,NA,NA,NA,NA
"g1374",0,NA,NA,NA,NA,NA
"g1375",0,NA,NA,NA,NA,NA
"g1376",0,NA,NA,NA,NA,NA
"g1377",0,NA,NA,NA,NA,NA
"g1378",0,NA,NA,NA,NA,NA
"g1379",0,NA,NA,NA,NA,NA
"g1380",0,NA,NA,NA,NA,NA
"g1381",0,NA,NA,NA,NA,NA
"g1382",0,NA,NA,NA,NA,NA
"g1383",0,NA,NA,NA,NA,NA
"g1384",0,NA,NA,NA,NA,NA
"g1385",0,NA,NA,NA,NA,NA
"g1386",0,NA,NA,NA,NA,NA
"g1387",0,NA,NA,NA,NA,NA
"g1388",0,NA,NA,NA,NA,NA
"g1389",0,NA,NA,NA,NA,NA
"g1390",22.9110993549339,-0.474212461790944,0.900794276169963,-0.52643813835854,0.598583822951817,0.726962249369833
"g1391",1.41738094708827,0.0746248289744229,3.59920713549009,0.0207336855494041,0.983458097608007,0.990874825342607
"g1392",5.18631250254836,2.2988633063981,1.80652763794347,1.27253148975628,0.203184343007087,0.347424422684472
"g1393",6.85236158482365,-1.28615730009595,1.50705350409511,-0.85342510839932,0.393423602507116,0.54751451348907
"g1394",0,NA,NA,NA,NA,NA
"g1395",0,NA,NA,NA,NA,NA
"g1396",0,NA,NA,NA,NA,NA
"g1397",0,NA,NA,NA,NA,NA
"g1398",0,NA,NA,NA,NA,NA
"g1399",0,NA,NA,NA,NA,NA
"g1400",0,NA,NA,NA,NA,NA
"g1401",0.622955484975229,2.86525150990414,3.98128264723281,0.719680505953434,0.471721731472327,NA
"g1402",0,NA,NA,NA,NA,NA
"g1403",0,NA,NA,NA,NA,NA
"g1404",0,NA,NA,NA,NA,NA
"g1405",0,NA,NA,NA,NA,NA
"g1406",0.288446423504808,-1.60235200175857,4.0474125936041,-0.39589539358816,0.692182199412767,NA
"g1407",2.96725189908109,5.10231809793788,2.74766818030753,1.85696298210463,0.0633164208670055,0.149983578507658
"g1408",0.144223211752404,-0.807487900345844,4.0804728567969,-0.197890766262738,0.843130528772266,NA
"g1409",0,NA,NA,NA,NA,NA
"g1410",0,NA,NA,NA,NA,NA
"g1411",0,NA,NA,NA,NA,NA
"g1412",0,NA,NA,NA,NA,NA
"g1413",0,NA,NA,NA,NA,NA
"g1414",0,NA,NA,NA,NA,NA
"g1415",0,NA,NA,NA,NA,NA
"g1416",0,NA,NA,NA,NA,NA
"g1417",0,NA,NA,NA,NA,NA
"g1418",0,NA,NA,NA,NA,NA
"g1419",0,NA,NA,NA,NA,NA
"g1420",0,NA,NA,NA,NA,NA
"g1421",0,NA,NA,NA,NA,NA
"g1422",0.698597226171011,-2.85197473094692,3.96655278250562,-0.719005869158098,0.472137303434116,NA
"g1423",0,NA,NA,NA,NA,NA
"g1424",0,NA,NA,NA,NA,NA
"g1425",0,NA,NA,NA,NA,NA
"g1426",0,NA,NA,NA,NA,NA
"g1427",0.4713232864558,2.40017236107208,4.00912938875793,0.598676702179393,0.549388496226027,NA
"g1428",0,NA,NA,NA,NA,NA
"g1429",0,NA,NA,NA,NA,NA
"g1430",4669.40221145127,0.184820579305631,0.401665706816485,0.460135321908555,0.645419092085763,0.763530023931445
"g1431",5284.56383883885,0.321184941208173,0.333254858814378,0.963781720545212,0.33515537304537,0.491692069972856
"g1432",5608.02589127412,-0.0532092456234482,0.35620659506779,-0.149377485875358,0.881255776069766,0.920700417256774
"g1433",0.911819695455554,-3.24881967502843,3.95226173741988,-0.822015314489098,0.411068180911169,NA
"g1434",1.00956248226683,-3.39868953589608,3.94779718208572,-0.86090783774775,0.389288804578279,NA
"g1435",0.598991230854518,2.81294716795631,3.9839969401915,0.706061578406007,0.480149843951647,NA
"g1436",0.615417640972799,0.0877312900210893,4.00532644017451,0.0219036553777791,0.982524808905847,NA
"g1437",4.56223810058266,-0.790347964097711,1.35478642214544,-0.583374583018122,0.559641164282718,0.694010453726836
"g1438",3.14061903636376,0.676957944948505,1.68400577276009,0.40199265103407,0.687689434752814,0.792483971963565
"g1439",0,NA,NA,NA,NA,NA
"g1440",0,NA,NA,NA,NA,NA
"g1441",56.9031658916956,0.0275492284547825,0.579870941264424,0.0475092412713606,0.962107365184598,0.977224105337017
"g1442",0,NA,NA,NA,NA,NA
"g1443",0,NA,NA,NA,NA,NA
"g1444",0,NA,NA,NA,NA,NA
"g1445",0,NA,NA,NA,NA,NA
"g1446",0,NA,NA,NA,NA,NA
"g1447",0,NA,NA,NA,NA,NA
"g1448",0,NA,NA,NA,NA,NA
"g1449",0,NA,NA,NA,NA,NA
"g1450",0,NA,NA,NA,NA,NA
"g1451",0,NA,NA,NA,NA,NA
"g1452",0,NA,NA,NA,NA,NA
"g1453",0,NA,NA,NA,NA,NA
"g1454",0,NA,NA,NA,NA,NA
"g1455",0,NA,NA,NA,NA,NA
"g1456",0,NA,NA,NA,NA,NA
"g1457",0,NA,NA,NA,NA,NA
"g1458",0,NA,NA,NA,NA,NA
"g1459",0,NA,NA,NA,NA,NA
"g1460",0,NA,NA,NA,NA,NA
"g1461",0,NA,NA,NA,NA,NA
"g1462",0,NA,NA,NA,NA,NA
"g1463",0,NA,NA,NA,NA,NA
"g1464",0,NA,NA,NA,NA,NA
"g1465",0.287513488366904,1.83172876717451,4.04938526566357,0.452347368057693,0.651018756811876,NA
"g1466",0,NA,NA,NA,NA,NA
"g1467",0,NA,NA,NA,NA,NA
"g1468",0,NA,NA,NA,NA,NA
"g1469",0,NA,NA,NA,NA,NA
"g1470",0,NA,NA,NA,NA,NA
"g1471",0,NA,NA,NA,NA,NA
"g1472",0,NA,NA,NA,NA,NA
"g1473",0,NA,NA,NA,NA,NA
"g1474",0.311477742487614,1.9096457584262,4.0448507323431,0.472117733086278,0.636842755642901,NA
"g1475",15.1125469906968,2.91778049140048,1.17640425392777,2.48025326469077,0.0131289092531134,0.0469827395414986
"g1476",0,NA,NA,NA,NA,NA
"g1477",0,NA,NA,NA,NA,NA
"g1478",0.4713232864558,2.40017236107208,4.00912938875793,0.598676702179393,0.549388496226027,NA
"g1479",2295.57992634932,-0.916204406710399,0.42393302170027,-2.16120084969029,0.0306798278179038,0.0878319642101131
"g1480",125.375760504499,0.971662027342551,0.67569151418366,1.43802609170913,0.150426651142434,0.282254025657377
"g1481",1689.71849809379,0.045507093355999,0.339982659324497,0.133851218901623,0.893520224739118,0.928528914263937
"g1482",2589.28532934209,-1.14669976298412,0.605172451925955,-1.89483139778547,0.0581147421014251,0.140847424834261
"g1483",0.706984929683701,3.00051665291404,3.97469238847626,0.754905376228202,0.450305759746997,NA
"g1484",0.143756744183452,1.11606545129665,4.0804728567969,0.273513754524209,0.784458320715326,NA
"g1485",916.190737796431,0.999050415173717,0.335356463947209,2.97907010174995,0.00289124623207819,0.0150886912736581
"g1486",8.70085764806703,-0.975570707511169,1.48739066577437,-0.655894063314741,0.511892288249201,0.653396271115541
"g1487",6.17271571303248,4.11100658264067,1.95608213670906,2.10165335365573,0.0355836525098149,0.0978096675876439
"g1488",492.716216805276,-0.340821822061707,0.367601934327914,-0.927149153022906,0.353849098592455,0.511334479314938
"g1489",1988.41393861519,-0.992452099209744,0.53639630590246,-1.85022172652735,0.0642815987562976,0.151375233733984
"g1490",42.8413319719181,-1.29215303703983,0.725065229974864,-1.78211970953928,0.0747297123445267,0.169027475777011
"g1491",1737.01648210904,0.378049442848028,0.316421011539427,1.19476719010779,0.23217800263326,0.380232423129097
"g1492",799.399054719893,-1.08090449042264,0.369524638708761,-2.92512156753517,0.0034432168358462,0.0169538244202353
"g1493",430.611848922824,-1.91551997452646,0.418992802627784,-4.57172524805426,4.83724932714795e-06,7.12782915559153e-05
"g1494",29.7987068938434,1.31294781458004,0.674373578052563,1.94691467357238,0.0515449651499148,0.128834559481357
"g1495",1038.11526338815,-0.791597301740604,0.437336188096552,-1.81004299046445,0.0702891206474754,0.162467586825306
"g1496",2458.69418005238,1.10475035575561,0.362806157983346,3.04501544818409,0.00232668358683932,0.0126703095326794
"g1497",248.202738447279,1.1765907517272,0.422791893959827,2.7829075451456,0.0053874155877341,0.0237805745326412
"g1498",2022.46209829388,-1.11666833240599,0.42390695695638,-2.63422978576144,0.00843283961352584,0.0335972377445443
"g1499",1755.78307346187,-0.595170444183281,0.319225471277851,-1.86442028513837,0.0622627064097047,0.14801241239033
"g1500",608.009967005439,0.444386728181475,0.358037220881703,1.2411746663856,0.21454123130886,0.3615985092876
"g1501",416.640034012414,0.454765089429628,0.347097913728952,1.31019251756365,0.190130716358078,0.331611797721139
"g1502",566.943464913944,-0.524815760182258,0.351321716521972,-1.49383239208168,0.135219432833219,0.263342802135833
"g1503",4.36799149854042,1.31593740965623,1.6764656360097,0.784947440251984,0.432484385621988,0.585211822273102
"g1504",1785.89489818378,0.759622167951867,0.335770477095365,2.26232566520766,0.0236772898579932,0.0731113850160528
"g1505",235.926637212267,0.621699628980981,0.421010090684177,1.47668581522753,0.139759876228976,0.268274704945275
"g1506",153.742947405715,-1.40238745892373,0.580800455608136,-2.4145770640888,0.0157534900539809,0.054150933221574
"g1507",0,NA,NA,NA,NA,NA
"g1508",492.283016529793,0.0969724135814845,0.367779998142575,0.26366962333795,0.792034504482973,0.858894560056211
"g1509",0,NA,NA,NA,NA,NA
"g1510",301.869292100555,0.118290681730811,0.403663448064164,0.293042836298638,0.769489409526663,0.842653976334116
"g1511",203.633125078879,-0.18750516899163,0.491125576195232,-0.381786610349718,0.702619651222091,0.801850672579198
"g1512",65.3624502194437,0.6559017067792,0.561745278275229,1.16761409867666,0.242962460626202,0.394212351597238
"g1513",174.049937786386,-1.36384381309838,0.464673436258056,-2.93505870290587,0.00333484591202529,0.0165421564546997
"g1514",2400.59653030308,-1.03335927748545,0.32570190954762,-3.17271482663618,0.00151020783947075,0.00867577117185746
"g1515",497.822036647757,-0.889778068793765,0.457189483852524,-1.94619102192819,0.0516317979851126,0.128854449766084
"g1516",4042.08901089716,-1.76404351703627,0.447776552840828,-3.93956205577235,8.16304858007398e-05,0.00079775963906509
"g1517",0,NA,NA,NA,NA,NA
"g1518",912.97253206751,0.588197720254529,0.411188181451729,1.43048304106858,0.152578429766694,0.285496893793141
"g1519",1886.48971019723,-0.0116436598750754,0.310047476015017,-0.0375544417414042,0.970042932499349,0.982793749610058
"g1520",1.37861852221146,1.90936836074942,3.63563882808463,0.525180979474614,0.599457386041688,0.727186804859287
"g1521",3.73522018566459,-3.44488950774821,1.99688427155833,-1.72513227572266,0.0845036371459291,0.186298447569243
"g1522",666.216755085741,-4.87442784965627,0.715266682584919,-6.814839791,9.43688719793623e-12,8.9767096553943e-10
"g1523",1185.76290169661,-0.295034452481677,0.340637527505172,-0.866124336453791,0.386421980645063,0.542232325049892
"g1524",1607.15311545174,1.44247830953261,0.449825990905583,3.20674736163785,0.00134244834751669,0.00800674550126025
"g1525",737.031543597289,1.09904028458322,0.343375936185152,3.20069104665101,0.00137098448430852,0.008128558895131
"g1526",617.284005942203,-0.986756885010868,0.383881693589766,-2.57047132355669,0.0101560234659883,0.0388409752401538
"g1527",199.64046540002,0.395991627201326,0.450968737474559,0.878091083250899,0.379894291532271,0.535881797886261
"g1528",141102.935688946,0.986330155730307,0.421454433615197,2.34030081797849,0.0192682131762384,0.062684251956464
"g1529",5.45945404277114,1.58510900352809,1.6222561826255,0.977101533348883,0.328518888732273,0.487601152556107
"g1530",1.17401820758833,3.77807730159778,3.69531236172568,1.02239727843561,0.306592908109938,NA
"g1531",0,NA,NA,NA,NA,NA
"g1532",163.687549146587,0.392436411452071,0.418988590449587,0.936627918748276,0.348949985715845,0.507840066357701
"g1533",369.409154779496,-1.08938796230977,0.483264832792579,-2.25422560962003,0.0241819784710743,0.0739857784061572
"g1534",89.0727739674769,-1.07275528768502,0.543323794095544,-1.97443089984822,0.0483327674023027,0.123230109254726
"g1535",983.136020574558,-1.71288137418415,0.514590960857037,-3.32862701538984,0.000872751989248434,0.00578961687317029
"g1536",197.30024493256,-1.14254754463384,0.473601281628631,-2.41246717218504,0.0158449642598694,0.0542791596184246
"g1537",310.843480519994,0.306934354604536,0.447588699639216,0.685750902227746,0.492870201965402,0.638072847335328
"g1538",331.875181395849,0.205514465107802,0.388811026575435,0.528571596638939,0.597102668102962,0.7259816839214
"g1539",0.431270232550356,2.35055464862069,4.01264666568427,0.585786600330994,0.558018929473669,NA
"g1540",3527.52482259203,0.799944678842046,0.379470338636307,2.10805588051174,0.0350261561132921,0.0966837697672691
"g1541",528.531574473488,0.529574279704699,0.453720474332269,1.16718179950786,0.243136959368356,0.394212351597238
"g1542",23.0819510246979,-0.806708360603002,0.971649587370589,-0.830246182459728,0.406399609031015,0.561672287240106
"g1543",56.660874923027,-0.249588565622734,0.684708734436388,-0.36451786441454,0.715471336211389,0.809601670111588
"g1544",1349.24139605734,-0.434393407600647,0.436168241951297,-0.995930849200047,0.319283745134742,0.477636305120244
"g1545",4.49849564803467,0.476600282978606,1.64517221656796,0.289696287220832,0.772048596957903,0.843612534516705
"g1546",907.887633799211,0.469626601905345,0.378977440938624,1.23919408169048,0.215273631793972,0.362223642414038
"g1547",754.97020977913,-0.652084855191398,0.397860354861413,-1.63897922279424,0.101217586897942,0.212397951982698
"g1548",442.787448886025,-2.09845503342053,0.462407803090807,-4.53810471924159,5.67620731190659e-06,8.2428401833774e-05
"g1549",218.380777438211,-0.541737186165191,0.394042084998313,-1.37482062650113,0.169187061745592,0.305768584823332
"g1550",1655.09922147845,-0.560230071265617,0.420061440978801,-1.33368601974084,0.182306778402921,0.322929612080569
"g1551",254.781421628428,0.952514307643465,0.397090735454209,2.39873213499665,0.0164519448012092,0.0556920563878771
"g1552",0.478589205027937,-2.31391822899795,3.99326929458256,-0.579454591789517,0.562282477379121,NA
"g1553",5571.32567754252,0.769892997060512,0.541945723107149,1.42060904668916,0.155430447012283,0.289700995897839
"g1554",0.698597226171011,-2.85197473094692,3.96655278250562,-0.719005869158098,0.472137303434116,NA
"g1555",826.352901072172,2.45794221608884,0.486649599994522,5.05074331945718,4.40094120399306e-07,9.4833184653786e-06
"g1556",492.946215432342,-1.43292539763661,0.458162652271434,-3.1275473688931,0.00176271412681758,0.00986726008419672
"g1557",0,NA,NA,NA,NA,NA
"g1558",0,NA,NA,NA,NA,NA
"g1559",0.463447691730207,0.947871241785628,4.04485038233297,0.234340248016521,0.814720842264493,NA
"g1560",3.2992630051906,5.24454413342557,3.20576285224457,1.63597383061368,0.101845064477237,0.213491118422995
"g1561",0,NA,NA,NA,NA,NA
"g1562",0,NA,NA,NA,NA,NA
"g1563",686.875755580718,0.586289606126499,0.43532566120065,1.34678393299739,0.178049830848122,0.318014136381137
"g1564",958.236270548564,-0.326739629924281,0.490672830752683,-0.665901206355911,0.505474249389124,0.649756507874152
"g1565",950.094707331161,0.18549397806627,0.62238384110507,0.298037908145104,0.765674231080913,0.840437696258607
"g1566",70.6544757354228,1.27155817626799,0.528936597371983,2.4039897836257,0.0162172264978508,0.0550835964435476
"g1567",51.7064637896589,-0.267440805844753,0.600265573830765,-0.445537471252938,0.655931386728626,0.770704370816006
"g1568",0,NA,NA,NA,NA,NA
"g1569",1327.74437526851,-1.67310849508308,0.385722728152363,-4.33759375056113,1.44051096349152e-05,0.000185050254540833
"g1570",280.027609848059,0.674015822856467,0.946624173801475,0.712020505613901,0.476452078230096,0.624466948837876
"g1571",1799.81415868333,1.17224402512842,0.51937782368312,2.25701593652104,0.0240070789796314,0.0737886292564129
"g1572",1.56393649668544,-4.02463661465593,3.33804830828488,-1.20568555124471,0.227938758236139,0.375340403866248
"g1573",1060.55059040958,0.838233913958778,0.473711628285542,1.7695025072374,0.0768100527360295,0.172952073801127
"g1574",613.903712515997,2.60772745622675,0.528628778999828,4.93300319585439,8.0974829718537e-07,1.62273558755948e-05
"g1575",70.7562590129886,1.40421536233291,0.749364537578371,1.87387485251269,0.0609476762993662,0.146449812115024
"g1576",453.838548907173,-0.729798381430082,0.555026320341182,-1.31488968123434,0.188546981177846,0.330575809519163
"g1577",418.75307618089,-0.746661495375143,0.543321315112772,-1.37425400882748,0.169362838899151,0.305768584823332
"g1578",254.374938901891,1.54135550603477,0.382294805322505,4.03185051058823,5.5339384789918e-05,0.000586773159359765
"g1579",1625.44197545722,0.942935287406135,0.373795032212341,2.52259983720298,0.0116490877550261,0.0430715347990265
"g1580",440.436771007611,-1.33380178997315,0.489923599297033,-2.72246895615348,0.00647961209141303,0.0275108954050672
"g1581",4.45208706137373,0.129485930533928,2.05064891979471,0.0631438805950708,0.949651932331815,0.968007361339246
"g1582",605.020622240321,-2.20296049355315,0.61037422653985,-3.60919645320135,0.000307146946262262,0.00244254952503799
"g1583",0.144223211752404,-0.807487900345844,4.0804728567969,-0.197890766262738,0.843130528772266,NA
"g1584",3426.27378195528,0.488470978824058,0.421294301112109,1.1594530890511,0.246271547581849,0.396726833885873
"g1585",0,NA,NA,NA,NA,NA
"g1586",14.2564880999,-3.77587478037158,1.17183122760298,-3.22220016963983,0.00127210229143621,0.00772513027890355
"g1587",319.864875702472,-2.1494028464556,0.603748676947533,-3.56009533192301,0.000370720186927747,0.0028331217874564
"g1588",557.875499281211,-3.40096471046581,0.552957661447502,-6.15049749299602,7.724027961946e-10,4.55171289911692e-08
"g1589",1.70769324086889,-3.0627422798871,2.9046929759078,-1.05441170729237,0.291694464574875,0.449403471104828
"g1590",38.1690435301672,-0.635705855420113,0.835888120163718,-0.760515480583218,0.446946519393383,0.596170687739145
"g1591",31.5796886630853,1.08215597451565,0.789000162650898,1.37155355060992,0.17020246214119,0.306665371770248
"g1592",1013.01936388874,-1.63180815029571,0.402473023872007,-4.05445347515925,5.02516502642622e-05,0.000541421006073018
"g1593",604.39416097418,-1.60073315234815,0.437154498531616,-3.66171035120295,0.000250537028020272,0.00204096017948222
"g1594",7454.1829450475,-0.804292862635491,0.444943640438997,-1.80762862874486,0.0706643194175009,0.16264491908212
"g1595",115.409613096462,-4.44958095741259,0.871879182817649,-5.10343754628124,3.3353861922818e-07,7.42679325481413e-06
"g1596",264.484822292609,0.578858587954124,0.456533447908577,1.26794343460689,0.204818151519068,0.348505850231561
"g1597",839.532506261418,0.131045181891554,0.353459151766748,0.370750569723633,0.710823321120493,0.806619442539902
"g1598",26351.507930291,-0.394417919917521,0.656657464773525,-0.600644843127691,0.548076563466301,0.683901265994064
"g1599",2239.36049710553,0.416008908376168,0.323085645343164,1.28761185887508,0.19788110917104,0.340933808963164
"g1600",1184.11716459911,-0.0465060399270151,0.353174550727054,-0.131680042719037,0.895237371645844,0.929081145923497
"g1601",0.862540465100711,3.33676713376048,3.96070357329312,0.842468281711407,0.399525886625943,NA
"g1602",2323.75370767649,1.05352247446693,0.473421182916937,2.22533868885156,0.0260585100661699,0.0778260121797384
"g1603",769.930907856992,1.06479701395479,0.427286796425017,2.49199606181056,0.0127027445862482,0.0460640307075472
"g1604",0.4713232864558,2.40017236107208,4.00912938875793,0.598676702179393,0.549388496226027,NA
"g1605",0,NA,NA,NA,NA,NA
"g1606",0,NA,NA,NA,NA,NA
"g1607",382.655073190283,0.66476772353379,0.349635278933526,1.90131764037513,0.0572604198570073,0.139090765325385
"g1608",14.4472030815045,0.731766859099076,0.953777798848628,0.767229914538212,0.442944829894187,0.592564378576736
"g1609",8.80246722870315,3.74138823673005,1.59549797531537,2.34496583174324,0.0190288233408832,0.0623100685868138
"g1610",435.046250669861,-0.210175277433969,0.390102468667896,-0.538769411410458,0.590045972449899,0.719690887881679
"g1611",28.2480202679522,1.46730623698703,0.667322847543177,2.19879514449277,0.0278924919183726,0.0818397566682558
"g1612",99.4532877617873,-0.0987000801546902,0.527674044770501,-0.187047441754725,0.851623436155783,0.903469225016511
"g1613",0.778694356219036,3.18463621878061,3.96663898523432,0.802855069653506,0.422058507969113,NA
"g1614",1172.12909506878,-0.337688176427098,0.457030599437352,-0.738874326670522,0.459983313197852,0.610063904466245
"g1615",0,NA,NA,NA,NA,NA
"g1616",0,NA,NA,NA,NA,NA
"g1617",1036.94810862035,-0.380106560680329,0.49364465411377,-0.770000358583293,0.441299679977481,0.591866065711694
"g1618",28.4293288910214,-0.361484248185387,0.787079686236521,-0.459272745195408,0.646038317157138,0.763811674090209
"g1619",169.164042244985,-0.447568484497511,0.409746516147969,-1.09230577163927,0.274698724320844,0.430411449209516
"g1620",38.6356328561692,4.71232145623518,0.833372605433764,5.65451926966384,1.56283064952201e-08,5.79983818822613e-07
"g1621",1566.57470548848,-1.75061875530415,0.365138798779311,-4.79439260127,1.63168449669567e-06,2.89371303661781e-05
"g1622",68.5942966486077,-1.3153541415149,0.490674053100491,-2.68070857467067,0.00734664650592835,0.030293579419507
"g1623",0,NA,NA,NA,NA,NA
"g1624",2.17710770866353,-0.0301504746664938,2.19130433649022,-0.0137591452562839,0.989022136808602,0.992720431747833
"g1625",0,NA,NA,NA,NA,NA
"g1626",0,NA,NA,NA,NA,NA
"g1627",33.247317187867,1.31003911607466,0.767986575173677,1.70580991702674,0.088043476110463,0.191365646556798
"g1628",447.923242108649,-0.763233598416661,0.589620551243247,-1.29444877185393,0.195510453386428,0.338052587218638
"g1629",17.5767207190449,0.753017601462134,1.06688001070806,0.705812831718886,0.480304541210013,0.627464341971882
"g1630",1003.09176738036,-0.545803438021845,0.388661519862293,-1.40431560658546,0.160224888967297,0.295120107987559
"g1631",72.5024874654139,-0.494169695432202,0.599498732036857,-0.824304821718656,0.409766379587585,0.565545333810964
"g1632",9.98411527852158,-1.43787816746173,1.253451256666,-1.14713528732364,0.251325711808603,0.402925381171552
"g1633",78.1443217516153,-0.209521357341833,0.486160332004385,-0.430971725887218,0.666488929117435,0.780165779177185
"g1634",1503.04126946281,-0.373672701043017,0.32559114474051,-1.14767464373402,0.251102902526159,0.402890485718513
"g1635",822.489587204576,3.88761987160694,0.435343153684674,8.93001265485112,4.25960063650707e-19,1.70724793511203e-16
"g1636",15.6398843275687,-1.23182114674817,1.0311455065366,-1.19461427988529,0.232237767420167,0.380232423129097
"g1637",4.79369291654898,0.705462851297779,1.32066110112665,0.534174021401819,0.593221140939064,0.723123580560757
"g1638",6952.37203345842,1.23764941373209,0.548922503048638,2.25468878914301,0.0241528698388707,0.0739857784061572
"g1639",334.16174034734,0.172138936578039,0.623131385065911,0.276248221006924,0.782357422600217,0.850622207882026
"g1640",203.097942584479,0.736867101916561,0.565034680530215,1.30410951275611,0.192196245914609,0.334051410939182
"g1641",53.5137963376337,-0.348598228854396,0.562165327898094,-0.62009912663555,0.535192527146462,0.671167599750632
"g1642",0.575026976733808,2.75894514561069,3.98690172307533,0.692002295828488,0.488935887223169,NA
"g1643",45.5152175588548,0.569186256210846,0.540897366708977,1.05229992091474,0.292661967961144,0.450073869084217
"g1644",4072.67085006624,1.2109086347624,0.342542680429169,3.53505914429484,0.000407683897131065,0.00302592048092835
"g1645",64.7927092199048,4.60155875451858,0.788144868444177,5.83846820395113,5.2682934166536e-09,2.29514347977692e-07
"g1646",1.49193496064508,0.0564720912088164,2.71133283509111,0.0208281663091794,0.983382729144092,0.990874825342607
"g1647",88.5866855543647,-0.399543843757433,0.499589920648915,-0.799743604191348,0.423859363801249,0.577268638322977
"g1648",579.608361102861,0.29798079528987,0.391970777661977,0.760211761364616,0.447128015804359,0.596170687739145
"g1649",1162.69311276785,-0.633792983001125,0.370280271916822,-1.71165744186203,0.0869598158343227,0.190248330711772
"g1650",477.129203316729,-0.901931204673168,0.612448997233995,-1.47266337074036,0.140841828059913,0.269112726223145
"g1651",283.653199310972,-0.542843847785062,0.441807255191328,-1.22868930151448,0.219188318920094,0.367297262003445
"g1652",391.99927569105,0.450812980999989,0.353460181047655,1.27542791288054,0.202157824182683,0.34596437204278
"g1653",332.963516292307,-0.981488383073505,0.491207894790699,-1.99811198778006,0.0457045203802514,0.118642304199513
"g1654",334.471361336966,-1.44141742753944,0.575409232384723,-2.50503006628107,0.0122440984623529,0.0447758637199913
"g1655",110.608761433483,-0.839037952964016,0.446874919715487,-1.87756778451162,0.060440316280899,0.145579800272742
"g1656",1.0025371246562,-3.37892998389441,3.93853811312031,-0.857914760971414,0.390939532804139,NA
"g1657",415.503647803502,0.751704334833549,0.338067187651409,2.22353532756528,0.0261797239674827,0.0779556713682545
"g1658",193.51040859338,-2.05260995799023,0.650469316618181,-3.15558306218323,0.00160177650813189,0.00906768396128902
"g1659",1.78490570346017,-4.21866204443021,3.18661199054155,-1.32387063657325,0.185546011696752,0.327318844577721
"g1660",1980.89527426195,0.944434909419534,0.364284466025177,2.5925753017266,0.00952603247114991,0.0370596966226307
"g1661",4.61445926340103,2.77285327968606,1.87971399473181,1.47514637197861,0.140173195649521,0.268706231394606
"g1662",0.2356616432279,1.11606545129665,4.0804728567969,0.273513754524209,0.784458320715326,NA
"g1663",74.5454293885233,5.25118428284243,0.75604869910875,6.94556354508997,3.76952499883792e-12,3.77706404883559e-10
"g1664",10.0682988156846,2.38066218907236,1.29653866521087,1.83616752276737,0.0663328843516863,0.154931352261981
"g1665",56.223638590068,5.92325992024971,0.878400157295947,6.74323640660969,1.54896865652821e-11,1.34962312507936e-09
"g1666",44.0031888821201,3.19035338118154,1.31783034906451,2.42091357468454,0.0154815575045005,0.0533993825112203
"g1667",0.311477742487614,1.9096457584262,4.0448507323431,0.472117733086278,0.636842755642901,NA
"g1668",0.467216613731421,2.4542145012989,4.00542917274234,0.612721981953959,0.540060185155902,NA
"g1669",43.0162316419652,7.06276414650951,1.25719046029074,5.61789511580938,1.93297771675859e-08,7.04306789888039e-07
"g1670",36.0419834292047,2.86168345166398,1.00428660253673,2.84946891100176,0.00437922853855529,0.0203286057638008
"g1671",0,NA,NA,NA,NA,NA
"g1672",0.155738871243807,1.11606545129665,4.0804728567969,0.273513754524209,0.784458320715326,NA
"g1673",1.55738871243807,4.17917803073432,3.93697407397741,1.06152033318122,0.288453497357632,0.446379002860768
"g1674",1.01007496865862,-1.09661677386176,3.92989642385426,-0.279044701332421,0.780210519966856,NA
"g1675",0,NA,NA,NA,NA,NA
"g1676",0,NA,NA,NA,NA,NA
"g1677",0,NA,NA,NA,NA,NA
"g1678",0,NA,NA,NA,NA,NA
"g1679",0.288446423504808,-1.60235200175857,4.0474125936041,-0.39589539358816,0.692182199412767,NA
"g1680",0,NA,NA,NA,NA,NA
"g1681",0,NA,NA,NA,NA,NA
"g1682",0,NA,NA,NA,NA,NA
"g1683",1.15378569401923,-3.59071068274387,3.94270819331197,-0.910721896394668,0.362441923944818,NA
"g1684",0,NA,NA,NA,NA,NA
"g1685",0,NA,NA,NA,NA,NA
"g1686",0,NA,NA,NA,NA,NA
"g1687",0,NA,NA,NA,NA,NA
"g1688",0,NA,NA,NA,NA,NA
"g1689",0,NA,NA,NA,NA,NA
"g1690",0,NA,NA,NA,NA,NA
"g1691",0,NA,NA,NA,NA,NA
"g1692",0,NA,NA,NA,NA,NA
"g1693",0,NA,NA,NA,NA,NA
"g1694",0,NA,NA,NA,NA,NA
"g1695",3.12921826036336,-0.899571612821482,2.17771694359486,-0.413080136730955,0.67954790186821,0.788543135694206
"g1696",2024.68163617923,0.518857187763609,0.41762972975015,1.24238566079579,0.2140943036159,0.361436391439113
"g1697",538.486991120086,0.681383644337018,0.371048446112888,1.83637379828755,0.0663023919833447,0.154931352261981
"g1698",0,NA,NA,NA,NA,NA
"g1699",5027.33588343971,-0.890793974120701,0.388890458286622,-2.2906038323629,0.0219863370887572,0.0688447180091711
"g1700",0,NA,NA,NA,NA,NA
"g1701",0,NA,NA,NA,NA,NA
"g1702",0,NA,NA,NA,NA,NA
"g1703",0,NA,NA,NA,NA,NA
"g1704",0,NA,NA,NA,NA,NA
"g1705",0,NA,NA,NA,NA,NA
"g1706",0,NA,NA,NA,NA,NA
"g1707",0,NA,NA,NA,NA,NA
"g1708",0,NA,NA,NA,NA,NA
"g1709",0,NA,NA,NA,NA,NA
"g1710",0,NA,NA,NA,NA,NA
"g1711",544.960616212659,-0.238204041670469,0.401455232229872,-0.593351443814472,0.552945977287956,0.687835964298612
"g1712",39.0642556211995,0.335242121879921,0.569049895446725,0.589126058298883,0.5557767141019,0.690072202639534
"g1713",1553.96153385621,0.0546273040199239,0.344550898069344,0.15854639859023,0.874026262191735,0.916561292219904
"g1714",220.373154751571,-1.26758147498213,0.772063052352078,-1.64181082247164,0.10062921549563,0.2118287267366
"g1715",2939.76685542244,-2.75666531685377,0.771734974817892,-3.57203626478671,0.000354216346112013,0.00275135487445145
"g1716",2524.74392315818,-0.264908378068343,0.408375533884413,-0.648688170783813,0.516539951897282,0.656699010159233
"g1717",5636.28426234007,-1.04725284396865,0.348790437217635,-3.00252739817862,0.00267747871003111,0.0142703918481445
"g1718",12.6828097814928,1.31865494269605,1.08397329555989,1.21650131797291,0.223794009283468,0.371876612441186
"g1719",2.09579167851303,-4.44305401857492,3.65108619462435,-1.21691293542086,0.223637343474981,0.371876612441186
"g1720",24.1697774753486,-0.941923583612979,0.796424108331933,-1.18269094789934,0.236931653024296,0.386958284604549
"g1721",55.123616897073,-1.86973389226168,0.624175683823568,-2.99552504321874,0.00273972803165835,0.0145249073424427
"g1722",18.4720106218256,-2.81331647791008,0.99364810002346,-2.83130061622787,0.00463591269279554,0.0211265305045733
"g1723",929.572923651042,0.781662433354962,0.365368785620623,2.13937934524761,0.0324049583467543,0.0913354944119488
"g1724",1713.56615391465,0.98869549460787,0.32069376263611,3.08298947407261,0.00204932403435205,0.011282542211103
"g1725",11.9167346871428,-0.721610698951055,1.30058291344474,-0.554836367209984,0.579006589628541,0.710854111623458
"g1726",3.51888986294137,1.38730951840996,1.74905561642332,0.79317633206364,0.427675094940232,0.579878816143589
"g1727",2038.16537687617,-0.122504786748883,0.407203096315214,-0.300844438211374,0.763533120389824,0.839802619792101
"g1728",0,NA,NA,NA,NA,NA
"g1729",0,NA,NA,NA,NA,NA
"g1730",11.0838339484041,-3.84518177200271,1.17443459396982,-3.2740705968182,0.00106010122820912,0.00676574159659581
"g1731",172.5059008284,-1.81608509337366,0.554659145268933,-3.27423627441158,0.00105947983301143,0.00676574159659581
"g1732",3.00121762701289,0.287712015812465,2.16424694065925,0.132938626552858,0.894241918427843,0.928528914263937
"g1733",58.7219664577461,-2.01945511240426,0.862799649644469,-2.34058406634311,0.0192536033055322,0.062684251956464
"g1734",666.533165231695,-0.102067748887413,0.414676128407481,-0.246138472642236,0.805575042134138,0.868409028744923
"g1735",1075.30096643291,0.111560392727103,0.433983281762128,0.257061498484752,0.797131298759485,0.861624122283715
"g1736",1.34378267978701,-1.39161817586555,2.48206543437619,-0.560669415315113,0.575022920757212,0.707394679679222
"g1737",0.288446423504808,-1.60235200175857,4.0474125936041,-0.39589539358816,0.692182199412767,NA
"g1738",0,NA,NA,NA,NA,NA
"g1739",0,NA,NA,NA,NA,NA
"g1740",0.144223211752404,-0.807487900345844,4.0804728567969,-0.197890766262738,0.843130528772266,NA
"g1741",1165.97253952974,-3.15334060798262,0.481102064522076,-6.5544108839257,5.58619622979325e-11,4.30566817096372e-09
"g1742",9.725241903597,1.29716759688494,1.10480569946372,1.17411378083458,0.240349454334243,0.391275634838199
"g1743",2081.41259597747,-0.564063447944629,0.385649262458231,-1.4626332858752,0.1435677501154,0.272710683631528
"g1744",134.810790089724,-0.553439939678069,0.449493172526634,-1.23125327258508,0.218228152484923,0.366341832506625
"g1745",1.87707980037444,4.4361536536193,3.15102584458701,1.40784426165211,0.15917719077383,0.294001004894706
"g1746",0,NA,NA,NA,NA,NA
"g1747",131.049883702195,0.394352909738469,0.427795836853004,0.921825029059302,0.356619849776877,0.513509849243154
"g1748",924.405875877118,0.481532951122879,0.352468435711404,1.36617325790032,0.171884588984998,0.308376648456522
"g1749",691.767985897812,-2.24915776392119,0.419840356211883,-5.35717381772155,8.45337888164441e-08,2.42008161125934e-06
"g1750",567.519133946009,-0.796032680313079,0.425727270532497,-1.86981839175443,0.0615090414653994,0.147235712343733
"g1751",1828.13360735702,0.541003907241809,0.339796187637589,1.59214236923346,0.111352718906046,0.228170601930181
"g1752",171.277477276907,0.707362846495148,0.389865564002881,1.81437631790922,0.0696198091903984,0.161292598401802
"g1753",1.54035276655595,3.03649706425689,2.98056156869438,1.01876676400515,0.308313707928942,0.46537200359593
"g1754",0,NA,NA,NA,NA,NA
"g1755",0,NA,NA,NA,NA,NA
"g1756",0,NA,NA,NA,NA,NA
"g1757",0,NA,NA,NA,NA,NA
"g1758",1045.38288063846,-0.198911759322404,0.448392315955499,-0.443610990296598,0.657323858470985,0.771691278486147
"g1759",149.358306149266,0.204450089077688,0.593050671398303,0.344743036198969,0.730287561026273,0.819885866832858
"g1760",510.640040600746,-0.123155641810981,0.431751480056801,-0.285246600184852,0.775455220849628,0.845566531452051
"g1761",7152.54540774537,2.27889624504271,0.831832954803083,2.73960803293997,0.00615124952188774,0.0264530129653713
"g1762",9608.59685662883,1.45194326886167,0.369232965013951,3.93232296798529,8.41289320605295e-05,0.000814465603136721
"g1763",0.614132744152249,-0.0797174108677713,4.00188075556961,-0.0199199865605253,0.984107201338192,NA
"g1764",803.383111248193,0.413489215319453,0.392199518699689,1.05428282189215,0.291753451051587,0.449403471104828
"g1765",2522.8048574274,-0.343961260431361,0.337678538167793,-1.01860563095794,0.308390229927842,0.46537200359593
"g1766",0,NA,NA,NA,NA,NA
"g1767",0,NA,NA,NA,NA,NA
"g1768",80.4300429400771,-9.71037340508754,1.39398532105369,-6.96590793204885,3.2629248841831e-12,3.44152708836996e-10
"g1769",1557.39376971073,-0.998594357625845,0.372647289304552,-2.67973063614513,0.00736814251165883,0.0303198307871957
"g1770",327.616523888093,1.65972292565866,0.439147934961888,3.77941644152943,0.000157196332534477,0.0013816730280662
"g1771",9.63031841808899,0.243373856407886,1.29056060408803,0.188579951717855,0.850422047079813,0.903469225016511
"g1772",0,NA,NA,NA,NA,NA
"g1773",253.177068394025,-0.930042876918571,0.952645324422198,-0.976274016232288,0.328928692706232,0.487601152556107
"g1774",3.5167522854675,-0.838153979905861,2.04038592624803,-0.410782082508825,0.681232332528466,0.789583339726458
"g1775",0,NA,NA,NA,NA,NA
"g1776",21.2920903222175,-0.0517499885358091,1.29740422715477,-0.0398873284460447,0.968182953499556,0.981902145148335
"g1777",0,NA,NA,NA,NA,NA
"g1778",2.37200066929736,4.79069326109656,2.88502186998218,1.66053966902031,0.0968059344601496,0.206233813758487
"g1779",4.84292108529242,-0.70159627974087,1.90112745209047,-0.369042211751453,0.712096261560592,0.80760662601439
"g1780",0,NA,NA,NA,NA,NA
"g1781",2.83151930766672,-4.88363163060704,2.81060422960733,-1.73757357196084,0.0822859799132335,0.182174961192732
"g1782",0,NA,NA,NA,NA,NA
"g1783",0,NA,NA,NA,NA,NA
"g1784",0,NA,NA,NA,NA,NA
"g1785",0,NA,NA,NA,NA,NA
"g1786",0,NA,NA,NA,NA,NA
"g1787",0,NA,NA,NA,NA,NA
"g1788",0,NA,NA,NA,NA,NA
"g1789",0,NA,NA,NA,NA,NA
"g1790",0,NA,NA,NA,NA,NA
"g1791",0,NA,NA,NA,NA,NA
"g1792",0,NA,NA,NA,NA,NA
"g1793",48.207429797221,1.63803474422015,0.710444018206462,2.30564928726604,0.0211302369015245,0.0669483985614094
"g1794",0,NA,NA,NA,NA,NA
"g1795",0,NA,NA,NA,NA,NA
"g1796",0.144223211752404,-0.807487900345844,4.0804728567969,-0.197890766262738,0.843130528772266,NA
"g1797",376.6682563788,1.41532999611717,0.436325772475399,3.24374603885443,0.00117968876919967,0.00736478596098486
"g1798",743.470385005717,1.52538200545888,0.462109329163943,3.30091151420515,0.00096371271134925,0.00625009797263397
"g1799",1855.8135809056,1.56115777280774,0.376095387609057,4.15096229372144,3.31080312531322e-05,0.000376980083132255
"g1800",150.615466107704,-0.0823939422680605,0.492490550281994,-0.167300554743401,0.867133567669035,0.91487883646214
"g1801",10.1341395862704,0.760960582044287,1.22617323849443,0.620597936861388,0.534864197473196,0.671167599750632
"g1802",29.5327103848577,-0.279149148381599,0.877232830090779,-0.318215573797793,0.750321420121381,0.832445690230642
"g1803",460.09014068098,0.131059226363541,0.795556579338299,0.164739039016621,0.869149388069313,0.915124484889429
"g1804",0,NA,NA,NA,NA,NA
"g1805",0,NA,NA,NA,NA,NA
"g1806",0,NA,NA,NA,NA,NA
"g1807",0,NA,NA,NA,NA,NA
"g1808",0,NA,NA,NA,NA,NA
"g1809",0,NA,NA,NA,NA,NA
"g1810",0,NA,NA,NA,NA,NA
"g1811",0,NA,NA,NA,NA,NA
"g1812",0,NA,NA,NA,NA,NA
"g1813",0,NA,NA,NA,NA,NA
"g1814",0,NA,NA,NA,NA,NA
"g1815",0,NA,NA,NA,NA,NA
"g1816",0,NA,NA,NA,NA,NA
"g1817",0,NA,NA,NA,NA,NA
"g1818",0,NA,NA,NA,NA,NA
"g1819",0,NA,NA,NA,NA,NA
"g1820",0,NA,NA,NA,NA,NA
"g1821",0,NA,NA,NA,NA,NA
"g1822",0,NA,NA,NA,NA,NA
"g1823",0,NA,NA,NA,NA,NA
"g1824",0,NA,NA,NA,NA,NA
"g1825",0.311477742487614,1.9096457584262,4.0448507323431,0.472117733086278,0.636842755642901,NA
"g1826",0,NA,NA,NA,NA,NA
"g1827",0,NA,NA,NA,NA,NA
"g1828",0,NA,NA,NA,NA,NA
"g1829",0,NA,NA,NA,NA,NA
"g1830",0,NA,NA,NA,NA,NA
"g1831",0,NA,NA,NA,NA,NA
"g1832",0,NA,NA,NA,NA,NA
"g1833",0,NA,NA,NA,NA,NA
"g1834",0,NA,NA,NA,NA,NA
"g1835",0,NA,NA,NA,NA,NA
"g1836",0,NA,NA,NA,NA,NA
"g1837",0,NA,NA,NA,NA,NA
"g1838",0,NA,NA,NA,NA,NA
"g1839",0,NA,NA,NA,NA,NA
"g1840",0,NA,NA,NA,NA,NA
"g1841",0,NA,NA,NA,NA,NA
"g1842",0,NA,NA,NA,NA,NA
"g1843",0,NA,NA,NA,NA,NA
"g1844",21.1042444730066,0.52396933525014,0.834899137030792,0.627583994293691,0.530276496567371,0.667508856231791
"g1845",0,NA,NA,NA,NA,NA
"g1846",0,NA,NA,NA,NA,NA
"g1847",0,NA,NA,NA,NA,NA
"g1848",0,NA,NA,NA,NA,NA
"g1849",348.95614843793,-0.866710891430425,0.590667862113725,-1.46734052590718,0.142283444565508,0.271299736355165
"g1850",58.9361611178663,-1.05712493983891,0.625716900433579,-1.68946202205246,0.0911309239337285,0.195552019625041
"g1851",1234.44403035555,0.451778552182614,0.372022245228129,1.21438585454904,0.224600414495869,0.372462824752379
"g1852",0,NA,NA,NA,NA,NA
"g1853",0.303939898485185,-1.66762683618469,4.041298957816,-0.41264624408928,0.679865814870593,NA
"g1854",0.303939898485185,-1.66762683618469,4.041298957816,-0.41264624408928,0.679865814870593,NA
"g1855",1326.44137269156,0.331169994884273,0.392128960549242,0.844543576736629,0.398365723299724,0.552856585521224
"g1856",47.3334906348721,1.29828424642135,0.602701535093055,2.15410807974946,0.0312316970617595,0.0885266208087215
"g1857",422.686676580348,-1.47456182883142,0.4431053457846,-3.32779065488464,0.000875376203877544,0.00578961687317029
"g1858",36.6233064626855,-0.170110588102447,0.799722606893276,-0.212711991178146,0.831551613195194,0.890186662843573
"g1859",2784.91010345586,-0.72638681491407,0.487765803605331,-1.48921226036136,0.136431483301551,0.26467443614357
"g1860",1974.15508951482,-0.491547592576134,0.354212951605922,-1.38771772841046,0.165223015442648,0.301829464856031
"g1861",1.03915002952073,-0.468614988971203,3.90509228702129,-0.120001002416424,0.904482353884261,NA
"g1862",0,NA,NA,NA,NA,NA
"g1863",273.408953793958,-2.07518483260725,0.58459669775781,-3.54977173248928,0.000385565317096891,0.00290219522540172
"g1864",31.021483706594,-2.69162824199809,0.710222543329852,-3.78983780123128,0.000150745685057569,0.00134264156824608
"g1865",8.47194803461414,0.502701590433993,1.52067024073813,0.330578962464592,0.740962539109343,0.826354468224679
"g1866",1768.74765747962,-1.74850554007302,0.485470903776554,-3.60166907320526,0.000316180687457748,0.00250445097891434
"g1867",195.27970261612,-1.81481259118706,0.518421733396808,-3.5006491323117,0.00046412647114241,0.00333372562067882
"g1868",654.45785704645,0.902031545542596,0.350563321386997,2.57309162285925,0.0100794520300429,0.0386218391361492
"g1869",966.710689102438,-1.24369674065043,0.510304772518732,-2.43716462715381,0.0148029383731205,0.0514126317153094
"g1870",3039.31822030709,-2.47580933976326,0.675857528919206,-3.66321189574145,0.000249072330686947,0.00203930985937435
"g1871",0,NA,NA,NA,NA,NA
"g1872",1004.05172911127,-0.056581110332255,0.351718864118554,-0.160870274826042,0.872195574590926,0.916081218957505
"g1873",42.0573083321877,-0.445864829949801,0.59699967000963,-0.746842674038008,0.455158532895462,0.604064701935434
"g1874",0,NA,NA,NA,NA,NA
"g1875",687.758788784666,0.506736142873044,0.352501456198951,1.43754340290454,0.150563649415038,0.282254025657377
"g1876",99.5926528884405,-0.527198718927862,0.545264892622168,-0.966867161376507,0.333610444710023,0.490502810857584
"g1877",1589.11956907083,-1.99168159439367,0.559860314970852,-3.55746164022603,0.000374455761682391,0.00284245964549815
"g1878",41.1980347987839,1.20150076004017,0.802577337827563,1.49705293609762,0.134379484506455,0.262773188217223
"g1879",30.5487419926319,2.02006274207662,0.884883224424892,2.28285799336914,0.0224387345624526,0.069933474437255
"g1880",242.715667238359,0.232756695155893,0.476080714528767,0.48890175143154,0.624911255682685,0.748548808361089
"g1881",94.6899014005648,-1.73330941271549,0.452986328527738,-3.82640557464276,0.000130027993775682,0.00117376621408318
"g1882",2.10845143505117,4.62020217485244,2.99524504580665,1.54251224998126,0.122949163454998,0.24663676032414
"g1883",0,NA,NA,NA,NA,NA
"g1884",0,NA,NA,NA,NA,NA
"g1885",0,NA,NA,NA,NA,NA
"g1886",4.23519515049643,1.92521644260616,1.93222545576063,0.996372569705272,0.31906915564046,0.477636305120244
"g1887",0.622955484975229,2.86525150990414,3.98128264723281,0.719680505953434,0.471721731472327,NA
"g1888",0,NA,NA,NA,NA,NA
"g1889",0,NA,NA,NA,NA,NA
"g1890",0,NA,NA,NA,NA,NA
"g1891",0,NA,NA,NA,NA,NA
"g1892",0,NA,NA,NA,NA,NA
"g1893",0,NA,NA,NA,NA,NA
"g1894",0,NA,NA,NA,NA,NA
"g1895",0.311477742487614,1.9096457584262,4.0448507323431,0.472117733086278,0.636842755642901,NA
"g1896",0,NA,NA,NA,NA,NA
"g1897",0,NA,NA,NA,NA,NA
"g1898",0.622955484975229,2.86525150990414,3.98128264723281,0.719680505953434,0.471721731472327,NA
"g1899",0,NA,NA,NA,NA,NA
"g1900",0,NA,NA,NA,NA,NA
"g1901",0,NA,NA,NA,NA,NA
"g1902",0,NA,NA,NA,NA,NA
"g1903",0,NA,NA,NA,NA,NA
"g1904",0.151969949242592,-0.807487900345844,4.0804728567969,-0.197890766262738,0.843130528772266,NA
"g1905",0,NA,NA,NA,NA,NA
"g1906",0,NA,NA,NA,NA,NA
"g1907",0,NA,NA,NA,NA,NA
"g1908",0,NA,NA,NA,NA,NA
"g1909",0,NA,NA,NA,NA,NA
"g1910",0,NA,NA,NA,NA,NA
"g1911",0,NA,NA,NA,NA,NA
"g1912",0,NA,NA,NA,NA,NA
"g1913",0,NA,NA,NA,NA,NA
"g1914",0,NA,NA,NA,NA,NA
"g1915",0,NA,NA,NA,NA,NA
"g1916",0,NA,NA,NA,NA,NA
"g1917",0.303939898485185,-1.66762683618469,4.041298957816,-0.41264624408928,0.679865814870593,NA
"g1918",0,NA,NA,NA,NA,NA
"g1919",0,NA,NA,NA,NA,NA
"g1920",0,NA,NA,NA,NA,NA
"g1921",0,NA,NA,NA,NA,NA
"g1922",0,NA,NA,NA,NA,NA
"g1923",0,NA,NA,NA,NA,NA
"g1924",0,NA,NA,NA,NA,NA
"g1925",0,NA,NA,NA,NA,NA
"g1926",235.812810291662,-4.18081725625248,0.581079125521412,-7.1949190267349,6.24978438963458e-13,7.36739289225159e-11
"g1927",10.1052556574753,-2.81712230895271,1.16160973264392,-2.42518827949272,0.0153004492784063,0.0528656902653899
"g1928",0,NA,NA,NA,NA,NA
"g1929",63.0632707594018,-0.928536273564237,0.608752201935242,-1.52531074320946,0.127181609426275,0.253263442767113
"g1930",170.39939180225,-2.32114724541613,0.578488291239754,-4.01243600011626,6.00953746310619e-05,0.000623995496169161
"g1931",92.7440236965263,-1.41514466647284,0.515557421780933,-2.74488273601879,0.00605325231278644,0.0260875648060732
"g1932",0,NA,NA,NA,NA,NA
"g1933",0,NA,NA,NA,NA,NA
"g1934",0,NA,NA,NA,NA,NA
"g1935",11.8731909836943,-0.51764884826545,1.20962799961278,-0.427940530833575,0.66869441756147,0.780283096554798
"g1936",167.255075104909,-1.38973727988236,0.740874281525593,-1.87580715721517,0.060681764849609,0.145985902471328
"g1937",3.39286764914676,-3.30494609097047,2.39479309257838,-1.38005496224818,0.167569722783907,0.303813498871032
"g1938",4.95950013493812,-3.43365231517256,1.89971066449189,-1.80746067248664,0.0706904812976681,0.16264491908212
"g1939",0,NA,NA,NA,NA,NA
"g1940",104.549304407262,-3.04743148639708,0.568374543937929,-5.36166075504234,8.24602929769168e-08,2.39493372646002e-06
"g1941",2919.72846705612,1.67944010731288,0.345239120600259,4.86457069057782,1.14705506478061e-06,2.14831621478537e-05
"g1942",948.660385401733,-0.117353737380183,0.367937651125687,-0.318950064015317,0.749764379705134,0.832425383340215
"g1943",0,NA,NA,NA,NA,NA
"g1944",814.547846333829,4.25711940551068,0.675231749310474,6.30467896371567,2.88791859906668e-10,1.86689963629988e-08
"g1945",25.4721928605197,0.986669386592035,0.822232384011434,1.19998847744036,0.230143815515156,0.378039513354404
"g1946",363.956906520957,1.07816212816245,0.502164293437662,2.14703064764259,0.0317908417887302,0.0899842470969142
"g1947",637.873557525378,1.05462018655581,0.466091622367826,2.26268857011022,0.0236548939051754,0.0731113850160528
"g1948",60.2393998370662,-0.201500707110656,0.535862578650926,-0.376030562943861,0.706894174710303,0.802884001214137
"g1949",1.57628493677754,0.545670697923196,2.58842883123928,0.210811551524074,0.833034324294664,0.891297803463164
"g1950",0,NA,NA,NA,NA,NA
"g1951",390.890237312776,0.384551269982311,0.355291771059064,1.08235343823481,0.279095509362242,0.436277223683254
"g1952",17.1363711746153,-2.46260025941068,0.967965654732048,-2.54409879872482,0.0109560090869418,0.0411929497377698
"g1953",57.0387599669272,-1.36695239286962,0.740107474255256,-1.84696471852975,0.0647522538428335,0.152148616621866
"g1954",573.825066855981,0.579774620690675,0.357449891087216,1.62197453446478,0.104808800847047,0.217654753261639
"g1955",0,NA,NA,NA,NA,NA
"g1956",0,NA,NA,NA,NA,NA
"g1957",0,NA,NA,NA,NA,NA
"g1958",0,NA,NA,NA,NA,NA
"g1959",971.398659682413,-3.75169418152624,0.41279476335591,-9.08852174147263,1.00394706746654e-19,6.70636641067648e-17
"g1960",201.75132819045,-0.712613778466549,0.561855516183819,-1.26832211830311,0.204682941459807,0.348505850231561
"g1961",41.6315765459476,-0.323696493925376,0.861376192169112,-0.37578992415642,0.7070730790757,0.802884001214137
"g1962",10.0940257410242,-0.111211421961578,1.23344881474298,-0.090162980929818,0.928157701409311,0.951907898477103
"g1963",1273.99227273585,0.867669655754623,0.365273755252059,2.37539555820506,0.0175301526821703,0.0584532878120953
"g1964",914.218503346076,-0.299008038785137,0.382115387766849,-0.782507191172262,0.433916560832682,0.58565012585243
"g1965",506.524204950046,1.19375023546373,0.478109345680947,2.49681426696131,0.0125314573487254,0.0455911142126723
"g1966",5.48028270405023,4.0613885786963,2.19392023822838,1.85120156509241,0.0641405606974349,0.151220804279599
"g1967",289.801617524495,0.737667014916606,0.459568598445267,1.60512928301053,0.108465356147838,0.223856409598627
"g1968",1241.99603885115,-0.0538385146503238,0.386353691243461,-0.139350330721694,0.889173319655045,0.926626798018049
"g1969",643.625619791936,-0.155807736055752,0.343667634420767,-0.45336749943985,0.650284135320199,0.767021428594278
"g1970",0.174649306542753,-0.807487900345844,4.0804728567969,-0.197890766262738,0.843130528772266,NA
"g1971",0,NA,NA,NA,NA,NA
"g1972",0,NA,NA,NA,NA,NA
"g1973",0,NA,NA,NA,NA,NA
"g1974",0,NA,NA,NA,NA,NA
"g1975",0,NA,NA,NA,NA,NA
"g1976",0,NA,NA,NA,NA,NA
"g1977",0,NA,NA,NA,NA,NA
"g1978",0,NA,NA,NA,NA,NA
"g1979",0,NA,NA,NA,NA,NA
"g1980",0,NA,NA,NA,NA,NA
"g1981",0,NA,NA,NA,NA,NA
"g1982",0,NA,NA,NA,NA,NA
"g1983",0,NA,NA,NA,NA,NA
"g1984",0,NA,NA,NA,NA,NA
"g1985",0,NA,NA,NA,NA,NA
"g1986",0,NA,NA,NA,NA,NA
"g1987",0,NA,NA,NA,NA,NA
"g1988",0,NA,NA,NA,NA,NA
"g1989",0,NA,NA,NA,NA,NA
"g1990",0,NA,NA,NA,NA,NA
"g1991",0,NA,NA,NA,NA,NA
"g1992",0,NA,NA,NA,NA,NA
"g1993",0,NA,NA,NA,NA,NA
"g1994",0,NA,NA,NA,NA,NA
"g1995",0,NA,NA,NA,NA,NA
"g1996",0,NA,NA,NA,NA,NA
"g1997",0,NA,NA,NA,NA,NA
"g1998",0,NA,NA,NA,NA,NA
"g1999",0,NA,NA,NA,NA,NA
"g2000",0,NA,NA,NA,NA,NA
"g2001",0,NA,NA,NA,NA,NA
"g2002",0,NA,NA,NA,NA,NA
"g2003",1039.02160357287,-0.579091993464386,0.433570132824438,-1.3356362664835,0.181668190226057,0.322465060418971
"g2004",12.1000820323812,2.10010855535183,1.07792367226291,1.9482905973695,0.0513802015873972,0.128834559481357
"g2005",838.250825473657,-1.36683472019147,0.411774026099084,-3.31938061548004,0.000902173713396766,0.00590835333871607
"g2006",490.028646270307,0.265961044415643,0.503211113385179,0.528527763678514,0.597133082385566,0.7259816839214
"g2007",1.32894748695378,-1.63550877326006,3.19988486993603,-0.511114880609051,0.609270616721966,0.735086282908381
"g2008",92.9764439059641,-2.26725177617052,0.477704143586067,-4.74614216060705,2.07333018749191e-06,3.52114719977439e-05
"g2009",1121.59012150669,-0.586375180397974,0.454502191532223,-1.29014819141175,0.196999210293264,0.340039980557881
"g2010",4329.28810027057,0.00615525641190887,0.44161877814618,0.0139379408587364,0.988879492237052,0.992720431747833
"g2011",67.7725602588898,3.49927605337844,0.656754740800247,5.32813215647993,9.92279153813551e-08,2.80074285104557e-06
"g2012",771.562315289843,-0.661507827428079,0.446227709771717,-1.4824445298713,0.138222052831782,0.266856448819741
"g2013",2360.36204821047,0.153656117454319,0.327589729520587,0.469050472611544,0.639033559321288,0.758663064502288
"g2014",18.2974073359758,2.12467383652639,0.796100750848491,2.66885043665879,0.00761113339108081,0.0308759338375019
"g2015",3.43838884506248,0.586796531887122,1.76115267530503,0.333188905263702,0.738991692449368,0.826340473217533
"g2016",3058.09528600413,-2.26304113539737,0.648648967104225,-3.48885337087687,0.000485097167365792,0.00345955417580444
"g2017",0.895393285337273,-0.987444996082539,3.94283393949147,-0.250440422101545,0.80224677302593,NA
"g2018",502.63801585025,-2.19875850615209,0.360711670711205,-6.09561232609096,1.09019328170551e-09,5.90472253118338e-08
"g2019",369.888944980894,-2.70948461324803,0.385901488722998,-7.02118206958488,2.19998943760199e-12,2.44932157386355e-10
"g2020",3.05740802090689,0.973402123034896,2.49047310260348,0.390850285440677,0.695907903108626,0.798340564082527
"g2021",12.2167404236887,-1.59383481421732,0.996796798405624,-1.59895659453026,0.109830247490182,0.225743400995205
"g2022",514.917622533384,-1.05663658918854,0.406668427494818,-2.59827544443933,0.00936933038373679,0.0366006590429016
"g2023",7840.96621618244,-1.93784321598183,1.31395934089241,-1.47481216174139,0.140263050624517,0.268706231394606
"g2024",9632.94729958205,3.09189075553315,0.574161507544949,5.3850540569216,7.24228791375921e-08,2.16620074316022e-06
"g2025",769.069452594224,4.8200408907631,0.619891873240894,7.77561555302082,7.50814065672836e-15,1.50463138760836e-12
"g2026",19955.4588603206,3.04861718598427,0.623067605818252,4.89291556408334,9.93530386744814e-07,1.93304358741418e-05
"g2027",1054.55925018757,2.82326187451836,0.638523313319946,4.42154861948431,9.79960073604134e-06,0.000130631579273666
"g2028",763.01468976486,-0.541132713225674,0.359811319190782,-1.50393465787204,0.132598192089129,0.260261289859564
"g2029",0,NA,NA,NA,NA,NA
"g2030",0,NA,NA,NA,NA,NA
"g2031",0,NA,NA,NA,NA,NA
"g2032",3.04618453671038,-4.98545214322923,2.71227972365573,-1.83810397568789,0.0660470854778993,0.154624251516017
"g2033",9.05556790544478,-2.04714904665028,1.61120107872131,-1.27057328454307,0.203880496125903,0.348020880950861
"g2034",745.88101892169,-2.23782460322567,0.548043081087235,-4.08330052956085,4.4400542133633e-05,0.000491594952683981
"g2035",69.2876610021689,-1.82875976406527,0.604533978727206,-3.02507357471546,0.00248572650730707,0.013463232217955
"g2036",2.00582654145629,-2.37713268768258,2.85448960263799,-0.832769783251528,0.404974579453062,0.560089066407133
"g2037",2.356616432279,4.75762326529728,3.52432136824431,1.34994024896979,0.177035149785895,0.316483889536962
"g2038",1668.90200796703,0.312046459682224,0.314547098978928,0.992050032237395,0.321173119651099,0.478892062336906
"g2039",1897.03374848135,-0.2943124496613,0.335236176180414,-0.877925685153114,0.379984049299589,0.535881797886261
"g2040",205.430230650164,-0.498133410051309,0.523019307169702,-0.952418779235777,0.34088463924366,0.498273389529025
"g2041",0,NA,NA,NA,NA,NA
"g2042",1.32470326001037,2.78819709054096,3.68367038486161,0.756907323195721,0.449105387683315,0.598409040503565
"g2043",2.83904292496485,1.6588012238593,2.20095014590335,0.753675055723932,0.451044363617118,0.599924204326317
"g2044",43.6958035701154,-0.810766487231547,0.940547521472864,-0.862015441773655,0.388679020464996,0.543174865419702
"g2045",15132.8607350193,0.23962207175627,0.618828036639977,0.387219158746161,0.698593967734048,0.799076661723191
"g2046",4.64591296170997,3.17997685644095,1.77109160142275,1.79548977245808,0.0725757008213921,0.165651144016025
"g2047",292.357695247037,3.4327484967145,0.633739902827158,5.41665197567767,6.07253767436371e-08,1.8722100768346e-06
"g2048",794.647519895807,-0.131214573516489,0.359303923709868,-0.365191039835242,0.714968806283633,0.809490106097401
"g2049",428.194557579917,1.89413937987674,0.400661095745205,4.7275350663976,2.27261825073217e-06,3.76462563293965e-05
"g2050",0,NA,NA,NA,NA,NA
"g2051",552.10478408659,1.23369698970278,0.348571963246517,3.53928921366025,0.000401206036449775,0.0029889103979381
"g2052",1253.47639353536,1.14267023972487,0.315122722599546,3.62611185349829,0.000287720764954213,0.00231563218059536
"g2053",10.8632852404205,-2.65336961934958,1.43017428757092,-1.85527711021584,0.0635566651555068,0.150374919683159
"g2054",39.2526348547717,-0.493356339139146,1.04021388403761,-0.474283555247479,0.635297716706865,0.756019373088218
"g2055",1332.61795481093,-0.267671279275944,0.631247114004158,-0.42403564838188,0.67153981536104,0.781967338746963
"g2056",196.507430067337,-0.0735420991307287,0.493970769846854,-0.148879455263171,0.881648752852171,0.920700417256774
"g2057",5551.26868429437,0.209134586961684,0.469642416793331,0.445306001935754,0.656098631043965,0.770704370816006
"g2058",22.2564934630865,-0.0111249961959223,0.943382572222448,-0.0117926666481804,0.990591031430712,0.992720431747833
"g2059",0,NA,NA,NA,NA,NA
"g2060",0,NA,NA,NA,NA,NA
"g2061",6.72820233538423,0.595442891177106,1.7938735050803,0.331931370573675,0.739941081766841,0.826340473217533
"g2062",47.3289712216843,0.366547299473426,1.09203263955372,0.33565599250149,0.73713029516515,0.825717781727759
"g2063",105.685663589141,-0.772841316340536,0.558855944848631,-1.38289898043379,0.166695842992608,0.303813498871032
"g2064",1289.04018850427,0.0876612409602974,0.381601417224197,0.22971937996969,0.818309834557063,0.87835720859794
"g2065",859.264063784709,0.0699121370905846,0.421661608634457,0.165801523446713,0.868313147181133,0.91487883646214
"g2066",3.00823229630598,2.26416748575014,2.17961614403444,1.03879184963238,0.298901552726112,0.456902144670578
"g2067",3113.50627566814,0.103744183220301,0.342328932002875,0.303054090734666,0.761848640143286,0.839802619792101
"g2068",655.857572777296,-0.243059682348205,0.346600922582056,-0.701266691783434,0.483136596280204,0.629932165872173
"g2069",1007.16836949339,0.942820306076006,0.549430088030179,1.7159968604126,0.086162617053588,0.189331013788805
"g2070",54.437972606823,0.868425233255858,0.712448793185669,1.21893003618232,0.222870748307331,0.371265984711464
"g2071",14755.1123005858,1.65727981959669,0.548046471786471,3.02397680655518,0.00249475563570199,0.0134757150780237
"g2072",118.883392349265,-0.0826322253059568,0.496357004422954,-0.16647740350118,0.867781264418395,0.91487883646214
"g2073",341.328056991731,-1.09515742225062,0.431040376443734,-2.54073047932571,0.0110621156961853,0.0415140072193922
"g2074",1572.76669348437,0.780761923895205,0.367969629378368,2.12181077338961,0.0338536315828462,0.0939649275512794
"g2075",1379.74410900292,-1.43638736462978,0.412507181382329,-3.48209056583301,0.000497515396710976,0.00353553494683971
"g2076",8.26332381107945,-0.395710118803438,1.58386695393414,-0.249837979017455,0.802712647867632,0.865928402799627
"g2077",97.2576178704423,0.687404722330775,0.620994297876451,1.10694208414058,0.268318969154565,0.424010359407837
"g2078",139.718732691423,0.994249949359078,0.587853643146923,1.69132225503718,0.0907752717847311,0.195186314009229
"g2079",47813.5019648164,-0.311280183006105,0.760071460060456,-0.409540680531993,0.682142919177346,0.790181739902544
"g2080",174.409834639612,0.274250968532036,0.53285147836246,0.514685573126031,0.606772756400906,0.732955156014115
"g2081",588.046107394271,2.27393989203369,0.539289191672064,4.21655009436282,2.48068200290706e-05,0.000294158978332885
"g2082",346.263984580053,2.90699240084601,0.472994659110583,6.1459307094763,7.94959837670121e-10,4.55171289911692e-08
"g2083",1077.62825984881,0.8628129817038,0.328358750127492,2.62765338633063,0.00859760707899804,0.0341180288837863
"g2084",0.627062157699607,2.83665941677305,3.98275452476818,0.712235564389487,0.476318917507013,NA
"g2085",23.6534842518679,0.774967759686614,0.692080811965327,1.11976484001328,0.262813985957853,0.418331396234739
"g2086",5.98100989702665,-2.92456111080701,1.46839675235381,-1.99166955805302,0.0464073259187987,0.120031270684466
"g2087",69.5855995057777,0.314067380771801,0.56900529725951,0.551958623732394,0.580976701810504,0.71166094769453
"g2088",0,NA,NA,NA,NA,NA
"g2089",0,NA,NA,NA,NA,NA
"g2090",0,NA,NA,NA,NA,NA
"g2091",1.79697369256355,4.39026309338871,3.15662207540072,1.39081048935242,0.164282901469834,0.300660214196847
"g2092",0,NA,NA,NA,NA,NA
"g2093",0,NA,NA,NA,NA,NA
"g2094",0,NA,NA,NA,NA,NA
"g2095",0,NA,NA,NA,NA,NA
"g2096",0,NA,NA,NA,NA,NA
"g2097",0.311477742487614,1.9096457584262,4.0448507323431,0.472117733086278,0.636842755642901,NA
"g2098",0,NA,NA,NA,NA,NA
"g2099",0,NA,NA,NA,NA,NA
"g2100",0,NA,NA,NA,NA,NA
"g2101",0,NA,NA,NA,NA,NA
"g2102",0,NA,NA,NA,NA,NA
"g2103",0,NA,NA,NA,NA,NA
"g2104",1023.22228594528,0.318832847468361,0.400694137837319,0.795701302717353,0.426205669492586,0.578669486221641
"g2105",0,NA,NA,NA,NA,NA
"g2106",1960.68105342817,1.11510697728401,0.387164630346394,2.88018814189285,0.00397437923373846,0.0190663104724167
"g2107",71.8321532369171,1.33055797339933,0.547498969165458,2.43024744946547,0.0150885174702055,0.0523138218171139
"g2108",1199.04570373306,0.943457628934823,0.332077279578499,2.84107852886636,0.0044961239405319,0.0207131778777607
"g2109",10.4698935350338,3.0671036754384,1.24353559358347,2.46643818742654,0.0136464279387873,0.0484025514855395
"g2110",2133.6507965112,-0.0906354578757884,0.373335189369011,-0.242772340933023,0.808181763382126,0.870750674095581
"g2111",0,NA,NA,NA,NA,NA
"g2112",1.15005395346762,3.74802564392436,3.94742089539115,0.949487207786837,0.342372875093529,NA
"g2113",0.862540465100711,3.33676713376048,3.96070357329312,0.842468281711407,0.399525886625943,NA
"g2114",0.303939898485185,-1.66762683618469,4.041298957816,-0.41264624408928,0.679865814870593,NA
"g2115",0,NA,NA,NA,NA,NA
"g2116",613.564104213353,0.0819601565566221,0.472363401370772,0.173510810360791,0.862249931319127,0.912327804838189
"g2117",42.6927220113942,0.929700671365608,0.571069262167641,1.62799984687792,0.103524918238217,0.216108266822278
"g2118",341.934853524514,0.765750083544148,0.358228219497309,2.13760402410146,0.0325488948693147,0.0916123389299251
"g2119",995.876577875837,0.330985360280519,0.338556644998804,0.97763657919545,0.328254099026326,0.487601152556107
"g2120",7.61450391924378,-1.70151111464639,1.2679746335955,-1.3419125821323,0.179624341631653,0.319708269544826
"g2121",0,NA,NA,NA,NA,NA
"g2122",0,NA,NA,NA,NA,NA
"g2123",6700.28721485814,1.25406910091833,0.817190710461882,1.53461007921825,0.124879635349113,0.249759270698226
"g2124",14.0855124025699,3.08381569742881,1.1134530964113,2.76959640901629,0.00561257911217846,0.0245580972506673
"g2125",0,NA,NA,NA,NA,NA
"g2126",0,NA,NA,NA,NA,NA
"g2127",0,NA,NA,NA,NA,NA
"g2128",0,NA,NA,NA,NA,NA
"g2129",0,NA,NA,NA,NA,NA
"g2130",0,NA,NA,NA,NA,NA
"g2131",0,NA,NA,NA,NA,NA
"g2132",0,NA,NA,NA,NA,NA
"g2133",0,NA,NA,NA,NA,NA
"g2134",0,NA,NA,NA,NA,NA
"g2135",0,NA,NA,NA,NA,NA
"g2136",0,NA,NA,NA,NA,NA
"g2137",0,NA,NA,NA,NA,NA
"g2138",0,NA,NA,NA,NA,NA
"g2139",0,NA,NA,NA,NA,NA
"g2140",0,NA,NA,NA,NA,NA
"g2141",0,NA,NA,NA,NA,NA
"g2142",0,NA,NA,NA,NA,NA
"g2143",2.38330516687994,-2.75369060122233,3.12381548277615,-0.881515126743375,0.378039070311111,0.534913451640375
"g2144",2.60591367569622,0.977793681410207,2.596988685428,0.376510566602281,0.706537361438869,0.802884001214137
"g2145",0,NA,NA,NA,NA,NA
"g2146",0,NA,NA,NA,NA,NA
"g2147",0,NA,NA,NA,NA,NA
"g2148",0,NA,NA,NA,NA,NA
"g2149",0,NA,NA,NA,NA,NA
"g2150",0,NA,NA,NA,NA,NA
"g2151",0,NA,NA,NA,NA,NA
"g2152",0,NA,NA,NA,NA,NA
"g2153",0,NA,NA,NA,NA,NA
"g2154",0,NA,NA,NA,NA,NA
"g2155",0,NA,NA,NA,NA,NA
"g2156",0,NA,NA,NA,NA,NA
"g2157",0,NA,NA,NA,NA,NA
"g2158",0,NA,NA,NA,NA,NA
"g2159",0,NA,NA,NA,NA,NA
"g2160",0,NA,NA,NA,NA,NA
"g2161",0,NA,NA,NA,NA,NA
"g2162",0,NA,NA,NA,NA,NA
"g2163",0,NA,NA,NA,NA,NA
"g2164",0.607879796970369,-2.66488483007045,3.97475680361111,-0.670452297269955,0.502569506008225,NA
"g2165",0,NA,NA,NA,NA,NA
"g2166",575.790225613873,1.1266679724367,0.423313997799366,2.66154197190212,0.00777836426528803,0.0313008875253759
"g2167",2501.44531765381,0.668705270190976,0.366260229290033,1.8257654441139,0.0678856005419474,0.157818179628749
"g2168",617.162674269427,-2.24462793392829,0.481011725674488,-4.66647238335159,3.0641480699987e-06,4.74731650275954e-05
"g2169",1692.00893479278,1.16309618389733,0.386626157676991,3.00832253794127,0.00262694174034646,0.0140759124268832
"g2170",915.811035094204,0.972014679109773,0.49390214864751,1.96803087771842,0.0490644850344181,0.124352457657937
"g2171",11.1088290946816,0.0143571873983822,1.20221435009064,0.011942285830559,0.990471661001385,0.992720431747833
"g2172",7.59070831877164,0.996033092916015,1.40932164746728,0.706746465369352,0.479724048477168,0.627464341971882
"g2173",2.01308966667809,3.48201786737428,3.26113544038534,1.0677317550978,0.285641529912584,0.444085047280697
"g2174",156.573671141151,-1.01842815858523,0.519621958293385,-1.95994057281586,0.0500027366624967,0.126044634303954
"g2175",181.504386207496,0.487616271504719,0.471526730579911,1.03412222442834,0.301079027690725,0.458830700754535
"g2176",0,NA,NA,NA,NA,NA
"g2177",91.8037742716894,-0.866988902977955,0.548709554874078,-1.58005067576583,0.114095261703215,0.232837988241591
"g2178",77.0148338544597,-3.08961361922853,0.588533342810284,-5.24968322860933,1.5236098423587e-07,3.9653430182946e-06
"g2179",25.6068201120161,-3.07625319023603,0.923318085404908,-3.33173717580435,0.000863057225662151,0.00576522226742317
"g2180",7312.49250796225,1.01293897214909,0.376929730062985,2.68734167501149,0.00720232374563787,0.0298211917071452
"g2181",25212.6899146358,0.999002839602315,0.652941013794399,1.53000473013154,0.126015558103645,0.25152906219094
"g2182",5415.69284466307,-0.0323969955932562,0.554057744931857,-0.0584722366749709,0.953372476570351,0.970812216995418
"g2183",585.186270771509,0.793493235163127,0.451371412747696,1.7579607674593,0.0787541849771965,0.175554378970302
"g2184",334.456304868196,0.469886666154085,0.375581191810976,1.25109211110489,0.210900873408637,0.357265723001614
"g2185",7.56794309573637,1.28165004581511,1.4482145456869,0.884986309267606,0.376164015404483,0.533120712072549
"g2186",2794.35619756012,2.44928045201149,0.335199816403538,7.30692659169857,2.73321776016961e-13,3.65157892758659e-11
"g2187",311.893379019184,-1.01891240770971,0.43934647027336,-2.31915464593524,0.0203866526468686,0.0651592534359245
"g2188",1411.35423453685,-1.43269211343804,0.509547650025822,-2.81169408467576,0.0049281349067854,0.0220939202532393
"g2189",0.575026976733808,2.75894514561069,3.98690172307533,0.692002295828488,0.488935887223169,NA
"g2190",0.288446423504808,-1.60235200175857,4.0474125936041,-0.39589539358816,0.692182199412767,NA
"g2191",0,NA,NA,NA,NA,NA
"g2192",0,NA,NA,NA,NA,NA
"g2193",5466.09339500871,-0.2969398304723,0.302418226114209,-0.981884704132087,0.326156652103746,0.485600245777049
"g2194",1.61820350233694,2.19466519074751,2.92181013809666,0.75113203357463,0.452573198880534,0.601430166151584
"g2195",283.251211422754,-0.282342145746058,0.555259105363382,-0.508487196371653,0.611111715996816,0.736863946364392
"g2196",147.76930926591,-0.0709333077934838,0.545987349777826,-0.129917493184317,0.89663170402769,0.929645514689758
"g2197",453.695455198621,-0.755957829795937,0.556771493495554,-1.35775239685825,0.174542264532251,0.312305980466635
"g2198",162.400969189384,-0.972633841738373,0.42233943621526,-2.30296713575816,0.0212806922459343,0.0671598539540983
"g2199",0,NA,NA,NA,NA,NA
"g2200",414.655331155803,-0.601136207375029,0.432400149829869,-1.39023126521013,0.164458662278258,0.300707262048931
"g2201",393.331871973455,-0.883265283803856,0.448843771723724,-1.9678679742214,0.0490832305426288,0.124352457657937
"g2202",286.153080551173,0.517497639159263,0.515464869044348,1.00394356674332,0.315405815509657,0.473108723264485
"g2203",178.109970179382,-0.789164015606339,0.413445532679933,-1.90874964953912,0.0562943949500134,0.137410435420008
"g2204",981.251786099706,-2.09231136068784,0.406117376070299,-5.15198679981046,2.57741181709282e-07,6.02388071033883e-06
"g2205",4515.20628353576,-0.722266320648524,0.401064407451129,-1.80087364331011,0.0717227980973315,0.164453646895941
"g2206",537.405708267034,-2.54114462230433,0.513083775484572,-4.95268948994616,7.31947224371965e-07,1.49675738534839e-05
"g2207",145.479211868359,-2.215471529375,0.505000271055575,-4.38706998066382,1.14887833648023e-05,0.000150480535052704
"g2208",5126.50235043291,-0.121994404948205,0.304867776703087,-0.40015513042238,0.689042260519941,0.79313078120733
"g2209",30.2478803279666,-0.665871673669469,0.686571091104934,-0.969851020959603,0.332120756885658,0.489030122556105
"g2210",9.08072547930061,6.72287418952972,2.07112595785912,3.2459996766585,0.00117038972404065,0.00732956564680459
"g2211",159.865940515159,-0.923859208168852,0.488944144273875,-1.889498461099,0.0588250687860542,0.142201975690293
"g2212",10.447101935124,1.69336582921299,0.961214459853723,1.76169408590741,0.0781209976203093,0.174921205844804
"g2213",142.473750092164,0.579539403032411,0.422110873327295,1.3729554002345,0.169766212194612,0.306220962410443
"g2214",87.8146556011261,0.813149354588822,0.457246111661571,1.77836253573365,0.0753443316140929,0.170225524864309
"g2215",1057.42521671932,-0.287039832443316,0.435942129743859,-0.658435633674516,0.510258244423382,0.652237159011496
"g2216",2.08165119406715,1.89616072061012,2.36580412895328,0.80148677458309,0.422849897495888,0.576849009245582
"g2217",9.11129464597793,2.34282673371525,1.18218900960364,1.98177001704723,0.0475049866606569,0.121894997782274
"g2218",1153.45771666508,-0.792089048509903,0.534549415252557,-1.48178826112019,0.138396643562013,0.266936355821246
"g2219",405.746440232845,1.52350494426002,0.539788074189967,2.82241312305069,0.00476637339927747,0.0215409549702583
"g2220",1716.88266755285,-0.243322067445791,0.310992926753183,-0.782403863605881,0.433977263917594,0.58565012585243
"g2221",0,NA,NA,NA,NA,NA
"g2222",0,NA,NA,NA,NA,NA
"g2223",0,NA,NA,NA,NA,NA
"g2224",0,NA,NA,NA,NA,NA
"g2225",0,NA,NA,NA,NA,NA
"g2226",0,NA,NA,NA,NA,NA
"g2227",0,NA,NA,NA,NA,NA
"g2228",0,NA,NA,NA,NA,NA
"g2229",0,NA,NA,NA,NA,NA
"g2230",0,NA,NA,NA,NA,NA
"g2231",0,NA,NA,NA,NA,NA
"g2232",0,NA,NA,NA,NA,NA
"g2233",16.2842526632184,5.61732207876104,1.41683665802872,3.96469278722401,7.34905323008014e-05,0.00073637513365403
"g2234",0,NA,NA,NA,NA,NA
"g2235",0,NA,NA,NA,NA,NA
"g2236",0.4713232864558,2.40017236107208,4.00912938875793,0.598676702179393,0.549388496226027,NA
"g2237",0,NA,NA,NA,NA,NA
"g2238",0,NA,NA,NA,NA,NA
"g2239",0,NA,NA,NA,NA,NA
"g2240",0,NA,NA,NA,NA,NA
"g2241",0.287513488366904,1.83172876717451,4.04938526566357,0.452347368057693,0.651018756811876,NA
"g2242",0,NA,NA,NA,NA,NA
"g2243",0,NA,NA,NA,NA,NA
"g2244",0,NA,NA,NA,NA,NA
"g2245",0,NA,NA,NA,NA,NA
"g2246",0,NA,NA,NA,NA,NA
"g2247",0,NA,NA,NA,NA,NA
"g2248",0,NA,NA,NA,NA,NA
"g2249",0,NA,NA,NA,NA,NA
"g2250",0,NA,NA,NA,NA,NA
"g2251",0.287513488366904,1.83172876717451,4.04938526566357,0.452347368057693,0.651018756811876,NA
"g2252",0,NA,NA,NA,NA,NA
"g2253",0,NA,NA,NA,NA,NA
"g2254",139.353727468321,1.97587147326638,0.61722094912624,3.20123851282671,0.0013683821166137,0.008128558895131
"g2255",33.7438853289956,1.8828251786519,0.790376617836704,2.38218734735002,0.0172101392737258,0.0576741122149607
"g2256",0,NA,NA,NA,NA,NA
"g2257",0,NA,NA,NA,NA,NA
"g2258",0,NA,NA,NA,NA,NA
"g2259",0,NA,NA,NA,NA,NA
"g2260",0,NA,NA,NA,NA,NA
"g2261",0,NA,NA,NA,NA,NA
"g2262",0,NA,NA,NA,NA,NA
"g2263",0,NA,NA,NA,NA,NA
"g2264",0,NA,NA,NA,NA,NA
"g2265",0,NA,NA,NA,NA,NA
"g2266",0,NA,NA,NA,NA,NA
"g2267",0,NA,NA,NA,NA,NA
"g2268",0,NA,NA,NA,NA,NA
"g2269",0,NA,NA,NA,NA,NA
"g2270",0,NA,NA,NA,NA,NA
"g2271",0,NA,NA,NA,NA,NA
"g2272",0,NA,NA,NA,NA,NA
"g2273",0,NA,NA,NA,NA,NA
"g2274",0,NA,NA,NA,NA,NA
"g2275",0,NA,NA,NA,NA,NA
"g2276",0,NA,NA,NA,NA,NA
"g2277",0,NA,NA,NA,NA,NA
"g2278",0,NA,NA,NA,NA,NA
"g2279",0,NA,NA,NA,NA,NA
"g2280",0,NA,NA,NA,NA,NA
"g2281",0,NA,NA,NA,NA,NA
"g2282",0,NA,NA,NA,NA,NA
"g2283",0,NA,NA,NA,NA,NA
"g2284",0,NA,NA,NA,NA,NA
"g2285",0,NA,NA,NA,NA,NA
"g2286",0,NA,NA,NA,NA,NA
"g2287",0,NA,NA,NA,NA,NA
"g2288",34.9619441471152,-3.01649538233769,1.05897067770021,-2.84851643757378,0.00439235843100086,0.0203286057638008
"g2289",1575.85185114445,-3.05432445809611,0.574740012200778,-5.314271484946,1.07084868482366e-07,2.93969967724194e-06
"g2290",52.0041015112808,0.179305010107296,0.601919284672605,0.2978887945164,0.765788040602902,0.840437696258607
"g2291",2034.62139047968,0.474671537709926,0.600423989846231,0.790560580085232,0.429200457818618,0.581513311768176
"g2292",890.874332602008,-1.05476917345333,0.4824151153583,-2.18643475271277,0.0287838133861045,0.0837195384989163
"g2293",0,NA,NA,NA,NA,NA
"g2294",64.0461342223667,-0.622924897322141,0.665926027070435,-0.935426566915448,0.349568510875385,0.508002389988594
"g2295",1117.9548078137,0.0324832493309657,0.442933769276843,0.0733365834445173,0.941538280685528,0.96267485433357
"g2296",0.575026976733808,2.75894514561069,3.98690172307533,0.692002295828488,0.488935887223169,NA
"g2297",1904.90912646018,0.668110273397136,0.370427065034144,1.80362164772046,0.0712906400701127,0.163649991638609
"g2298",1191.89933383184,1.05477335100742,0.367685875853189,2.8686806327817,0.00412187762390946,0.0197127674066054
"g2299",4.28092017812849,5.63930974221673,2.10929258736054,2.67355499943869,0.00750519682879924,0.0305993710382347
"g2300",1539.34060151429,0.211984796651876,0.435616528360157,0.486631665354561,0.626519379314022,0.750026783838291
"g2301",0,NA,NA,NA,NA,NA
"g2302",0,NA,NA,NA,NA,NA
"g2303",0,NA,NA,NA,NA,NA
"g2304",0,NA,NA,NA,NA,NA
"g2305",494.589929550846,-3.52944281623026,0.690089271101436,-5.11447281392594,3.14618396332429e-07,7.08421647472121e-06
"g2306",66.3701667203141,-5.48535640033259,0.915367446469342,-5.99251854704918,2.06615863444744e-09,1.00989802522748e-07
"g2307",0.774925434217821,1.90347800509684,3.98128228145392,0.478106768255002,0.632574215037141,NA
"g2308",440.969711897553,-0.3672255814887,0.398425667815297,-0.92169157550095,0.356689476120993,0.513509849243154
"g2309",18.5168164939326,0.379663947475561,1.01025437244836,0.375810249210248,0.707057967665534,0.802884001214137
"g2310",0.311477742487614,1.9096457584262,4.0448507323431,0.472117733086278,0.636842755642901,NA
"g2311",0,NA,NA,NA,NA,NA
"g2312",683.430528130682,-0.668235322046089,0.638997237511187,-1.04575619864771,0.295673608768705,0.452658450704726
"g2313",910.576952002211,-0.914580949336628,0.416718486309632,-2.19472132718651,0.0281835939038839,0.0825729856482212
"g2314",10899.9429985475,-0.851731411702962,0.443210932770446,-1.9217292461152,0.054639835242884,0.134353656229128
"g2315",0.288446423504808,-1.60235200175857,4.0474125936041,-0.39589539358816,0.692182199412767,NA
"g2316",33.5353636390999,-0.301381436312017,0.954413422196335,-0.315776611375043,0.752172071873215,0.833712849576285
"g2317",15.198696398783,-0.802503335809275,1.3355042526229,-0.600899124232048,0.547907176553578,0.683901265994064
"g2318",0,NA,NA,NA,NA,NA
"g2319",0.143756744183452,1.11606545129665,4.0804728567969,0.273513754524209,0.784458320715326,NA
"g2320",0,NA,NA,NA,NA,NA
"g2321",0,NA,NA,NA,NA,NA
"g2322",0,NA,NA,NA,NA,NA
"g2323",0,NA,NA,NA,NA,NA
"g2324",1.83871507891597,-0.948643528985548,3.3267522913897,-0.28515604586516,0.775524593217999,0.845566531452051
"g2325",0.143756744183452,1.11606545129665,4.0804728567969,0.273513754524209,0.784458320715326,NA
"g2326",26.0666583982535,-0.371243631807319,1.05746718573537,-0.351068701530585,0.725536807916231,0.817759146830217
"g2327",0,NA,NA,NA,NA,NA
"g2328",0,NA,NA,NA,NA,NA
"g2329",893.385540608716,0.603925463873912,0.343113778863962,1.76013177282909,0.078385466723723,0.175296722449286
"g2330",1291.61617328325,-0.974012252259091,0.349720654575344,-2.78511503257309,0.00535087364097956,0.0236714145177109
"g2331",5.3559076316475,4.09866263241887,2.10884382396275,1.94355911321922,0.0519486404021129,0.129483924584371
"g2332",19.2838927019072,2.30952817473573,1.08291447381293,2.13269674622032,0.0329496110102512,0.0920948602355821
"g2333",51.4702372998673,1.26568666022166,0.703601620488404,1.79886831321264,0.0720395140160853,0.164802723845017
"g2334",2724.07717007426,0.668047055197209,0.47391495794218,1.40963488069249,0.158647521997503,0.293293020371768
"g2335",1195.43769989067,0.706136944985371,0.35474491169703,1.99054848061767,0.0465305490438573,0.120031270684466
"g2336",0,NA,NA,NA,NA,NA
"g2337",0,NA,NA,NA,NA,NA
"g2338",15.5546822165966,-0.655859710633874,0.956995558678875,-0.685332031780046,0.493134423202117,0.638072847335328
"g2339",301.98640680744,-6.45815504889814,0.848869082393013,-7.60795178296778,2.7847368370559e-14,4.29277893958463e-12
"g2340",16.7686522045823,-7.44938635803741,1.71917959118641,-4.33310539296048,1.47020683230883e-05,0.000186474334933348
"g2341",221.112142874017,-2.67292453293876,0.479278054103621,-5.57698085704728,2.44728788203966e-08,8.31248290780928e-07
"g2342",949.745186400804,-2.85616606397408,0.570229956380597,-5.00879694588992,5.47713203970075e-07,1.14335131328753e-05
"g2343",14.475001220173,-5.43622261134433,1.40279914903698,-3.87526797052613,0.000106507425949413,0.00100725942513307
"g2344",1518.45805541417,0.0207235640514517,0.425494593175137,0.0487046472125715,0.961154672333026,0.976939722604897
"g2345",53.5288095589151,0.0128045502607082,0.593623224541364,0.0215701639210646,0.982790833734196,0.990874825342607
"g2346",161.490369367486,-1.53368803365366,0.48152150275914,-3.18508732188605,0.00144710335312647,0.00845696507889533
"g2347",0,NA,NA,NA,NA,NA
"g2348",371.468125226476,-0.269004872287125,0.664281151984468,-0.404956352417199,0.685509594798599,0.790426483300571
"g2349",218.914375386794,0.334807594980207,0.443791611228466,0.754425244887847,0.450593917611314,0.599924204326317
"g2350",1040.94034208319,0.527082586310319,0.336279699361917,1.56739341479859,0.117022762258103,0.237361959074128
"g2351",4.04081439916723,-5.39482432889618,2.06952365802778,-2.60679519558494,0.00913940071524901,0.0358628283978101
"g2352",12455.8551945818,0.832319649879121,0.417824878467474,1.99202989762591,0.0463677776136804,0.120031270684466
"g2353",478.2329667406,-1.98989306596149,0.505246097159546,-3.93846301267544,8.20052323589863e-05,0.00079775963906509
"g2354",12.4487732793969,-0.280443266399563,0.959397772017467,-0.29231177576099,0.770048256058781,0.842805409689676
"g2355",1349.48111457309,-1.39124737345392,0.541857320328988,-2.56755297244897,0.0102419139439757,0.0390948486547188
"g2356",60.5953863256152,-4.0579496586072,0.865530393354661,-4.68839649047935,2.75354131292365e-06,4.34495810322756e-05
"g2357",6387.78564437224,0.752104121142029,0.70366061664191,1.06884498486118,0.285139525253848,0.443648764447758
"g2358",0,NA,NA,NA,NA,NA
"g2359",821.991826905703,0.272312152388961,0.430808312724037,0.632095863394808,0.527324238068876,0.665608707640711
"g2360",0,NA,NA,NA,NA,NA
"g2361",476.571024166571,0.200030899335984,0.380309057084008,0.5259693283923,0.598909517819159,0.726962249369833
"g2362",609.022314215512,-0.705267792994859,0.530408623282359,-1.32966879126212,0.18362742180403,0.324792015265028
"g2363",0.862540465100711,3.33676713376048,3.96070357329312,0.842468281711407,0.399525886625943,NA
"g2364",0,NA,NA,NA,NA,NA
"g2365",35.0560836910704,-1.56788498432499,0.845736991369492,-1.85386828331362,0.063758006471639,0.150673402086279
"g2366",1.04224359046523,3.60580562837704,3.84106922204366,0.938750493660345,0.347858862069121,NA
"g2367",6.46502742863739,0.708821425154199,1.43045758976707,0.495520755193881,0.620232574953313,0.744279089943975
"g2368",1626.37341948644,-1.32896967828991,0.353701112650216,-3.75732399689725,0.000171740077227549,0.0015014288164748
"g2369",4.79369004859889,2.00124314586582,1.71263730116845,1.16851544953533,0.242598911079027,0.393977486063509
"g2370",3.74723139302784,-0.943670393040199,1.60946360730537,-0.58632602113951,0.557656447905406,0.691977412756924
"g2371",0,NA,NA,NA,NA,NA
"g2372",5671.53946030196,-0.698493597003795,0.469643498444952,-1.48728471556956,0.136939629601386,0.265146877025293
"g2373",0,NA,NA,NA,NA,NA
"g2374",103.055198873996,-0.988396286356658,0.599907566502307,-1.64758096337973,0.0994386894987939,0.209984334832016
"g2375",95.7640756158859,-2.52813202779456,0.619453713302871,-4.08122830407262,4.47983239952116e-05,0.000493273853222
"g2376",2555.2678797313,-2.57455549536598,0.777845040073609,-3.30985654304918,0.000933437987439231,0.00609319129260006
"g2377",9.36496864868487,2.1502652831323,1.29662790352651,1.65835185042995,0.0972464691226724,0.206661637456877
"g2378",4.98499191277454,-1.34711047472703,1.58816322267177,-0.848219160031162,0.39631592865057,0.550774702507449
"g2379",227.229988056625,-0.39720295820256,0.412115028474017,-0.963815757152381,0.335138305285953,0.491692069972856
"g2380",3.22525214423837,0.668647933960731,1.76761230286034,0.378277483630731,0.705224470345801,0.802884001214137
"g2381",12.7829472778326,-1.88242325295569,1.11269031375902,-1.691776435616,0.0906886081862851,0.195186314009229
"g2382",28.1796031931111,-1.78975906748029,0.881175278535301,-2.0311044931438,0.0422443957733226,0.111099434553463
"g2383",0,NA,NA,NA,NA,NA
"g2384",2881.76292427883,0.545790545219196,0.431419569233517,1.26510382036883,0.205834113585323,0.349865618002534
"g2385",0.431270232550356,2.35055464862069,4.01264666568427,0.585786600330994,0.558018929473669,NA
"g2386",59.6012840934614,4.75706605428867,1.10449126694808,4.30702007036536,1.65468601426967e-05,0.000204690788431877
"g2387",939.843152888067,-1.06547263570019,0.499303785846939,-2.13391659727333,0.0328496086055974,0.0920707911127514
"g2388",2176.16614717159,-0.553080961964003,0.365183881478071,-1.51452731080415,0.129892152444481,0.256457018225359
"g2389",1.83871507891597,-0.948643528985548,3.3267522913897,-0.28515604586516,0.775524593217999,0.845566531452051
"g2390",1357.10168888068,0.645093524286123,0.333584859189389,1.93382135464331,0.0531350962689383,0.131785560548208
"g2391",169.308885489555,0.0731560876366376,0.438704478145147,0.166754823078039,0.86756296682096,0.91487883646214
"g2392",14.3400410647355,4.90525603174922,1.33885705085916,3.66376382646786,0.000248535965647758,0.00203930985937435
"g2393",647.991168038666,-0.514615516307786,0.429562412622691,-1.19799940866754,0.230917247192268,0.378999314802052
"g2394",591.480966209708,0.234294930046374,0.325593312093927,0.719593804122074,0.471775127952865,0.62118091748853
"g2395",102.225701122652,-2.0167191906987,1.06436638219341,-1.89476032354828,0.0581241618452762,0.140847424834261
"g2396",0,NA,NA,NA,NA,NA
"g2397",3381.75757306071,-2.33148261567212,0.441659343160597,-5.27891609625552,1.29950288078977e-07,3.42658391197724e-06
"g2398",3605.6717580225,-1.80733744646066,0.489466311659214,-3.69246545351419,0.000222090517145555,0.00185445581816539
"g2399",471.203088964965,-0.243212185499867,0.439680938351442,-0.553156082708013,0.580156536546111,0.711090947546426
"g2400",155.704666329708,-0.696243728220235,0.587407852408923,-1.18528161543122,0.23590611992018,0.385608372202317
"g2401",13.5380629971832,-4.03609363116753,1.56801118555827,-2.57402094343512,0.0100524188058817,0.038592044611086
"g2402",97664.4211007302,1.54915831763051,0.763564995642728,2.02884931403451,NA,NA
"g2403",304.347210551087,1.95802758164256,0.481413793158634,4.06724445678141,4.75723310912657e-05,0.000519630267182169
"g2404",0,NA,NA,NA,NA,NA
"g2405",2375.51026370879,-0.555309027679573,0.624833082605674,-0.888731795960335,0.374147238592293,0.531389841345822
"g2406",5588.55513372937,-0.00341325390548663,0.581157588658595,-0.00587319854734232,0.995313892497353,0.995313892497353
"g2407",464.938291031246,0.435421711977412,0.51756424342363,0.841290173171829,0.400185394434722,0.554997598925386
"g2408",426.746422883832,0.127628291705625,0.38356944817484,0.332738418851986,0.739331746355889,0.826340473217533
"g2409",51.2758664287378,-0.589937276573996,0.739014895648993,-0.798275217519021,0.424710796255037,0.577814280852067
"g2410",832.960744455888,-1.06346511731893,0.563285258098715,-1.88796902107556,0.0590301094407073,0.142525710023105
"g2411",261.484313131565,-0.20998427650329,0.440670678022983,-0.476510661987677,0.633710613298423,0.755476543158857
"g2412",7.13092060718208,-0.712789135463539,1.30200864575801,-0.547453457998016,0.584067237292071,0.71457310350019
"g2413",119.078859922419,-0.525949470839625,0.616209296199773,-0.853524077100444,0.393368741499253,0.54751451348907
"g2414",19.2792917771945,-0.530480697026674,0.934641407464562,-0.567576712084402,0.570322423830665,0.703339161450248
"g2415",184.600845802233,-2.92885178142026,0.801862666114069,-3.65256035128042,0.000259638548416728,0.0021065410972758
"g2416",2705.45436889617,-0.33765112136125,0.410970615522586,-0.821594315038548,0.411307825895621,0.565869007477787
"g2417",8.65080624964291,3.71240018595394,1.46732335935236,2.53004912808891,0.011404655664978,0.0422728708677007
"g2418",7503.61937909282,0.336792960326763,0.316608713746047,1.06375139313729,0.287441336028313,0.445156443122673
"g2419",170.887938109267,0.221114304408725,0.439495935695128,0.503108871892067,0.614887729466332,0.740081086997315
"g2420",1375.62781115028,0.714664807071511,0.336357863375747,2.12471562251885,0.0336103490851667,0.0935488049537139
"g2421",1622.17933978968,1.67484516554806,0.514967339407515,3.25233279352244,0.00114461918873751,0.00721326054789302
"g2422",558.649603832778,-1.1559642182012,0.345982442139195,-3.34110659215515,0.000834451803201903,0.00562397636547238
"g2423",395.236625913376,-0.543285067747283,0.365817085793731,-1.48512764669942,0.137510013733502,0.265994273669824
"g2424",10.2811805365333,-1.43857939901867,1.29340775724513,-1.11223965602522,0.26603512159043,0.420784833202227
"g2425",8712.46995751801,-1.56457762239193,0.32292290671913,-4.84504997891884,1.26579810805376e-06,2.34875871161086e-05
"g2426",3724.31484159721,-0.140999962072901,0.501775865321374,-0.281001881153837,0.778708956991936,0.848115624897739
"g2427",638.21540205374,-0.493198812088383,0.52436053201235,-0.940571957610203,0.346924258128631,0.505626336938019
"g2428",0,NA,NA,NA,NA,NA
"g2429",0.349298613085505,-1.84277290181777,4.02615683814773,-0.457700227760017,0.647167824360132,NA
"g2430",0,NA,NA,NA,NA,NA
"g2431",3420.9569615146,2.47505906728326,0.516764516905649,4.78952982705498,1.67172549179763e-06,2.93871744347584e-05
"g2432",149.492594556901,-1.42178156612781,0.442754457333751,-3.21121909125369,0.00132173123041829,0.00795150201414855
"g2433",19.4149338594656,2.06826962400521,1.32325939918315,1.56301147400272,0.118049896044582,0.238961607750851
"g2434",113.01376427755,-0.838441246223294,0.597800714296442,-1.40254306522545,0.160753139896897,0.295821205099524
"g2435",2430.03470047408,0.996523788822048,0.498479351224715,1.99912751927173,0.0455945582860785,0.118510369397278
"g2436",582.690567324681,-0.976120219096273,0.464411449782578,-2.10184356900171,0.0355669811513444,0.0978096675876439
"g2437",17.6445124180317,-1.08762272822663,0.900969459050084,-1.20716936329155,0.227366926462011,0.37522575180032
"g2438",1709.39852850541,-0.0724800504625717,0.32660943077402,-0.221916587928291,0.82437881717416,0.883924638639388
"g2439",267.588514961702,-0.718735438143708,0.560533577085741,-1.28223440579683,0.199760430206587,0.342739642238014
"g2440",1098.83557451885,-1.2639774863582,0.472947910906552,-2.67255115671278,0.00752768958176132,0.0305993710382347
"g2441",3.74594625530013,5.44014885296186,2.59037137250463,2.1001424393066,0.0357163130136628,0.0979144887542823
"g2442",777.367827506567,1.59891743979609,0.618413576117302,2.58551477772345,0.00972337045914259,0.037544574952065
"g2443",0,NA,NA,NA,NA,NA
"g2444",667.885974360949,-3.31790520575858,0.593829298988793,-5.58730465372541,2.30620944288982e-08,7.96835124750206e-07
"g2445",94.6457458428473,-3.92315310706704,0.682039562131801,-5.75209023770517,8.81467246421378e-09,3.53292072365688e-07
"g2446",1969.98673396443,0.742467905023922,0.452212356292567,1.64185673985336,0.100619696938292,0.2118287267366
"g2447",437.268692125027,0.304401018537586,0.416923360953594,0.730112646701673,0.465321331593581,0.614297726293502
"g2448",130.140525580321,-0.938613013119924,0.501708082555427,-1.87083494517199,0.0613679623248103,0.147235712343733
"g2449",499.377689381757,1.1940734993698,0.410152902577705,2.91128867274949,0.00359941300669838,0.0175504225436096
"g2450",13585.4346088306,-0.618978183020633,0.559387173542538,-1.10652909522525,0.268497577888496,0.424010359407837
"g2451",0.607670903482611,0.120094790487574,4.00835111801357,0.0299611453567196,0.97609804076227,NA
"g2452",49.5220403536795,0.932724506039016,0.523205034174465,1.78271317192257,0.0746330060662059,0.168999484922798
"g2453",4535.88325984038,0.660700989357638,0.438155138768271,1.50791564653329,0.131576117575925,0.258508372178582
"g2454",118.135549488001,3.64565961599833,0.707996764930343,5.14926027431356,2.61515779341057e-07,6.02388071033883e-06
"g2455",1365.65143892749,-0.472847624561016,0.334632512640223,-1.41303551418327,0.157645282152186,0.29197887747965
"g2456",0,NA,NA,NA,NA,NA
"g2457",1189.81169775136,-0.103969368096333,0.329929649695154,-0.315125870598166,0.752666086566113,0.833799246809558
"g2458",275.825494784722,0.447573506506004,0.42487000990896,1.05343633597935,0.292141058154161,0.449654900569077
"g2459",8.50703889867661,0.797911541523303,1.18498966962356,0.673348943013807,0.500725322454175,0.64489302454895
"g2460",95.9029113570587,-1.41812887751708,0.634722909879895,-2.23424876500113,0.0254667094265385,0.0761720681951988
"g2461",256.390017701084,-1.17342082681237,0.592921262910473,-1.9790500024445,0.0478103768208024,0.122209177485827
"g2462",0,NA,NA,NA,NA,NA
"g2463",0,NA,NA,NA,NA,NA
"g2464",0,NA,NA,NA,NA,NA
"g2465",23.3712502118382,1.79968293824345,0.820812975175055,2.19256151239523,0.0283389866567051,0.0829070500146527
"g2466",465.986257085684,0.873371749994823,0.371269045289629,2.35239581935386,0.0186529141142316,0.0613800326517571
"g2467",81.5683267942424,1.26753266871978,0.651087493674643,1.94679314383082,0.0515595392734772,0.128834559481357
"g2468",7062.98945231501,-0.0246231053468537,0.53356717253233,-0.046148088965053,0.963192217359569,0.977830396954699
"g2469",995.768733781399,-0.561429463978026,0.419518068860429,-1.33827242650855,0.180807646856869,0.321222096011671
"g2470",57.3925115490038,-0.111999984370509,0.578749829215311,-0.193520548459362,0.84655131487186,0.900949992035691
"g2471",0.4713232864558,2.40017236107208,4.00912938875793,0.598676702179393,0.549388496226027,NA
"g2472",0,NA,NA,NA,NA,NA
"g2473",0,NA,NA,NA,NA,NA
"g2474",50.8593785664447,1.00611329068924,0.866202177745255,1.16152246731609,0.245429491806433,0.395688416395891
"g2475",598.838121557273,-0.322410309502605,0.518821940339076,-0.621427669947601,0.534318271031264,0.670910911746023
"g2476",10371.1480107346,3.12448782000753,0.486440483875779,6.42316567715079,1.33469088067875e-10,9.55257330314366e-09
"g2477",3583.58456384086,1.04218148686365,0.411958159926213,2.5298236283275,0.011411987594524,0.0422728708677007
"g2478",315.126792352699,-0.086893994976368,0.386911892798197,-0.224583417035696,0.822303366649525,0.882171277711803
"g2479",0,NA,NA,NA,NA,NA
"g2480",15.4756504117102,-1.09776278239844,1.52962611181178,-0.717667391999596,0.472962393582909,0.621697339456161
"g2481",338.516126854576,0.184676149928187,0.463675464090533,0.398287518384042,0.690418259945772,0.794258434518557
"g2482",40.7029266409762,0.240017235448502,0.568559045880916,0.422150060204606,0.672915490398065,0.783114194400535
"g2483",0,NA,NA,NA,NA,NA
"g2484",596.063243627592,1.0829769976851,0.413530508464035,2.61885634921489,0.00882250909292496,0.0348037563429559
"g2485",97.0283607856682,0.401100884380187,0.52276020398485,0.767275093480167,0.44291797356446,0.592564378576736
"g2486",37.3701536403563,-0.235592620529691,0.741252215814918,-0.317830578449854,0.750613454214955,0.832445690230642
"g2487",6.93410453905838,-0.745007597154514,1.13168200176623,-0.658318852815341,0.510333266132748,0.652237159011496
"g2488",3.79331341305176,0.924159989259141,2.0229233012311,0.456843810487883,0.647783313621375,0.765423207840351
"g2489",6813.49276452869,-1.69922866816788,0.573969126298012,-2.96048792576627,0.00307152161208165,0.0155831121787636
"g2490",957.046959657415,-0.89698586968332,0.444195957228524,-2.01934721621487,0.0434511435968188,0.113528150936147
"g2491",537.062838138662,-1.70406863324934,0.44454954193144,-3.83324797916933,0.000126462354967261,0.00114674461246331
"g2492",13649.6624033349,-0.43257486802467,0.722828150245358,-0.598447733223777,0.54954122394342,0.684876002974262
"g2493",67300.1313175879,0.79062292581378,0.572709858786288,1.38049470195834,0.16743437977908,0.303813498871032
"g2494",176.490247035017,1.50388910369427,0.640424747596084,2.3482682537477,0.0188609321088128,0.0619627999115753
"g2495",1525.16839794663,0.0554339459077566,0.758613904337528,0.0730726731883002,NA,NA
"g2496",6358.92451751168,-1.27244388180531,0.361673761037525,-3.51820900182273,0.000434470031921143,0.00317765672981741
"g2497",12.332928072065,4.1114116809455,1.44306930209224,2.84907431332961,0.00438466376415221,0.0203286057638008
"g2498",263.847796028194,-0.4847086923607,0.433264226273345,-1.11873693457188,0.263252383374457,0.418696647843184
"g2499",47.7552339062825,-0.229885610300298,0.566102458302424,-0.406084811907827,0.684680284963667,0.790426483300571
"g2500",2598.10854134483,0.297293332647571,0.386002197554397,0.770185596173128,0.441189806849257,0.591866065711694
"g2501",510.230669332888,-1.39062850724692,0.51532242825606,-2.69856002959748,0.00696401768825858,0.0290386664817502
"g2502",1431.36549389955,0.946476884201734,0.385402867999611,2.45581173049986,0.0140566778511459,0.0493337695511322
"g2503",3113.56802489587,-0.77714198636209,0.447365844707029,-1.73715091475306,0.0823605363476122,0.182174961192732
"g2504",1296.7947889633,-0.105771298346243,0.737693462075795,-0.143381097683329,0.885989210587561,0.923788958385782
"g2505",15.8333821948318,0.0342987245287908,1.07726327677657,0.0318387577746275,0.974600638058666,0.98591604173123
"g2506",19.2626341527882,2.13324051864025,0.952442812699403,2.23975706488271,0.0251066986406181,0.0756232518548547
"g2507",1997.92384612805,-1.16740060837915,0.802568196678196,-1.45458119722534,0.145785239544637,0.27600222327258
"g2508",118.01146043476,-1.51151976915206,0.822054683674875,-1.83870951552156,0.0659579230846968,0.154596114458166
"g2509",1.09427877143103,3.65923274372954,3.80978870698147,0.960481807566904,0.336812782718684,NA
"g2510",2104.36361795185,1.46355467576172,0.440133187751876,3.32525407419809,0.000883379937148596,0.00582333353304535
"g2511",212.434136460011,1.60227224027917,0.762265238108316,2.10198781234662,0.0355543434358843,0.0978096675876439
"g2512",0.576892847009617,-2.59491561913439,3.97810376594276,-0.652299631133285,0.514207897963865,NA
"g2513",223.896097117224,-1.84925969681956,0.720933312204713,-2.56509120263047,0.0103148688363926,0.0392800266478353
"g2514",86649.4710719023,-0.46383657514034,0.675478751432878,-0.686678262130991,0.492285498315591,0.638072847335328
"g2515",48.0709289870041,0.539286355427899,0.787019143466734,0.68522647753192,0.493201018224762,0.638072847335328
"g2516",415.751067558144,1.31695588999559,0.436666466913828,3.0159308987092,0.00256191637318315,0.0137642906484157
"g2517",2645.71728867256,0.579332792606013,0.365158128764019,1.58652580066321,0.112620084155888,0.230061823290927
"g2518",2616.15522618663,-1.5946522587814,0.383678888033686,-4.15621580575836,3.23562211946344e-05,0.0003705249558517
"g2519",1102.28203955454,0.462596613456789,0.454071434039292,1.0187749741085,0.308309809291504,0.46537200359593
"g2520",43.6882976175165,1.32336135717179,0.818477981603411,1.61685639310578,0.105909283163743,0.219258474648905
"g2521",502.065213429039,3.39749448397819,0.703282745810441,4.83090834265104,1.35911564871969e-06,2.49877776149932e-05
"g2522",8042.01550326598,1.41667702470557,0.808437397343991,1.75236453602946,NA,NA
"g2523",418.979560524691,1.08399055267735,0.873441275353868,1.24105716464817,NA,NA
"g2524",0.934433227462843,3.44590313768905,3.95680839288598,0.870879455240874,0.383819975593458,NA
"g2525",2489.93715322874,1.87106568967544,0.575875379064882,3.24908089092767,0.00115778549346179,0.00727336090563458
"g2526",2.11975251565375,-1.90561327299155,2.73991561231536,-0.69550071703895,0.486741561985416,0.632727559941334
"g2527",6.03310205897712,2.54836999260427,1.64148742050449,1.5524761023274,0.120548346487096,0.242792850613206
"g2528",1633.57862998465,0.536757853803351,0.501628369753142,1.07003089571568,0.284605402166203,0.443180827398361
"g2529",552.993467257242,-1.89998657375411,0.533805593067806,-3.55932309145507,0.000371811891267981,0.0028331217874564
"g2530",0.2356616432279,1.11606545129665,4.0804728567969,0.273513754524209,0.784458320715326,NA
"g2531",0,NA,NA,NA,NA,NA
"g2532",0,NA,NA,NA,NA,NA
"g2533",527.740434503159,-0.420244220131434,0.430432381708684,-0.976330401683986,0.32890075892307,0.487601152556107
"g2534",524.159476299464,-1.82836034561075,0.573036853079153,-3.19065054155985,0.00141952865555346,0.00836686889920334
"g2535",44.4340451549314,-1.32784823696794,0.970824181151195,-1.36775356727661,0.171389226312163,0.308039470430112
"g2536",1398.58924404808,-0.982548907119161,0.472920108691104,-2.0776213340527,0.0377442496428855,0.101665962747772
"g2537",29.2026620858306,-0.933401274511012,1.02334445279153,-0.912108598395029,0.36171155244943,0.517764250791899
"g2538",0,NA,NA,NA,NA,NA
"g2539",0,NA,NA,NA,NA,NA
"g2540",3146.98882740989,1.11756418664498,0.381276268919418,2.9311139395386,0.00337748878442885,0.0166711515369345
"g2541",21.5152439083177,1.12077113680289,1.02395072476309,1.09455573368747,0.273711317720112,0.429837013492554
"g2542",0.893433027460012,2.11488089732402,3.97123950887092,0.532549319324564,0.594345592814231,NA
"g2543",1969.54239930944,-0.636149775629795,0.46033396614025,-1.38193099449885,0.166992890071579,0.303813498871032
"g2544",0.311477742487614,1.9096457584262,4.0448507323431,0.472117733086278,0.636842755642901,NA
"g2545",702.862116754018,0.132028111888362,0.338385661285389,0.390170527281921,0.6964104538076,0.798340564082527
"g2546",1991.94317476224,-2.3167620178178,0.438644842947241,-5.28163514302721,1.28035985163195e-07,3.42112152356057e-06
"g2547",0.287513488366904,1.83172876717451,4.04938526566357,0.452347368057693,0.651018756811876,NA
"g2548",0,NA,NA,NA,NA,NA
"g2549",102.439541048589,-0.981672143090008,0.744828352286301,-1.31798439207731,0.187508872811214,0.329331972930476
"g2550",0,NA,NA,NA,NA,NA
"g2551",224.739502151163,0.219845817090741,0.461881521839371,0.475978809923461,0.634089474338838,0.755478779176594
"g2552",367.472269089299,-1.40694235230138,0.442622297034358,-3.17865223177442,0.00147961498325949,0.00856979314003471
"g2553",36.2747680643928,-2.29440058277989,0.845136399114479,-2.71482873673875,0.00663100522957914,0.0279170892438584
"g2554",218.143374866352,-0.141101846403747,0.433452590846924,-0.325530056535242,0.74477993845453,0.828727927075446
"g2555",0.155738871243807,1.11606545129665,4.0804728567969,0.273513754524209,0.784458320715326,NA
"g2556",1571.08934701521,-0.720100963195721,0.507963108553721,-1.41762453034434,0.156300414445693,0.290443417380287
"g2557",1608.11705587789,0.871531596588724,0.410674577545281,2.12219514974147,0.0338213536907691,0.0939649275512794
"g2558",0.349298613085505,-1.84277290181777,4.02615683814773,-0.457700227760017,0.647167824360132,NA
"g2559",19.9692206756531,0.234763026084241,0.807155816558538,0.29085217657874,0.77116437831556,0.843106063363002
"g2560",1886.83564065322,1.78112681856502,0.364578683870498,4.88543871971871,1.03198800533655e-06,1.96962282161376e-05
"g2561",21.2984656493903,-0.324577458866235,0.784394384249428,-0.413793705543694,0.679025194144552,0.788393099111055
"g2562",327.384392968857,-1.63187045415528,0.43088519494293,-3.78725115949139,0.000152323109501023,0.00135068810371703
"g2563",0,NA,NA,NA,NA,NA
"g2564",1915.1589292217,-0.319809618469146,0.501401672084147,-0.637831176628932,0.523583582579662,0.662831016733824
"g2565",1199.49308834761,-0.598296874815067,0.42185794147486,-1.41824253141557,0.156119968528474,0.290443417380287
"g2566",2302.03073438517,-1.1665416699821,0.331054845335594,-3.52371121105195,0.00042554778370456,0.00314685519757911
"g2567",22.3549461412073,-1.69387490295801,0.775987884330378,-2.18286256417483,0.0290459326210923,0.0842115229629245
"g2568",1971.84691224715,0.662252328654958,0.525264272601287,1.26079835084777,0.207381508134706,0.351601135619248
"g2569",7.49618169993787,1.48213400979468,1.31849317536842,1.12411200716343,0.260965512129387,0.416050028884083
"g2570",166.167751260749,1.43387705415556,0.512502664251329,2.79779434171368,0.00514528624016513,0.0228628683487604
"g2571",85.5615112513523,0.997247028803028,0.657396219513602,1.51696495842473,0.129275531452484,0.256003753181318
"g2572",543.421834985461,1.05827185447656,0.562388437444908,1.88174539875782,0.0598705925012678,0.144381067836992
"g2573",261.988108669454,0.191912350467297,0.466506170561968,0.41138223367145,0.680792279197755,0.789529934902953
"g2574",2.13652236189626,4.63367383794328,2.54657964907272,1.81956760693918,0.0688248784524524,0.159635481966105
"g2575",92.101631082296,-0.421450893437586,0.484478293623571,-0.869906658326048,0.384351416463724,0.5401404197709
"g2576",3310.54132696666,-0.831695554742176,0.391072521257716,-2.12670415212858,0.0334446723154828,0.0932171395274376
"g2577",92.3133253579835,0.887860170570766,0.565549476458008,1.56990715672016,0.116436712381386,0.236652303866427
"g2578",1119.97288666934,0.548046504399265,0.565956697897737,0.968354127506574,0.332867540858412,0.489769861879777
"g2579",1383.61973266373,-0.266583804823492,0.323899382937462,-0.823045114831119,0.410482338473465,0.565869007477787
"g2580",392.184439217911,1.11609945801464,0.478935065700459,2.33037741010321,0.0197862126414536,0.0639541453765694
"g2581",2538.58209247093,1.02354000411115,0.399249056265052,2.5636629268114,0.0103574076759751,0.0393110700429056
"g2582",1400.66345655656,-1.90454765178928,0.545512689797991,-3.49129852963558,0.000480678837814228,0.00344028711064183
"g2583",13.2908725366853,1.1957507479307,1.04640885563932,1.14271849047009,0.25315549017668,0.404887152684809
"g2584",2375.58239110341,0.635047082014215,0.340305175340391,1.86611056202424,0.0620258985663873,0.147800119770559
"g2585",4977.34161721309,-0.628046049613717,0.683243918736088,-0.919212059399695,0.357984664634424,0.514266141883431
"g2586",968.502654368689,-0.102673486718091,0.342934009736275,-0.299397212883755,0.764636988493101,0.840437696258607
"g2587",32490.1844089538,0.0828472970995724,0.681570732768579,0.121553483910675,0.903252654677721,0.934978471061029
"g2588",53.7488532765841,-0.190415332206864,0.592530019772637,-0.321359806005997,0.747937739140128,0.831343810492083
"g2589",2028.85592361544,1.10463195999318,0.359432100455826,3.07327019092703,0.00211726692546139,0.0116246655304784
"g2590",656.608760592588,-1.56993175853703,0.365319956416622,-4.29741581581334,1.7280085475547e-05,0.000212449639834332
"g2591",146.35016920021,-2.02293771134537,0.729276197029191,-2.77389789984383,0.00553890587503124,0.0243028312412483
"g2592",0,NA,NA,NA,NA,NA
"g2593",2.29777041373646,-1.47904150802139,2.13791390307527,-0.691815281192507,0.489053338859347,0.63434491331659
"g2594",13877.5072383107,0.359422730511539,0.425248888817346,0.845205572461635,0.397996071597502,0.552726353070959
"g2595",29.5538867901958,-3.22797305309189,1.24766660194566,-2.58720803142286,0.00967571563375115,0.0375050950290857
"g2596",2.08884560194535,-4.4452403223611,3.03119000357799,-1.46650006008003,0.142512104844111,0.271477431661215
"g2597",153.432269781245,-1.0206149823962,0.608010381001685,-1.6786144024626,0.093227217804436,0.199388841494226
"g2598",343.936916369133,-0.27379827667563,0.355996879412281,-0.769103024519897,0.441832152846654,0.591866065711694
"g2599",123.77130383632,1.91463086500554,0.545231184143513,3.51159456884913,0.000445426954113919,0.00323418701465324
"g2600",262.43304599641,0.789590052734489,0.399108491470422,1.97838449847416,0.0478853471426327,0.122244886208708
"g2601",4938.45009586734,0.0846439725401468,0.474950518812025,0.178216401893535,0.858553029071085,0.908896075149738
"g2602",0.143756744183452,1.11606545129665,4.0804728567969,0.273513754524209,0.784458320715326,NA
"g2603",940.078163027786,-2.45961074772401,0.537845343821517,-4.57308179010699,4.80602421603156e-06,7.12782915559153e-05
"g2604",37.8362605635355,-1.38109049634479,0.853693891562632,-1.61778186536722,0.105709615903505,0.21907495594932
"g2605",1.60575490770763,3.13656159469014,2.96757692468735,1.05694365278184,0.2905373042926,0.448564528353135
"g2606",25.0664324029893,0.654602178723843,0.715099148316069,0.9154005850312,0.359981371376947,0.51631000489519
"g2607",166.449869898383,-0.463493218044329,0.646640353897423,-0.716771255073656,0.473515250966558,0.621697339456161
"g2608",1999.47010333465,0.893186254438834,0.381406715072967,2.34182099879379,0.0191899160770745,0.0626328856978132
"g2609",35.6632093974523,2.11517111716308,0.747222900960588,2.83070970448568,0.00464448537200493,0.0211265305045733
"g2610",1309.49032865404,-1.3054945996641,0.531118307954822,-2.45801091792744,0.013970892671963,0.0491187173940593
"g2611",5024.07193340094,-0.262876531568195,0.887592186128509,-0.296168145322243,NA,NA
"g2612",3894.2756530256,0.653587900054439,0.366238508936918,1.78459633300608,0.0743268166545174,0.168687361920332
"g2613",550.261329123696,-2.48744312982813,0.556145827905835,-4.47264549155137,7.72578004283643e-06,0.000107490077999416
"g2614",13.6434794712072,-0.583926379912986,1.34400805834887,-0.43446642770159,0.663949768938035,0.77764777145051
"g2615",1296.26808648404,-0.175293837095591,0.361952830568849,-0.484300224479794,0.62817281665848,0.751108785551071
"g2616",196.914714469957,-1.01953153802121,0.45584630278665,-2.23656862365379,0.0253145475295873,0.075943642588762
"g2617",232.881637500541,-1.20993624133551,0.520886406204843,-2.32284088607928,0.0201877017384906,0.0648335805832296
"g2618",486.523891362938,-0.735532335039389,0.458797788533291,-1.6031732354046,0.108896412770118,0.224284081388815
"g2619",1388.27219859667,0.695035915029204,0.335755482720331,2.07006571984451,0.0384461905210193,0.102865374905371
"g2620",6.71152969419416,2.18147595751753,1.48812467225583,1.46592284785565,0.142669306695132,0.271518794508114
"g2621",151.558558112114,-0.225567790685602,0.525559941850565,-0.429195173991663,0.667781194774977,0.780283096554798
"g2622",16.1781951276829,-0.287499906341118,1.02616631010072,-0.280168919512569,0.779347910778005,0.848350468875134
"g2623",691.997273832453,-1.26724738045977,0.341021752914522,-3.71603092655913,0.000202376822233801,0.00171848793117177
"g2624",544.443737007477,-2.14926702334303,0.482011797771339,-4.45895107397893,8.23617167941605e-06,0.000111522216523985
"g2625",17.0696742809275,-0.205533225345463,1.00886609768856,-0.203726962196832,0.838566871256382,0.89481252976893
"g2626",2681.12520407552,-0.998243607204055,0.78736663735644,-1.26782563527917,0.204860225335718,0.348505850231561
"g2627",7504.30869986792,3.55552819705386,0.460767978544212,7.71652624014257,1.19542975447246e-14,2.17785566178438e-12
"g2628",1074.58407848506,0.708754884339066,0.449937083512966,1.57523109410172,0.115203112412286,0.234696784242083
"g2629",481.450600351177,-0.679639644771917,0.35422345586901,-1.91867487460583,0.0550254931944555,0.135136137698148
"g2630",89.9292166351781,-0.9646094734286,0.499797339924587,-1.93000121524086,0.0536066871800514,0.132626914949164
"g2631",891.141157353633,-1.01116343078055,0.456561529870529,-2.2147363819008,0.0267781641169137,0.0792665301186042
"g2632",2.44389343165949,4.83194813468572,2.88425902763575,1.67528231285333,0.0938788540398116,0.20056846854561
"g2633",1195.76180854577,-1.42300170496557,0.507963286905318,-2.80138691446576,0.00508834713587864,0.0226601059117795
"g2634",752.953401751809,0.699432661273041,0.740327016905788,0.944761767841913,0.344780514626194,0.502867650153489
"g2635",0,NA,NA,NA,NA,NA
"g2636",2113.10410047719,-4.00330968605669,0.745183652092907,-5.372245720653,7.77620428346183e-08,2.29169314471434e-06
"g2637",191.363033544494,-0.655971205977378,0.621863234113212,-1.05484802765805,0.2914948350393,0.449403471104828
"g2638",6.85218736021438,2.75218863714716,1.65771541579151,1.66022986269515,0.0968682192475951,0.206233813758487
"g2639",1733.46658391553,0.967444229112363,0.56768105122285,1.70420384303541,0.0883430115043326,0.191681018069801
"g2640",2114.17274167575,0.15967948608867,0.350715894522848,0.455295835125795,0.64889642215911,0.766286641135448
"g2641",104.852194188855,-0.033969146694834,0.494129237719802,-0.0687454700142564,0.945192223953539,0.964933885279109
"g2642",44.8099665333857,0.16913644498223,0.734331413307823,0.230327127393813,0.817837582596,0.878320747868372
"g2643",58.3541332243315,1.9876625241072,0.512910238130303,3.87526388896578,0.000106509211274049,0.00100725942513307
"g2644",604.728996008212,0.105053816081111,0.384059755557698,0.273535080312076,0.784441929953345,0.852044242615991
"g2645",642.084439318097,-0.914585631458869,2.18869338433387,-0.417868321805716,NA,NA
"g2646",7.8694248853237,0.0391685849603817,1.54546160287805,0.0253442627674732,0.979780368674281,0.99015625760124
"g2647",544.339945912056,-2.70252613725579,2.88522142517311,-0.936678936901227,NA,NA
"g2648",9.05140416002321,2.30600111271281,1.55886657455624,1.47928061987554,0.139065330297132,0.267710779937995
"g2649",1124.61447933234,0.119777302827665,0.391404813387108,0.306018982728255,0.759590192556812,0.838419112868135
"g2650",3.04912885385734,-1.31086597369305,2.45872016872981,-0.533149721698608,0.593929942471434,0.723547480068543
"g2651",17.8769780843761,2.25626290972403,0.85807236148221,2.62945528955929,0.00855217769012735,0.034005087482173
"g2652",0.143756744183452,1.11606545129665,4.0804728567969,0.273513754524209,0.784458320715326,NA
"g2653",96.1035460356351,-2.09492439272923,0.869095548883381,-2.41046498905765,0.015932200387304,0.0543920435709664
"g2654",950.237387955189,-0.117876549674275,0.380382470810794,-0.309889542025999,0.756644955859552,0.836999869699163
"g2655",578.511341982455,-0.982830520096959,0.407301225246504,-2.41303109142904,0.0158204699563385,0.0542791596184246
"g2656",0,NA,NA,NA,NA,NA
"g2657",1.77489276523292,-1.0134053018142,2.92276632018632,-0.34672813040681,0.728795574712162,0.819885866832858
"g2658",2258.71988170956,0.218373053800019,0.34538008799703,0.632268800052819,0.527211247225301,0.665608707640711
"g2659",43.5617089608576,1.88918674648968,0.660751580122259,2.8591482840497,0.00424780172142381,0.0200296344699607
"g2660",306.853002211461,-0.458650288727772,0.354562432055151,-1.29356707666206,0.195815000811996,0.338287294506241
"g2661",446.977909391536,-0.665520399219474,0.457609240218337,-1.45434213457302,0.145851474274282,0.27600222327258
"g2662",3321.91304286763,0.886967285855836,0.4638588934614,1.91214892795765,0.0558570946524234,0.136509289857874
"g2663",289.144112047207,0.513959490999471,0.506426302455429,1.01487519212078,0.310165325051263,0.467346850678746
"g2664",110.977898751309,-0.304214208903862,0.564464746552068,-0.53894279627222,0.589926326202075,0.719690887881679
"g2665",807.076260132155,-2.04696355885366,0.391524363222673,-5.22818948482519,1.71178028068715e-07,4.2880096031213e-06
"g2666",1604.38936471923,2.00996954248749,0.388558100604015,5.17289316414452,2.30496818824394e-07,5.633117377123e-06
"g2667",245.673780611623,0.417332368558726,0.454390157208538,0.918445001367393,0.358385940112556,0.514473799416592
"g2668",3592.61535273831,1.18839872048823,0.330875505787907,3.59167934676312,0.000328553952249702,0.00258204753062119
"g2669",494.784379960898,-0.276509814399431,0.490574096009674,-0.563645362950388,0.57299550805134,0.70576705478481
"g2670",1784.88189826123,-0.747197961932496,0.499653711697357,-1.49543162482315,0.134801832174009,0.262965345144725
"g2671",0,NA,NA,NA,NA,NA
"g2672",321.084000659014,-1.20422414129285,0.384616970965863,-3.13096985364106,0.00174230044586225,0.00978030838517632
"g2673",312.02257423852,-1.25546747961478,0.37568412405475,-3.34181669979703,0.000832320054857494,0.00562397636547238
"g2674",792.154325440105,-1.3888725442434,0.465684119989037,-2.98243484075878,0.00285965513325916,0.0150188830806434
"g2675",7125.61402042041,-0.0549889005701485,0.52902883113436,-0.103943107320332,0.917214497668552,0.945037456723793
"g2676",6081.17878937869,0.252828636263012,0.525926723994143,0.480729776085361,0.630708565680734,0.752793308888738
"g2677",0.143756744183452,1.11606545129665,4.0804728567969,0.273513754524209,0.784458320715326,NA
"g2678",12.0263030302624,-0.633536008604331,1.26712891126853,-0.499977550011145,0.617090885266018,0.74184171210144
"g2679",12.6702350951591,-1.07669835829261,1.13030459172274,-0.952573639156477,0.340806138735049,0.498273389529025
"g2680",333.398015315745,-0.869175173225063,0.423988282681445,-2.04999809836278,0.0403646163812078,0.10657535076145
"g2681",82.886477471956,-3.36802513794143,0.747741976425976,-4.50426115441555,6.66042597700529e-06,9.60251342296302e-05
"g2682",0,NA,NA,NA,NA,NA
"g2683",926.036810923126,0.57212701705889,0.438190325508569,1.30565871438369,0.191668643793601,0.333713259915184
"g2684",127.295894402856,1.05466307933827,0.468512535859571,2.2510882817752,0.0243799464653633,0.0741791984247711
"g2685",24.9589843253344,-0.898708923512939,0.856056640860185,-1.04982413618087,0.293798976119561,0.450821706082389
"g2686",0,NA,NA,NA,NA,NA
"g2687",22.5772162141073,0.541770116342859,0.943228198025373,0.574378625953976,0.565711613479097,0.698943325161597
"g2688",0.311477742487614,1.9096457584262,4.0448507323431,0.472117733086278,0.636842755642901,NA
"g2689",441.988117996321,-1.4638805088954,0.496204927707712,-2.95015310641512,0.00317616490767763,0.0159896174998557
"g2690",75.5083213728038,-2.11714768807825,0.653479133525423,-3.23980916828446,0.00119609719855461,0.00744403349659454
"g2691",0.144223211752404,-0.807487900345844,4.0804728567969,-0.197890766262738,0.843130528772266,NA
"g2692",0,NA,NA,NA,NA,NA
"g2693",0,NA,NA,NA,NA,NA
"g2694",0,NA,NA,NA,NA,NA
"g2695",0,NA,NA,NA,NA,NA
"g2696",1.48871254246517,-3.95694061526473,3.39247252954532,-1.16638840279572,0.243457445269357,0.394412870104924
"g2697",0,NA,NA,NA,NA,NA
"g2698",0,NA,NA,NA,NA,NA
"g2699",0,NA,NA,NA,NA,NA
"g2700",1.19798246170904,3.80610767705494,3.64580710867903,1.04396847216473,0.296499976591053,NA
"g2701",28.126248035984,0.537765589232534,0.732880792959495,0.733769522135989,0.463089218774406,0.612966178615529
"g2702",54.1617783371583,2.06229960074288,0.647552657745247,3.18475968876991,0.00144874259564276,0.00845696507889533
"g2703",31.9493809636946,1.84309160871697,0.777206381462421,2.37143138898183,0.0177193361942247,0.0589859630120037
"g2704",103.412385820477,1.33957731484816,0.559019555034618,2.39629777309885,0.016561629600247,0.0559688123421502
"g2705",216.405497989971,-0.189098524686835,0.475750554393763,-0.397474102637249,0.691017880117102,0.794492158206927
"g2706",0.155738871243807,1.11606545129665,4.0804728567969,0.273513754524209,0.784458320715326,NA
"g2707",562.533486733296,0.9427537138565,0.449833517042421,2.09578361357986,0.0361013906170641,0.0987001184128193
"g2708",0,NA,NA,NA,NA,NA
"g2709",0,NA,NA,NA,NA,NA
"g2710",0,NA,NA,NA,NA,NA
"g2711",0,NA,NA,NA,NA,NA
"g2712",0,NA,NA,NA,NA,NA
"g2713",0,NA,NA,NA,NA,NA
"g2714",0,NA,NA,NA,NA,NA
"g2715",0,NA,NA,NA,NA,NA
"g2716",0,NA,NA,NA,NA,NA
"g2717",62.8916471115314,-0.183399239533925,0.559133458600274,-0.328006197291508,0.742906976864169,0.827103100908775
"g2718",65.0852906886988,-1.73827344190348,0.65273981139879,-2.66304186070472,0.00774377801035274,0.0312595633873188
"g2719",59.527732189604,0.959862339310399,0.582033215207655,1.64915388715048,0.0991161122363996,0.209687443166099
"g2720",205.524245346529,-0.0573219961279279,0.378613241538523,-0.151399871528517,0.879660290799846,0.919582275828321
"g2721",3033.27806430352,-0.624851085456853,0.383038914600056,-1.63129922741474,0.10282719633415,0.214875601098683
"g2722",899.930439903875,-1.62876765443694,0.392734025874495,-4.14725373186136,3.36487093081298e-05,0.000380971827420859
"g2723",5.34433202639588,-0.851028695048676,1.3590283405298,-0.626203788154198,0.531181282852865,0.668228054511703
"g2724",1.4139698593674,4.01672673112174,3.94055324153419,1.01933065864576,0.308046013554348,0.46537200359593
"g2725",0,NA,NA,NA,NA,NA
"g2726",0,NA,NA,NA,NA,NA
"g2727",0,NA,NA,NA,NA,NA
"g2728",0,NA,NA,NA,NA,NA
"g2729",0,NA,NA,NA,NA,NA
"g2730",0,NA,NA,NA,NA,NA
"g2731",0,NA,NA,NA,NA,NA
"g2732",0,NA,NA,NA,NA,NA
"g2733",0,NA,NA,NA,NA,NA
"g2734",0,NA,NA,NA,NA,NA
"g2735",0,NA,NA,NA,NA,NA
"g2736",0,NA,NA,NA,NA,NA
"g2737",0,NA,NA,NA,NA,NA
"g2738",0,NA,NA,NA,NA,NA
"g2739",0,NA,NA,NA,NA,NA
"g2740",0,NA,NA,NA,NA,NA
"g2741",0,NA,NA,NA,NA,NA
"g2742",0,NA,NA,NA,NA,NA
"g2743",0,NA,NA,NA,NA,NA
"g2744",0.622955484975229,2.86525150990414,3.98128264723281,0.719680505953434,0.471721731472327,NA
"g2745",0,NA,NA,NA,NA,NA
"g2746",0.934433227462843,3.44590313768905,3.95680839288598,0.870879455240874,0.383819975593458,NA
"g2747",0,NA,NA,NA,NA,NA
"g2748",0,NA,NA,NA,NA,NA
"g2749",0,NA,NA,NA,NA,NA
"g2750",0,NA,NA,NA,NA,NA
"g2751",0,NA,NA,NA,NA,NA
"g2752",0,NA,NA,NA,NA,NA
"g2753",0,NA,NA,NA,NA,NA
"g2754",0,NA,NA,NA,NA,NA
"g2755",0,NA,NA,NA,NA,NA
"g2756",1465.18667852916,0.156836344829042,0.32314035103274,0.485350542969335,0.627427708411062,0.75066574785419
"g2757",232.096436226303,-0.151141779431091,0.502073353268599,-0.301035254006466,0.763387611848292,0.839802619792101
"g2758",54.4802052487973,-0.594143282035031,0.637718858499827,-0.931669612896029,0.351507295087008,0.51044972416983
"g2759",0,NA,NA,NA,NA,NA
"g2760",0,NA,NA,NA,NA,NA
"g2761",0.607879796970369,-2.66488483007045,3.97475680361111,-0.670452297269955,0.502569506008225,NA
"g2762",0,NA,NA,NA,NA,NA
"g2763",42.9044073018285,1.63442988455769,0.575628058648358,2.83938536352019,0.00452005329149825,0.0207756577893635
"g2764",8.12850943420501,3.01244830415757,1.40572448737958,2.14298629013221,0.032114199254735,0.0907713050867263
"g2765",898.890222241049,1.02247318922338,0.364550567571976,2.80474995837582,0.00503556265009598,0.0224749834093371
"g2766",0.143756744183452,1.11606545129665,4.0804728567969,0.273513754524209,0.784458320715326,NA
"g2767",0,NA,NA,NA,NA,NA
"g2768",0.911819695455554,-3.24881967502843,3.95226173741988,-0.822015314489098,0.411068180911169,NA
"g2769",31.9587424231483,1.44805138095824,0.735601111657796,1.96852799432946,0.0490073183472684,0.124352457657937
"g2770",0,NA,NA,NA,NA,NA
"g2771",9.99676945853202,1.52271913298736,1.43713252505351,1.05955373387062,0.289347671332951,0.4474172325241
"g2772",877.625312765485,0.0755281301580463,0.371739576472742,0.203174843191829,0.838998374967974,0.89481252976893
"g2773",1044.56054029571,0.384580884948822,0.443402878830903,0.867339621165352,0.385755953698966,0.541734359644518
"g2774",333.301634158352,0.878775567416986,0.45839352517582,1.91707674553196,0.0552281824440763,0.135455888345368
"g2775",0,NA,NA,NA,NA,NA
"g2776",0,NA,NA,NA,NA,NA
"g2777",0,NA,NA,NA,NA,NA
"g2778",0,NA,NA,NA,NA,NA
"g2779",0,NA,NA,NA,NA,NA
"g2780",0,NA,NA,NA,NA,NA
"g2781",0,NA,NA,NA,NA,NA
"g2782",4569.92988316067,0.46033689077355,0.514166948766973,0.895306265557299,0.370623391879915,0.527132205342334
"g2783",937.018076398867,2.20063128751681,0.40018038398222,5.4990983456465,3.8173819281265e-08,1.25410383343697e-06
"g2784",61.6566306315648,3.92777005333446,0.663991887957927,5.91538861327676,3.31092911856224e-09,1.50797771672698e-07
"g2785",0,NA,NA,NA,NA,NA
"g2786",0,NA,NA,NA,NA,NA
"g2787",148.630067999183,0.325826868647642,0.551714225888889,0.590571809386806,0.554807358078401,0.689723291308384
"g2788",5.09429283627527,-5.73166697942051,2.40361762899947,-2.38460015863936,0.0170976930890734,0.0574428626023453
"g2789",0,NA,NA,NA,NA,NA
"g2790",2020.79089746934,0.503733109840959,0.519230519344718,0.970153122887851,0.331970172879555,0.489030122556105
"g2791",0,NA,NA,NA,NA,NA
"g2792",1267.58797521773,1.11880008608613,0.345887232993053,3.23458046255381,0.00121821589768839,0.00748866459805991
"g2793",585.34953027867,-0.312235416069302,0.443369149141537,-0.704233518894718,0.481287360105097,0.628338677296817
"g2794",1331.3443500955,0.321323331379122,0.392040394000714,0.819617917684618,0.412433955995018,0.566107977954806
"g2795",1945.78209167414,3.53268868663751,0.391725892683413,9.01826698878078,1.91088143906025e-19,9.57351600969188e-17
"g2796",803.731992538843,3.46631072499164,0.427274656671363,8.11260548892734,4.95457269601151e-16,1.24112046035088e-13
"g2797",1.13182771659863,-3.55617024820357,3.75324494405615,-0.947492183752973,0.343388037266989,NA
"g2798",819.582561983656,-1.88841897451687,0.441922099666531,-4.273194248357,1.92692449684648e-05,0.000232623897089177
"g2799",7.96880997370636,-1.10329156991627,1.22917533825516,-0.897586809285014,0.369405873954287,0.526147385504187
"g2800",175.777566848019,-1.52937818213182,0.63747875505174,-2.39910455056292,0.0164352213096434,0.0556920563878771
"g2801",1790.15290524165,-0.696684052496308,0.391967119648449,-1.77740432187566,0.0755017402143005,0.170389062375516
"g2802",47.3125600756003,-0.996934086820689,0.614468611825145,-1.62243289182748,0.104710691232839,0.217654753261639
"g2803",1001.16845849196,-0.534934142644283,0.551258211488123,-0.970387617810223,0.331853318296012,0.489030122556105
"g2804",1123.65853150101,0.450687029269306,0.422925603694248,1.06564139255832,0.286585780272576,0.444909617126516
"g2805",1107.34097511699,0.173288757711427,0.408112199026133,0.424610580435824,0.671120578756112,0.78193351152747
"g2806",30.8681096391258,1.84123073008188,0.791069680319154,2.32752028789556,0.0199375904806283,0.0642362239922493
"g2807",0,NA,NA,NA,NA,NA
"g2808",0,NA,NA,NA,NA,NA
"g2809",0,NA,NA,NA,NA,NA
"g2810",0,NA,NA,NA,NA,NA
"g2811",0,NA,NA,NA,NA,NA
"g2812",6842.21814964714,1.62153645646823,0.40174257216883,4.03625746635282,5.43106140395142e-05,0.000582023906605275
"g2813",19.9930051444083,1.63910647384158,0.845027236269066,1.93970845375174,0.0524151316164435,0.130414270382428
"g2814",10.7405802188218,-2.10093426651015,1.09618723052859,-1.91658341567897,0.0552908765800953,0.135455888345368
"g2815",171.679000283913,-0.165413407142877,0.42556576742996,-0.388690585104688,0.697505047796877,0.798464178438664
"g2816",141.012759938296,0.610559314163975,0.391633177488937,1.55900814654862,0.118994452020875,0.240192790134022
"g2817",1974.83566164719,-0.334580452613657,0.553930583400269,-0.604011518121738,0.545835984417271,0.682380107780543
"g2818",35.0417728813942,-0.233798087112309,0.776990279352846,-0.300902203444604,0.76348907003695,0.839802619792101
"g2819",0,NA,NA,NA,NA,NA
"g2820",6410.5862589902,0.0491762896494648,0.380669250899286,0.129183771826308,0.89721223681309,0.929686309500224
"g2821",19.9887152382762,4.86079570858857,1.25516093930534,3.8726473684552,0.000107659539368506,0.0010081762471705
"g2822",106.834597791155,-0.858472918854946,0.462047931425354,-1.85797373057526,0.0631727448619563,0.149820332193326
"g2823",22.9130165620333,-1.85457551943573,1.1786404308504,-1.57348710505174,0.115606071836802,0.235202607066956
"g2824",9.15122497514052,-3.27376827350609,1.29953456884773,-2.51918521598764,0.011762676398456,0.0433234585220197
"g2825",27.9619236211915,-0.934036605609337,0.747783495121112,-1.24907357771792,0.211638163676037,0.357909603381248
"g2826",11.2708917811888,-0.385183340631112,0.923584978516323,-0.417052409459802,0.676640073596123,0.786535213159299
"g2827",78.2500013331479,0.0859300551962805,0.516990049336544,0.166212203322975,0.867989956167371,0.91487883646214
"g2828",928.592663017869,-0.211993248141747,0.392861001323533,-0.53961387724297,0.589463344342447,0.719690887881679
"g2829",75.2818687670403,0.3592587519574,0.513736272266421,0.699305794337781,0.484360946662882,0.630707821385585
"g2830",0,NA,NA,NA,NA,NA
"g2831",0,NA,NA,NA,NA,NA
"g2832",0,NA,NA,NA,NA,NA
"g2833",2509.46489948098,-1.04414392506867,0.389280803403594,-2.68223841489079,0.00731313201946673,0.0302175599319821
"g2834",918.989684191487,-0.902210446074425,0.355455473343309,-2.53818132996659,0.0111430232324214,0.0416616017868889
"g2835",0,NA,NA,NA,NA,NA
"g2836",13.8513579293531,-7.17194343428681,3.90978105299299,-1.83435935083797,0.0666006694157197,0.155375717705591
"g2837",20.9453480979497,3.14852051415063,1.15606925932501,2.72347049171513,0.00645999862250183,0.0274858540116639
"g2838",63.7413234101564,0.154268790104646,0.597012067923159,0.25840146019377,0.796097089785686,0.860977134485482
"g2839",3002.56585791524,0.0815426266685575,0.391944878861518,0.208046159208443,0.83519292595196,0.892654199257454
"g2840",411.085439729129,-0.924048655494809,0.422438072704722,-2.18741802692747,0.0287120213666144,0.0836321087481035
"g2841",1325.19744641471,0.940073005692362,0.391012325852285,2.40420299703672,0.0162077703743307,0.0550835964435476
"g2842",1478.3022276388,0.469985744627386,0.342759896322104,1.37118067098994,0.170318642105931,0.306665371770248
"g2843",357.67019916045,-0.444001741802229,0.492245635498495,-0.901992236767302,0.367060991674792,0.523551763214436
"g2844",358.469880288521,0.31372258850704,0.468583693949459,0.669512389265679,0.503168680259598,0.64762365782931
"g2845",1518.76104904548,-1.78829261523471,0.48676880969229,-3.67380279842741,0.000238967188043879,0.00197888530925593
"g2846",3167.02573596554,0.874778005556627,0.383181451543621,2.28293410871701,0.0224342499531336,0.069933474437255
"g2847",65.5820209066978,1.69954457362502,0.56798625339257,2.99222835671405,0.00276949015510146,0.0146054165021666
"g2848",522.398671653306,0.104587393181756,0.435332091638696,0.240247377095642,0.810138487354195,0.871453316509826
"g2849",2127.51341964037,2.00586396245391,0.889428850458176,2.25522700485893,0.0241190837016557,0.0739857784061572
"g2850",1182.03632679904,-2.41118213702696,0.453261878235828,-5.31962261289587,1.03982716213322e-07,2.89418560127079e-06
"g2851",686.045527423883,-2.26758065170157,0.636056998220381,-3.56505888315986,0.000363774509143087,0.0027965585893219
"g2852",12.1902407376857,2.05365529493773,1.60013791584924,1.28342393152267,0.199343594020962,0.342317534205662
"g2853",1.17420154341512,3.75545515424299,3.71269506279167,1.01151726460917,0.311768922214679,NA
"g2854",20.1288304776177,0.895726412421972,0.979438153827648,0.91453085518618,0.360437972479227,0.51631000489519
"g2855",547.937013974479,-0.899639436120068,0.384042532581038,-2.3425515660306,0.0191523871612126,0.0626123717309461
"g2856",0,NA,NA,NA,NA,NA
"g2857",0,NA,NA,NA,NA,NA
"g2858",623.270401840888,-0.481996480597148,0.41666990508691,-1.15678256267779,0.247361207772571,0.398162136848379
"g2859",3.96007313214167,-1.99409477000517,1.91149489398465,-1.04321218763411,0.296850030066486,0.454112565078808
"g2860",2322.64855312478,-0.668955894697905,0.403019011977504,-1.65986187950668,0.0969422417966541,0.206233813758487
"g2861",0,NA,NA,NA,NA,NA
"g2862",0,NA,NA,NA,NA,NA
"g2863",0,NA,NA,NA,NA,NA
"g2864",0,NA,NA,NA,NA,NA
"g2865",0,NA,NA,NA,NA,NA
"g2866",0,NA,NA,NA,NA,NA
"g2867",1269.06442286184,0.168797500419179,0.339833170616019,0.496706958044142,0.619395715008894,0.744166074866801
"g2868",3.64517842933549,-2.23608809867042,1.94044823530757,-1.15235648031393,0.249174616555854,0.400116932354112
"g2869",674.680397278084,0.895144090128247,0.356017905357363,2.51432323110187,0.0119261072601259,0.043772745328374
"g2870",1136.37790079403,0.365343789435907,0.343045515992797,1.06500091796442,0.28687551434836,0.444909617126516
"g2871",9038.10129237543,-1.41580237850361,0.569541609818032,-2.48586293625843,0.012923773061497,0.0466173660631673
"g2872",3259.03140817002,-2.03553313630424,0.423235024386937,-4.80946287291026,1.51336400471422e-06,2.74436695659026e-05
"g2873",313.927141701832,0.130650215540955,0.345486400622347,0.378163121053698,0.705309419870236,0.802884001214137
"g2874",15.7364375248872,0.612105124908122,0.942036409530169,0.649768011847231,0.51584208443141,0.656699010159233
"g2875",860.22648878218,-1.8636547083033,0.626647904399177,-2.97400612883266,0.0029393920406603,0.0152210378539618
"g2876",58.5840848355539,-2.22885089883901,0.744710317799659,-2.99290992157116,0.00276331295451163,0.0146054165021666
"g2877",79.7305236849171,-4.3831087851348,0.828627936760428,-5.28959813045989,1.22585399878175e-07,3.3197451534576e-06
"g2878",0,NA,NA,NA,NA,NA
"g2879",0,NA,NA,NA,NA,NA
"g2880",1.78825683848586,-0.366608339474889,3.34938550698601,-0.109455402703043,0.912841292661565,0.941499717186709
"g2881",783.598929914084,0.110675916147776,0.42266457947298,0.261852829697199,0.793434907409388,0.859483002404548
"g2882",2374.39240307054,-0.783582177442151,0.507769934878781,-1.5431834845228,0.122786263291591,0.24663676032414
"g2883",147.707930554209,0.618362637240384,0.561517697003646,1.1012344589317,0.270794627913294,0.426964936536776
"g2884",450.779695761897,0.564796056866361,0.372447652160009,1.51644413272799,0.129407086812712,0.256003753181318
"g2885",10.0392519654441,0.499859184594548,1.16892384448034,0.427623396472648,0.668925329282007,0.780283096554798
"g2886",269.200006498517,-0.296630601508451,0.450149603412288,-0.658960041861394,0.509921428155069,0.652237159011496
"g2887",1204.06493111047,-0.524143350794916,0.361067971274548,-1.45164731434007,0.146599695676271,0.27689518391635
"g2888",1134.4626105811,-0.41263527040056,0.407852400471614,-1.01172696280178,0.311668619945777,0.468906842621125
"g2889",0,NA,NA,NA,NA,NA
"g2890",256.195336692105,0.20050883170089,0.572391104521334,0.350300397957035,0.726113266635966,0.817948839987901
"g2891",9.66422143472956,0.60590695845267,1.05773492687281,0.572834405916833,0.566756820859295,0.699803246458427
"g2892",583.392414748756,0.396887074247472,0.341535595927849,1.16206649901089,0.24520845417859,0.395688416395891
"g2893",211.889704001764,-1.37101130472896,0.481608127233984,-2.84673623055963,0.00441699437841833,0.0203955224293787
"g2894",313.472534159166,0.336934697289207,0.382375089659873,0.881162780736879,0.378229721045116,0.534913451640375
"g2895",10821.4994093691,1.18263660402215,0.660335137546686,1.79096421919323,0.0732990370249904,0.167111797722504
"g2896",0,NA,NA,NA,NA,NA
"g2897",0,NA,NA,NA,NA,NA
"g2898",2976.09208875667,-2.32352745261962,0.468988247392133,-4.95434046703704,7.25760326272205e-07,1.49675738534839e-05
"g2899",10.3657738099976,-0.886956172276041,1.15266327361099,-0.769484195932993,0.441605923002363,0.591866065711694
"g2900",1468.10084050867,-1.54505464902388,0.488166645368294,-3.16501478272491,0.00155075072110002,0.00885385881790437
"g2901",762.181721854399,0.335726317307746,0.403013027964046,0.833040854792656,0.404821688370893,0.560089066407133
"g2902",877.66621250867,-0.134463144115451,0.382241337892219,-0.351775516632808,0.725006621333761,0.817621423271163
"g2903",862.291106222741,-0.153203848622202,0.460979378633495,-0.332344255997637,0.739629325711468,0.826340473217533
"g2904",253.189446919998,1.35248619292907,0.468056925505972,2.88957628704462,0.00385761394265068,0.0186730877803671
"g2905",355.110487546914,1.82139864767017,0.631143406743399,2.88587130628251,0.00390331730306694,0.0188231929488828
"g2906",381.090819342179,1.15936436728916,0.623399375764778,1.85974579436637,0.0629214996781229,0.14940128596559
"g2907",906.579891414391,1.12015925617641,0.485426855156816,2.30757578464534,0.0210227426444386,0.0667663649119729
"g2908",663.096996061873,-1.75062413754902,0.768761256960411,-2.2772013049549,0.0227742072546222,0.070868806425874
"g2909",0,NA,NA,NA,NA,NA
"g2910",0,NA,NA,NA,NA,NA
"g2911",879.31400848892,-1.73489195778924,0.408155050312482,-4.2505708466942,2.1322637534552e-05,0.000255871650414624
"g2912",16.9791465641648,-3.06692965938046,0.971666510989791,-3.15636036098056,0.00159751358553882,0.00906768396128902
"g2913",192.404274199828,1.10448503076124,0.564271219167113,1.9573655243156,0.0503045087926443,0.126487121230187
"g2914",217.490591026701,-3.3815071016648,0.536047867972858,-6.30821854483341,2.82265461988952e-10,1.86689963629988e-08
"g2915",0,NA,NA,NA,NA,NA
"g2916",1057.15748130386,0.291921560493287,0.374893722479151,0.778678177278688,0.436169314320461,0.587816614591933
"g2917",942.982548616709,0.394087222954725,0.396824451759665,0.993102166983908,0.320660168067869,0.478820425780017
"g2918",3291.53261680235,0.301613375916416,0.673588395754631,0.447771039135129,0.654318446531002,0.769967214825677
"g2919",1884.24192794299,0.264247801991094,0.36237957932283,0.729201690903466,0.465878297046878,0.614599483366552
"g2920",643.970591401778,-0.306028126133852,0.375482990322474,-0.815025271507047,0.415057844627582,0.569319589756109
"g2921",197.079118688697,-1.41493390324301,0.664618817924485,-2.12894047698146,0.033259185354561,0.0928292582876606
"g2922",0,NA,NA,NA,NA,NA
"g2923",1320.74747334435,0.490192722539406,0.380740629895301,1.28747153324352,0.197929985465345,0.340933808963164
"g2924",151.630856684125,-0.0619896943308405,0.431043162965275,-0.14381319472601,0.885647983306584,0.923788958385782
"g2925",1163.37278653353,-0.797259777414162,0.387407546214305,-2.05793559058123,0.0395963167046665,0.104961664915545
"g2926",618.40863246468,-1.85933347543546,0.395755364816001,-4.69818893371141,2.62478572170194e-06,4.24199240829895e-05
"g2927",28.9627024320593,-0.807611611332297,0.889556957777292,-0.907880720027474,0.363941244938531,0.520212735275903
"g2928",309.918684336577,-1.17428468820087,0.420708873459995,-2.79120494546101,0.00525122104381523,0.0232819623270038
"g2929",0,NA,NA,NA,NA,NA
"g2930",0,NA,NA,NA,NA,NA
"g2931",0.637745036590314,-2.72836701038405,3.9718550555132,-0.686925119937822,0.492129916326356,NA
"g2932",0,NA,NA,NA,NA,NA
"g2933",0.759849746212962,-2.98620479246411,3.96127939834889,-0.753848565619683,0.450940158123792,NA
"g2934",0,NA,NA,NA,NA,NA
"g2935",1870.99696063407,0.369055618706883,0.336770424088621,1.09586707237024,0.27313695079029,0.429837013492554
"g2936",757.365044643509,0.333789626171306,0.368878585699441,0.904876669754083,0.365530728056295,0.521740440900866
"g2937",0.155738871243807,1.11606545129665,4.0804728567969,0.273513754524209,0.784458320715326,NA
"g2938",0.288446423504808,-1.60235200175857,4.0474125936041,-0.39589539358816,0.692182199412767,NA
"g2939",0,NA,NA,NA,NA,NA
"g2940",847.741176771241,0.232488522876109,0.723884769717605,0.321167860689769,0.748083186457456,0.831343810492083
"g2941",94.6461039932925,0.824381364630926,0.665021156165235,1.23963178763308,0.215111617630327,0.362223642414038
"g2942",265.905621936876,0.84013386509093,0.429080800211812,1.95798522021075,0.0502317469901052,0.126462840412275
"g2943",1469.61281768424,-0.201613428832327,0.406810646483561,-0.495595261763814,0.620179996464098,0.744279089943975
"g2944",34.7197025851739,-0.206787752383466,0.676242454253857,-0.305789367530361,0.759765024435396,0.838419112868135
"g2945",1151.09032004586,-0.365304725118367,0.328190476565074,-1.11308752448194,0.265670841145566,0.420540573187769
"g2946",61.5244697816614,1.66648152181719,0.56086184505544,2.97128702283619,0.00296554482489738,0.0152658661705931
"g2947",1.43756744183452,4.06761398426711,3.93938894238446,1.03254947499676,0.301814783116981,0.459602450886345
"g2948",3481.57714655949,1.15177753984219,0.462235019676736,2.49175741952153,0.0127112819267832,0.0460640307075472
"g2949",0.288446423504808,-1.60235200175857,4.0474125936041,-0.39589539358816,0.692182199412767,NA
"g2950",0,NA,NA,NA,NA,NA
"g2951",4.34337246593164,2.66845116329553,2.29723199764246,1.16159411240747,0.245400374740496,0.395688416395891
"g2952",0,NA,NA,NA,NA,NA
"g2953",0,NA,NA,NA,NA,NA
"g2954",4.68915909169604,3.885970984833,1.88579249385505,2.06065672522064,0.0393358008990868,0.104686513946574
"g2955",90.4129996615495,2.10011802331995,0.559065329724214,3.75648052501473,0.000172319674545511,0.0015014288164748
"g2956",503.965702102036,-1.31898394909062,0.547674847210032,-2.4083339883323,0.0160255128411787,0.0546175641729967
"g2957",1000.40338812027,-0.641007500954821,0.37285904621402,-1.71916842963463,0.0855837075540764,0.18826536766012
"g2958",654.938000334666,0.963473546421891,0.354334293482418,2.71910894357082,0.00654580447482632,0.0276746670201518
"g2959",0,NA,NA,NA,NA,NA
"g2960",0,NA,NA,NA,NA,NA
"g2961",0,NA,NA,NA,NA,NA
"g2962",16.8285575372007,-0.342710574002364,0.942948079753234,-0.363445858113471,0.716271850536617,0.810050106363081
"g2963",6.56115615231829,3.2791935734563,1.43113549591876,2.29132292700987,0.0219447435381668,0.0688220125985701
"g2964",7851.60929172629,1.27429541231576,0.355969509207981,3.57978809800597,0.000343872944056458,0.00269188039019196
"g2965",1398.2440321496,-0.673260817525833,0.462854225566467,-1.45458500827525,0.145784183841142,0.27600222327258
"g2966",150.276036828169,0.543240805047844,0.417708090952757,1.30052737022344,0.193420281739277,0.335648145812142
"g2967",1520.94460745859,-0.263585109821124,0.507167884906266,-0.519719638537127,0.603258997077467,0.730585479421017
"g2968",25.6042367065749,1.64969757232228,0.835780466527319,1.97384078522055,0.0483998496422934,0.123244343943019
"g2969",135.832266747311,0.856709796919517,0.709206161371374,1.20798414280964,0.227053361862007,0.375115364527174
"g2970",5570.83555096213,-0.100670057496274,0.757215581854243,-0.132947683471802,0.894234755629777,0.928528914263937
"g2971",787.168380468611,-0.717367060842249,0.681996707459319,-1.05186293862722,0.292862437767375,0.450073869084217
"g2972",380.154870110619,0.598251017949253,0.35194475252285,1.69984355118468,0.0891603571641327,0.192747956587834
"g2973",3490.34324001325,1.71643901692349,0.411483648908512,4.1713419754988,3.0281101821931e-05,0.00035281004680901
"g2974",763.288952010133,1.00051358857572,0.335507541393789,2.98208971523954,0.0028628809065897,0.0150188830806434
"g2975",1824.41019906998,1.1076270828956,0.368313078502288,3.00729772453279,0.00263581474907163,0.0140857940190388
"g2976",105.449266081725,-1.29255431604649,0.638213517964472,-2.02526941166803,0.0428397076408879,0.11237012318369
"g2977",0.311477742487614,1.9096457584262,4.0448507323431,0.472117733086278,0.636842755642901,NA
"g2978",408.207258307639,-0.798902788781974,0.385019151795198,-2.07496895948421,0.0379894116954663,0.102051985305247
"g2979",20.55588907972,0.110685909543664,1.11547016067493,0.0992280326680286,0.9209572178394,0.94840609689114
"g2980",1505.40418787378,0.75309587274788,0.348811042527939,2.15903678762567,0.0308473130243161,0.0881854711850634
"g2981",0,NA,NA,NA,NA,NA
"g2982",287.732735564217,-0.321099193827732,0.435597701669801,-0.737146207605881,0.461033441747227,0.611052260093547
"g2983",0,NA,NA,NA,NA,NA
"g2984",0,NA,NA,NA,NA,NA
"g2985",0,NA,NA,NA,NA,NA
"g2986",0,NA,NA,NA,NA,NA
"g2987",0,NA,NA,NA,NA,NA
"g2988",0,NA,NA,NA,NA,NA
"g2989",0,NA,NA,NA,NA,NA
"g2990",0,NA,NA,NA,NA,NA
"g2991",0,NA,NA,NA,NA,NA
"g2992",0,NA,NA,NA,NA,NA
"g2993",0,NA,NA,NA,NA,NA
"g2994",0,NA,NA,NA,NA,NA
"g2995",0,NA,NA,NA,NA,NA
"g2996",0,NA,NA,NA,NA,NA
"g2997",0,NA,NA,NA,NA,NA
"g2998",0,NA,NA,NA,NA,NA
"g2999",403.606072448798,-0.325358072659332,0.465628507658703,-0.698750328443836,0.484708075408383,0.630749989037921
"g3000",60.8674219938099,1.03291321014362,0.563896621776338,1.83174214963344,0.0669898457637367,0.156101919663405
"g3001",43.5520585252796,-0.515530985420819,0.78716176512336,-0.654923813963484,0.512516806958631,0.65377700900388
"g3002",0.934433227462843,3.44590313768905,3.95680839288598,0.870879455240874,0.383819975593458,NA
"g3003",272.881496569358,0.502395275659276,0.398018957325829,1.2622395652577,0.206862595759424,0.351315798221936
"g3004",801.589697194865,0.377312054711803,0.482152902183686,0.78255684659979,0.433887390909007,0.58565012585243
"g3005",1991.98802195013,-0.646560235570166,0.362235070371046,-1.78491893374068,0.0742744670598428,0.168687361920332
"g3006",187.589391786118,-1.98757350727326,0.626191278875032,-3.17406769197422,0.00150318629368264,0.00867577117185746
"g3007",213.603990817438,-1.23003130153306,0.532835165186384,-2.30846494732155,0.0209732902740668,0.0667150376336982
"g3008",1361.25511021357,0.240002601026007,0.355574366303925,0.674971605857736,0.499693804890899,0.643978382637532
"g3009",650.174095157308,-0.465305371201941,0.386216415835863,-1.20477885486796,0.228288685029148,0.37560798423515
"g3010",101.621554045589,3.39896528819711,1.06745705047395,3.18417053565572,0.00145169460436127,0.00845696507889533
"g3011",4605.19787850409,0.936436445117915,0.37277625749681,2.51206032113225,0.0120028570148789,0.0439739039448213
"g3012",5280.40140960769,-0.37240730180428,0.364787549084423,-1.02088819297419,0.307307413687391,0.46537200359593
"g3013",0,NA,NA,NA,NA,NA
"g3014",0,NA,NA,NA,NA,NA
"g3015",1.77831241838428,0.39451711683415,2.8961113718626,0.136223047451528,0.891644955766362,0.928237138366644
"g3016",436.36542615878,0.544383474959756,0.414681078363486,1.31277625954898,0.189258351976028,0.33095439560206
"g3017",3.17653376905393,3.07720805257984,2.39485322958163,1.28492552886734,0.198818308976839,0.3420016233387
"g3018",88.9118845677097,-1.68931404244066,0.529604628166231,-3.18976450090694,0.00142388773006351,0.00836795017902427
"g3019",961.494541859541,-1.11115418966258,0.490629513555424,-2.2647520358293,0.0235279002901133,0.0728746710686043
"g3020",79.5626061203218,-0.72241058365459,0.469875443226579,-1.53745124174586,0.124182846377857,0.248613810330894
"g3021",0,NA,NA,NA,NA,NA
"g3022",0,NA,NA,NA,NA,NA
"g3023",3343.23776063339,0.126789520331618,0.337464477804137,0.375712196900338,0.707130869332811,0.802884001214137
"g3024",4.80768950299083,-5.64788014911936,2.05152954067948,-2.75300941913258,0.00590501972794667,0.0255962922327992
"g3025",47.0690462839173,-4.33686871143919,1.09521991053997,-3.95981543953215,7.50077090912055e-05,0.00074783805481978
"g3026",470.697753489078,-2.64362663305642,0.776587520094042,-3.40415801780627,0.000663683475464197,0.00463422189836324
"g3027",0,NA,NA,NA,NA,NA
"g3028",0,NA,NA,NA,NA,NA
"g3029",901.058630054695,-1.10451526118991,0.371872569514007,-2.97014448426078,0.00297659715102408,0.0152658661705931
"g3030",117.235196765734,1.54137636132476,0.461049955258927,3.34318731352902,0.00082821974104927,0.00562397636547238
"g3031",1107.89500875601,1.34340274936719,0.455768136466084,2.94755741325755,0.00320295269291125,0.0160467929914853
"g3032",668.94789517406,0.100793221487918,0.427182310998356,0.235948958776774,0.813472276952907,0.874101041830363
"g3033",429.647006529999,-6.12450801277076,0.577094103318232,-10.6126678085177,2.60211329017471e-26,5.21463503351012e-23
"g3034",33.7516076359336,-0.75489001744064,0.690340911272017,-1.09350323168547,0.274172910867459,0.42992371938841
"g3035",0.789714985832906,-3.03784820585197,3.67010897714898,-0.827726976165114,0.407825138183348,NA
"g3036",399.429104223625,0.875654803080375,0.498807156553035,1.75549767395383,0.0791742181784272,0.176294592477298
"g3037",1826.38745835871,0.720496405329147,0.492196082489452,1.46384018679098,0.143237619305438,0.272341735377702
"g3038",3493.76940521699,-0.414997367940699,0.363428812847135,-1.14189451488332,0.253497868893911,0.405111426844814
"g3039",38.7120281492124,0.814862581162257,0.689264362611429,1.18222067665732,0.237118150446301,0.386958284604549
"g3040",851.873566010438,-0.268005138928539,0.351430328723915,-0.762612435590569,0.445694566013789,0.59584517030796
"g3041",17.6843738950014,-7.52505087181156,1.49416070962738,-5.03630621748058,4.74601106336299e-07,1.00115854431362e-05
"g3042",1445.96432733194,1.25294109038696,0.391907964217979,3.19702890674116,0.00138851011046687,0.00820818366187496
"g3043",1503.03197373806,-0.070665854980494,0.350628802763959,-0.201540359558156,0.840276074442394,0.8952223568222
"g3044",242.988190004506,-0.0328826366045721,0.39400147900169,-0.0834581552533489,0.933487248539395,0.956884115638337
"g3045",5.84571233232214,1.14867094263836,1.60329932634802,0.716441979212197,0.473718481711356,0.621697339456161
"g3046",133.987420063788,1.705071620245,1.64430040892764,1.03695870352365,0.299755103532973,0.457363860908126
"g3047",0,NA,NA,NA,NA,NA
"g3048",0.311477742487614,1.9096457584262,4.0448507323431,0.472117733086278,0.636842755642901,NA
"g3049",0,NA,NA,NA,NA,NA
"g3050",16.3085996336993,1.59632475332841,0.881476067942868,1.81096777483002,0.0701458401184103,0.16232363001997
"g3051",204.865073715712,-1.22045320589039,0.626729382219706,-1.94733682593255,0.0514943664634207,0.128834559481357
"g3052",335.622119768532,-1.60590271088356,0.456383832998594,-3.51875459814656,0.000433577567768512,0.00317765672981741
"g3053",70.9365558528599,-1.37670891277403,0.480032526846941,-2.86794922380957,0.00413141831874964,0.0197127674066054
"g3054",456.947848062746,-0.949338233739685,0.423449740019952,-2.24191478708891,0.024966880160051,0.0755645357683767
"g3055",404.671476688157,0.468270320974814,0.348967132761925,1.34187514242002,0.17963648278816,0.319708269544826
"g3056",859.212226372282,-0.0314213322020341,0.403745277020991,-0.0778246433837553,0.93796754331123,0.960003553011085
"g3057",1.48549595007594,4.11648033102223,3.37539925612489,1.21955360497061,0.222634143225049,0.371180385210481
"g3058",162.05632615679,0.660385180280075,0.454486228061375,1.45303672478035,0.146213557660968,0.276426386370358
"g3059",324.555263843602,1.10375359955073,0.392549111894588,2.81175925790178,0.00492713655147909,0.0220939202532393
"g3060",36.8822894933752,-3.85980125301858,0.792397684089134,-4.87104055264302,1.11012050127016e-06,2.09875611749565e-05
"g3061",401.51540053106,-3.06500005994048,0.450165361312891,-6.80860928748831,9.85467127837698e-12,8.9767096553943e-10
"g3062",4.74093655819103,2.76464991026357,2.17476471321016,1.27124092710824,0.203642950628961,0.347911741739503
"g3063",63.6304681399135,-0.578429835155973,0.532861594098368,-1.08551609191259,0.277693140460398,0.434423929338515
"g3064",539.157874176721,-0.625536348023542,0.365714019300969,-1.71045219764668,0.0871822857672716,0.190288753307277
"g3065",1.20996458876939,3.81979890096938,3.63958045991567,1.04951626788816,0.293940571980711,NA
"g3066",5358.11440367817,1.21234053107253,0.429603605079321,2.82199803897989,0.00477254690957819,0.0215409549702583
"g3067",7.57592195530873,6.4544427321817,2.19185399023591,2.94474119212978,0.00323224909075678,0.0161130029300413
"g3068",0,NA,NA,NA,NA,NA
"g3069",3188.57243731208,-2.89085410696962,0.67115852679068,-4.30725974799574,1.65289470535406e-05,0.000204690788431877
"g3070",28.0305637068706,1.89332079278302,1.15497424133505,1.63927534054309,0.101155929285142,0.212397951982698
"g3071",2020.11653105031,-1.62457022870219,0.363748017416626,-4.46619679260397,7.96223738239672e-06,0.000109289888454267
"g3072",1116.52937350673,1.30018451066846,0.34664097179477,3.75081025170401,0.000176264055137382,0.00151951264223685
"g3073",447.050407110028,-0.653528204995956,0.475345319687189,-1.37484935252129,0.169178153953933,0.305768584823332
"g3074",84.1067026611027,2.60895198962343,0.498582574971725,5.23273800688158,1.67017388579573e-07,4.23674489510715e-06
"g3075",460.344715581202,-3.74773282007088,0.788078033116161,-4.75553519142243,1.97921377468236e-06,3.39003795253287e-05
"g3076",322.62379016141,-0.570776814034465,0.367434248990716,-1.55341211550719,0.120324710302951,0.242586236868323
"g3077",35.2223893985861,-0.725209990991423,0.706409887780672,-1.02661359012091,0.304602452167436,0.463495303070267
"g3078",0,NA,NA,NA,NA,NA
"g3079",0,NA,NA,NA,NA,NA
"g3080",38.517156331664,0.0969237117389034,0.592191189664702,0.163669628036482,0.869991228395116,0.91520337097313
"g3081",327.505677272235,0.354631169331254,0.373869427961022,0.948542840919921,0.342853173987699,0.500420801654297
"g3082",11.1176937947084,-0.580771441411576,1.2575315243908,-0.461834498894908,0.644200008988001,0.763005489703034
"g3083",182.690804683395,0.28306840031915,0.416727907475436,0.679264323894208,0.496970397074888,0.64129341644435
"g3084",1789.76082269251,-1.0202099947326,0.358019614977059,-2.8495924582176,0.0043775280433802,0.0203286057638008
"g3085",1911.13156427933,1.43320205542448,0.801119869639436,1.78899826323061,0.0736150952589598,0.167641648748813
"g3086",97.649216150989,-1.17191362795478,0.632836560547818,-1.85184248353209,0.0640484451264272,0.151181488849658
"g3087",10.8696380595698,2.47977799792769,1.2474203457466,1.98792492553382,0.046819993594633,0.120600600467409
"g3088",1.0241230221093,-1.2619994298708,3.40969122954485,-0.370121323284531,0.711292094856555,NA
"g3089",0.917397281580723,2.16322439414555,3.53429640092607,0.61206649039926,0.540493767055716,NA
"g3090",0,NA,NA,NA,NA,NA
"g3091",0.303939898485185,-1.66762683618469,4.041298957816,-0.41264624408928,0.679865814870593,NA
"g3092",15.9041116434923,2.36280941064399,1.01875630502985,2.31930776671341,0.0203783546099813,0.0651592534359245
"g3093",208.814901806194,1.26251565542299,0.457938700361026,2.75695339666129,0.00583426660631029,0.0254171093022735
"g3094",35.9738601661422,6.23731343623852,1.04789886217073,5.95220937955583,2.64546623693616e-09,1.2329103113535e-07
"g3095",171.825859802572,1.10553045242416,0.799010697625605,1.38362409378176,0.166473586872292,0.303813498871032
"g3096",2596.02564083435,1.16658392536232,0.593795553559261,1.96462219760609,0.049457980852473,0.124985868383803
"g3097",734.772853318974,-0.102796714400836,0.641325099132068,-0.160287995183652,0.872654215064809,0.916081218957505
"g3098",6976.94688810116,-1.80944228957233,0.689756303844263,-2.62330663668842,0.00870808594861221,0.034420126708124
"g3099",917.479686636041,-0.220807187473753,0.39874316792376,-0.553757920476701,0.579744530002266,0.71102083116557
"g3100",431.711623902654,-0.747585372700148,0.404778821385666,-1.84689843737616,0.0647618612666926,0.152148616621866
"g3101",512.624340657155,-1.59153509194898,0.453752596334661,-3.50749528444607,0.000452346370831149,0.00327257085612138
"g3102",51.8019505850105,0.332667179624616,0.720347765480573,0.46181468946833,0.644214215857052,0.763005489703034
"g3103",983.76779671556,0.609687533059987,0.357890999842823,1.70355648319669,0.0884639772219889,0.191681018069801
"g3104",3083.48539143702,1.97497275027966,0.423815207176678,4.65998557115565,3.16231550623816e-06,4.83761853015364e-05
"g3105",1586.37306896691,1.75658642419442,0.774021749362577,2.26942773331758,0.0232423272662129,0.0721015848939484
"g3106",5306.61943219565,1.56856007847828,0.485565564926421,3.23037750569476,0.00123626866490277,0.00756089360282055
"g3107",247.626488723046,3.22574678944189,0.509580472008256,6.33020095281364,2.44842113697697e-10,1.69194343396615e-08
"g3108",4650.61624793632,-0.766986823847287,0.762956977140505,-1.00528187935562,0.314761138042208,0.472812016285511
"g3109",597.446231050117,0.209025517615348,0.376979219736764,0.55447490649831,0.57925387439177,0.710854111623458
"g3110",219.562201832703,0.146043474398612,0.42772345439121,0.341443689606593,0.732769589517605,0.822211790253796
"g3111",5876.58669783867,0.924744170935233,0.443191498844914,2.08655665405448,0.0369282289661294,0.100140961905444
"g3112",852.755331632671,-0.156943138125679,0.399359613224006,-0.392987004516272,0.69432907971108,0.797841442512044
"g3113",0,NA,NA,NA,NA,NA
"g3114",1668.86881783912,-0.336829372790277,0.406059320449142,-0.82950779806682,0.406817126037435,0.561861833617518
"g3115",113.655450109102,2.11487991185217,0.728688909712187,2.90230835637048,0.00370423727043798,0.0180176977911595
"g3116",39.8318025801495,2.74019218847985,0.730672393503776,3.7502336380055,0.000176669883054484,0.00151951264223685
"g3117",959.632041354297,1.13656356773793,0.351867435262875,3.23009023807168,0.00123751152780696,0.00756089360282055
"g3118",9723.96775609853,0.904957768772229,0.408452898929849,2.21557435665955,0.0267206666964182,0.0792133373663049
"g3119",1402.98904117435,0.130649800043189,0.321585673699564,0.40626747622236,0.684546079862198,0.790426483300571
"g3120",129.41849723186,-0.67485138007425,0.514053496244056,-1.31280379377841,0.189249071343013,0.33095439560206
"g3121",21147.5346284607,-0.795114058494573,0.435618166746381,-1.82525459035204,0.0679626192712625,0.157818179628749
"g3122",6.25306412339514,3.61370784535934,1.6137210175753,2.23936343767097,0.0251322783110445,0.0756232518548547
"g3123",2205.64332252256,-2.83724865887735,0.369014007022549,-7.68872889614723,1.48603967843112e-14,2.48168626297998e-12
"g3124",0,NA,NA,NA,NA,NA
"g3125",10.5294545135922,-2.9088202920959,1.17798036056145,-2.46932834322425,0.0135366947127546,0.0481839008958442
"g3126",294.681192408111,-4.080286810995,0.728169241468091,-5.6034869074785,2.10081992039687e-08,7.51793414370595e-07
"g3127",32.5586172501633,1.29546242130029,0.717403629688333,1.80576507797024,0.070955042492122,0.163066404993363
"g3128",1960.56797918798,-0.107434965543562,0.368871309700536,-0.291253243931554,0.770857643930919,0.843106063363002
"g3129",239.13212322516,0.370014048465902,0.49105078855129,0.753514823909613,0.451140606746387,0.599924204326317
"g3130",39.093417543575,2.75301168996623,0.697820967854699,3.94515472704951,7.97484669163985e-05,0.000789880877761566
"g3131",974.159635700473,1.87090930175807,0.441422558093088,4.23836359845373,2.25154911883367e-05,0.000268577644889445
"g3132",0,NA,NA,NA,NA,NA
"g3133",16.7129968719663,0.503491765607677,1.24199690033787,0.405388906744218,0.685191663873966,0.790426483300571
"g3134",0,NA,NA,NA,NA,NA
"g3135",0,NA,NA,NA,NA,NA
"g3136",38.5265340054523,-8.64752476918295,3.90784961338382,-2.21286017239927,0.0269072872683781,0.0794141438672013
"g3137",2.56799566214369,-4.7423017405867,2.91779906911599,-1.62530099854459,0.104098438786667,0.21707936662693
"g3138",0,NA,NA,NA,NA,NA
"g3139",101.56220987425,1.31630125399944,0.481338994034146,2.73466573519713,0.00624436512129832,0.0267386916732518
"g3140",241.257295627615,1.0663658445786,0.520063033807739,2.05045499344763,0.0403200514158,0.10657535076145
"g3141",507.449330036036,1.34103291417034,0.406832852275249,3.29627488702177,0.000979760987314467,0.00631331517227715
"g3142",998.649889421604,1.85286583684406,0.359771663770722,5.1501160970389,2.60325266993758e-07,6.02388071033883e-06
"g3143",22.178052429936,2.48374885233551,0.859548034431758,2.88959866446266,0.00385733938579509,0.0186730877803671
"g3144",581.210589232655,-0.196314443836785,0.378209837764491,-0.519062235390686,0.60371734227605,0.730585479421017
"g3145",65.9202619240789,-0.237622482112608,0.464621946561131,-0.51143189397607,0.609048666674258,0.735086282908381
"g3146",919.183994723666,0.459471387882374,0.364193901673104,1.26161197585014,0.207088444723408,0.351401560733032
"g3147",0.607879796970369,-2.66488483007045,3.97475680361111,-0.670452297269955,0.502569506008225,NA
"g3148",1172.30200653161,0.834727718161449,0.335827062012689,2.48558800818116,0.0129337602450704,0.0466173660631673
"g3149",583.45124710834,-0.0923218564467315,0.357291492169134,-0.258393660275091,0.796103108883033,0.860977134485482
"g3150",242.570209495363,1.14185327285558,0.41905817882153,2.72480846470216,0.00643387990431086,0.0274329687834872
"g3151",2185.60477411396,1.95846329116679,0.585856246619775,3.34290758606154,0.000829055045802728,0.00562397636547238
"g3152",743.852267871879,2.11148853317751,0.345142342514951,6.11773252099907,9.49162074055552e-10,5.28366887890924e-08
"g3153",839.003615076583,0.114546924385298,0.435599764250604,0.262963696921099,0.792578560276331,0.859019705134542
"g3154",6845.20847541483,0.685009807993402,0.403819208819704,1.69632794337737,0.0898237913935983,0.193972928828417
"g3155",1153.20541575191,-0.999513228926385,0.442621844873201,-2.25816515950025,0.0239353645014599,0.0737886292564129
"g3156",3034.1661672594,0.457952559048557,0.371973611258258,1.23114260041045,0.218269534936582,0.366341832506625
"g3157",0.575026976733808,2.75894514561069,3.98690172307533,0.692002295828488,0.488935887223169,NA
"g3158",2700.9237268476,0.696676713778232,0.426335630398887,1.63410389398233,0.102237037364728,0.214088843133663
"g3159",4681.62313546955,-0.0139429432776367,0.45030306717807,-0.0309634650392533,0.975298676367998,0.986124393260075
"g3160",4557.40516354383,1.64303692139294,0.700315547321394,2.34613800547098,0.0189690824219638,0.0622161066671285
"g3161",44.6952943067682,2.6997827463462,0.993581341336629,2.71722367764503,0.00658321004812485,0.0277742167082994
"g3162",0,NA,NA,NA,NA,NA
"g3163",0,NA,NA,NA,NA,NA
"g3164",0,NA,NA,NA,NA,NA
"g3165",114.949352149318,-0.476894903964247,0.513119891267751,-0.929402488736104,0.35268053852905,0.511334479314938
"g3166",171.947271983165,-1.04676759442338,0.501488661208052,-2.0873205625463,0.036859167262643,0.100089120859535
"g3167",359.504789421527,-0.497157481541273,0.506630151168909,-0.981302594001205,0.326443543937557,0.48566656425454
"g3168",272.54163835925,0.316327414692966,0.447952326147671,0.706163125467699,0.480086698951377,0.627464341971882
"g3169",200.214705314107,2.22788931490861,0.817196165658346,2.72626011786752,0.00640564951803499,0.0273708350408148
"g3170",1.21277201332412,-0.113004988900136,3.23245821442192,-0.0349594585309575,0.972112068502908,NA
"g3171",14.7185466649351,-2.1638758596863,1.22283458221639,-1.76955729839131,0.0768009176796195,0.172952073801127
"g3172",41.0038415624058,-0.0681838303149317,0.571326881637123,-0.119342940978994,0.905003664594121,0.935341590431469
"g3173",1723.9486730148,-0.233282567610002,0.371624242151315,-0.627737755372309,0.530175747844955,0.667508856231791
"g3174",3636.44718737725,0.0482529558128046,0.314433110766344,0.153460161034572,0.878035405011018,0.918362709625303
"g3175",49.67176582494,0.655767736305053,0.672527089150237,0.975080033034269,0.329520562127366,0.487601152556107
"g3176",5521.82802105556,-1.47226412436382,0.555986816439872,-2.64801984656958,0.00809647718763236,0.0324506805680305
"g3177",1.31350238075201,-3.77747601810283,3.57210794768477,-1.05749212325769,0.290287047573183,0.448523703420708
"g3178",1806.00836488119,0.523360221017263,0.34827836842773,1.50270665209535,0.132914706585772,0.260627272013588
"g3179",26.666219387473,-2.21999413925094,0.99059106746067,-2.24108031272862,0.0250208732000306,0.0755645357683767
"g3180",32.8863352721281,-8.4191694189928,3.90803564615287,-2.15432257566043,0.0312148836398544,0.0885266208087215
"g3181",3719.403381928,-0.220339791918106,0.618600691365492,-0.356190665470695,0.72169778201841,0.814806960656278
"g3182",585.434350454532,-0.792454705791542,0.363156800400122,-2.18212822923438,0.0291000703264752,0.0842115229629245
"g3183",1749.2033977311,0.496122711027589,0.37837515798141,1.31119261019764,0.189792698378717,0.331599448605883
"g3184",290.682654928622,1.16154406424614,0.467754691821625,2.48323337970726,0.0130195757609217,0.0467829238879291
"g3185",0,NA,NA,NA,NA,NA
"g3186",1390.92281118296,-0.257461032179425,0.431999592267566,-0.595975174022762,0.551191811717713,0.686079745765401
"g3187",1.16927916899961,-3.60970220821707,3.71706506145556,-0.971116229750243,0.33149040270725,NA
"g3188",59.793751668398,-1.49547340143523,0.601148140736638,-2.48769529521076,0.0128573839109284,0.0465093815117337
"g3189",4980.76072943651,-0.348647112995966,0.33590532579961,-1.03793267393431,0.299301400534387,0.457164639230877
"g3190",206.441703103334,-0.386670607555451,0.447206514162869,-0.864635454336492,0.387238906471475,0.542296833381437
"g3191",492.876514163156,0.582582959205957,0.360113941064251,1.61777396755105,0.105711318564368,0.21907495594932
"g3192",0.303939898485185,-1.66762683618469,4.041298957816,-0.41264624408928,0.679865814870593,NA
"g3193",0.144223211752404,-0.807487900345844,4.0804728567969,-0.197890766262738,0.843130528772266,NA
"g3194",19.2722667628883,-1.91741616314526,0.973296966503221,-1.97002171909977,0.0488358814402791,0.124196835541014
"g3195",3589.56511394846,-1.18240167733739,0.333162995389545,-3.54901862961967,0.000386669723144839,0.00290219522540172
"g3196",0,NA,NA,NA,NA,NA
"g3197",0,NA,NA,NA,NA,NA
"g3198",48.3555556047054,-0.214048649201312,0.64865798552121,-0.329986917573087,0.741409847239508,0.826354468224679
"g3199",37.5356829657283,0.586108982520031,0.969290870662581,0.604678121149932,0.545392888167877,0.68225177770813
"g3200",61.0720272904918,-0.00592103259240059,0.652236242987513,-0.00907804902910608,0.992756864323246,0.99424525542418
"g3201",1327.17164536068,0.871817661329462,0.511781830706929,1.70349474916921,0.0884755198176476,0.191681018069801
"g3202",0,NA,NA,NA,NA,NA
"g3203",0,NA,NA,NA,NA,NA
"g3204",244.172751505819,0.245039089625051,0.393032530480523,0.623457527359033,0.532983904464009,0.669760347971774
"g3205",28.8312951339458,1.76246212225522,0.687728073829129,2.56273109870619,0.0103852447226282,0.0393422125220167
"g3206",3.37322122965926,1.52528812472447,2.08353797304833,0.732066391136078,0.4641280461438,0.613572663103721
"g3207",0.576892847009617,-2.59491561913439,3.97810376594276,-0.652299631133285,0.514207897963865,NA
"g3208",0,NA,NA,NA,NA,NA
"g3209",1180.87215457664,-2.09056164808602,0.344152723029326,-6.07451723666263,1.24361278051373e-09,6.55842108460398e-08
"g3210",1447.995793884,1.98676155521266,0.394309875237502,5.03857924941897,4.6900022256005e-07,9.99868559585468e-06
"g3211",2029.34322195527,0.149639306391105,0.329366068144313,0.454325204882794,0.649594777394993,0.766659560600452
"g3212",91.5884823924062,0.766514331106895,0.517714969614167,1.48057208328001,0.138720639076545,0.267304000682111
"g3213",1109.38595788953,0.53015161372936,0.35751616170889,1.48287453969994,0.138107747059088,0.266856448819741
"g3214",129.795654963448,-2.29944536508473,0.615327054873419,-3.73694825682215,0.000186267235905369,0.00158842357767812
"g3215",1049.74115695969,-1.93141924369724,0.639494925018534,-3.020226069255,0.00252586076009949,0.0136070563527941
"g3216",3.64496390930159,0.743503081914887,1.73849451276512,0.427670652081798,0.668890919564242,0.780283096554798
"g3217",241.853591678608,-0.146957200729672,0.562908878589407,-0.261067477027422,0.794040471736449,0.859674287066367
"g3218",2723.32059349333,-0.822133968334029,0.381189356191945,-2.15676003272256,0.0310243667254493,0.0883136802809664
"g3219",8.69757278684657,-0.0660981207486433,1.28236065103686,-0.0515440961910358,0.958891964849926,0.975936768694389
"g3220",2591.5984460302,-0.582924401063156,0.40532351780214,-1.43817068455355,0.150385630845784,0.282254025657377
"g3221",23.6652254143599,-2.3266355676963,0.998699211933995,-2.32966596938706,0.019823812500256,0.0639724963776377
"g3222",1062.02720125925,0.152246556378521,0.330368582250306,0.460838483313072,0.644914489582667,0.763383719506004
"g3223",3669.2459592005,0.280054193663801,0.351674402538697,0.796345118217655,0.425831468015903,0.578554077774028
"g3224",679.863076356055,0.177234432804674,0.344290361839246,0.514781859875089,0.606705462880262,0.732955156014115
"g3225",31.8363966859296,0.0180196392718747,0.792714542157078,0.0227315613800158,0.981864399995,0.990763473106737
"g3226",2198.47141541743,0.770340585968351,0.347254621451437,2.21837389160876,0.026529349763967,0.0787626917436887
"g3227",3543.77661558967,1.84732748080322,0.571062870174981,3.23489334937357,0.00121688175515624,0.00748866459805991
"g3228",246.455578530637,1.64182208222889,0.510444860395977,3.21645335199427,0.00129785630970417,0.00783404832725047
"g3229",317.374616746759,0.677479438153865,0.414813933958753,1.63321282795006,0.10242424295336,0.214256975864858
"g3230",52.331637868737,-0.829367399296019,0.646097554376236,-1.28365661451345,0.19926213111255,0.342317534205662
"g3231",459.099247768521,-2.13770163565401,0.382413254829028,-5.59003017981099,2.27030150185162e-08,7.96835124750206e-07
"g3232",0,NA,NA,NA,NA,NA
"g3233",0,NA,NA,NA,NA,NA
"g3234",0,NA,NA,NA,NA,NA
"g3235",1.83897279338678,0.0212491634692353,2.87139425436903,0.00740029462582618,0.99409547306565,0.994735403116516
"g3236",0.431736700119308,0.86995431534822,4.04938489438323,0.214836163525701,0.829895056723956,NA
"g3237",128.536077943979,-0.526023521121779,0.567591810954201,-0.926763760452181,0.354049204545029,0.511334479314938
"g3238",3864.68600212042,0.91453033363665,0.354641892014844,2.57874310460303,0.00991604992587077,0.0382149308681635
"g3239",4.0487101710326,1.59310312085232,1.7193838814566,0.926554644389651,0.35415781301853,0.511334479314938
"g3240",191.787024285331,-0.623364420229093,0.513637608170203,-1.21362690409253,0.224890228518153,0.372462824752379
"g3241",118.467525252165,0.342382614681336,0.534347460601262,0.640749025542439,0.521685756253752,0.660845926379595
"g3242",1498.88371076928,0.370090984597994,0.336773706772197,1.09893075722902,0.271798269614896,0.428210481374411
"g3243",608.278749519738,0.317419985837765,0.478982804772171,0.662695993833737,0.507525276076513,0.651139982879214
"g3244",103.88347473586,-0.605576883461284,0.657809190915706,-0.920596567856233,0.357261094765198,0.513963556288195
"g3245",15677.7338650722,0.960737785547868,0.415889423823424,2.31007986862338,0.0208837327544609,0.0665357717646099
"g3246",33.1040677071409,4.16804603366546,0.86932152426196,4.79459661050503,1.63002495751128e-06,2.89371303661781e-05
"g3247",0,NA,NA,NA,NA,NA
"g3248",0,NA,NA,NA,NA,NA
"g3249",283.275552915889,0.235583888791412,0.682708140964703,0.345072622773357,0.730039774646743,0.819885866832858
"g3250",3595.04903487309,-0.00565578158427155,0.470823761561979,-0.012012523678729,0.990415623326435,0.992720431747833
"g3251",0.782801028943415,3.16753474551036,3.96734536243863,0.798401564809409,0.424637495497614,NA
"g3252",432.340830794402,-1.94685785667909,0.383049889214291,-5.08251773854437,3.72464514599146e-07,8.11324877452922e-06
"g3253",0,NA,NA,NA,NA,NA
"g3254",89.6440389915579,-1.16803190740645,0.529202421036584,-2.20715526039837,0.0273032142080884,0.0804641783426605
"g3255",368.464104697314,-1.42411290315716,0.480906096413682,-2.96131181072015,0.00306331634928213,0.0155809288425416
"g3256",429.701633798674,-0.559548740398915,0.396492958109523,-1.41124509011923,0.158172359043499,0.292684586817333
"g3257",3213.45863117165,0.234834351658145,0.600683947713597,0.390944942930475,0.695837932646687,0.798340564082527
"g3258",1207.62191650262,0.613891316681005,0.341219102622001,1.79911180811312,0.0720009961559475,0.164802723845017
"g3259",6761.39310802228,0.887103607332507,0.835726205840272,1.06147635569304,NA,NA
"g3260",545.965973146606,-0.535587630595444,0.377880349502492,-1.41734713461704,0.156381460755154,0.290443417380287
"g3261",167.97271343899,1.8660809319486,0.498297720032868,3.74491164002418,0.000180457275493271,0.00154545461576289
"g3262",0.288446423504808,-1.60235200175857,4.0474125936041,-0.39589539358816,0.692182199412767,NA
"g3263",0,NA,NA,NA,NA,NA
"g3264",3.59274598834592,-1.4804603386899,2.34930714915714,-0.630168915640105,0.528584074359617,0.666634666467383
"g3265",0,NA,NA,NA,NA,NA
"g3266",0,NA,NA,NA,NA,NA
"g3267",1687.47224062279,-0.367564673304182,0.419261690160227,-0.876695109356907,0.380652263867952,0.536069667457045
"g3268",131.017736817573,0.551762847910212,0.421108136365951,1.31026403971145,0.190106528113896,0.331611797721139
"g3269",26.4703756413155,-0.755615455087987,0.762323484453465,-0.99120054740241,0.321587663343289,0.479153663449778
"g3270",4.12514743677974,-2.36260834512672,2.27902950002112,-1.03667299835514,0.299888280056526,0.457363860908126
"g3271",20.4640118209555,-1.48265196953844,1.20907179250384,-1.22627289688733,0.220095997082738,0.368481518925486
"g3272",2493.70330113956,-1.74564691828726,0.620579525990629,-2.81293024532301,0.00490922993710349,0.0220939202532393
"g3273",1.71723425640626,4.31439405314623,3.26913326169516,1.31973636673014,0.186923053619405,0.329168540820113
"g3274",0,NA,NA,NA,NA,NA
"g3275",0,NA,NA,NA,NA,NA
"g3276",0,NA,NA,NA,NA,NA
"g3277",0,NA,NA,NA,NA,NA
"g3278",0,NA,NA,NA,NA,NA
"g3279",0,NA,NA,NA,NA,NA
"g3280",0,NA,NA,NA,NA,NA
"g3281",0,NA,NA,NA,NA,NA
"g3282",0,NA,NA,NA,NA,NA
"g3283",0,NA,NA,NA,NA,NA
"g3284",0,NA,NA,NA,NA,NA
"g3285",0.143756744183452,1.11606545129665,4.0804728567969,0.273513754524209,0.784458320715326,NA
"g3286",0,NA,NA,NA,NA,NA
"g3287",0,NA,NA,NA,NA,NA
"g3288",0,NA,NA,NA,NA,NA
"g3289",1.24591096995046,3.85866365115648,3.94443955454739,0.978253969365046,0.327948729881218,NA
"g3290",0,NA,NA,NA,NA,NA
"g3291",0,NA,NA,NA,NA,NA
"g3292",0,NA,NA,NA,NA,NA
"g3293",0,NA,NA,NA,NA,NA
"g3294",0,NA,NA,NA,NA,NA
"g3295",0,NA,NA,NA,NA,NA
"g3296",38.1703804555018,-0.110178402495967,0.814561687489234,-0.135260968184712,0.892405544291178,0.928528914263937
