   SW   perc perc perc  query           position in query     matching   repeat          position in repeat
score   div. del. ins.  sequence        begin end    (left)   repeat     class/family  begin  end    (left)  ID

   11   14.1 10.3  0.0  contig_1_pilon   1172  1210 (37732) + (CGCGAGC)n Simple_repeat      1     43    (0)   1  
   12   19.6  5.2  5.2  contig_1_pilon   1355  1412 (37530) + (CCGCGAG)n Simple_repeat      1     58    (0)   2  
   15   17.2  0.0  4.9  contig_1_pilon   1955  1997 (36945) + (GCCGCGA)n Simple_repeat      1     41    (0)   3  
   18    0.0  0.0  0.0  contig_1_pilon  13542 13563 (25379) + (TGA)n     Simple_repeat      1     22    (0)   4  
   17    6.5  0.0  8.6  contig_1_pilon  14953 14990 (23952) + (TTTTA)n   Simple_repeat      1     35    (0)   5  
   17   32.1  1.4  0.0  contig_1_pilon  23138 23217 (15725) + (GTC)n     Simple_repeat      1     81    (0)   6  
   17    8.0 10.0  0.0  contig_1_pilon  23291 23330 (15612) + (GCCATC)n  Simple_repeat      1     44    (0)   7  
   15   18.0  8.0  0.0  contig_1_pilon  27962 28011 (10931) + (AATTA)n   Simple_repeat      1     54    (0)   8  
   13   20.8  4.3  2.1  contig_1_pilon  28592 28637 (10305) + (TTATA)n   Simple_repeat      1     47    (0)   9  
   12   19.5  2.9  0.0  contig_100_pilon  11797 11831 (39734) + (ATTTTTT)n Simple_repeat      1     36    (0)  10  
   12   27.9  0.0  5.6  contig_100_pilon  23957 24013 (27552) + (TTAA)n    Simple_repeat      1     54    (0)  11  
   21    0.0  0.0  0.0  contig_100_pilon  24987 25009 (26556) + (A)n       Simple_repeat      1     23    (0)  12  
   15   27.5  0.0  0.0  contig_100_pilon  25010 25034 (26531) + A-rich     Simple_repeat      1     48    (0)  13  
   14   22.8  0.0  2.6  contig_100_pilon  25176 25215 (26350) + (TTCCTT)n  Simple_repeat      1     39    (0)  14  
   13   23.5  1.6  6.8  contig_100_pilon  25455 25516 (26049) + (CGCGAGG)n Simple_repeat      1     59    (0)  15  
   59   20.2  0.0  0.0  contig_100_pilon  26184 26303 (25262) + (ATAT)n    Simple_repeat      1    120    (0)  16  
   17   15.2  4.3  2.1  contig_100_pilon  26913 26958 (24607) + (TTTTTAA)n Simple_repeat      1     47    (0)  17  
   21   16.8  3.6  1.8  contig_100_pilon  26959 26966 (24599) + (TTTTAT)n  Simple_repeat      2     56    (0)  18  
   14   29.9  0.0  0.0  contig_100_pilon  27123 27184 (24381) + (AATT)n    Simple_repeat      1     62    (0)  19  
   22    0.0  0.0  0.0  contig_100_pilon  38007 38030 (13535) + (A)n       Simple_repeat      1     24    (0)  20  
   16   18.9  0.0  2.6  contig_100_pilon  38197 38236 (13329) + (TTCCTT)n  Simple_repeat      1     39    (0)  21  
   13    3.2  7.9  7.9  contig_100_pilon  38680 38717 (12848) + (CGACG)n   Simple_repeat      1     38    (0)  22  
   65   19.2  0.0  0.0  contig_100_pilon  39208 39333 (12232) + (ATAT)n    Simple_repeat      1    126    (0)  23  
   14   21.3  4.5  0.0  contig_100_pilon  40169 40212 (11353) + (AATT)n    Simple_repeat      1     46    (0)  24  
   14   22.8  0.0  2.6  contig_100_pilon  51522 51561     (4) + (TTCCTT)n  Simple_repeat      1     39    (0)  25  
   18   15.9  0.0  0.0  contig_103_pilon   2397  2431  (616) + (TCG)n   Simple_repeat      1     35    (0)  26  
   17    8.2  0.0  0.0  contig_103_pilon   2442  2467  (580) + (GGA)n   Simple_repeat      1     26    (0)  27  
   27    3.1  0.0  2.9  contig_104_pilon    1062   1096 (227378) + (GACGGCG)n Simple_repeat      1     34    (0)  28  
   12   23.9  3.9  1.9  contig_104_pilon    3650   3700 (224774) + (ACTCCT)n  Simple_repeat      1     52    (0)  29  
   29   16.1  2.8  8.9  contig_104_pilon    9625   9731 (218743) + (CCGCAGC)n Simple_repeat      1    101    (0)  30  
   33    8.9  3.6  7.5  contig_104_pilon    9840   9922 (218552) + (GTTTT)n   Simple_repeat      1     80    (0)  31  
   67    4.2  1.4  0.0  contig_104_pilon   11830  11903 (216571) + (TA)n      Simple_repeat      1     75    (0)  32  
   15    7.6  3.6  0.0  contig_104_pilon   12848  12875 (215599) + (TCATT)n   Simple_repeat      1     29    (0)  33  
   13   18.8  8.1  5.3  contig_104_pilon   15998  16071 (212403) + A-rich     Simple_repeat      1     76    (0)  34  
   13   19.2  9.4  0.0  contig_104_pilon   17022  17074 (211400) + (CGCCAC)n  Simple_repeat      1     58    (0)  35  
   13   14.5  7.9  0.0  contig_104_pilon   31612  31649 (196825) + (TCATC)n   Simple_repeat      1     41    (0)  36  
   17   10.7  0.0  0.0  contig_104_pilon   39432  39461 (189013) + (TGGA)n    Simple_repeat      1     30    (0)  37  
   18    0.0  0.0  0.0  contig_104_pilon   42381  42403 (186071) + (AACA)n    Simple_repeat      1     23    (0)  38  
   18   29.2  1.3  2.6  contig_104_pilon   52228  52305 (176169) + A-rich     Simple_repeat      1     77    (0)  39  
   38    4.2  0.0  3.9  contig_104_pilon   60876  60928 (167546) + (AAACCT)n  Simple_repeat      1     51    (0)  40  
   12   13.7  6.2  0.0  contig_104_pilon   65408  65439 (163035) + (ACAGTT)n  Simple_repeat      1     34    (0)  41  
   16   16.4  0.0  0.0  contig_104_pilon   72241  72274 (156200) + (CTTCAG)n  Simple_repeat      1     34    (0)  42  
   18   18.4  2.7  0.0  contig_104_pilon   73947  73983 (154491) + GA-rich    Simple_repeat      1     38    (0)  43  
   25   20.1  2.0  7.5  contig_104_pilon   87908  88005 (140469) + A-rich     Simple_repeat      1     93    (0)  44  
   18   15.9  0.0  0.0  contig_104_pilon   95860  95894 (132580) + (TCG)n     Simple_repeat      1     35    (0)  45  
   17    8.2  0.0  0.0  contig_104_pilon   95905  95930 (132544) + (GGA)n     Simple_repeat      1     26    (0)  46  
   16   23.3  0.0  0.0  contig_104_pilon   98103  98137 (130337) + A-rich     Simple_repeat      1     35    (0)  47  
   15   12.0  0.0  0.0  contig_104_pilon   99883  99909 (128565) + (GCGA)n    Simple_repeat      1     27    (0)  48  
   24   17.5  0.0  2.2  contig_104_pilon  109611 109657 (118817) + (CT)n      Simple_repeat      1     46    (0)  49  
   29    5.8  0.0  0.0  contig_104_pilon  121849 121884 (106590) + (CAGGCT)n  Simple_repeat      1     36    (0)  50  
   15    0.0  0.0  0.0  contig_104_pilon  121895 121913 (106561) + (GTC)n     Simple_repeat      1     19    (0)  51  
   23    6.5  0.0  0.0  contig_104_pilon  124722 124754 (103720) + (CTG)n     Simple_repeat      1     33    (0)  52  
   28   16.5  0.0  3.6  contig_104_pilon  126493 126550 (101924) + (CT)n      Simple_repeat      1     56    (0)  53  
   16   14.2  0.0  0.0  contig_104_pilon  126685 126715 (101759) + (AATGG)n   Simple_repeat      1     31    (0)  54  
   15   19.7  0.0  0.0  contig_104_pilon  126895 126923 (101551) + (CT)n      Simple_repeat      1     29    (0)  55  
   85    1.0  2.8  3.7  contig_104_pilon  146761 146868  (81606) + (TTTTAC)n  Simple_repeat      1    107    (0)  56  
   14   23.0  0.0  0.0  contig_104_pilon  154330 154366  (74108) + (TATATA)n  Simple_repeat      1     37    (0)  57  
   13   12.8  0.0 10.5  contig_104_pilon  166364 166405  (62069) + (CAAGGCG)n Simple_repeat      1     38    (0)  58  
   13   12.8  0.0 10.5  contig_104_pilon  177331 177372  (51102) + (CAAGGCG)n Simple_repeat      1     38    (0)  59  
   13   19.5  1.9  7.8  contig_104_pilon  181369 181422  (47052) + (TTCAA)n   Simple_repeat      1     51    (0)  60  
   12   19.7  0.0  0.0  contig_110_pilon  25617 25645 (12658) + (TATG)n  Simple_repeat      1     29    (0)  61  
   13   16.2  0.0  0.0  contig_110_pilon  36104 36131  (2172) + (TTGT)n  Simple_repeat      1     28    (0)  62  
   28   35.3  0.7  2.7  contig_110_pilon  36650 36799  (1504) + (TTGT)n  Simple_repeat      1    147    (0)  63  
   12   28.7  0.0  0.0  contig_110_pilon  36829 36870  (1433) + (TTCT)n  Simple_repeat      1     42    (0)  64  
   14   17.7  2.5  2.5  contig_110_pilon  37162 37201  (1102) + (TTCT)n  Simple_repeat      1     40    (0)  65  
   14   20.5  2.6  0.0  contig_113_pilon     3255    3293 (1854672) + (TTTGTT)n   Simple_repeat      1     40    (0)  66  
   14   22.8  2.1  2.1  contig_113_pilon     3342    3389 (1854576) + (TATTT)n    Simple_repeat      1     48    (0)  67  
   14   16.9  0.0  2.9  contig_113_pilon     4878    4912 (1853053) + (TTTGTT)n   Simple_repeat      1     34    (0)  68  
   16   24.8  3.4  1.7  contig_113_pilon    28503   28561 (1829404) + (CGCG)n     Simple_repeat      1     60    (0)  69  
   11   14.1 10.3  0.0  contig_113_pilon    31785   31823 (1826142) + (CGCGAGC)n  Simple_repeat      1     43    (0)  70  
   15   25.6  5.0  0.0  contig_113_pilon    33398   33457 (1824508) + (CGCG)n     Simple_repeat      1     63    (0)  71  
   15   18.7  5.2  3.4  contig_113_pilon    44827   44884 (1813081) + (GCCGCGA)n  Simple_repeat      1     59    (0)  72  
   11   14.1 10.3  0.0  contig_113_pilon    48095   48133 (1809832) + (CGCGAGC)n  Simple_repeat      1     43    (0)  73  
   12   20.6  2.4  2.4  contig_113_pilon    48964   49004 (1808961) + (GCGCGT)n   Simple_repeat      1     41    (0)  74  
   12   11.1  6.9  0.0  contig_113_pilon    52059   52087 (1805878) + (AATTA)n    Simple_repeat      1     31    (0)  75  
   13   24.5  4.2  0.0  contig_113_pilon    52349   52396 (1805569) + (GCGC)n     Simple_repeat      1     50    (0)  76  
   14   16.7  8.5  0.0  contig_113_pilon    52607   52653 (1805312) + (CGTCGCA)n  Simple_repeat      1     51    (0)  77  
   14   18.4  5.9  1.9  contig_113_pilon    54376   54426 (1803539) + A-rich      Simple_repeat      1     53    (0)  78  
   14   25.1  2.7  5.6  contig_113_pilon    55191   55263 (1802702) + (TATTT)n    Simple_repeat      1     71    (0)  79  
   19   26.2  0.0  0.0  contig_113_pilon    55562   55610 (1802355) + (TGTA)n     Simple_repeat      1     49    (0)  80  
   82    0.0  0.0  0.0  contig_113_pilon    59293   59362 (1798603) + (TA)n       Simple_repeat      1     70    (0)  81  
   12   12.5  0.0  3.7  contig_113_pilon    59494   59521 (1798444) + (ATTA)n     Simple_repeat      1     27    (0)  82  
   17   18.4  0.0  0.0  contig_113_pilon    64590   64620 (1793345) + (TC)n       Simple_repeat      1     31    (0)  83  
   16   22.2  2.1  0.0  contig_113_pilon    66847   66893 (1791072) + A-rich      Simple_repeat      1     48    (0)  84  
   14   17.7  2.5  2.5  contig_113_pilon    82074   82113 (1775852) + (TTCAA)n    Simple_repeat      1     40    (0)  85  
   13   12.7  0.0  0.0  contig_113_pilon    82764   82789 (1775176) + (ATTGA)n    Simple_repeat      1     26    (0)  86  
   22   13.4  0.0  0.0  contig_113_pilon    88573   88613 (1769352) + (GCTCACC)n  Simple_repeat      1     41    (0)  87  
   14   10.3  0.0  8.8  contig_113_pilon    90384   90420 (1767545) + (AACA)n     Simple_repeat      1     34    (0)  88  
   11   21.9  0.0  5.1  contig_113_pilon    98939   98979 (1758986) + (ATCATT)n   Simple_repeat      1     39    (0)  89  
   15   12.3  8.7  2.0  contig_113_pilon    99840   99885 (1758080) + A-rich      Simple_repeat      1     49    (0)  90  
   12   11.6  3.3  3.3  contig_113_pilon   105389  105418 (1752547) + (TGTTG)n    Simple_repeat      1     30    (0)  91  
   17    7.2  3.3  0.0  contig_113_pilon   106203  106232 (1751733) + (CCCGC)n    Simple_repeat      1     31    (0)  92  
   12    9.2  0.0  4.2  contig_113_pilon   107588  107612 (1750353) + (TTGT)n     Simple_repeat      1     24    (0)  93  
   12   16.3  5.7  0.0  contig_113_pilon   121735  121769 (1736196) + A-rich      Simple_repeat      1     37    (0)  94  
   26   27.2  1.3  0.0  contig_113_pilon   136512  136590 (1721375) + (TATA)n     Simple_repeat      1     80    (0)  95  
   83    1.4  0.0  0.0  contig_113_pilon   136668  136742 (1721223) + (AT)n       Simple_repeat      1     75    (0)  96  
   14   15.8 10.3  1.6  contig_113_pilon   136755  136812 (1721153) + (ACTTCT)n   Simple_repeat      1     63    (0)  97  
   52   16.4  2.3  4.7  contig_113_pilon   140649  140779 (1717186) + (TTACTT)n   Simple_repeat      1    128    (0)  98  
   19    0.0  0.0  0.0  contig_113_pilon   147682  147705 (1710260) + (TATG)n     Simple_repeat      1     24    (0)  99  
   72    1.5  0.0  0.0  contig_113_pilon   147707  147772 (1710193) + (AT)n       Simple_repeat      1     66    (0) 100  
   12   15.3  3.5  0.0  contig_113_pilon   147927  147955 (1710010) + (AATT)n     Simple_repeat      1     30    (0) 101  
   19    8.8  5.4  0.0  contig_113_pilon   152094  152130 (1705835) + (ATACGT)n   Simple_repeat      1     39    (0) 102  
   14   17.0  5.0  0.0  contig_113_pilon   155983  156022 (1701943) + (GCGAGCG)n  Simple_repeat      1     42    (0) 103  
   12   20.5  5.1  0.0  contig_113_pilon   156112  156150 (1701815) + (GGT)n      Simple_repeat      1     41    (0) 104  
   18    0.0  0.0  0.0  contig_113_pilon   156307  156329 (1701636) + (GCCT)n     Simple_repeat      1     23    (0) 105  
   18   18.4  0.0  0.0  contig_113_pilon   160363  160400 (1697565) + (ATGT)n     Simple_repeat      1     38    (0) 106  
   18   19.1  0.0  2.7  contig_113_pilon   160706  160743 (1697222) + (TA)n       Simple_repeat      1     37    (0) 107  
   12   17.1  4.9  2.4  contig_113_pilon   160967  161007 (1696958) + (TATGGAT)n  Simple_repeat      1     42    (0) 108  
   12   15.1 11.4  0.0  contig_113_pilon   162855  162898 (1695067) + (TGTA)n     Simple_repeat      1     49    (0) 109  
   36    2.9  0.0  0.0  contig_113_pilon   164964  164998 (1692967) + (TA)n       Simple_repeat      1     35    (0) 110  
   20   19.8  0.0  0.0  contig_113_pilon   164999  165031 (1692934) + (T)n        Simple_repeat      1     34    (0) 111  
   13   22.6  2.0  4.1  contig_113_pilon   165285  165334 (1692631) + (TTTTTAA)n  Simple_repeat      1     49    (0) 112  
   81    0.0  0.0  0.0  contig_113_pilon   166104  166172 (1691793) + (AT)n       Simple_repeat      1     69    (0) 113  
  234    1.9  0.0  0.0  contig_113_pilon   166927  167142 (1690823) + (AG)n       Simple_repeat      1    216    (0) 114  
   11   21.8  2.2  4.4  contig_113_pilon   171210  171255 (1686710) + G-rich      Simple_repeat      1     45    (0) 115  
   17    8.5  0.0  3.9  contig_113_pilon   171539  171565 (1686400) + (CA)n       Simple_repeat      1     26    (0) 116  
   18    0.0  0.0  0.0  contig_113_pilon   178134  178153 (1679812) + (AC)n       Simple_repeat      1     20    (0) 117  
   31    0.0  0.0  0.0  contig_113_pilon   178154  178180 (1679785) + (AG)n       Simple_repeat      1     27    (0) 118  
   42    0.0  0.0  0.0  contig_113_pilon   178381  178418 (1679547) + (TCG)n      Simple_repeat      1     38    (0) 119  
   12   12.2  3.7  0.0  contig_113_pilon   178836  178862 (1679103) + (AATTT)n    Simple_repeat      1     28    (0) 120  
   20    3.3  3.2  0.0  contig_113_pilon   181893  181923 (1676042) + (GACGG)n    Simple_repeat      1     32    (0) 121  
   11   13.4  5.7  2.8  contig_113_pilon   190110  190144 (1667821) + (ATTTTTG)n  Simple_repeat      1     36    (0) 122  
  122    0.0  0.0  0.0  contig_113_pilon   190311  190414 (1667551) + (AT)n       Simple_repeat      1    104    (0) 123  
   12   22.6  4.2  2.0  contig_113_pilon   193483  193530 (1664435) + A-rich      Simple_repeat      1     49    (0) 124  
   12   14.2  3.0  3.0  contig_113_pilon   196107  196139 (1661826) + (CCGATT)n   Simple_repeat      1     33    (0) 125  
   27   31.4  0.0  0.0  contig_113_pilon   200801  200890 (1657075) + (TTT)n      Simple_repeat      1     90    (0) 126  
   41   30.1  0.0  0.0  contig_113_pilon   201083  201208 (1656757) + (TTTT)n     Simple_repeat      1    126    (0) 127  
   12   20.8  0.0  2.9  contig_113_pilon   211140  211174 (1646791) + (TTCCC)n    Simple_repeat      1     34    (0) 128  
   29   30.6  0.0  0.0  contig_113_pilon   212763  212854 (1645111) + (TTT)n      Simple_repeat      1     92    (0) 129  
   33    0.0  0.0  0.0  contig_113_pilon   213062  213092 (1644873) + (TTTA)n     Simple_repeat      1     31    (0) 130  
   15    7.8  3.7  0.0  contig_113_pilon   234302  234328 (1623637) + (GAA)n      Simple_repeat      1     28    (0) 131  
   15   15.9  2.9  0.0  contig_113_pilon   234818  234852 (1623113) + (GCTTCC)n   Simple_repeat      1     36    (0) 132  
   12   19.3  2.1  6.7  contig_113_pilon   235372  235418 (1622547) + G-rich      Simple_repeat      1     45    (0) 133  
   12   24.8  2.0  4.0  contig_113_pilon   237029  237079 (1620886) + A-rich      Simple_repeat      1     50    (0) 134  
   17   22.3  4.1  4.1  contig_113_pilon   237334  237406 (1620559) + (TTGAAT)n   Simple_repeat      1     73    (0) 135  
   14   24.8  3.7  1.8  contig_113_pilon   239095  239148 (1618817) + (ATT)n      Simple_repeat      1     55    (0) 136  
   12   16.0  9.8  1.8  contig_113_pilon   242952  243002 (1614963) + A-rich      Simple_repeat      1     55    (0) 137  
   21   23.9  0.0  0.0  contig_113_pilon   243040  243084 (1614881) + (T)n        Simple_repeat      1     45    (0) 138  
   34    0.0  0.0  0.0  contig_113_pilon   244019  244050 (1613915) + (T)n        Simple_repeat      1     32    (0) 139  
   13   21.2  2.6  0.0  contig_113_pilon   249284  249321 (1608644) + (TTAATCA)n  Simple_repeat      1     39    (0) 140  
   22    3.2  6.2  0.0  contig_113_pilon   249614  249645 (1608320) + (TA)n       Simple_repeat      1     34    (0) 141  
   33    2.9  0.0  0.0  contig_113_pilon   253990  254025 (1603940) + (ACTTCACA)n Simple_repeat      1     36    (0) 142  
   19   22.6  0.0  0.0  contig_113_pilon   254063  254103 (1603862) + A-rich      Simple_repeat      1     41    (0) 143  
   33    2.9  0.0  0.0  contig_113_pilon   266737  266772 (1591193) + (ACTTCACA)n Simple_repeat      1     36    (0) 144  
   19   22.6  0.0  0.0  contig_113_pilon   266810  266850 (1591115) + A-rich      Simple_repeat      1     41    (0) 145  
   23   18.9  1.9  0.0  contig_113_pilon   269159  269212 (1588753) + (GCAAGAG)n  Simple_repeat      1     55    (0) 146  
   13   24.8  0.0  0.0  contig_113_pilon   273995  274032 (1583933) + (TTGTAT)n   Simple_repeat      1     38    (0) 147  
   13    0.0  0.0  0.0  contig_113_pilon   277658  277674 (1580291) + (CGT)n      Simple_repeat      1     17    (0) 148  
   12   22.7  0.0  2.7  contig_113_pilon   277705  277742 (1580223) + (CTCT)n     Simple_repeat      1     37    (0) 149  
   14   25.6  3.5  1.7  contig_113_pilon   277743  277758 (1580207) + (CCCTCT)n   Simple_repeat      5     59    (0) 150  
   48    6.9  0.0  0.0  contig_113_pilon   286716  286777 (1571188) + (GTAT)n     Simple_repeat      1     62    (0) 151  
   13   20.5  2.4  2.4  contig_113_pilon   289499  289539 (1568426) + (CTT)n      Simple_repeat      1     41    (0) 152  
   12   21.8  2.7  0.0  contig_113_pilon   299090  299126 (1558839) + (GACGGA)n   Simple_repeat      1     38    (0) 153  
   12    9.2  0.0  4.2  contig_113_pilon   299397  299421 (1558544) + (TATT)n     Simple_repeat      1     24    (0) 154  
   13   11.7  3.6  0.0  contig_113_pilon   306409  306436 (1551529) + (AACT)n     Simple_repeat      1     29    (0) 155  
   15    6.5  9.1  0.0  contig_113_pilon   314713  314745 (1543220) + (TTTGT)n    Simple_repeat      1     36    (0) 156  
   19   13.1  8.1  5.3  contig_113_pilon   314784  314857 (1543108) + (AAGTTGTG)n Simple_repeat      1     76    (0) 157  
   72    0.0  0.0  0.0  contig_113_pilon   318356  318416 (1539549) + (AT)n       Simple_repeat      1     61    (0) 158  
   18    4.5  0.0  0.0  contig_113_pilon   324570  324592 (1533373) + (GA)n       Simple_repeat      1     23    (0) 159  
   29   25.8  0.0  2.6  contig_113_pilon   325769  325847 (1532118) + GA-rich     Simple_repeat      1     77    (0) 160  
   24    6.7  0.0  0.0  contig_113_pilon   325923  325954 (1532011) + (AG)n       Simple_repeat      1     32    (0) 161  
   19    7.1  3.9  8.0  contig_113_pilon   326071  326122 (1531843) + (GCCCCACG)n Simple_repeat      1     50    (0) 162  
   15   24.9  7.0  0.0  contig_113_pilon   327427  327483 (1530482) + (TA)n       Simple_repeat      1     61    (0) 163  
   15   24.4  2.1  0.0  contig_113_pilon   329474  329521 (1528444) + (ATATTTT)n  Simple_repeat      1     49    (0) 164  
   12   15.7  1.9 10.4  contig_113_pilon   332279  332330 (1525635) + (GTATTT)n   Simple_repeat      1     48    (0) 165  
   21   25.1  1.3  4.0  contig_113_pilon   332426  332502 (1525463) + A-rich      Simple_repeat      1     75    (0) 166  
   24   36.5  0.0  5.1  contig_113_pilon   332745  332784 (1525181) + (TA)n       Simple_repeat      1     39    (0) 167  
  112    1.0  0.0  0.0  contig_113_pilon   332785  332884 (1525081) + (AT)n       Simple_repeat      1    100    (0) 168  
   24   36.5  0.0  5.1  contig_113_pilon   332885  332966 (1524999) + (TA)n       Simple_repeat      2     80    (0) 169  
   14   19.4  4.5  6.2  contig_113_pilon   337590  337655 (1520310) + (ACATT)n    Simple_repeat      1     65    (0) 170  
   18   33.5  1.1  1.1  contig_113_pilon   339057  339143 (1518822) + (AATTTAA)n  Simple_repeat      1     87    (0) 171  
   12   17.5  3.1  0.0  contig_113_pilon   343794  343825 (1514140) + (TTTTTG)n   Simple_repeat      1     33    (0) 172  
   13   20.8  0.0  0.0  contig_113_pilon   346312  346344 (1511621) + A-rich      Simple_repeat      1     33    (0) 173  
   17   20.0  1.4  8.7  contig_113_pilon   349308  349381 (1508584) + A-rich      Simple_repeat      1     69    (0) 174  
   14   17.7  2.5  2.5  contig_113_pilon   352293  352332 (1505633) + A-rich      Simple_repeat      1     40    (0) 175  
   12    8.5  0.0  7.4  contig_113_pilon   363544  363572 (1494393) + (TTATT)n    Simple_repeat      1     27    (0) 176  
   17   12.8  5.5  3.2  contig_113_pilon   394583  394634 (1463331) + A-rich      Simple_repeat      1     53    (0) 177  
   13   19.5  2.9  0.0  contig_113_pilon   398929  398963 (1459002) + (ATCAA)n    Simple_repeat      1     36    (0) 178  
   18    7.5  0.0  0.0  contig_113_pilon   400007  400034 (1457931) + (GCAT)n     Simple_repeat      1     28    (0) 179  
   12    9.1  7.7  5.0  contig_113_pilon   415710  415748 (1442217) + (TTCCAA)n   Simple_repeat      1     40    (0) 180  
   12   18.2  0.0  7.5  contig_113_pilon   418458  418500 (1439465) + (ATTATTG)n  Simple_repeat      1     40    (0) 181  
   13   21.4  4.7  0.0  contig_113_pilon   418565  418607 (1439358) + (TTAGGAA)n  Simple_repeat      1     45    (0) 182  
   16   18.9  0.0  0.0  contig_113_pilon   421385  421414 (1436551) + (CT)n       Simple_repeat      1     30    (0) 183  
   15   17.2  0.0  0.0  contig_113_pilon   422273  422305 (1435660) + (AATTT)n    Simple_repeat      1     33    (0) 184  
   12   18.4  5.4  0.0  contig_113_pilon   422426  422462 (1435503) + A-rich      Simple_repeat      1     39    (0) 185  
   20   19.0  3.7  0.0  contig_113_pilon   422843  422896 (1435069) + (ATAATTT)n  Simple_repeat      1     56    (0) 186  
   15   21.2  0.0  0.0  contig_113_pilon   422936  422973 (1434992) + A-rich      Simple_repeat      1     38    (0) 187  
   51   16.8  0.0  0.0  contig_113_pilon   441624  441714 (1416251) + (CGGA)n     Simple_repeat      1     91    (0) 188  
   28   10.5  1.9  1.9  contig_113_pilon   442966  443018 (1414947) + (TTTAT)n    Simple_repeat      1     53    (0) 189  
   16   23.2  0.0  2.2  contig_113_pilon   443171  443181 (1414784) + (TTGTTT)n   Simple_repeat      1     44    (0) 190  
   17   21.1  0.0  0.0  contig_113_pilon   443182  443215 (1414750) + (T)n        Simple_repeat      1     34    (0) 191  
   14   20.5  0.0  0.0  contig_113_pilon   455213  455246 (1402719) + (ACGAAC)n   Simple_repeat      1     34    (0) 192  
   17   22.2  1.4  7.3  contig_113_pilon   458804  458875 (1399090) + (ATTAA)n    Simple_repeat      1     68    (0) 193  
   67    9.9  0.0  0.0  contig_113_pilon   459368  459467 (1398498) + (TATA)n     Simple_repeat      1    100    (0) 194  
   12   13.3  5.7  2.8  contig_113_pilon   460152  460186 (1397779) + (TAATT)n    Simple_repeat      1     36    (0) 195  
   15   19.2  4.1  2.0  contig_113_pilon   477247  477295 (1380670) + (CTCTCG)n   Simple_repeat      1     50    (0) 196  
   79    0.0  0.0  0.0  contig_113_pilon   483434  483503 (1374462) + (ATGTGTGC)n Simple_repeat      1     70    (0) 197  
   13   19.6  1.9  6.0  contig_113_pilon   489597  489648 (1368317) + (TGTTGGT)n  Simple_repeat      1     50    (0) 198  
   17   11.9  3.9  6.0  contig_113_pilon   491388  491438 (1366527) + A-rich      Simple_repeat      1     50    (0) 199  
   13   10.8  3.1  3.1  contig_113_pilon   493321  493352 (1364613) + (TATAAT)n   Simple_repeat      1     32    (0) 200  
   14   18.9  2.8  0.0  contig_113_pilon   496017  496052 (1361913) + GA-rich     Simple_repeat      1     37    (0) 201  
   11   21.1  2.5  2.5  contig_113_pilon   496633  496672 (1361293) + A-rich      Simple_repeat      1     40    (0) 202  
   16    8.1  4.4  6.8  contig_113_pilon   499980  500024 (1357941) + A-rich      Simple_repeat      1     44    (0) 203  
   12   25.1  5.5  1.8  contig_113_pilon   500878  500932 (1357033) + (AATAA)n    Simple_repeat      1     57    (0) 204  
   12   20.0  0.0  2.9  contig_113_pilon   502941  502976 (1354989) + (TCTAAT)n   Simple_repeat      1     35    (0) 205  
   26    9.7  0.0 11.3  contig_113_pilon   507757  507825 (1350140) + (AATTTA)n   Simple_repeat      1     62    (0) 206  
   25   26.1  2.1  3.1  contig_113_pilon   507826  507853 (1350112) + (AATTTAA)n  Simple_repeat      1     96    (0) 207  
   13   20.0  1.6  8.8  contig_113_pilon   508876  508936 (1349029) + A-rich      Simple_repeat      1     57    (0) 208  
   12   25.4  1.6  6.7  contig_113_pilon   525964  526026 (1331939) + A-rich      Simple_repeat      1     60    (0) 209  
   14   24.2  3.1  8.7  contig_113_pilon   528597  528693 (1329272) + G-rich      Simple_repeat      1     92    (0) 210  
   29   17.0  2.9  1.4  contig_113_pilon   528769  528836 (1329129) + (GCA)n      Simple_repeat      1     69    (0) 211  
   16   17.6  0.0  0.0  contig_113_pilon   532935  532961 (1325004) + A-rich      Simple_repeat      1     27    (0) 212  
   50    0.0  0.0  0.0  contig_113_pilon   542326  542368 (1315597) + (AT)n       Simple_repeat      1     43    (0) 213  
   17   15.4  6.3  4.7  contig_113_pilon   545238  545300 (1312665) + (ATATCTAT)n Simple_repeat      1     64    (0) 214  
   21   29.4  1.2  1.2  contig_113_pilon   555659  555738 (1302227) + A-rich      Simple_repeat      1     80    (0) 215  
   23   21.4  0.0  0.0  contig_113_pilon   556393  556446 (1301519) + G-rich      Simple_repeat      1     54    (0) 216  
   12   17.6  3.1  0.0  contig_113_pilon   557766  557797 (1300168) + A-rich      Simple_repeat      1     33    (0) 217  
   11   21.7  0.0  2.9  contig_113_pilon   559279  559313 (1298652) + A-rich      Simple_repeat      1     34    (0) 218  
   14   13.3  4.3  6.5  contig_113_pilon   573186  573237 (1284728) + (ACTTAT)n   Simple_repeat      1     50    (0) 219  
   13   13.2  6.1  0.0  contig_113_pilon   573712  573744 (1284221) + (AGTAT)n    Simple_repeat      1     35    (0) 220  
   16   22.2  0.0  4.1  contig_113_pilon   585349  585399 (1272566) + (CCACTA)n   Simple_repeat      1     49    (0) 221  
   12   16.5  0.0  0.0  contig_113_pilon   587619  587645 (1270320) + (TTTTA)n    Simple_repeat      1     27    (0) 222  
   15   22.6  2.1  2.1  contig_113_pilon   588462  588509 (1269456) + A-rich      Simple_repeat      1     48    (0) 223  
   15    7.0  6.7  0.0  contig_113_pilon   593766  593797 (1264168) + (AATAGA)n   Simple_repeat      1     34    (0) 224  
   76    0.0  0.0  0.0  contig_113_pilon   607746  607810 (1250155) + (TA)n       Simple_repeat      1     65    (0) 225  
   13   20.4  2.4  2.4  contig_113_pilon   608981  609021 (1248944) + (ATTA)n     Simple_repeat      1     41    (0) 226  
   12   18.7  0.0  7.7  contig_113_pilon   613059  613100 (1244865) + (GGC)n      Simple_repeat      1     39    (0) 227  
   12   23.9  0.0  0.0  contig_113_pilon   631722  631756 (1226209) + (TATTTG)n   Simple_repeat      1     35    (0) 228  
   19   14.9  0.0  6.4  contig_113_pilon   643878  643927 (1214038) + G-rich      Simple_repeat      1     47    (0) 229  
   15   14.4  0.0  0.0  contig_113_pilon   646367  646390 (1211575) + (T)n        Simple_repeat      1     24    (0) 230  
   13   18.3  2.6  2.6  contig_113_pilon   660965  661003 (1196962) + (GGCAGC)n   Simple_repeat      1     39    (0) 231  
   19   23.2  0.0  3.5  contig_113_pilon   663827  663885 (1194080) + (TGTT)n     Simple_repeat      1     57    (0) 232  
   17   13.7  0.0  0.0  contig_113_pilon   664005  664036 (1193929) + (GGTAGT)n   Simple_repeat      1     32    (0) 233  
   13   13.2  0.0  0.0  contig_113_pilon   664641  664665 (1193300) + (CCA)n      Simple_repeat      1     25    (0) 234  
   20   18.8  4.8  1.6  contig_113_pilon   664666  664697 (1193268) + (CACGCC)n   Simple_repeat      6     64    (0) 235  
   17    0.0  0.0  0.0  contig_113_pilon   669804  669824 (1188141) + (CGA)n      Simple_repeat      1     21    (0) 236  
   13    8.5  4.0  0.0  contig_113_pilon   674819  674843 (1183122) + (TTGT)n     Simple_repeat      1     26    (0) 237  
   14   19.9  4.2  2.0  contig_113_pilon   676853  676900 (1181065) + A-rich      Simple_repeat      1     49    (0) 238  
   16   23.2  0.0  0.0  contig_113_pilon   695587  695627 (1162338) + G-rich      Simple_repeat      1     41    (0) 239  
   13    8.9  0.0  4.0  contig_113_pilon   701361  701386 (1156579) + (ATAC)n     Simple_repeat      1     25    (0) 240  
   12   26.1  0.0  3.4  contig_113_pilon   701494  701551 (1156414) + A-rich      Simple_repeat      1     56    (0) 241  
   16   21.8  0.0  0.0  contig_113_pilon   712626  712663 (1145302) + (TCG)n      Simple_repeat      1     38    (0) 242  
   12   24.1  3.5  3.5  contig_113_pilon   715565  715621 (1142344) + G-rich      Simple_repeat      1     57    (0) 243  
   22   20.8  3.3  0.0  contig_113_pilon   725585  725645 (1132320) + A-rich      Simple_repeat      1     63    (0) 244  
   17   23.1  0.0  0.0  contig_113_pilon   726262  726297 (1131668) + (T)n        Simple_repeat      1     36    (0) 245  
   29   17.2  1.5  1.5  contig_113_pilon   727514  727580 (1130385) + (AATTTG)n   Simple_repeat      1     67    (0) 246  
   16   23.3  0.0  0.0  contig_113_pilon   730847  730881 (1127084) + A-rich      Simple_repeat      1     35    (0) 247  
   18    4.0  0.0  0.0  contig_113_pilon   731167  731192 (1126773) + (TGGA)n     Simple_repeat      1     26    (0) 248  
   13   16.1  0.0  0.0  contig_113_pilon   746812  746839 (1111126) + (TTTGT)n    Simple_repeat      1     28    (0) 249  
   13   22.1  2.3  2.3  contig_113_pilon   755072  755115 (1102850) + (GACA)n     Simple_repeat      1     44    (0) 250  
   16   13.3  7.3  0.0  contig_113_pilon   769297  769337 (1088628) + A-rich      Simple_repeat      1     44    (0) 251  
   12    5.6  0.0  0.0  contig_113_pilon   769490  769508 (1088457) + (AAT)n      Simple_repeat      1     19    (0) 252  
   30    6.1  0.0  0.0  contig_113_pilon   786147  786181 (1071784) + (CT)n       Simple_repeat      1     35    (0) 253  
   12   23.3  0.0  0.0  contig_113_pilon   810502  810536 (1047429) + (GCAGCG)n   Simple_repeat      1     35    (0) 254  
   24   11.2  4.5  3.7  contig_113_pilon   823474  823522 (1034443) + G-rich      Simple_repeat      1     49    (0) 255  
   36    0.0  0.0  0.0  contig_113_pilon   825283  825315 (1032650) + (TTA)n      Simple_repeat      1     33    (0) 256  
   12   18.8  2.6  2.6  contig_113_pilon   832068  832105 (1025860) + (ATGCAA)n   Simple_repeat      1     38    (0) 257  
   14   16.1  2.9  0.0  contig_113_pilon   832503  832537 (1025428) + (AATACAA)n  Simple_repeat      1     36    (0) 258  
   18   14.8  1.3  2.7  contig_113_pilon   839812  839852 (1018113) + A-rich      Simple_repeat      1     40    (0) 259  
   20    6.8  0.0  0.0  contig_113_pilon   841562  841592 (1016373) + (TTTGT)n    Simple_repeat      1     31    (0) 260  
  105    0.0  0.0  0.0  contig_113_pilon   844111  844199 (1013766) + (AT)n       Simple_repeat      1     89    (0) 261  
   14   16.1  2.9  0.0  contig_113_pilon   844943  844977 (1012988) + (TTTGTAT)n  Simple_repeat      1     36    (0) 262  
   14   15.6  0.0  0.0  contig_113_pilon   858645  858673  (999292) + (CCCA)n     Simple_repeat      1     29    (0) 263  
   12    3.4  2.5 13.9  contig_113_pilon   859659  859698  (998267) + (ACAATTA)n  Simple_repeat      1     36    (0) 264  
   23   19.0  1.9  0.0  contig_113_pilon   871404  871457  (986508) + A-rich      Simple_repeat      1     55    (0) 265  
   20    5.3  4.7  4.7  contig_113_pilon   877489  877531  (980434) + (AGGTTT)n   Simple_repeat      1     43    (0) 266  
   18   23.1  0.0  3.9  contig_113_pilon   882233  882324  (975641) + (CGA)n      Simple_repeat      1     88    (0) 267  
   17   20.2  0.0  4.3  contig_113_pilon   884383  884431  (973534) + (GTTGGA)n   Simple_repeat      1     47    (0) 268  
   13   17.8  0.0  3.0  contig_113_pilon   886762  886795  (971170) + (TTTTAA)n   Simple_repeat      1     33    (0) 269  
   91    0.0  0.0  0.0  contig_113_pilon   899249  899325  (958640) + (AG)n       Simple_repeat      1     77    (0) 270  
   15   14.5  5.3  0.0  contig_113_pilon   900426  900463  (957502) + (TGCTCC)n   Simple_repeat      1     40    (0) 271  
   17   22.6  1.4  6.1  contig_113_pilon   901666  901734  (956231) + (AGAAGCG)n  Simple_repeat      1     66    (0) 272  
   13   18.9  2.8  0.0  contig_113_pilon   912648  912683  (945282) + (TTAGTGT)n  Simple_repeat      1     37    (0) 273  
   21    8.4  0.0  5.0  contig_113_pilon   913617  913658  (944307) + (AATTTTA)n  Simple_repeat      1     40    (0) 274  
   18    9.4  2.9  0.0  contig_113_pilon   917954  917987  (939978) + (CCTTGT)n   Simple_repeat      1     35    (0) 275  
   17    4.9  0.0  0.0  contig_113_pilon   918175  918195  (939770) + (GA)n       Simple_repeat      1     21    (0) 276  
   17   20.6  3.9  1.9  contig_113_pilon   922845  922896  (935069) + (TTA)n      Simple_repeat      1     53    (0) 277  
   13   20.4  0.0  4.9  contig_113_pilon   926010  926052  (931913) + A-rich      Simple_repeat      1     41    (0) 278  
   13   19.5  2.9  0.0  contig_113_pilon   926086  926120  (931845) + A-rich      Simple_repeat      1     36    (0) 279  
   12   18.2  2.4  5.0  contig_113_pilon   954050  954090  (903875) + (TCA)n      Simple_repeat      1     40    (0) 280  
   18   23.4  1.4  5.7  contig_113_pilon   955267  955339  (902626) + (TAATAT)n   Simple_repeat      1     70    (0) 281  
   12   16.8  0.0  5.7  contig_113_pilon   961577  961613  (896352) + (CCCAAC)n   Simple_repeat      1     35    (0) 282  
  105    0.0  0.0  0.0  contig_113_pilon   980266  980354  (877611) + (AG)n       Simple_repeat      1     89    (0) 283  
   14   12.2  0.0  0.0  contig_113_pilon   980558  980584  (877381) + (GCCCC)n    Simple_repeat      1     27    (0) 284  
   11   22.1  0.0  5.1  contig_113_pilon   984603  984643  (873322) + (AATTTG)n   Simple_repeat      1     39    (0) 285  
   16    4.5  0.0  0.0  contig_113_pilon   985472  985494  (872471) + (TTGG)n     Simple_repeat      1     23    (0) 286  
   13   16.3  0.0  5.6  contig_113_pilon   988444  988481  (869484) + (TAAGATT)n  Simple_repeat      1     36    (0) 287  
   16   20.6  0.0  0.0  contig_113_pilon   989950  989988  (867977) + (AACTTCC)n  Simple_repeat      1     39    (0) 288  
   51   10.7  3.7  3.7  contig_113_pilon   997156  997263  (860702) + (CCTCTC)n   Simple_repeat      1    108    (0) 289  
   15   14.8  0.0  7.5  contig_113_pilon  1001467 1001509  (856456) + (CCGCC)n    Simple_repeat      1     40    (0) 290  
   13   15.2  0.0  3.3  contig_113_pilon  1010913 1010943  (847022) + (ATT)n      Simple_repeat      1     30    (0) 291  
   87    0.0  0.0  0.0  contig_113_pilon  1011180 1011253  (846712) + (TA)n       Simple_repeat      1     74    (0) 292  
   19   22.3  6.9  2.2  contig_113_pilon  1012923 1013009  (844956) + (TTAAT)n    Simple_repeat      1     91    (0) 293  
   15    5.5  0.0  0.0  contig_113_pilon  1015466 1015484  (842481) + (T)n        Simple_repeat      1     19    (0) 294  
   22   23.9  7.5  0.0  contig_113_pilon  1015534 1015626  (842339) + (TATTATT)n  Simple_repeat      1    100    (0) 295  
   14   18.6  0.0  8.7  contig_113_pilon  1016740 1016789  (841176) + (TTAA)n     Simple_repeat      1     46    (0) 296  
   14   23.4  7.1  3.4  contig_113_pilon  1017448 1017532  (840433) + (TATAAT)n   Simple_repeat      1     88    (0) 297  
   18   16.9  6.2  4.5  contig_113_pilon  1021869 1021933  (836032) + (TAT)n      Simple_repeat      1     66    (0) 298  
   12   16.9  6.3  9.1  contig_113_pilon  1021972 1022050  (835915) + A-rich      Simple_repeat      1     77    (0) 299  
   13   14.0  4.7  4.7  contig_113_pilon  1023763 1023805  (834160) + A-rich      Simple_repeat      1     43    (0) 300  
   40   26.7  2.1  2.9  contig_113_pilon  1026123 1026263  (831702) + (ATATAT)n   Simple_repeat      1    140    (0) 301  
   12   14.9  3.3  0.0  contig_113_pilon  1026637 1026666  (831299) + A-rich      Simple_repeat      1     31    (0) 302  
   12   16.6  2.8  2.8  contig_113_pilon  1028022 1028057  (829908) + (ATAATAC)n  Simple_repeat      1     36    (0) 303  
   15   19.7  2.0  4.1  contig_113_pilon  1028791 1028840  (829125) + (ATTATAA)n  Simple_repeat      1     49    (0) 304  
   12   16.6  4.5  4.5  contig_113_pilon  1028968 1029011  (828954) + (ATTAGTAA)n Simple_repeat      1     44    (0) 305  
   24   21.8  4.0  1.3  contig_113_pilon  1030623 1030631  (827334) + (TTAAT)n    Simple_repeat      1     18   (60) 306  
   16    9.1  2.4  7.7  contig_113_pilon  1030632 1030672  (827293) + (TTTA)n     Simple_repeat      1     39    (0) 307  
   24   21.8  4.0  1.3  contig_113_pilon  1030673 1030698  (827267) + (TTAAT)n    Simple_repeat     19     78    (0) 306  
   16   14.8  0.0  5.1  contig_113_pilon  1031082 1031122  (826843) + A-rich      Simple_repeat      1     39    (0) 308  
   12   18.2  0.0  7.5  contig_113_pilon  1033269 1033311  (824654) + (TTAATTC)n  Simple_repeat      1     40    (0) 309  
   17   17.5  4.4  0.0  contig_113_pilon  1037765 1037809  (820156) + (GCAG)n     Simple_repeat      1     47    (0) 310  
   40    4.8  0.0  0.0  contig_113_pilon  1040676 1040718  (817247) + (GA)n       Simple_repeat      1     43    (0) 311  
   13   27.9  2.7  4.1  contig_113_pilon  1049575 1049648  (808317) + (ATTATAT)n  Simple_repeat      1     73    (0) 312  
   47    0.0  0.0  0.0  contig_113_pilon  1049741 1049780  (808185) + (TA)n       Simple_repeat      1     40    (0) 313  
   37    0.0  0.0  0.0  contig_113_pilon  1049804 1049837  (808128) + (ACAT)n     Simple_repeat      1     34    (0) 314  
   16   15.3  0.0  2.7  contig_113_pilon  1051887 1051924  (806041) + (AACTTAT)n  Simple_repeat      1     37    (0) 315  
   15    7.3  3.2  3.2  contig_113_pilon  1052099 1052129  (805836) + (ATTGAA)n   Simple_repeat      1     31    (0) 316  
   29   20.0  5.0  3.9  contig_113_pilon  1052726 1052747  (805218) + (TACA)n     Simple_repeat      1    100    (0) 317  
   20   30.9  1.3  1.3  contig_113_pilon  1052748 1052824  (805141) + (ATACAC)n   Simple_repeat      1     77    (0) 318  
   17   23.5  0.0  0.0  contig_113_pilon  1053371 1053415  (804550) + (ATAC)n     Simple_repeat      1     45    (0) 319  
   13   19.9  2.4  2.4  contig_113_pilon  1055278 1055319  (802646) + (GTTTAT)n   Simple_repeat      1     42    (0) 320  
   12   21.2  5.9  1.9  contig_113_pilon  1068583 1068591  (789374) + GA-rich     Simple_repeat      1     16   (37) 321  
   16   13.2  0.0  0.0  contig_113_pilon  1068592 1068616  (789349) + (G)n        Simple_repeat      1     25    (0) 322  
   12   21.2  5.9  1.9  contig_113_pilon  1068617 1068633  (789332) + GA-rich     Simple_repeat     17     53    (0) 321  
   12   20.0  0.0  0.0  contig_113_pilon  1068862 1068890  (789075) + (GGT)n      Simple_repeat      1     29    (0) 323  
   17   15.3  0.0  2.7  contig_113_pilon  1068994 1069031  (788934) + (AAGC)n     Simple_repeat      1     37    (0) 324  
   87    0.0  0.0  0.0  contig_113_pilon  1070038 1070111  (787854) + (TA)n       Simple_repeat      1     74    (0) 325  
   12   19.5  2.9  0.0  contig_113_pilon  1071923 1071957  (786008) + A-rich      Simple_repeat      1     36    (0) 326  
   19   19.7  1.3  8.6  contig_113_pilon  1087759 1087833  (770132) + (TCCCC)n    Simple_repeat      1     70    (0) 327  
  177    0.7  0.0  0.0  contig_113_pilon  1087973 1088127  (769838) + (AG)n       Simple_repeat      1    155    (0) 328  
   13    0.0  5.0  0.0  contig_113_pilon  1088330 1088349  (769616) + (AGGC)n     Simple_repeat      1     21    (0) 329  
   13   22.1  4.1  2.0  contig_113_pilon  1089214 1089262  (768703) + (GCCCAAC)n  Simple_repeat      1     50    (0) 330  
   19    9.4  2.9  0.0  contig_113_pilon  1090163 1090196  (767769) + (AAAT)n     Simple_repeat      1     35    (0) 331  
   15   21.2  5.4  1.7  contig_113_pilon  1093376 1093431  (764534) + (TTAATA)n   Simple_repeat      1     58    (0) 332  
   23   15.8  1.6  5.0  contig_113_pilon  1099512 1099573  (758392) + (ATTTT)n    Simple_repeat      1     60    (0) 333  
   27   19.2  8.8  1.0  contig_113_pilon  1099620 1099710  (758255) + (AT)n       Simple_repeat      1     98    (0) 334  
   12   10.4  6.1  2.9  contig_113_pilon  1103348 1103380  (754585) + (TTTG)n     Simple_repeat      1     34    (0) 335  
   30    3.1  0.0  0.0  contig_113_pilon  1103413 1103445  (754520) + (GTTGTGAA)n Simple_repeat      1     33    (0) 336  
   12   12.2  3.7  0.0  contig_113_pilon  1105796 1105822  (752143) + (CCTA)n     Simple_repeat      1     28    (0) 337  
   15   20.0  6.8  4.0  contig_113_pilon  1111395 1111468  (746497) + (TTGTAAG)n  Simple_repeat      1     76    (0) 338  
   14   11.2  0.0  6.5  contig_113_pilon  1114692 1114724  (743241) + (TTTG)n     Simple_repeat      1     31    (0) 339  
   30    3.1  0.0  0.0  contig_113_pilon  1117488 1117520  (740445) + (CTTCACAA)n Simple_repeat      1     33    (0) 340  
   12   10.3  6.1  2.9  contig_113_pilon  1117553 1117585  (740380) + (AACA)n     Simple_repeat      1     34    (0) 341  
   13   18.9  2.8  0.0  contig_113_pilon  1128022 1128057  (729908) + (ATCCGG)n   Simple_repeat      1     37    (0) 342  
   13   18.8  2.6  2.6  contig_113_pilon  1129306 1129343  (728622) + (TCT)n      Simple_repeat      1     38    (0) 343  
   13   18.9  2.8  0.0  contig_113_pilon  1133336 1133371  (724594) + (TCCGGA)n   Simple_repeat      1     37    (0) 344  
   13    4.2  8.0  0.0  contig_113_pilon  1142376 1142400  (715565) + (GGCGT)n    Simple_repeat      1     27    (0) 345  
   26   12.3  3.6  1.8  contig_113_pilon  1152559 1152613  (705352) + (ATTT)n     Simple_repeat      1     56    (0) 346  
   13    8.5  4.0  0.0  contig_113_pilon  1153431 1153455  (704510) + (TAATA)n    Simple_repeat      1     26    (0) 347  
   13   18.9  2.8  0.0  contig_113_pilon  1154187 1154222  (703743) + (ATTTAA)n   Simple_repeat      1     37    (0) 348  
   16    0.0  0.0  0.0  contig_113_pilon  1160325 1160345  (697620) + (GAGC)n     Simple_repeat      1     21    (0) 349  
   27    0.0  0.0  0.0  contig_113_pilon  1161123 1161148  (696817) + (TCAGG)n    Simple_repeat      1     26    (0) 350  
   78    0.0  0.0  0.0  contig_113_pilon  1166281 1166346  (691619) + (TA)n       Simple_repeat      1     66    (0) 351  
   42    8.7  0.0  0.0  contig_113_pilon  1173821 1173881  (684084) + (CAAGAG)n   Simple_repeat      1     61    (0) 352  
   19   18.9  0.0  0.0  contig_113_pilon  1175022 1175057  (682908) + GA-rich     Simple_repeat      1     36    (0) 353  
   12   19.7  0.0  0.0  contig_113_pilon  1177331 1177359  (680606) + (CAA)n      Simple_repeat      1     29    (0) 354  
   14   26.3  0.0  2.2  contig_113_pilon  1180274 1180320  (677645) + A-rich      Simple_repeat      1     46    (0) 355  
   25   26.3  0.0  6.2  contig_113_pilon  1188330 1188431  (669534) + (CATCCT)n   Simple_repeat      1     96    (0) 356  
   11   21.6  0.0  5.1  contig_113_pilon  1188607 1188647  (669318) + (GAACAC)n   Simple_repeat      1     39    (0) 357  
   17   20.3  1.3  0.0  contig_113_pilon  1193455 1193504  (664461) + A-rich      Simple_repeat      1     50    (0) 358  
   57    0.0  0.0  0.0  contig_113_pilon  1193986 1194034  (663931) + (AT)n       Simple_repeat      1     49    (0) 359  
   14   11.2  0.0  6.5  contig_113_pilon  1196714 1196746  (661219) + (TTTG)n     Simple_repeat      1     31    (0) 360  
   35    0.0  0.0  0.0  contig_113_pilon  1196788 1196820  (661145) + (TTGTGAAG)n Simple_repeat      1     33    (0) 361  
   11   21.2  1.2 13.3  contig_113_pilon  1204903 1204986  (652979) + (CTCCTAG)n  Simple_repeat      1     75    (0) 362  
   24   17.7  3.5  0.0  contig_113_pilon  1208629 1208686  (649279) + A-rich      Simple_repeat      1     60    (0) 363  
   21   18.8  2.0  0.0  contig_113_pilon  1209306 1209355  (648610) + (TTATTT)n   Simple_repeat      1     51    (0) 364  
   16   19.6  8.9  2.4  contig_113_pilon  1209914 1209992  (647973) + (AATTTTC)n  Simple_repeat      1     84    (0) 365  
   17   12.7  0.0  0.0  contig_113_pilon  1211478 1211503  (646462) + (T)n        Simple_repeat      1     26    (0) 366  
   15    7.0  6.7  0.0  contig_113_pilon  1212526 1212555  (645410) + (TTTTA)n    Simple_repeat      1     32    (0) 367  
   12   19.3  0.0  5.4  contig_113_pilon  1212630 1212668  (645297) + (TGAATT)n   Simple_repeat      1     37    (0) 368  
   13   23.2  0.0  2.4  contig_113_pilon  1224379 1224420  (633545) + GA-rich     Simple_repeat      1     41    (0) 369  
   17   20.2  0.0  0.0  contig_113_pilon  1227641 1227674  (630291) + (T)n        Simple_repeat      1     34    (0) 370  
   80    1.4  0.0  0.0  contig_113_pilon  1228632 1228704  (629261) + (TA)n       Simple_repeat      1     73    (0) 371  
   16    0.0  0.0  0.0  contig_113_pilon  1228705 1228722  (629243) + (GT)n       Simple_repeat      1     18    (0) 372  
   12   21.6  0.0  0.0  contig_113_pilon  1229229 1229260  (628705) + (AATTTT)n   Simple_repeat      1     32    (0) 373  
   21   15.8  0.0  0.0  contig_113_pilon  1231045 1231080  (626885) + (TA)n       Simple_repeat      1     36    (0) 374  
   15   15.9  7.8  1.9  contig_113_pilon  1233905 1233955  (624010) + (ATATAAT)n  Simple_repeat      1     54    (0) 375  
   32    3.2  0.0  0.0  contig_113_pilon  1234268 1234299  (623666) + (AT)n       Simple_repeat      1     32    (0) 376  
   11   25.3  0.0  2.6  contig_113_pilon  1235214 1235253  (622712) + (TTATTAA)n  Simple_repeat      1     39    (0) 377  
   12   25.6  0.0  0.0  contig_113_pilon  1250051 1250087  (607878) + A-rich      Simple_repeat      1     37    (0) 378  
   13   13.9  2.9  2.9  contig_113_pilon  1250106 1250142  (607823) + (TTTTTG)n   Simple_repeat      1     37    (0) 379  
   33   13.0  0.0  3.2  contig_113_pilon  1258589 1258652  (599313) + GA-rich     Simple_repeat      1     62    (0) 380  
   14   25.3  1.9  1.9  contig_113_pilon  1259261 1259313  (598652) + (TTTTAT)n   Simple_repeat      1     53    (0) 381  
  249    0.0  0.0  0.0  contig_113_pilon  1268703 1268913  (589052) + (CT)n       Simple_repeat      1    211    (0) 382  
   15   24.7  3.8  0.0  contig_113_pilon  1268977 1269029  (588936) + (ACAACAT)n  Simple_repeat      1     55    (0) 383  
   16    9.8  0.0  0.0  contig_113_pilon  1272314 1272335  (585630) + (T)n        Simple_repeat      1     22    (0) 384  
  215    0.0  0.0  0.0  contig_113_pilon  1274486 1274667  (583298) + (TC)n       Simple_repeat      1    182    (0) 385  
   12   25.7  0.0  0.0  contig_113_pilon  1279608 1279644  (578321) + (AAGCTG)n   Simple_repeat      1     37    (0) 386  
   12   17.1  4.9  2.4  contig_113_pilon  1281129 1281169  (576796) + (TATAATA)n  Simple_repeat      1     42    (0) 387  
   14   25.3  3.5  1.7  contig_113_pilon  1281386 1281443  (576522) + (TTTTGAT)n  Simple_repeat      1     59    (0) 388  
   21   12.0  0.0  0.0  contig_113_pilon  1287445 1287480  (570485) + (GAGA)n     Simple_repeat      1     36    (0) 389  
   27   10.9  0.0  3.9  contig_113_pilon  1292094 1292146  (565819) + (TTAATTT)n  Simple_repeat      1     51    (0) 390  
   19   22.7  0.0  0.0  contig_113_pilon  1297248 1297288  (560677) + A-rich      Simple_repeat      1     41    (0) 391  
   12    3.6  6.2  6.2  contig_113_pilon  1312834 1312865  (545100) + (CATCTT)n   Simple_repeat      1     32    (0) 392  
   12   23.7  0.0  6.4  contig_113_pilon  1312895 1312944  (545021) + A-rich      Simple_repeat      1     47    (0) 393  
   15    9.1  0.0  0.0  contig_113_pilon  1314423 1314446  (543519) + (GTC)n      Simple_repeat      1     24    (0) 394  
   18    6.8  3.2  0.0  contig_113_pilon  1314532 1314562  (543403) + (AGGGCG)n   Simple_repeat      1     32    (0) 395  
   18   17.6  4.9  3.2  contig_113_pilon  1319776 1319836  (538129) + (AAGATA)n   Simple_repeat      1     62    (0) 396  
   13    8.5  4.0  0.0  contig_113_pilon  1320213 1320237  (537728) + (TTTGT)n    Simple_repeat      1     26    (0) 397  
   16   13.3  3.0  0.0  contig_113_pilon  1332100 1332132  (525833) + A-rich      Simple_repeat      1     34    (0) 398  
   15    0.0  3.9  3.9  contig_113_pilon  1333829 1333854  (524111) + (TTTGT)n    Simple_repeat      1     26    (0) 399  
   22   10.8  0.0  0.0  contig_113_pilon  1334698 1334728  (523237) + (T)n        Simple_repeat      1     31    (0) 400  
   18   22.0  0.0  0.0  contig_113_pilon  1334990 1335026  (522939) + A-rich      Simple_repeat      1     37    (0) 401  
   12   14.9  8.1  0.0  contig_113_pilon  1338117 1338153  (519812) + (TCGACT)n   Simple_repeat      1     40    (0) 402  
   14   15.8  0.0  5.4  contig_113_pilon  1340108 1340146  (517819) + (TTTTCT)n   Simple_repeat      1     37    (0) 403  
   20   31.5  0.0  0.0  contig_113_pilon  1345020 1345089  (512876) + A-rich      Simple_repeat      1     70    (0) 404  
   12   18.8  2.6  2.6  contig_113_pilon  1355673 1355710  (502255) + (TAGGATT)n  Simple_repeat      1     38    (0) 405  
   12   15.3  3.5  0.0  contig_113_pilon  1360812 1360840  (497125) + GA-rich     Simple_repeat      1     30    (0) 406  
   13   17.8  5.3  0.0  contig_113_pilon  1362892 1362929  (495036) + (ATTAA)n    Simple_repeat      1     40    (0) 407  
   14   18.3  5.7  3.7  contig_113_pilon  1369207 1369259  (488706) + (CTG)n      Simple_repeat      1     54    (0) 408  
   13    8.1  3.6  3.6  contig_113_pilon  1374962 1374989  (482976) + (GCA)n      Simple_repeat      1     28    (0) 409  
   12   14.0  6.2  0.0  contig_113_pilon  1377643 1377674  (480291) + (TTAT)n     Simple_repeat      1     34    (0) 410  
   15   24.9  0.0  2.1  contig_113_pilon  1378492 1378540  (479425) + (TGTAGTG)n  Simple_repeat      1     48    (0) 411  
  104    1.1  0.0  0.0  contig_113_pilon  1379431 1379525  (478440) + (TATATG)n   Simple_repeat      1     95    (0) 412  
   14   18.3  2.7  0.0  contig_113_pilon  1396717 1396753  (461212) + (ATCCGG)n   Simple_repeat      1     38    (0) 413  
   12   23.9  3.9  1.9  contig_113_pilon  1403979 1404029  (453936) + (GTTTGG)n   Simple_repeat      1     52    (0) 414  
   16   24.9  1.9  0.0  contig_113_pilon  1404360 1404411  (453554) + (TTTTAAT)n  Simple_repeat      1     53    (0) 415  
   17   15.3  0.0  0.0  contig_113_pilon  1404541 1404574  (453391) + (T)n        Simple_repeat      1     34    (0) 416  
   26   13.1  3.2  3.2  contig_113_pilon  1404635 1404696  (453269) + A-rich      Simple_repeat      1     62    (0) 417  
   13   28.4  3.6  0.0  contig_113_pilon  1444969 1445023  (412942) + GA-rich     Simple_repeat      1     57    (0) 418  
   34   15.5  0.0  0.0  contig_113_pilon  1446603 1446659  (411306) + (T)n        Simple_repeat      1     57    (0) 419  
   12   17.7  0.0  5.9  contig_113_pilon  1473287 1473322  (384643) + A-rich      Simple_repeat      1     34    (0) 420  
   12   17.7  0.0  5.9  contig_113_pilon  1482853 1482888  (375077) + A-rich      Simple_repeat      1     34    (0) 421  
   16   19.2  0.0  0.0  contig_113_pilon  1486390 1486419  (371546) + A-rich      Simple_repeat      1     30    (0) 422  
   11   19.9  5.3  5.3  contig_113_pilon  1490591 1490647  (367318) + (GATTAT)n   Simple_repeat      1     57    (0) 423  
   28    5.9  0.0  0.0  contig_113_pilon  1498173 1498208  (359757) + (GTTGTGAA)n Simple_repeat      1     36    (0) 424  
   15   23.7  4.9  1.6  contig_113_pilon  1498699 1498759  (359206) + (AAGGCC)n   Simple_repeat      1     63    (0) 425  
   17   18.4  0.0  0.0  contig_113_pilon  1501667 1501697  (356268) + A-rich      Simple_repeat      1     31    (0) 426  
   19   16.5  0.0  2.4  contig_113_pilon  1514809 1514851  (343114) + (CTTTTT)n   Simple_repeat      1     42    (0) 427  
   16   21.3  0.0  2.3  contig_113_pilon  1515131 1515175  (342790) + A-rich      Simple_repeat      1     44    (0) 428  
  119    3.5  0.0  0.0  contig_113_pilon  1515519 1515637  (342328) + (AT)n       Simple_repeat      1    119    (0) 429  
   13   24.1  2.2  2.2  contig_113_pilon  1516025 1516070  (341895) + (TTTA)n     Simple_repeat      1     46    (0) 430  
   11   29.0  3.7  0.0  contig_113_pilon  1516980 1517033  (340932) + (TTTCTAA)n  Simple_repeat      1     56    (0) 431  
   17    4.3  0.0  0.0  contig_113_pilon  1521581 1521604  (336361) + (CTTC)n     Simple_repeat      1     24    (0) 432  
   12   30.1  0.0  5.1  contig_113_pilon  1521672 1521733  (336232) + (ACC)n      Simple_repeat      1     59    (0) 433  
   15   15.0  0.0  0.0  contig_113_pilon  1521960 1521989  (335976) + (AGAC)n     Simple_repeat      1     30    (0) 434  
   16   14.2  0.0  0.0  contig_113_pilon  1522734 1522764  (335201) + (CCCCCG)n   Simple_repeat      1     31    (0) 435  
   21   27.9  4.1  0.0  contig_113_pilon  1523756 1523828  (334137) + (AT)n       Simple_repeat      1     76    (0) 436  
   15    5.5  0.0  0.0  contig_113_pilon  1524650 1524668  (333297) + (AT)n       Simple_repeat      1     19    (0) 437  
   19   16.5  2.0  4.0  contig_113_pilon  1527689 1527739  (330226) + (TTTA)n     Simple_repeat      1     50    (0) 438  
   13   21.9  2.3  2.3  contig_113_pilon  1532791 1532834  (325131) + (TTGAAGA)n  Simple_repeat      1     44    (0) 439  
   19   14.7  4.2  2.0  contig_113_pilon  1532933 1532980  (324985) + A-rich      Simple_repeat      1     49    (0) 440  
   96    0.0  0.0  0.0  contig_113_pilon  1533818 1533899  (324066) + (TA)n       Simple_repeat      1     82    (0) 441  
   19   16.9  0.0  0.0  contig_113_pilon  1535518 1535550  (322415) + (T)n        Simple_repeat      1     33    (0) 442  
   13   32.0  0.0  0.0  contig_113_pilon  1555999 1556048  (301917) + (ATC)n      Simple_repeat      1     50    (0) 443  
   15   18.4  4.7  0.0  contig_113_pilon  1560128 1560170  (297795) + (TTTCT)n    Simple_repeat      1     45    (0) 444  
   12   31.6  1.7  1.7  contig_113_pilon  1562102 1562161  (295804) + (TTA)n      Simple_repeat      1     60    (0) 445  
   30   22.8  0.0  0.0  contig_113_pilon  1562350 1562415  (295550) + (TA)n       Simple_repeat      1     66    (0) 446  
   12   22.0  2.7  0.0  contig_113_pilon  1562780 1562816  (295149) + (TCCTTA)n   Simple_repeat      1     38    (0) 447  
   13   14.7  3.3  0.0  contig_113_pilon  1564288 1564317  (293648) + (ATTAT)n    Simple_repeat      1     31    (0) 448  
   14    4.5  4.3  0.0  contig_113_pilon  1567798 1567820  (290145) + (GCA)n      Simple_repeat      1     24    (0) 449  
   13    5.2  0.0  0.0  contig_113_pilon  1571852 1571871  (286094) + (CGA)n      Simple_repeat      1     20    (0) 450  
   20    3.9  0.0  0.0  contig_113_pilon  1583960 1583986  (273979) + (ACG)n      Simple_repeat      1     27    (0) 451  
   30    0.0  0.0  0.0  contig_113_pilon  1585932 1585957  (272008) + (GT)n       Simple_repeat      1     26    (0) 452  
   12   15.5  5.3  2.6  contig_113_pilon  1588019 1588056  (269909) + (CATTT)n    Simple_repeat      1     39    (0) 453  
   14   24.0  2.3  0.0  contig_113_pilon  1588071 1588114  (269851) + (TTGTA)n    Simple_repeat      1     45    (0) 454  
   19   19.8  4.5  2.9  contig_113_pilon  1588707 1588773  (269192) + (AAGATTT)n  Simple_repeat      1     68    (0) 455  
   11   19.0  0.0  7.7  contig_113_pilon  1588814 1588855  (269110) + (TATTTT)n   Simple_repeat      1     39    (0) 456  
   12   12.1  0.0  6.9  contig_113_pilon  1611707 1611737  (246228) + A-rich      Simple_repeat      1     29    (0) 457  
   16   23.4  0.0  0.0  contig_113_pilon  1638390 1638430  (219535) + (CAGCAA)n   Simple_repeat      1     41    (0) 458  
   20    4.1  0.0  0.0  contig_113_pilon  1643667 1643691  (214274) + (CT)n       Simple_repeat      1     25    (0) 459  
   12   15.8  0.0  3.5  contig_113_pilon  1690301 1690330  (167635) + (TATT)n     Simple_repeat      1     29    (0) 460  
   15   18.8  2.3  2.3  contig_113_pilon  1698724 1698767  (159198) + (TATATTT)n  Simple_repeat      1     44    (0) 461  
   18    0.0  0.0  0.0  contig_113_pilon  1700702 1700721  (157244) + (T)n        Simple_repeat      1     20    (0) 462  
   19    8.5  0.0  7.5  contig_113_pilon  1703626 1703668  (154297) + (GTCGAG)n   Simple_repeat      1     40    (0) 463  
   22    7.4  7.0  0.0  contig_113_pilon  1703791 1703833  (154132) + (GTCGAG)n   Simple_repeat      1     46    (0) 464  
   20   10.0  7.0  0.0  contig_113_pilon  1703957 1703999  (153966) + (GTCGAG)n   Simple_repeat      1     46    (0) 465  
   22    7.4  7.0  0.0  contig_113_pilon  1704123 1704165  (153800) + (GTCGAG)n   Simple_repeat      1     46    (0) 466  
   20   10.0  7.0  0.0  contig_113_pilon  1704440 1704482  (153483) + (GTCGAG)n   Simple_repeat      1     46    (0) 467  
   20   10.1  7.0  0.0  contig_113_pilon  1705047 1705089  (152876) + (GTCGAG)n   Simple_repeat      1     46    (0) 468  
   96    0.0  0.0  0.0  contig_113_pilon  1715189 1715270  (142695) + (AT)n       Simple_repeat      1     82    (0) 469  
   12   12.0  3.7  0.0  contig_113_pilon  1718978 1719004  (138961) + (AATA)n     Simple_repeat      1     28    (0) 470  
   12   19.5  2.9  0.0  contig_113_pilon  1720640 1720674  (137291) + (CCGGAT)n   Simple_repeat      1     36    (0) 471  
   12   10.3  6.1  2.9  contig_113_pilon  1724146 1724178  (133787) + (AACA)n     Simple_repeat      1     34    (0) 472  
   13   22.6  0.0  4.7  contig_113_pilon  1732724 1732768  (125197) + (ATCATT)n   Simple_repeat      1     43    (0) 473  
   12   10.3  6.1  2.9  contig_113_pilon  1733638 1733670  (124295) + (AACA)n     Simple_repeat      1     34    (0) 474  
   18    4.0  0.0  0.0  contig_113_pilon  1742411 1742436  (115529) + (CGCGG)n    Simple_repeat      1     26    (0) 475  
   16    0.0  0.0  0.0  contig_113_pilon  1742497 1742516  (115449) + (GAC)n      Simple_repeat      1     20    (0) 476  
   15   13.9  0.0  0.0  contig_113_pilon  1742824 1742847  (115118) + (CT)n       Simple_repeat      1     24    (0) 477  
   15   12.0  2.3  7.3  contig_113_pilon  1748997 1749039  (108926) + A-rich      Simple_repeat      1     41    (0) 478  
   19    8.1  0.0  0.0  contig_113_pilon  1749814 1749839  (108126) + (GT)n       Simple_repeat      1     26    (0) 479  
   13    0.0  0.0 12.0  contig_113_pilon  1755114 1755141  (102824) + (ATC)n      Simple_repeat      1     25    (0) 480  
   11   11.1 12.8  0.0  contig_113_pilon  1759847 1759885   (98080) + (TATAGTTT)n Simple_repeat      1     44    (0) 481  
  253    0.4  0.9  0.4  contig_113_pilon  1773696 1773925   (84040) + (AC)n       Simple_repeat      1    231    (0) 482  
   49    4.0  0.0  0.0  contig_113_pilon  1775084 1775134   (82831) + (AT)n       Simple_repeat      1     51    (0) 483  
   14   13.1  0.0  0.0  contig_113_pilon  1787988 1788013   (69952) + (ACG)n      Simple_repeat      1     26    (0) 484  
   20   10.3  4.5  2.2  contig_113_pilon  1794621 1794664   (63301) + (TATT)n     Simple_repeat      1     45    (0) 485  
   16   14.6  1.9  8.0  contig_113_pilon  1800582 1800634   (57331) + A-rich      Simple_repeat      1     50    (0) 486  
   28   17.5  0.0  4.5  contig_113_pilon  1816972 1817041   (40924) + (CCGCG)n    Simple_repeat      1     67    (0) 487  
   13   16.3  0.0  5.6  contig_113_pilon  1828073 1828110   (29855) + (GGATT)n    Simple_repeat      1     36    (0) 488  
   12   20.3  1.7  8.9  contig_113_pilon  1845070 1845129   (12836) + (TTTATAA)n  Simple_repeat      1     56    (0) 489  
   15   22.3  5.7  0.0  contig_113_pilon  1845677 1845729   (12236) + (ATTTA)n    Simple_repeat      1     56    (0) 490  
   14   19.3  2.3  2.3  contig_113_pilon  1852360 1852402    (5563) + A-rich      Simple_repeat      1     43    (0) 491  
   17   15.9  0.0  0.0  contig_113_pilon  1854115 1854149    (3816) + A-rich      Simple_repeat      1     35    (0) 492  
   16   13.4  2.1  6.7  contig_113_pilon  1855744 1855790    (2175) + (ATATAA)n   Simple_repeat      1     45    (0) 493  
   12   17.5  3.1  0.0  contig_113_pilon  1856336 1856367    (1598) + (TTTAAC)n   Simple_repeat      1     33    (0) 494  
   14   12.1  2.4  7.5  contig_113_pilon  1857060 1857101     (864) + (AATTT)n    Simple_repeat      1     40    (0) 495  
   12   17.7  0.0  5.9  contig_114_pilon   1140  1175 (17134) + A-rich   Simple_repeat      1     34    (0) 496  
   12   17.7  0.0  5.9  contig_114_pilon  10696 10731  (7578) + A-rich   Simple_repeat      1     34    (0) 497  
   12   36.7  1.4  0.0  contig_114_pilon  13965 14033  (4276) + (ATGAC)n Simple_repeat      1     70    (0) 498  
   12   24.0  2.6  0.0  contig_114_pilon  14897 14935  (3374) + (ATCAA)n Simple_repeat      1     40    (0) 499  
   16    9.5  5.9  0.0  contig_114_pilon  15069 15102  (3207) + A-rich   Simple_repeat      1     36    (0) 500  
   18   21.1  5.8  2.8  contig_114_pilon  16291 16359  (1950) + (CGG)n   Simple_repeat      1     71    (0) 501  
   25   17.1  1.9  0.0  contig_117_pilon     11    63 (5510) + (TTGA)n    Simple_repeat      1     54    (0) 502  
   18   18.0  3.9  1.9  contig_117_pilon    845   896 (4677) + A-rich     Simple_repeat      1     53    (0) 503  
   18   34.4  0.0  0.0  contig_117_pilon    947  1019 (4554) + A-rich     Simple_repeat      1     73    (0) 504  
   27    8.9  2.0  2.0  contig_117_pilon   1525  1580 (3993) + (ACCTACT)n Simple_repeat      1     56    (0) 505  
   13   22.6  2.0  4.1  contig_117_pilon   2582  2631 (2942) + (ATTT)n    Simple_repeat      1     49    (0) 506  
   12   13.3  2.7  5.6  contig_119_pilon   5100  5136 (43224) + (ATTTTCA)n Simple_repeat      1     36    (0) 507  
   15   18.2  2.1  4.3  contig_119_pilon  18188 18234 (30126) + (CTTTTT)n  Simple_repeat      1     46    (0) 508  
   13   27.4  0.0  2.0  contig_119_pilon  21569 21618 (26742) + A-rich     Simple_repeat      1     49    (0) 509  
   15   24.4  0.0  0.0  contig_119_pilon  26003 26041 (22319) + (TCG)n     Simple_repeat      1     39    (0) 510  
   15   25.0  1.3  8.2  contig_119_pilon  28196 28273 (20087) + (CGC)n     Simple_repeat      1     73    (0) 511  
   79    0.0  0.0  0.0  contig_119_pilon  42904 42970  (5390) + (TA)n      Simple_repeat      1     67    (0) 512  
   13   28.1  0.0  2.1  contig_120_pilon   1502  1550 (2157) + (ACTACAC)n Simple_repeat      1     48    (0) 513  
   19   18.7  2.9  6.1  contig_120_pilon   2698  2728  (979) + (TATT)n    Simple_repeat      1     89    (0) 514  
   22   21.4  1.6  1.6  contig_120_pilon   2729  2789  (918) + (TTTAT)n   Simple_repeat      1     61    (0) 515  
   21   21.5  2.7  4.0  contig_125_pilon   11339  11413 (412616) + (AAGCA)n    Simple_repeat      1     74    (0) 516  
   19   10.5  3.2  0.0  contig_125_pilon   11420  11450 (412579) + (AC)n       Simple_repeat      1     32    (0) 517  
   15    7.9  7.4  0.0  contig_125_pilon   12371  12397 (411632) + (AT)n       Simple_repeat      1     29    (0) 518  
   14   20.3  2.0  4.2  contig_125_pilon   13712  13760 (410269) + (TATAA)n    Simple_repeat      1     48    (0) 519  
   15   20.6  5.6  3.6  contig_125_pilon   15104  15157 (408872) + (TA)n       Simple_repeat      1     55    (0) 520  
   16   21.0  7.5  1.4  contig_125_pilon   15694  15752 (408277) + (ACAT)n     Simple_repeat      1     62    (0) 521  
   38    5.0  0.0  0.0  contig_125_pilon   15753  15794 (408235) + (TA)n       Simple_repeat      1     42    (0) 522  
   16   21.0  7.5  1.4  contig_125_pilon   15795  15823 (408206) + (ACAT)n     Simple_repeat      4     36    (0) 523  
   15   14.3  6.0  3.9  contig_125_pilon   23900  23949 (400080) + A-rich      Simple_repeat      1     51    (0) 524  
   79    2.7  0.0  0.0  contig_125_pilon   25446  25521 (398508) + (AT)n       Simple_repeat      1     76    (0) 525  
   18   11.7  2.6  2.6  contig_125_pilon   25522  25560 (398469) + (TTAT)n     Simple_repeat      1     39    (0) 526  
   12   23.9  0.0  2.5  contig_125_pilon   26400  26440 (397589) + (TATTTA)n   Simple_repeat      1     40    (0) 527  
   17   15.4  2.1  4.3  contig_125_pilon   29695  29741 (394288) + (TTTATAT)n  Simple_repeat      1     46    (0) 528  
   13   11.1  3.2  3.2  contig_125_pilon   30061  30091 (393938) + (TTTA)n     Simple_repeat      1     31    (0) 529  
   17    9.4  2.9  0.0  contig_125_pilon   30458  30471 (393558) + (CATA)n     Simple_repeat      1     16    (0) 530  
   95    2.3  0.0  0.0  contig_125_pilon   30472  30561 (393468) + (TA)n       Simple_repeat      1     90    (0) 531  
   17    9.4  2.9  0.0  contig_125_pilon   30562  30581 (393448) + (CATA)n     Simple_repeat      1     21    (0) 532  
   13   16.1  0.0 10.9  contig_125_pilon   31023  31073 (392956) + (TTTTAGA)n  Simple_repeat      1     46    (0) 533  
   16   19.3  0.0  2.4  contig_125_pilon   33485  33527 (390502) + (CCAATAA)n  Simple_repeat      1     42    (0) 534  
   28    0.0  0.0  0.0  contig_125_pilon   36217  36243 (387786) + (TTTA)n     Simple_repeat      1     27    (0) 535  
   23    6.8  3.7  7.7  contig_125_pilon   39440  39493 (384536) + GA-rich     Simple_repeat      1     52    (0) 536  
   14    6.3  5.4  5.4  contig_125_pilon   47948  47984 (376045) + (CTTCCAA)n  Simple_repeat      1     37    (0) 537  
   18   27.2  0.0  1.7  contig_125_pilon   49239  49297 (374732) + (TTTTC)n    Simple_repeat      1     58    (0) 538  
   13   18.2  3.5  7.3  contig_125_pilon   51696  51752 (372277) + (ATTTT)n    Simple_repeat      1     55    (0) 539  
   11   16.5  2.1  8.9  contig_125_pilon   51751  51798 (372231) + (TTCATAA)n  Simple_repeat      1     45    (0) 540 *
   35   19.9  2.9  2.9  contig_125_pilon   52661  52763 (371266) + (ATTTAGG)n  Simple_repeat      1    103    (0) 541  
   14   18.0  2.5  2.5  contig_125_pilon   54999  55038 (368991) + (AATTAA)n   Simple_repeat      1     40    (0) 542  
   19   10.4  0.0  8.9  contig_125_pilon   74869  74917 (349112) + A-rich      Simple_repeat      1     45    (0) 543  
   16    6.9  2.9  5.9  contig_125_pilon   75878  75912 (348117) + GA-rich     Simple_repeat      1     34    (0) 544  
   11   22.6  0.0  6.8  contig_125_pilon   76800  76846 (347183) + A-rich      Simple_repeat      1     44    (0) 545  
  102    0.0  0.0  0.0  contig_125_pilon   83942  84028 (340001) + (GA)n       Simple_repeat      1     87    (0) 546  
   16    5.2  0.0  0.0  contig_125_pilon   85452  85471 (338558) + (TC)n       Simple_repeat      1     20    (0) 547  
   15   17.2  2.4  2.4  contig_125_pilon   97842  97882 (326147) + (ATTT)n     Simple_repeat      1     41    (0) 548  
   20   15.0  2.7  0.0  contig_125_pilon  100248 100284 (323745) + (TA)n       Simple_repeat      1     38    (0) 549  
   20   10.3  0.0  3.1  contig_125_pilon  102808 102840 (321189) + (GT)n       Simple_repeat      1     32    (0) 550  
   26   23.4  3.5  5.3  contig_125_pilon  113846 113961 (310068) + (CCCCT)n    Simple_repeat      1    114    (0) 551  
   12   16.3  7.0  2.2  contig_125_pilon  119105 119147 (304882) + (TTTA)n     Simple_repeat      1     45    (0) 552  
   13   17.5  6.4  2.0  contig_125_pilon  120782 120828 (303201) + (TGCGAGG)n  Simple_repeat      1     49    (0) 553  
   12    9.9  5.4  5.4  contig_125_pilon  126298 126334 (297695) + (TCTCTAA)n  Simple_repeat      1     37    (0) 554  
   30    0.0  0.0  0.0  contig_125_pilon  130631 130658 (293371) + (CGT)n      Simple_repeat      1     28    (0) 555  
   11   25.3  0.0  4.5  contig_125_pilon  132231 132276 (291753) + (AATTAT)n   Simple_repeat      1     44    (0) 556  
   12   21.8  2.7  0.0  contig_125_pilon  133664 133700 (290329) + (ATATTTC)n  Simple_repeat      1     38    (0) 557  
   26    0.0  0.0  0.0  contig_125_pilon  147982 148006 (276023) + (CGT)n      Simple_repeat      1     25    (0) 558  
   13   20.0  6.3  4.7  contig_125_pilon  148007 148069 (275960) + (CTC)n      Simple_repeat      1     64    (0) 559  
   16   10.5  3.2  0.0  contig_125_pilon  149624 149654 (274375) + (TATG)n     Simple_repeat      1     32    (0) 560  
   15    0.0  4.5  0.0  contig_125_pilon  150741 150762 (273267) + (TAT)n      Simple_repeat      1     23    (0) 561  
   19   35.6  0.8  3.2  contig_125_pilon  154380 154394 (269635) + (TATA)n     Simple_repeat      1     29   (39) 562  
   12   23.6  0.0  0.0  contig_125_pilon  154395 154429 (269600) + (ATACAC)n   Simple_repeat      1     35    (0) 563  
   19   35.6  0.8  3.2  contig_125_pilon  154430 154447 (269582) + (TATA)n     Simple_repeat     30     68    (0) 562  
   30    5.6  0.0  0.0  contig_125_pilon  154448 154485 (269544) + (TATATACA)n Simple_repeat      1     38    (0) 564  
   19   35.6  0.8  3.2  contig_125_pilon  154486 154542 (269487) + (TATA)n     Simple_repeat      1     56    (0) 565  
   12   25.5  0.0  0.0  contig_125_pilon  155043 155079 (268950) + (TGTACT)n   Simple_repeat      1     37    (0) 566  
   21   15.4  0.0  2.3  contig_125_pilon  161949 161993 (262036) + A-rich      Simple_repeat      1     44    (0) 567  
   30   17.7  3.7  2.4  contig_125_pilon  162113 162193 (261836) + A-rich      Simple_repeat      1     82    (0) 568  
   26   21.5  2.4  3.7  contig_125_pilon  162194 162194 (261835) + (AAC)n      Simple_repeat      1     81    (0) 569  
   14   14.1  7.7  0.0  contig_125_pilon  164964 165002 (259027) + A-rich      Simple_repeat      1     42    (0) 570  
   76    0.0  0.0  0.0  contig_125_pilon  167032 167096 (256933) + (AT)n       Simple_repeat      1     65    (0) 571  
   14   14.3  7.7  0.0  contig_125_pilon  168869 168907 (255122) + A-rich      Simple_repeat      1     42    (0) 572  
   18    0.0  0.0  0.0  contig_125_pilon  169135 169154 (254875) + (T)n        Simple_repeat      1     20    (0) 573  
   26    0.0  0.0  0.0  contig_125_pilon  170696 170720 (253309) + (CGT)n      Simple_repeat      1     25    (0) 574  
   24   19.4  1.6  1.6  contig_125_pilon  180461 180521 (243508) + A-rich      Simple_repeat      1     61    (0) 575  
   14   19.9  2.4  2.4  contig_125_pilon  181319 181360 (242669) + (TTAA)n     Simple_repeat      1     42    (0) 576  
   14   17.8  0.0 10.2  contig_125_pilon  181535 181588 (242441) + (TTTTA)n    Simple_repeat      1     49    (0) 577  
   17   20.8  1.4  7.6  contig_125_pilon  182045 182114 (241915) + (ATTTTT)n   Simple_repeat      1     66    (0) 578  
   16   24.8  0.0  0.0  contig_125_pilon  182343 182385 (241644) + A-rich      Simple_repeat      1     43    (0) 579  
   12   19.1  7.0  3.4  contig_125_pilon  182690 182746 (241283) + A-rich      Simple_repeat      1     59    (0) 580  
  118    0.0  0.0  1.0  contig_125_pilon  183130 183234 (240795) + (TA)n       Simple_repeat      1    104    (0) 581  
   16   19.2 11.7  0.0  contig_125_pilon  183319 183348 (240681) + (ATTTTGT)n  Simple_repeat      1     84    (0) 582  
   19    2.9  0.0 12.5  contig_125_pilon  183349 183393 (240636) + (TTTAT)n    Simple_repeat      1     40    (0) 583  
   25    5.0  4.4  4.4  contig_125_pilon  184542 184586 (239443) + (TA)n       Simple_repeat      1     45    (0) 584  
   66   10.0  0.0  0.0  contig_125_pilon  199123 199221 (224808) + (TAGACG)n   Simple_repeat      1     99    (0) 585  
   59    0.0  0.0  0.0  contig_125_pilon  199241 199293 (224736) + (CATAGC)n   Simple_repeat      1     53    (0) 586  
   13   26.8  4.7  1.5  contig_125_pilon  200154 200217 (223812) + (ATAATAA)n  Simple_repeat      1     66    (0) 587  
  108    0.0  0.0  0.0  contig_125_pilon  200958 201049 (222980) + (TA)n       Simple_repeat      1     92    (0) 588  
   22   10.5  0.0  0.0  contig_125_pilon  202037 202067 (221962) + (T)n        Simple_repeat      1     31    (0) 589  
   14   13.9  2.9  2.9  contig_125_pilon  202648 202681 (221348) + GA-rich     Simple_repeat      1     34    (0) 590  
   14    7.8  0.0  6.9  contig_125_pilon  203439 203469 (220560) + (AATTA)n    Simple_repeat      1     29    (0) 591  
   17    7.9  0.0  0.0  contig_125_pilon  208180 208206 (215823) + (TGCC)n     Simple_repeat      1     27    (0) 592  
   12   15.7  0.0 10.3  contig_125_pilon  209470 209512 (214517) + (AGCA)n     Simple_repeat      1     39    (0) 593  
   23   26.6  1.4  0.0  contig_125_pilon  210834 210905 (213124) + (ATATCT)n   Simple_repeat      1     73    (0) 594  
   16   12.8  2.9  0.0  contig_125_pilon  211213 211246 (212783) + A-rich      Simple_repeat      1     35    (0) 595  
   13   17.6  0.0  7.3  contig_125_pilon  212862 212905 (211124) + A-rich      Simple_repeat      1     41    (0) 596  
   12   22.6  4.2  2.0  contig_125_pilon  217156 217203 (206826) + A-rich      Simple_repeat      1     49    (0) 597  
   12   21.6  0.0  0.0  contig_125_pilon  219676 219707 (204322) + (TATTT)n    Simple_repeat      1     32    (0) 598  
   20    4.3  0.0  0.0  contig_125_pilon  220651 220674 (203355) + (A)n        Simple_repeat      1     24    (0) 599  
   19    3.5  0.0  6.2  contig_125_pilon  227803 227836 (196193) + (AAAAT)n    Simple_repeat      1     32    (0) 600  
   26    0.0  0.0  0.0  contig_125_pilon  229436 229460 (194569) + (T)n        Simple_repeat      1     25    (0) 601  
   31   12.7  3.3  0.0  contig_125_pilon  229544 229603 (194426) + G-rich      Simple_repeat      1     62    (0) 602  
   19   14.4  0.0  0.0  contig_125_pilon  229906 229936 (194093) + (T)n        Simple_repeat      1     31    (0) 603  
   14   14.9  5.4  0.0  contig_125_pilon  232773 232809 (191220) + A-rich      Simple_repeat      1     39    (0) 604  
  115    0.0  0.0  0.0  contig_125_pilon  232952 233049 (190980) + (AT)n       Simple_repeat      1     98    (0) 605  
   47    2.3  0.0  0.0  contig_125_pilon  238659 238703 (185326) + (AT)n       Simple_repeat      1     45    (0) 606  
   15   23.5  1.7  5.2  contig_125_pilon  241410 241469 (182560) + A-rich      Simple_repeat      1     58    (0) 607  
   14   13.0  3.9  8.2  contig_125_pilon  241608 241658 (182371) + (GTGAGCA)n  Simple_repeat      1     49    (0) 608  
   13    0.0 12.0  0.0  contig_125_pilon  255683 255707 (168322) + (GCTC)n     Simple_repeat      1     28    (0) 609  
  147    0.7  2.0  2.0  contig_125_pilon  275164 275316 (148713) + (TA)n       Simple_repeat      1    153    (0) 610  
   19   15.4  3.0  7.8  contig_125_pilon  275658 275724 (148305) + (TATCACA)n  Simple_repeat      1     64    (0) 611  
   13   20.1  4.0  4.0  contig_125_pilon  275913 275962 (148067) + (TTAATT)n   Simple_repeat      1     50    (0) 612  
  101    0.0  0.0  0.0  contig_125_pilon  276680 276765 (147264) + (TA)n       Simple_repeat      1     86    (0) 613  
   85   34.1  2.7  0.7  contig_125_pilon  276855 277180 (146849) + (TA)n       Simple_repeat      1    335    (0) 614  
   50    0.0  0.0  0.0  contig_125_pilon  277181 277225 (146804) + (TATG)n     Simple_repeat      1     45    (0) 615  
   85   34.1  2.7  0.7  contig_125_pilon  277226 277299 (146730) + (TA)n       Simple_repeat      2     76    (0) 616  
   18   39.2  1.9  1.0  contig_125_pilon  277368 277470 (146559) + (TA)n       Simple_repeat      1    104    (0) 617  
   15   21.4  0.0  0.0  contig_125_pilon  277437 277474 (146555) + (TATACG)n   Simple_repeat      1     38    (0) 618 *
   13   21.1  2.6  0.0  contig_125_pilon  279620 279657 (144372) + (CATC)n     Simple_repeat      1     39    (0) 619  
   12   24.2  0.0  7.7  contig_125_pilon  283687 283742 (140287) + A-rich      Simple_repeat      1     52    (0) 620  
   13   26.4  0.0  2.2  contig_125_pilon  287844 287890 (136139) + A-rich      Simple_repeat      1     46    (0) 621  
   12   13.9  0.0  0.0  contig_125_pilon  289081 289104 (134925) + (AGG)n      Simple_repeat      1     24    (0) 622  
   17    0.0  0.0  0.0  contig_125_pilon  291401 291421 (132608) + (CAA)n      Simple_repeat      1     21    (0) 623  
   13   15.4  0.0  3.3  contig_125_pilon  293070 293100 (130929) + (ATATA)n    Simple_repeat      1     30    (0) 624  
   13   12.1  0.0  3.6  contig_125_pilon  302296 302324 (121705) + (AACAA)n    Simple_repeat      1     28    (0) 625  
   19    8.8  2.6  2.6  contig_125_pilon  309749 309787 (114242) + (GTGAGCA)n  Simple_repeat      1     39    (0) 626  
   13   21.9  2.3  2.3  contig_125_pilon  314131 314174 (109855) + (TGGA)n     Simple_repeat      1     44    (0) 627  
   13   18.8  2.2  4.4  contig_125_pilon  314192 314198 (109831) + (ATTTAGT)n  Simple_repeat      1     42    (0) 628  
   14   15.6  5.6  0.0  contig_125_pilon  314199 314234 (109795) + (ATTT)n     Simple_repeat      1     38    (0) 629  
   75    0.0  0.0  0.0  contig_125_pilon  317842 317905 (106124) + (TA)n       Simple_repeat      1     64    (0) 630  
   28   14.6  0.0  3.5  contig_125_pilon  317906 317964 (106065) + (CATACA)n   Simple_repeat      1     57    (0) 631  
   19   12.8  0.0  0.0  contig_125_pilon  317966 318005 (106024) + (TTTTA)n    Simple_repeat      1     40    (0) 632  
   35    2.8  0.0  0.0  contig_125_pilon  340245 340281  (83748) + (ACCGCTC)n  Simple_repeat      1     37    (0) 633  
   18    3.7  3.6  0.0  contig_125_pilon  356586 356613  (67416) + (TGTTT)n    Simple_repeat      1     29    (0) 634  
   13   19.9  5.0  0.0  contig_125_pilon  356710 356749  (67280) + (GATT)n     Simple_repeat      1     42    (0) 635  
   12   20.5  0.0  7.1  contig_125_pilon  363147 363191  (60838) + (TATTAA)n   Simple_repeat      1     42    (0) 636  
   18    3.7  3.6  0.0  contig_125_pilon  366120 366147  (57882) + (TGTTT)n    Simple_repeat      1     29    (0) 637  
   13   19.9  5.0  0.0  contig_125_pilon  366244 366283  (57746) + (GATT)n     Simple_repeat      1     42    (0) 638  
   11   18.3  6.7  2.1  contig_125_pilon  371469 371513  (52516) + (ATTATTT)n  Simple_repeat      1     47    (0) 639  
   18    3.7  3.6  0.0  contig_125_pilon  372581 372608  (51421) + (AACAA)n    Simple_repeat      1     29    (0) 640  
   13   22.6  0.0  4.7  contig_125_pilon  381102 381146  (42883) + (ATCATT)n   Simple_repeat      1     43    (0) 641  
   18    9.4  0.0  5.6  contig_125_pilon  387273 387310  (36719) + (ATTG)n     Simple_repeat      1     36    (0) 642  
   12   15.8  0.0  3.5  contig_125_pilon  390412 390441  (33588) + (CTTT)n     Simple_repeat      1     29    (0) 643  
   13   12.1  0.0  3.6  contig_125_pilon  394529 394557  (29472) + (GTTTT)n    Simple_repeat      1     28    (0) 644  
   12   14.2  3.0  3.0  contig_125_pilon  399699 399731  (24298) + (CACACG)n   Simple_repeat      1     33    (0) 645  
   13   26.1  2.9  4.4  contig_126_pilon   6950  7018 (42725) + (ATCATT)n Simple_repeat      1     68    (0) 646  
   18    9.4  0.0  5.6  contig_126_pilon  13123 13160 (36583) + (ATTG)n   Simple_repeat      1     36    (0) 647  
   12   15.8  0.0  3.5  contig_126_pilon  16261 16290 (33453) + (CTTT)n   Simple_repeat      1     29    (0) 648  
   13   12.1  0.0  3.6  contig_126_pilon  20373 20401 (29342) + (GTTTT)n  Simple_repeat      1     28    (0) 649  
   21   11.3  5.3  0.0  contig_126_pilon  25535 25572 (24171) + (AC)n     Simple_repeat      1     40    (0) 650  
   14   18.6  2.7  0.0  contig_126_pilon  28082 28118 (21625) + (ATCCGG)n Simple_repeat      1     38    (0) 651  
   12   19.6  2.9  0.0  contig_126_pilon  31810 31844 (17899) + (ATCCGG)n Simple_repeat      1     36    (0) 652  
   12   13.7  0.0  0.0  contig_128_pilon     3480    3503 (1081375) + (ATAT)n      Simple_repeat      1     24    (0) 653  
   25   14.0  0.0  0.0  contig_128_pilon     4526    4565 (1080313) + (A)n         Simple_repeat      1     40    (0) 654  
   14    0.0  0.0  0.0  contig_128_pilon     6486    6503 (1078375) + (AGG)n       Simple_repeat      1     18    (0) 655  
   56    9.1  0.0  0.0  contig_128_pilon    10778   10859 (1074019) + (TATA)n      Simple_repeat      1     82    (0) 656  
   15   20.8  6.8  0.0  contig_128_pilon    13571   13614 (1071264) + (AT)n        Simple_repeat      1     47    (0) 657  
   23   27.6  5.5  2.3  contig_128_pilon    16049   16175 (1068703) + (TAGGATG)n   Simple_repeat      1    131    (0) 658  
   20   19.9  5.5  2.7  contig_128_pilon    17097   17169 (1067709) + G-rich       Simple_repeat      1     75    (0) 659  
   33    2.9  0.0  0.0  contig_128_pilon    28647   28681 (1056197) + (TTGGAT)n    Simple_repeat      1     35    (0) 660  
   12   23.1  0.0  4.8  contig_128_pilon    30355   30398 (1054480) + (TTTTAA)n    Simple_repeat      1     42    (0) 661  
   29   10.4  3.9  0.0  contig_128_pilon    34674   34725 (1050153) + (TTCT)n      Simple_repeat      1     54    (0) 662  
   25   14.3  0.0  0.0  contig_128_pilon    41525   41570 (1043308) + (TTAGGT)n    Simple_repeat      1     46    (0) 663  
   12   23.6  1.8  5.7  contig_128_pilon    43335   43389 (1041489) + A-rich       Simple_repeat      1     53    (0) 664  
   14   18.2  3.6  5.6  contig_128_pilon    44824   44878 (1040000) + (ATATA)n     Simple_repeat      1     54    (0) 665  
   12   21.4  7.1  1.7  contig_128_pilon    44914   44969 (1039909) + A-rich       Simple_repeat      1     59    (0) 666  
   13   30.3  0.0  1.9  contig_128_pilon    50318   50371 (1034507) + (TTAAGAG)n   Simple_repeat      1     53    (0) 667  
   17   14.1  7.7  0.0  contig_128_pilon    52743   52785 (1032093) + (AT)n        Simple_repeat      1     46    (0) 668  
   24   19.1  0.0  0.0  contig_128_pilon    53652   53695 (1031183) + A-rich       Simple_repeat      1     44    (0) 669  
   18   23.7  0.0  3.6  contig_128_pilon    55037   55094 (1029784) + (TTCTCGC)n   Simple_repeat      1     56    (0) 670  
   16   22.6  1.6  6.6  contig_128_pilon    55722   55785 (1029093) + GA-rich      Simple_repeat      1     61    (0) 671  
   17   16.7  2.5  0.0  contig_128_pilon    60794   60833 (1024045) + A-rich       Simple_repeat      1     41    (0) 672  
   13    7.5  3.1  6.5  contig_128_pilon    61757   61788 (1023090) + (CCACC)n     Simple_repeat      1     31    (0) 673  
   22    2.7  7.5  2.4  contig_128_pilon    62316   62355 (1022523) + (GGT)n       Simple_repeat      1     42    (0) 674  
   17   17.4  0.0  6.2  contig_128_pilon    70153   70203 (1014675) + A-rich       Simple_repeat      1     48    (0) 675  
   14   10.9  0.0 13.3  contig_128_pilon    71878   71928 (1012950) + (TTTAATA)n   Simple_repeat      1     45    (0) 676  
   12   15.3  5.3  2.6  contig_128_pilon    77651   77688 (1007190) + (CCCTCCA)n   Simple_repeat      1     39    (0) 677  
   22   13.7  4.2  0.0  contig_128_pilon    77943   78006 (1006872) + A-rich       Simple_repeat      1     66    (0) 678  
   36   20.2  0.0  0.0  contig_128_pilon    79477   79545 (1005333) + (T)n         Simple_repeat      1     69    (0) 679  
   52    0.0  0.0  0.0  contig_128_pilon   110626  110672  (974206) + (TATG)n      Simple_repeat      1     47    (0) 680  
   25   13.9  0.0  0.0  contig_128_pilon   111568  111607  (973271) + (A)n         Simple_repeat      1     40    (0) 681  
   22    8.7  5.4  0.0  contig_128_pilon   112008  112044  (972834) + (TA)n        Simple_repeat      1     39    (0) 682  
   19   19.4  4.9  1.6  contig_128_pilon   112045  112064  (972814) + (TTTATT)n    Simple_repeat      6     64    (0) 683  
   13    8.9  0.0  4.0  contig_128_pilon   113425  113474  (971404) + (AAAT)n      Simple_repeat      1     48    (0) 684  
   56    0.0  0.0  0.0  contig_128_pilon   115963  116010  (968868) + (AT)n        Simple_repeat      1     48    (0) 685  
   19   23.7  0.0  3.5  contig_128_pilon   116561  116619  (968259) + (ATAATTT)n   Simple_repeat      1     57    (0) 686  
   13   19.4  0.0  5.4  contig_128_pilon   116730  116768  (968110) + (ATT)n       Simple_repeat      1     37    (0) 687  
   13    7.0  2.8  8.8  contig_128_pilon   117985  118020  (966858) + (AATTG)n     Simple_repeat      1     34    (0) 688  
   28    0.0  0.0  0.0  contig_128_pilon   124189  124219  (960659) + (A)n         Simple_repeat      1     31    (0) 689  
   11   17.4  0.0  5.9  contig_128_pilon   124310  124345  (960533) + (AACATC)n    Simple_repeat      1     34    (0) 690  
   13   24.0  0.0  0.0  contig_128_pilon   126472  126510  (958368) + A-rich       Simple_repeat      1     39    (0) 691  
   11   21.8  7.3  1.7  contig_128_pilon   128486  128540  (956338) + (ATATACT)n   Simple_repeat      1     58    (0) 692  
   12   18.1  0.0  3.1  contig_128_pilon   128560  128592  (956286) + (TTGTTT)n    Simple_repeat      1     32    (0) 693  
   12   25.6  0.0  0.0  contig_128_pilon   141874  141910  (942968) + A-rich       Simple_repeat      1     37    (0) 694  
   16    3.4  6.2  3.0  contig_128_pilon   147288  147319  (937559) + (CGGATC)n    Simple_repeat      1     33    (0) 695  
   23   19.2  0.0  9.1  contig_128_pilon   150668  150751  (934127) + (TTTTATT)n   Simple_repeat      1     77    (0) 696  
   13   32.7  0.0  0.0  contig_128_pilon   155127  155179  (929699) + (TAAGATG)n   Simple_repeat      1     53    (0) 697  
   16   18.4  0.0  0.0  contig_128_pilon   155599  155635  (929243) + (TATATCC)n   Simple_repeat      1     37    (0) 698  
   13   24.7  1.7  5.4  contig_128_pilon   168804  168861  (916017) + (ACTA)n      Simple_repeat      1     56    (0) 699  
   60   17.8  3.5  1.4  contig_128_pilon   171029  171172  (913706) + (TTTAGGA)n   Simple_repeat      1    147    (0) 700  
   30    0.0  0.0  0.0  contig_128_pilon   173265  173292  (911586) + (T)n         Simple_repeat      1     28    (0) 701  
   42    0.0  0.0  0.0  contig_128_pilon   177125  177163  (907715) + (TGTGCAATG)n Simple_repeat      1     39    (0) 702  
   12   15.5  5.3  2.6  contig_128_pilon   182348  182385  (902493) + (GCCAGC)n    Simple_repeat      1     39    (0) 703  
   12   22.4  0.0  2.7  contig_128_pilon   189703  189740  (895138) + (TTATT)n     Simple_repeat      1     37    (0) 704  
   34   18.4  5.0  0.0  contig_128_pilon   191609  191688  (893190) + (TA)n        Simple_repeat      1     84    (0) 705  
   12   20.1  0.0  5.4  contig_128_pilon   193991  194029  (890849) + (TTAAGTA)n   Simple_repeat      1     37    (0) 706  
   16    9.3  0.0  0.0  contig_128_pilon   196882  196904  (887974) + (TA)n        Simple_repeat      1     23    (0) 707  
   12   13.2  0.0 10.8  contig_128_pilon   199112  199152  (885726) + A-rich       Simple_repeat      1     37    (0) 708  
   12   17.6  3.1  0.0  contig_128_pilon   199264  199295  (885583) + A-rich       Simple_repeat      1     33    (0) 709  
   16   32.3  0.0  0.0  contig_128_pilon   200306  200366  (884512) + (TTGTCG)n    Simple_repeat      1     61    (0) 710  
   15   25.1  0.0  2.6  contig_128_pilon   202429  202497  (882381) + GA-rich      Simple_repeat      1     67    (0) 711  
   12   22.4  0.0  8.0  contig_128_pilon   212660  212713  (872165) + (ACAACAA)n   Simple_repeat      1     50    (0) 712  
   13   25.2  0.0  0.0  contig_128_pilon   227132  227169  (857709) + (TCATCA)n    Simple_repeat      1     38    (0) 713  
   14   17.5  0.0  0.0  contig_128_pilon   234280  234311  (850567) + (GGATT)n     Simple_repeat      1     32    (0) 714  
   15   21.5  2.5  0.0  contig_128_pilon   235673  235712  (849166) + (ATCT)n      Simple_repeat      1     41    (0) 715  
   12    9.7  0.0  0.0  contig_128_pilon   237263  237284  (847594) + (GTAA)n      Simple_repeat      1     22    (0) 716  
   16    0.0  0.0  0.0  contig_128_pilon   237831  237851  (847027) + (ATAA)n      Simple_repeat      1     21    (0) 717  
   16   22.1  0.0  0.0  contig_128_pilon   248523  248554  (836324) + A-rich       Simple_repeat      1     32    (0) 718  
   23   14.2  1.7  5.2  contig_128_pilon   253511  253570  (831308) + G-rich       Simple_repeat      1     58    (0) 719  
   13   18.6  2.6  2.6  contig_128_pilon   267323  267361  (817517) + (TATGTA)n    Simple_repeat      1     39    (0) 720  
   14   15.8  0.0  5.4  contig_128_pilon   268442  268480  (816398) + A-rich       Simple_repeat      1     37    (0) 721  
   12   30.4  0.0  0.0  contig_128_pilon   268542  268585  (816293) + (AATA)n      Simple_repeat      1     44    (0) 722  
   18   26.8  3.7  3.7  contig_128_pilon   274097  274177  (810701) + (TC)n        Simple_repeat      1     81    (0) 723  
   18   15.9  0.0  0.0  contig_128_pilon   275699  275733  (809145) + (CGA)n       Simple_repeat      1     35    (0) 724  
   36   23.5  1.0  1.0  contig_128_pilon   275985  276080  (808798) + (CGA)n       Simple_repeat      1     96    (0) 725  
   15   11.5  3.3  3.3  contig_128_pilon   293153  293182  (791696) + GA-rich      Simple_repeat      1     30    (0) 726  
   12    9.1 11.4  0.0  contig_128_pilon   293394  293428  (791450) + (AGACGA)n    Simple_repeat      1     39    (0) 727  
   13   16.0  5.7  0.0  contig_128_pilon   304162  304196  (780682) + (ACC)n       Simple_repeat      1     37    (0) 728  
   13   27.1  3.4  1.7  contig_128_pilon   315354  315412  (769466) + (ATAAT)n     Simple_repeat      1     60    (0) 729  
   17   22.7  3.1  3.1  contig_128_pilon   315597  315661  (769217) + A-rich       Simple_repeat      1     65    (0) 730  
   29   12.3  0.0  0.0  contig_128_pilon   318636  318679  (766199) + (CT)n        Simple_repeat      1     44    (0) 731  
   12   12.5  0.0  3.7  contig_128_pilon   322849  322876  (762002) + (TTCTT)n     Simple_repeat      1     27    (0) 732  
   17   19.4 10.9  2.0  contig_128_pilon   339086  339177  (745701) + (CGACGG)n    Simple_repeat      1    100    (0) 733  
   15   13.8  7.5  0.0  contig_128_pilon   339721  339760  (745118) + A-rich       Simple_repeat      1     43    (0) 734  
   41   28.4  4.0  3.5  contig_128_pilon   341778  341976  (742902) + (AT)n        Simple_repeat      1    200    (0) 735  
   12   23.0  5.7  1.8  contig_128_pilon   341966  342018  (742860) + (TATG)n      Simple_repeat      1     55    (0) 736 *
   17    4.9  0.0  0.0  contig_128_pilon   342681  342701  (742177) + (T)n         Simple_repeat      1     21    (0) 737  
   11   16.9  2.9  2.9  contig_128_pilon   362052  362086  (722792) + (TACATT)n    Simple_repeat      1     35    (0) 738  
  132   26.8  0.0  1.7  contig_128_pilon   364725  365092  (719786) + (TGTT)n      Simple_repeat      1    362    (0) 739  
   28    5.8  0.0  0.0  contig_128_pilon   365467  365502  (719376) + (CTGCTCA)n   Simple_repeat      1     36    (0) 740  
   18    0.0  0.0  0.0  contig_128_pilon   369945  369964  (714914) + (T)n         Simple_repeat      1     20    (0) 741  
   22   22.3  0.9  9.3  contig_128_pilon   376440  376544  (708334) + A-rich       Simple_repeat      1     97    (0) 742  
   15   21.6  4.2  0.0  contig_128_pilon   376627  376674  (708204) + (AATTCA)n    Simple_repeat      1     50    (0) 743  
   16    0.0  0.0  0.0  contig_128_pilon   377938  377954  (706924) + (T)n         Simple_repeat      1     17    (0) 744  
   23   12.4  1.7  7.0  contig_128_pilon   378595  378654  (706224) + (AATA)n      Simple_repeat      1     57    (0) 745  
   21   14.7  6.2  3.0  contig_128_pilon   378655  378658  (706220) + A-rich       Simple_repeat      1     66    (0) 746  
   20    7.9  0.0  0.0  contig_128_pilon   378773  378799  (706079) + (A)n         Simple_repeat      1     27    (0) 747  
   15   13.9  0.0  0.0  contig_128_pilon   381067  381090  (703788) + (A)n         Simple_repeat      1     24    (0) 748  
   15   18.8  2.3  2.3  contig_128_pilon   382620  382663  (702215) + A-rich       Simple_repeat      1     44    (0) 749  
   11    7.2 10.3  0.0  contig_128_pilon   385083  385111  (699767) + (AAGTAA)n    Simple_repeat      1     32    (0) 750  
   12   29.7  1.8  1.8  contig_128_pilon   388556  388610  (696268) + (ATAA)n      Simple_repeat      1     55    (0) 751  
   14   23.2  8.1  0.0  contig_128_pilon   390886  390947  (693931) + (TTGGTTA)n   Simple_repeat      1     67    (0) 752  
   18   27.1  3.9  2.5  contig_128_pilon   395425  395502  (689376) + (ATTTAGG)n   Simple_repeat      1     79    (0) 753  
   20   19.8  0.0  0.0  contig_128_pilon   399930  399975  (684903) + A-rich       Simple_repeat      1     46    (0) 754  
   29    0.0  0.0  0.0  contig_128_pilon   402044  402068  (682810) + (AT)n        Simple_repeat      1     25    (0) 755  
   12   20.1  4.1  4.1  contig_128_pilon   402397  402445  (682433) + A-rich       Simple_repeat      1     49    (0) 756  
   13   21.8  0.0  7.8  contig_128_pilon   402584  402638  (682240) + (AATTTTT)n   Simple_repeat      1     51    (0) 757  
   14   24.8  0.0  2.3  contig_128_pilon   403065  403109  (681769) + (TATT)n      Simple_repeat      1     44    (0) 758  
   17    3.8  3.7  0.0  contig_128_pilon   407775  407801  (677077) + (CTGC)n      Simple_repeat      1     28    (0) 759  
   16    8.3  0.0  0.0  contig_128_pilon   409744  409769  (675109) + (ATAA)n      Simple_repeat      1     26    (0) 760  
   18   16.3  0.0  0.0  contig_128_pilon   411594  411628  (673250) + (CAC)n       Simple_repeat      1     35    (0) 761  
   30    5.7  0.0  0.0  contig_128_pilon   411737  411773  (673105) + (CCT)n       Simple_repeat      1     37    (0) 762  
   12   21.7  0.0  0.0  contig_128_pilon   415284  415315  (669563) + (AATTTA)n    Simple_repeat      1     32    (0) 763  
   12    7.5  0.0 12.5  contig_128_pilon   416792  416827  (668051) + (AATTTA)n    Simple_repeat      1     32    (0) 764  
   11   21.1  2.5  2.5  contig_128_pilon   416828  416831  (668047) + (AATTTAA)n   Simple_repeat      1     40    (0) 765  
   12   12.8  5.6  2.7  contig_128_pilon   417440  417475  (667403) + A-rich       Simple_repeat      1     37    (0) 766  
   18   16.3  0.0  0.0  contig_128_pilon   423616  423650  (661228) + (TGG)n       Simple_repeat      1     35    (0) 767  
   15   10.8  3.3  0.0  contig_128_pilon   443873  443902  (640976) + (TTTC)n      Simple_repeat      1     31    (0) 768  
   14   21.3  2.2  2.2  contig_128_pilon   447124  447168  (637710) + (TTAAT)n     Simple_repeat      1     45    (0) 769  
   16   34.1  1.4  0.0  contig_128_pilon   448220  448292  (636586) + (AATT)n      Simple_repeat      1     74    (0) 770  
   12   20.9  4.3  2.1  contig_128_pilon   452611  452656  (632222) + (TAATTAT)n   Simple_repeat      1     47    (0) 771  
   28   16.9  5.3  1.3  contig_128_pilon   454223  454297  (630581) + (TTAA)n      Simple_repeat      1     78    (0) 772  
   12   19.8  2.3  4.7  contig_128_pilon   455766  455809  (629069) + (ATAAT)n     Simple_repeat      1     43    (0) 773  
   17    0.0  3.6  3.6  contig_128_pilon   456631  456659  (628219) + (AAAAG)n     Simple_repeat      1     29    (0) 774  
   91    0.0  0.0  0.0  contig_128_pilon   457018  457094  (627784) + (TA)n        Simple_repeat      1     77    (0) 775  
   34    0.0  0.0  0.0  contig_128_pilon   457095  457134  (627744) + (GTAT)n      Simple_repeat      1     40    (0) 776  
   26   11.6  5.2  1.7  contig_128_pilon   457293  457350  (627528) + (TAAT)n      Simple_repeat      1     60    (0) 777  
   20   22.6  1.4  6.1  contig_128_pilon   461874  461942  (622936) + (CT)n        Simple_repeat      1     66    (0) 778  
   16   13.4  0.0  2.9  contig_128_pilon   465707  465741  (619137) + (AATTTA)n    Simple_repeat      1     34    (0) 779  
   14   12.7  0.0  0.0  contig_128_pilon   487745  487770  (597108) + (CAC)n       Simple_repeat      1     26    (0) 780  
   60    1.8  0.0  0.0  contig_128_pilon   500756  500811  (584067) + (TA)n        Simple_repeat      1     56    (0) 781  
   12   21.6  2.5  2.5  contig_128_pilon   500813  500852  (584026) + (ATGA)n      Simple_repeat      1     40    (0) 782  
   13   25.0  2.0  2.0  contig_128_pilon   500919  500967  (583911) + (ATTA)n      Simple_repeat      1     49    (0) 783  
   12   22.5  1.9  6.0  contig_128_pilon   504242  504293  (580585) + (CAAT)n      Simple_repeat      1     50    (0) 784  
   13   21.2  0.0  2.6  contig_128_pilon   506994  507033  (577845) + A-rich       Simple_repeat      1     39    (0) 785  
   11   17.3  7.7  0.0  contig_128_pilon   516982  517020  (567858) + (GAGGAT)n    Simple_repeat      1     42    (0) 786  
   11   21.9  3.9  3.9  contig_128_pilon   521839  521889  (562989) + A-rich       Simple_repeat      1     51    (0) 787  
   15    0.0  8.0  0.0  contig_128_pilon   526065  526089  (558789) + (AAGAA)n     Simple_repeat      1     27    (0) 788  
   12   22.0  3.5  5.3  contig_128_pilon   532265  532322  (552556) + GA-rich      Simple_repeat      1     57    (0) 789  
   12   13.3  9.1  5.3  contig_128_pilon   554526  554580  (530298) + (TGGTGTG)n   Simple_repeat      1     57    (0) 790  
   12   13.9  0.0  0.0  contig_128_pilon   561570  561593  (523285) + (GTG)n       Simple_repeat      1     24    (0) 791  
   20    7.0  0.0  0.0  contig_128_pilon   566667  566696  (518182) + (CTCA)n      Simple_repeat      1     30    (0) 792  
   12   32.8  2.9  1.4  contig_128_pilon   580867  580936  (503942) + A-rich       Simple_repeat      1     71    (0) 793  
   19   25.7  2.2  5.6  contig_128_pilon   613716  613824  (471054) + (ATTATAA)n   Simple_repeat      1    105    (0) 794  
   11   21.6  0.0  5.1  contig_128_pilon   615039  615079  (469799) + (TTTAATC)n   Simple_repeat      1     39    (0) 795  
   14    3.7  6.7  3.2  contig_128_pilon   617064  617104  (467774) + (TATT)n      Simple_repeat      1     42    (0) 796  
   11   13.0  8.7  4.2  contig_128_pilon   620968  621013  (463865) + (TTATTTGAA)n Simple_repeat      1     48    (0) 797  
   26   22.5  1.5  0.0  contig_128_pilon   621667  621733  (463145) + GA-rich      Simple_repeat      1     68    (0) 798  
   18   18.8  2.0  2.0  contig_128_pilon   633560  633609  (451269) + (ATTTAGG)n   Simple_repeat      1     50    (0) 799  
   14   19.9  2.5  0.0  contig_128_pilon   637823  637862  (447016) + A-rich       Simple_repeat      1     41    (0) 800  
   14   11.2 10.3  0.0  contig_128_pilon   638066  638104  (446774) + (TGCGGTG)n   Simple_repeat      1     43    (0) 801  
   13   16.5  8.2  1.9  contig_128_pilon   638199  638247  (446631) + (GCCATT)n    Simple_repeat      1     52    (0) 802  
   38    4.7  0.0  0.0  contig_128_pilon   640270  640313  (444565) + (GGTGGA)n    Simple_repeat      1     44    (0) 803  
   31    9.3  3.4  1.7  contig_128_pilon   650568  650626  (434252) + (GTTTT)n     Simple_repeat      1     60    (0) 804  
   28   24.9  0.0  2.4  contig_128_pilon   671320  671403  (413475) + G-rich       Simple_repeat      1     82    (0) 805  
   18   21.8  0.0  0.0  contig_128_pilon   672244  672280  (412598) + (T)n         Simple_repeat      1     37    (0) 806  
   14   20.7  2.6  0.0  contig_128_pilon   672678  672716  (412162) + A-rich       Simple_repeat      1     40    (0) 807  
   30   24.8  0.0  2.3  contig_128_pilon   673446  673534  (411344) + G-rich       Simple_repeat      1     87    (0) 808  
   18   21.8  0.0  0.0  contig_128_pilon   674370  674406  (410472) + (T)n         Simple_repeat      1     37    (0) 809  
   14   20.7  2.6  0.0  contig_128_pilon   674799  674837  (410041) + A-rich       Simple_repeat      1     40    (0) 810  
   12    4.7  0.0  8.3  contig_128_pilon   684137  684162  (400716) + (GTTG)n      Simple_repeat      1     24    (0) 811  
   12   22.6  4.2  2.0  contig_128_pilon   692379  692426  (392452) + G-rich       Simple_repeat      1     49    (0) 812  
   13   10.8  6.7  0.0  contig_128_pilon   711193  711222  (373656) + (TGGA)n      Simple_repeat      1     32    (0) 813  
   43   10.5  1.4  0.0  contig_128_pilon   721418  721489  (363389) + (AT)n        Simple_repeat      1     73    (0) 814  
   12   11.2  0.0  9.4  contig_128_pilon   722049  722083  (362795) + A-rich       Simple_repeat      1     32    (0) 815  
   13    8.5  4.0  0.0  contig_128_pilon   724627  724651  (360227) + (ATATC)n     Simple_repeat      1     26    (0) 816  
   13   12.0  8.3  0.0  contig_128_pilon   753981  754016  (330862) + A-rich       Simple_repeat      1     39    (0) 817  
   38    2.3  4.5  0.0  contig_128_pilon   754153  754196  (330682) + (AT)n        Simple_repeat      1     46    (0) 818  
   18   20.3  3.3  3.3  contig_128_pilon   754540  754600  (330278) + (ATACAT)n    Simple_repeat      1     61    (0) 819  
   20   13.1  7.1  0.0  contig_128_pilon   755331  755372  (329506) + (AT)n        Simple_repeat      1     45    (0) 820  
   13   10.8  0.0  9.1  contig_128_pilon   756030  756071  (328807) + (ATTAT)n     Simple_repeat      1     38    (0) 821  
   83    0.0  0.0  0.0  contig_128_pilon   759851  759921  (324957) + (AT)n        Simple_repeat      1     71    (0) 822  
   32   29.5  0.0  0.0  contig_128_pilon   759922  760005  (324873) + (CA)n        Simple_repeat      1     85    (0) 823  
   12   16.4  5.9  0.0  contig_128_pilon   761644  761677  (323201) + (ATTGT)n     Simple_repeat      1     36    (0) 824  
   99    0.0  0.0  0.0  contig_128_pilon   763576  763659  (321219) + (AT)n        Simple_repeat      1     84    (0) 825  
   22   20.8  0.0  0.0  contig_128_pilon   764092  764138  (320740) + (TATA)n      Simple_repeat      1     47    (0) 826  
   15   12.0  0.0  0.0  contig_128_pilon   766004  766030  (318848) + (TTTA)n      Simple_repeat      1     27    (0) 827  
   21   13.7  0.0  2.4  contig_128_pilon   770398  770439  (314439) + (GCT)n       Simple_repeat      1     41    (0) 828  
   13   25.0  0.0  0.0  contig_128_pilon   773849  773886  (310992) + (TTTCATT)n   Simple_repeat      1     38    (0) 829  
   20   15.0  0.0  4.3  contig_128_pilon   780141  780188  (304690) + A-rich       Simple_repeat      1     46    (0) 830  
   13    8.5  4.0  0.0  contig_128_pilon   780568  780592  (304286) + (TTTA)n      Simple_repeat      1     26    (0) 831  
   18    9.7  0.0  2.9  contig_128_pilon   784098  784134  (300744) + (AAAAAT)n    Simple_repeat      1     35    (0) 832  
   15   22.8  2.1  2.1  contig_128_pilon   791637  791684  (293194) + (TAGG)n      Simple_repeat      1     48    (0) 833  
   30    0.0  0.0  0.0  contig_128_pilon   795692  795720  (289158) + (CCTCG)n     Simple_repeat      1     29    (0) 834  
   21   23.6  0.0  0.0  contig_128_pilon   796932  796976  (287902) + (T)n         Simple_repeat      1     45    (0) 835  
   12   16.3  2.8  2.8  contig_128_pilon   803635  803670  (281208) + (AATATAT)n   Simple_repeat      1     36    (0) 836  
   13   30.5  0.0  0.0  contig_128_pilon   806598  806649  (278229) + (ATAT)n      Simple_repeat      1     52    (0) 837  
   21   27.4  1.3  1.3  contig_128_pilon   808945  809020  (275858) + (TTAGGAT)n   Simple_repeat      1     76    (0) 838  
   24    9.8  2.2  2.2  contig_128_pilon   815008  815053  (269825) + (TTTA)n      Simple_repeat      1     46    (0) 839  
   15   19.6  0.0  0.0  contig_128_pilon   816262  816291  (268587) + A-rich       Simple_repeat      1     30    (0) 840  
   12   15.6 14.0  0.0  contig_128_pilon   817909  817965  (266913) + A-rich       Simple_repeat      1     65    (0) 841  
   12   29.6  2.0  0.0  contig_128_pilon   823229  823278  (261600) + (GAACAA)n    Simple_repeat      1     51    (0) 842  
   22    9.5  2.9  0.0  contig_128_pilon   827469  827502  (257376) + (TA)n        Simple_repeat      1     35    (0) 843  
   14   10.4  0.0  8.8  contig_128_pilon   830195  830231  (254647) + (ATAA)n      Simple_repeat      1     34    (0) 844  
   12   12.7  2.5  7.9  contig_128_pilon   848659  848698  (236180) + (AAGTTG)n    Simple_repeat      1     38    (0) 845  
   12   30.4  3.0  1.5  contig_128_pilon   853268  853333  (231545) + (GTGGTGT)n   Simple_repeat      1     67    (0) 846  
   13   26.3  3.6  1.8  contig_128_pilon   853577  853632  (231246) + GA-rich      Simple_repeat      1     57    (0) 847  
   26    0.0  0.0  0.0  contig_128_pilon   859493  859517  (225361) + (GGT)n       Simple_repeat      1     25    (0) 848  
   14   19.1  0.0  9.6  contig_128_pilon   865141  865197  (219681) + A-rich       Simple_repeat      1     52    (0) 849  
   12   23.1  4.2  2.0  contig_128_pilon   871914  871961  (212917) + (TTTAT)n     Simple_repeat      1     49    (0) 850  
   23   13.8  3.9  3.9  contig_128_pilon   872637  872702  (212176) + (CA)n        Simple_repeat      1     66    (0) 851  
   15   21.8  0.0  0.0  contig_128_pilon   876396  876433  (208445) + (TTGGTCA)n   Simple_repeat      1     38    (0) 852  
   14   18.9  4.8  0.0  contig_128_pilon   877978  878019  (206859) + (CCCTCAT)n   Simple_repeat      1     44    (0) 853  
   12   21.1  0.0  8.5  contig_128_pilon   878020  878028  (206850) + (CCCTCT)n    Simple_repeat      1     47    (0) 854  
   13   19.1  3.8  5.8  contig_128_pilon   878303  878355  (206523) + (CCTC)n      Simple_repeat      1     52    (0) 855  
   11   26.9  4.5  3.0  contig_128_pilon   878602  878667  (206211) + (CCACACA)n   Simple_repeat      1     67    (0) 856  
   13    0.0  0.0  0.0  contig_128_pilon   881620  881636  (203242) + (GCA)n       Simple_repeat      1     17    (0) 857  
   15   13.9  0.0  0.0  contig_128_pilon   882883  882919  (201959) + (A)n         Simple_repeat      1     37    (0) 858  
   16   23.3  0.0  0.0  contig_128_pilon   891117  891151  (193727) + A-rich       Simple_repeat      1     35    (0) 859  
   26    0.0  0.0  0.0  contig_128_pilon   908290  908314  (176564) + (AATAA)n     Simple_repeat      1     25    (0) 860  
   11    9.7  8.6  2.7  contig_128_pilon   911474  911508  (173370) + (GGCGCAA)n   Simple_repeat      1     37    (0) 861  
   16    9.3  0.0  0.0  contig_128_pilon   918207  918229  (166649) + (AG)n        Simple_repeat      1     23    (0) 862  
   26   11.4  4.1  0.0  contig_128_pilon   919457  919505  (165373) + GA-rich      Simple_repeat      1     51    (0) 863  
   11   12.8  2.3 10.0  contig_128_pilon   929191  929233  (155645) + A-rich       Simple_repeat      1     40    (0) 864  
   17   17.2  5.6  1.8  contig_128_pilon   934453  934506  (150372) + (GCCGAG)n    Simple_repeat      1     56    (0) 865  
   15   20.8  5.3  1.7  contig_128_pilon   936369  936425  (148453) + (ATACATA)n   Simple_repeat      1     59    (0) 866  
   14    4.9  0.0  0.0  contig_128_pilon   936646  936666  (148212) + (AAAT)n      Simple_repeat      1     21    (0) 867  
   12   13.9  0.0  0.0  contig_128_pilon   936805  936828  (148050) + (AAT)n       Simple_repeat      1     24    (0) 868  
   12   21.2  0.0  2.9  contig_128_pilon   937479  937513  (147365) + (CTTTC)n     Simple_repeat      1     34    (0) 869  
   15   10.1  6.2  0.0  contig_128_pilon   937738  937769  (147109) + (TTCT)n      Simple_repeat      1     34    (0) 870  
   13   24.5  4.2  0.0  contig_128_pilon   938377  938424  (146454) + (TTAATA)n    Simple_repeat      1     50    (0) 871  
   32    0.0  2.9  0.0  contig_128_pilon   939572  939605  (145273) + (AAAG)n      Simple_repeat      1     35    (0) 872  
   40    5.2  3.2  1.6  contig_128_pilon   947316  947377  (137501) + (CTCC)n      Simple_repeat      1     63    (0) 873  
   17   10.8  0.0  3.2  contig_128_pilon   950397  950428  (134450) + (GAG)n       Simple_repeat      1     31    (0) 874  
   17    4.5  0.0  4.2  contig_128_pilon   977320  977344  (107534) + (AT)n        Simple_repeat      1     24    (0) 875  
   12   25.7  0.0  0.0  contig_128_pilon   986775  986811   (98067) + (TGTATG)n    Simple_repeat      1     37    (0) 876  
   15    0.0  0.0  0.0  contig_128_pilon   995093  995109   (89769) + (GA)n        Simple_repeat      1     17    (0) 877  
   25   18.2  4.3  1.4  contig_128_pilon  1000125 1000194   (84684) + G-rich       Simple_repeat      1     72    (0) 878  
   14   11.2  3.5  0.0  contig_128_pilon  1026555 1026583   (58295) + (GGTTT)n     Simple_repeat      1     30    (0) 879  
   13   22.1  4.1  2.0  contig_128_pilon  1027540 1027588   (57290) + G-rich       Simple_repeat      1     50    (0) 880  
   15    0.0  0.0  0.0  contig_128_pilon  1032891 1032909   (51969) + (CTG)n       Simple_repeat      1     19    (0) 881  
   17   18.6  5.7  3.7  contig_128_pilon  1045919 1045971   (38907) + (TA)n        Simple_repeat      1     54    (0) 882  
   12   16.6 10.6  0.0  contig_128_pilon  1046473 1046519   (38359) + (TTACA)n     Simple_repeat      1     52    (0) 883  
   12   23.9  0.0  6.4  contig_128_pilon  1047687 1047736   (37142) + (CAACAT)n    Simple_repeat      1     47    (0) 884  
   17   10.8  0.0  0.0  contig_128_pilon  1052209 1052238   (32640) + (TTGT)n      Simple_repeat      1     30    (0) 885  
   13   24.8  3.7  1.8  contig_128_pilon  1062823 1062876   (22002) + (CATCA)n     Simple_repeat      1     55    (0) 886  
   13   23.7  1.3  9.9  contig_128_pilon  1066382 1066458   (18420) + (CCT)n       Simple_repeat      1     71    (0) 887  
   20    9.2  0.0  2.8  contig_128_pilon  1066551 1066587   (18291) + (CTCCT)n     Simple_repeat      1     36    (0) 888  
   21   11.4  0.0  2.6  contig_128_pilon  1066762 1066801   (18077) + (GCGATG)n    Simple_repeat      1     39    (0) 889  
   14    9.6  0.0  0.0  contig_128_pilon  1082451 1082473    (2405) + (AAT)n       Simple_repeat      1     23    (0) 890  
   17    3.8  3.7  0.0  contig_130_pilon   5447  5473 (11556) + (ACAAA)n  Simple_repeat      1     28    (0) 891  
   30    3.1  0.0  2.9  contig_130_pilon   5619  5653 (11376) + (AT)n     Simple_repeat      1     34    (0) 892  
   11   12.8  0.0 12.8  contig_130_pilon  12030 12073  (4956) + (CACCTT)n Simple_repeat      1     39    (0) 893  
   25   16.1  0.0  0.0  contig_13_pilon  11646 11687 (8119) + (T)n       Simple_repeat      1     42    (0) 894  
   22   14.5  8.2  0.0  contig_13_pilon  16872 16932 (2874) + (GTGAGCA)n Simple_repeat      1     66    (0) 895  
   12   16.5  0.0  0.0  contig_132_pilon    1719   1745 (386622) + A-rich      Simple_repeat      1     27    (0)  896  
   17   15.9  4.8  0.0  contig_132_pilon    4870   4911 (383456) + A-rich      Simple_repeat      1     44    (0)  897  
   27   19.7  4.2  0.0  contig_132_pilon    5327   5397 (382970) + A-rich      Simple_repeat      1     74    (0)  898  
   16    9.8  6.1  0.0  contig_132_pilon   10807  10839 (377528) + GA-rich     Simple_repeat      1     35    (0)  899  
   34    3.0  0.0  0.0  contig_132_pilon   11702  11735 (376632) + (TC)n       Simple_repeat      1     34    (0)  900  
   14   26.1  2.0  0.0  contig_132_pilon   11743  11792 (376575) + (TGTGGAG)n  Simple_repeat      1     51    (0)  901 *
   16   13.6  3.6  7.4  contig_132_pilon   11781  11836 (376531) + (GAGAGCA)n  Simple_repeat      1     54    (0)  902  
   16    0.0  0.0  0.0  contig_132_pilon   15276  15293 (373074) + (A)n        Simple_repeat      1     18    (0)  903  
   15    5.5  0.0  0.0  contig_132_pilon   16678  16696 (371671) + (CT)n       Simple_repeat      1     19    (0)  904  
   42   12.1  0.0  0.0  contig_132_pilon   24638  24709 (363658) + (AT)n       Simple_repeat      1     72    (0)  905  
   20   24.9  0.0  0.0  contig_132_pilon   24710  24764 (363603) + (TATA)n     Simple_repeat      1     55    (0)  906  
   18   22.1  0.0  0.0  contig_132_pilon   24739  24781 (363586) + (CATA)n     Simple_repeat      1     43    (0)  907 *
   18    0.0  6.2  3.0  contig_132_pilon   29158  29189 (359178) + (TATT)n     Simple_repeat      1     33    (0)  908  
   13    7.5  3.1  6.5  contig_132_pilon   36080  36111 (352256) + GA-rich     Simple_repeat      1     31    (0)  909  
   12   13.9  0.0  0.0  contig_132_pilon   44492  44515 (343852) + (TTCA)n     Simple_repeat      1     24    (0)  910  
   15    7.2  6.7  0.0  contig_132_pilon   47335  47364 (341003) + (TTTCTT)n   Simple_repeat      1     32    (0)  911  
   17   10.2  6.8  2.2  contig_132_pilon   48119  48162 (340205) + (TTTATTAT)n Simple_repeat      1     46    (0)  912  
   12   26.5  0.0  4.3  contig_132_pilon   49049  49097 (339270) + A-rich      Simple_repeat      1     47    (0)  913  
   11   25.1  0.0  4.5  contig_132_pilon   50290  50335 (338032) + (AATATTG)n  Simple_repeat      1     44    (0)  914  
   12   24.1  0.0  2.5  contig_132_pilon   51503  51543 (336824) + (TCTTTT)n   Simple_repeat      1     40    (0)  915  
   12   14.1  3.0  3.0  contig_132_pilon   63228  63260 (325107) + (GCCACA)n   Simple_repeat      1     33    (0)  916  
   13   14.3  0.0  6.1  contig_132_pilon   66683  66717 (321650) + A-rich      Simple_repeat      1     33    (0)  917  
   16   20.2  2.1  2.1  contig_132_pilon   67673  67719 (320648) + (CACC)n     Simple_repeat      1     47    (0)  918  
   13   15.3 13.8  0.0  contig_132_pilon   68162  68219 (320148) + (CCACACTC)n Simple_repeat      1     66    (0)  919  
   19    3.7  0.0  3.5  contig_132_pilon   69606  69635 (318732) + (CATCA)n    Simple_repeat      1     29    (0)  920  
   17    4.9  0.0  0.0  contig_132_pilon   69894  69914 (318453) + (CA)n       Simple_repeat      1     21    (0)  921  
   15    9.2  0.0  4.2  contig_132_pilon   69911  69935 (318432) + (AG)n       Simple_repeat      1     24    (0)  922 *
   16   20.2  2.1  2.1  contig_132_pilon   78534  78580 (309787) + (CACC)n     Simple_repeat      1     47    (0)  923  
   16   20.2  2.1  2.1  contig_132_pilon   83369  83415 (304952) + (CACC)n     Simple_repeat      1     47    (0)  924  
   17   12.6  4.3  4.3  contig_132_pilon   96671  96717 (291650) + (TGGACGT)n  Simple_repeat      1     47    (0)  925  
   12   21.7  0.0  0.0  contig_132_pilon   99992 100023 (288344) + GA-rich     Simple_repeat      1     32    (0)  926  
   12   16.6  0.0  0.0  contig_132_pilon  114019 114045 (274322) + (TTCTT)n    Simple_repeat      1     27    (0)  927  
   20    7.0 11.1  0.0  contig_132_pilon  123186 123230 (265137) + (CTTC)n     Simple_repeat      1     50    (0)  928  
   20   12.1  0.0  0.0  contig_132_pilon  128741 128777 (259590) + (TACCAC)n   Simple_repeat      1     37    (0)  929  
   17   27.3  1.3  5.3  contig_132_pilon  128822 128899 (259468) + (CTC)n      Simple_repeat      1     75    (0)  930  
   13   14.2  3.2  0.0  contig_132_pilon  129914 129944 (258423) + (TTAAC)n    Simple_repeat      1     32    (0)  931  
   16   22.6  0.0  0.0  contig_132_pilon  141888 141920 (246447) + (T)n        Simple_repeat      1     33    (0)  932  
   16   13.2  0.0  0.0  contig_132_pilon  142889 142918 (245449) + (T)n        Simple_repeat      1     30    (0)  933  
   12   20.3  6.7  0.0  contig_132_pilon  143883 143927 (244440) + (CTGCCTCT)n Simple_repeat      1     48    (0)  934  
   15    8.0  0.0  3.6  contig_132_pilon  148024 148052 (240315) + (TTTTG)n    Simple_repeat      1     28    (0)  935  
   26   17.4  0.0  0.0  contig_132_pilon  153369 153420 (234947) + (CACTTT)n   Simple_repeat      1     52    (0)  936  
   16   32.3  2.5  2.5  contig_132_pilon  155470 155549 (232818) + (TA)n       Simple_repeat      1     80    (0)  937  
   12   32.4  0.0  0.0  contig_132_pilon  163933 163939 (224428) + (ATGT)n     Simple_repeat      1     19   (28)  938  
   13   20.9  0.0  0.0  contig_132_pilon  163940 163972 (224395) + (TATGTA)n   Simple_repeat      1     33    (0)  939  
   12   32.4  0.0  0.0  contig_132_pilon  163973 163979 (224388) + (ATGT)n     Simple_repeat     20     47    (0)  938  
   13    8.5  4.0  0.0  contig_132_pilon  169813 169837 (218530) + (GTCA)n     Simple_repeat      1     26    (0)  940  
   15    9.7  0.0  0.0  contig_132_pilon  170094 170115 (218252) + (AG)n       Simple_repeat      1     22    (0)  941  
   21   19.5  2.1  2.1  contig_132_pilon  178503 178559 (209808) + A-rich      Simple_repeat      1     57    (0)  942  
   18   10.7  0.0  9.1  contig_132_pilon  194911 194958 (193409) + A-rich      Simple_repeat      1     44    (0)  943  
   12   12.5  0.0  3.7  contig_132_pilon  196744 196771 (191596) + (ATTTT)n    Simple_repeat      1     27    (0)  944  
   13   15.9  5.7  0.0  contig_132_pilon  198313 198347 (190020) + GA-rich     Simple_repeat      1     37    (0)  945  
   18   18.5  4.1  0.0  contig_132_pilon  200424 200472 (187895) + (CATTGCT)n  Simple_repeat      1     51    (0)  946  
   49    5.8  0.0  0.0  contig_132_pilon  203545 203599 (184768) + (AT)n       Simple_repeat      1     55    (0)  947  
   17   30.8  1.8  0.0  contig_132_pilon  208767 208822 (179545) + GA-rich     Simple_repeat      1     57    (0)  948  
   14    4.9  0.0  0.0  contig_132_pilon  215083 215103 (173264) + (CATC)n     Simple_repeat      1     21    (0)  949  
   15   27.1  1.7  1.7  contig_132_pilon  228162 228220 (160147) + (TCTTCA)n   Simple_repeat      1     59    (0)  950  
   29   14.4  1.5  3.1  contig_132_pilon  235777 235850 (152517) + (TATATT)n   Simple_repeat      1     72    (0)  951  
   13   26.3  3.9  0.0  contig_132_pilon  236367 236417 (151950) + (TTTATT)n   Simple_repeat      1     53    (0)  952  
   17   20.2  4.3  2.1  contig_132_pilon  236719 236765 (151602) + (AT)n       Simple_repeat      1     48    (0)  953  
   15   20.3  5.3  5.3  contig_132_pilon  237367 237441 (150926) + (TTGAATT)n  Simple_repeat      1     75    (0)  954  
   16   18.9  0.0  0.0  contig_132_pilon  237567 237596 (150771) + A-rich      Simple_repeat      1     30    (0)  955  
   18   27.9  1.1  5.8  contig_132_pilon  237823 237913 (150454) + (TATAT)n    Simple_repeat      1     87    (0)  956  
   12   18.0  5.0  2.4  contig_132_pilon  240548 240587 (147780) + (TTGTA)n    Simple_repeat      1     41    (0)  957  
   13   26.0  0.0  0.0  contig_132_pilon  241954 241994 (146373) + (ATCCTAC)n  Simple_repeat      1     41    (0)  958  
   18    9.8  0.0  2.9  contig_132_pilon  242876 242910 (145457) + (GGCGAT)n   Simple_repeat      1     34    (0)  959  
   11   21.6  2.5  2.5  contig_132_pilon  251710 251749 (136618) + (AAGTAAG)n  Simple_repeat      1     40    (0)  960  
   13   26.1  5.7  1.4  contig_132_pilon  256426 256495 (131872) + (GGCCAGC)n  Simple_repeat      1     73    (0)  961  
   13    4.7  4.5  0.0  contig_132_pilon  258580 258601 (129766) + (GTT)n      Simple_repeat      1     23    (0)  962  
   23   25.5  0.0  1.5  contig_132_pilon  261321 261387 (126980) + (TTAT)n     Simple_repeat      1     66    (0)  963  
   30    8.3  0.0  0.0  contig_132_pilon  267656 267694 (120673) + (AT)n       Simple_repeat      1     39    (0)  964  
   14   16.3  4.7  2.3  contig_132_pilon  269987 270051 (118316) + (TGATTT)n   Simple_repeat      1     66    (0)  965  
   13   14.3  0.0  6.1  contig_132_pilon  270952 270986 (117381) + (AGATAA)n   Simple_repeat      1     33    (0)  966  
   13   26.6  0.0  3.9  contig_132_pilon  278774 278826 (109541) + (ATCTAA)n   Simple_repeat      1     51    (0)  967  
   12    6.4  8.1  5.3  contig_132_pilon  279502 279538 (108829) + (ATTTGT)n   Simple_repeat      1     38    (0)  968  
   24   19.9  0.0  1.7  contig_132_pilon  281071 281129 (107238) + (TTTATT)n   Simple_repeat      1     58    (0)  969  
   16   21.3  0.0  0.0  contig_132_pilon  282457 282489 (105878) + A-rich      Simple_repeat      1     33    (0)  970  
   16    9.1  2.6  5.3  contig_132_pilon  284970 285008 (103359) + (AGATAGT)n  Simple_repeat      1     38    (0)  971  
   13   11.9  5.0  5.0  contig_132_pilon  285471 285510 (102857) + (TTTAGTC)n  Simple_repeat      1     40    (0)  972  
   13   14.0  4.7  4.7  contig_132_pilon  286872 286914 (101453) + (TCATACA)n  Simple_repeat      1     43    (0)  973  
   13   25.9  0.0  5.7  contig_132_pilon  292757 292812  (95555) + (CCAACCC)n  Simple_repeat      1     53    (0)  974  
   16   19.7  3.6  3.6  contig_132_pilon  292903 292958  (95409) + A-rich      Simple_repeat      1     56    (0)  975  
   39    2.5  0.0  0.0  contig_132_pilon  293861 293900  (94467) + (CAG)n      Simple_repeat      1     40    (0)  976  
   28    0.0  0.0  3.3  contig_132_pilon  301016 301046  (87321) + (TTAGGGT)n  Simple_repeat      1     30    (0)  977  
   23    8.9  0.0  0.0  contig_132_pilon  305179 305214  (83153) + (AAACA)n    Simple_repeat      1     36    (0)  978  
   19   18.4  0.0  0.0  contig_132_pilon  308687 308729  (79638) + (GGTTTAG)n  Simple_repeat      1     43    (0)  979  
   51    0.0  5.6  0.0  contig_132_pilon  310292 310345  (78022) + (TA)n       Simple_repeat      1     57    (0)  980  
   11   27.9  0.0  2.3  contig_132_pilon  322596 322640  (65727) + G-rich      Simple_repeat      1     44    (0)  981  
   15    8.9  0.0  0.0  contig_132_pilon  331846 331869  (56498) + (TGG)n      Simple_repeat      1     24    (0)  982  
   19   24.5  4.5  0.0  contig_132_pilon  331931 331997  (56370) + (GGAGGT)n   Simple_repeat      1     70    (0)  983  
   13   13.1  0.0  0.0  contig_132_pilon  332518 332542  (55825) + (GGA)n      Simple_repeat      1     25    (0)  984  
   34    0.0  0.0  0.0  contig_132_pilon  336848 336879  (51488) + (T)n        Simple_repeat      1     32    (0)  985  
   19   19.6  3.8  0.0  contig_132_pilon  368528 368580  (19787) + A-rich      Simple_repeat      1     55    (0)  986  
   16   16.3  2.3  2.3  contig_132_pilon  380126 380168   (8199) + A-rich      Simple_repeat      1     43    (0)  987  
   19   17.1  2.1  2.1  contig_133_pilon   1553  1600 (97230) + A-rich     Simple_repeat      1     48    (0)  988  
   41   30.1  1.5  4.2  contig_133_pilon   2149  2207 (96623) + (TATTTA)n  Simple_repeat      1    137   (54)  989  
   58   19.9  0.0  0.0  contig_133_pilon   2208  2323 (96507) + (ATAT)n    Simple_repeat      1    116    (0)  990  
   41   30.1  1.5  4.2  contig_133_pilon   2324  2344 (96486) + (TATTTA)n  Simple_repeat    138    191    (0)  989  
   12   27.0  1.6  4.9  contig_133_pilon   2995  3057 (95773) + (TCGCGCC)n Simple_repeat      1     61    (0)  991  
   19   17.2  3.6  3.6  contig_133_pilon   3505  3560 (95270) + (TTTA)n    Simple_repeat      1     56    (0)  992  
   25   21.1  0.0  7.3  contig_133_pilon   3664  3751 (95079) + (TTTTTAA)n Simple_repeat      1     82    (0)  993  
   18   22.4  0.0  0.0  contig_133_pilon   3716  3752 (95078) + (T)n       Simple_repeat      1     37    (0)  994 *
   13   25.7  2.2  0.0  contig_133_pilon   3848  3874 (94956) + (TTTTTAG)n Simple_repeat      1     49    (0)  995  
   19    0.0  0.0  0.0  contig_133_pilon   3875  3895 (94935) + (T)n       Simple_repeat      1     21    (0)  996  
   21   14.5  2.1  2.1  contig_133_pilon  15192 15239 (83591) + A-rich     Simple_repeat      1     48    (0)  997  
   53   22.4  0.0  0.0  contig_133_pilon  15847 15962 (82868) + (ATATAT)n  Simple_repeat      1    116    (0)  998  
   13   30.8  0.0  3.3  contig_133_pilon  16631 16693 (82137) + (TCGCGCC)n Simple_repeat      1     61    (0)  999  
   14   22.8  0.0  2.6  contig_133_pilon  16936 16975 (81855) + A-rich     Simple_repeat      1     39    (0) 1000  
   28    0.0  0.0  0.0  contig_133_pilon  17141 17167 (81663) + (T)n       Simple_repeat      1     27    (0) 1001  
   13   27.3  2.2  0.0  contig_133_pilon  28255 28299 (70531) + (TTAA)n    Simple_repeat      1     46    (0) 1002  
   21   14.5  2.1  2.1  contig_133_pilon  28480 28527 (70303) + A-rich     Simple_repeat      1     48    (0) 1003  
   67    9.1  0.0  0.0  contig_133_pilon  29145 29240 (69590) + (ATAT)n    Simple_repeat      1     96    (0) 1004  
   14   22.7  4.3  0.0  contig_133_pilon  29785 29831 (68999) + (TTATTT)n  Simple_repeat      1     49    (0) 1005  
   12   19.6  2.9  0.0  contig_133_pilon  33106 33140 (65690) + (TGTCCA)n  Simple_repeat      1     36    (0) 1006  
   12   20.1  0.0  2.9  contig_133_pilon  36075 36110 (62720) + (AGGCGC)n  Simple_repeat      1     35    (0) 1007  
   26   24.0  3.8  3.8  contig_133_pilon  48275 48380 (50450) + (TATACA)n  Simple_repeat      1    106    (0) 1008  
   17    0.0  0.0  0.0  contig_133_pilon  61334 61352 (37478) + (AC)n      Simple_repeat      1     19    (0) 1009  
   15   21.2  3.9  1.9  contig_133_pilon  82943 82993 (15837) + (CTGGTG)n  Simple_repeat      1     52    (0) 1010  
   16   30.1  1.1  5.8  contig_134_pilon  10514 10603 (7595) + (CGC)n   Simple_repeat      1     86    (0) 1011  
   14   27.1  0.0  0.0  contig_134_pilon  17176 17219  (979) + (TATG)n  Simple_repeat      1     44    (0) 1012  
   12   23.3  0.0  0.0  contig_137_pilon   2313  2347 (87318) + (GCTGGC)n  Simple_repeat      1     35    (0) 1013  
   30    0.0  0.0  0.0  contig_137_pilon  17840 17867 (71798) + (CCA)n     Simple_repeat      1     28    (0) 1014  
   12   27.6  0.0  0.0  contig_137_pilon  18129 18167 (71498) + GA-rich    Simple_repeat      1     39    (0) 1015  
   26    9.9  0.0  2.3  contig_137_pilon  18638 18682 (70983) + (CGGG)n    Simple_repeat      1     44    (0) 1016  
   14   24.5  1.3  8.2  contig_137_pilon  24186 24263 (65402) + (GTATTTT)n Simple_repeat      1     73    (0) 1017  
   11   20.8  0.0  2.9  contig_137_pilon  28030 28064 (61601) + (ACAACA)n  Simple_repeat      1     34    (0) 1018  
   13   14.7  3.3  0.0  contig_137_pilon  30817 30850 (58815) + (AACA)n    Simple_repeat      1     35    (0) 1019  
   13   15.2  0.0  3.3  contig_137_pilon  31329 31359 (58306) + (TGTTT)n   Simple_repeat      1     30    (0) 1020  
   12   19.2  8.0  1.9  contig_137_pilon  34371 34420 (55245) + (ACCAC)n   Simple_repeat      1     53    (0) 1021  
   14   12.5  2.6  5.3  contig_137_pilon  35330 35368 (54297) + (TTATTT)n  Simple_repeat      1     38    (0) 1022  
   31    0.0  0.0  0.0  contig_137_pilon  36477 36505 (53160) + (TTTTTG)n  Simple_repeat      1     29    (0) 1023  
   12   29.0  1.6  3.3  contig_137_pilon  36541 36602 (53063) + (ATTTTAA)n Simple_repeat      1     61    (0) 1024  
   12   22.4  0.0  2.7  contig_137_pilon  54773 54810 (34855) + (GGCGA)n   Simple_repeat      1     37    (0) 1025  
   12   29.2  0.0  2.1  contig_137_pilon  56968 57015 (32650) + (AATTAAT)n Simple_repeat      1     47    (0) 1026  
   12   22.4  0.0  2.7  contig_137_pilon  59126 59163 (30502) + (CCCCG)n   Simple_repeat      1     37    (0) 1027  
   12   22.4  0.0  2.7  contig_137_pilon  60570 60607 (29058) + (GGCGA)n   Simple_repeat      1     37    (0) 1028  
   16   19.2  6.1  2.0  contig_137_pilon  87046 87094  (2571) + (TA)n      Simple_repeat      1     51    (0) 1029  
   15   13.9  0.0  0.0  contig_14_pilon    1482   1505 (350478) + (A)n        Simple_repeat      1     24    (0) 1030  
   14   18.5  6.8  3.3  contig_14_pilon    1668   1726 (350257) + A-rich      Simple_repeat      1     61    (0) 1031  
   16   16.9  0.0  7.0  contig_14_pilon    3990   4035 (347948) + (TTTA)n     Simple_repeat      1     43    (0) 1032  
   23   30.8  5.3  1.9  contig_14_pilon   14751  14900 (337083) + (ATACAT)n   Simple_repeat      1    155    (0) 1033  
   15   10.0  6.2  0.0  contig_14_pilon   16597  16628 (335355) + A-rich      Simple_repeat      1     34    (0) 1034  
   12   10.7  2.9  6.1  contig_14_pilon   16937  16970 (335013) + (TTTTA)n    Simple_repeat      1     33    (0) 1035  
   36    2.7  0.0  0.0  contig_14_pilon   19029  19066 (332917) + (TATAAA)n   Simple_repeat      1     38    (0) 1036  
   21   26.2  0.0  0.0  contig_14_pilon   20798  20856 (331127) + (CACCTC)n   Simple_repeat      1     59    (0) 1037  
   19   35.5  0.0  0.0  contig_14_pilon   20857  20881 (331102) + (TCACCT)n   Simple_repeat      2     85    (0) 1038  
   14   18.6  2.7  0.0  contig_14_pilon   22406  22442 (329541) + (ATCCGG)n   Simple_repeat      1     38    (0) 1039  
   12   20.1  2.9  0.0  contig_14_pilon   86621  86654 (265329) + (TCAAT)n    Simple_repeat      1     35    (0) 1040  
   20   10.6  4.9  0.0  contig_14_pilon  101221 101261 (250722) + A-rich      Simple_repeat      1     43    (0) 1041  
   31    5.6  0.0  0.0  contig_14_pilon  103884 103921 (248062) + (TACA)n     Simple_repeat      1     38    (0) 1042  
   24   11.2  8.6  0.0  contig_14_pilon  104789 104846 (247137) + (GTGAGCA)n  Simple_repeat      1     63    (0) 1043  
   11   26.5  5.0  1.6  contig_14_pilon  110383 110442 (241541) + (TTGAGGT)n  Simple_repeat      1     62    (0) 1044  
   15   14.5  8.7  0.0  contig_14_pilon  117272 117317 (234666) + (CTGCTCA)n  Simple_repeat      1     50    (0) 1045  
   13   18.8  4.5  2.2  contig_14_pilon  118736 118779 (233204) + (ATACTAT)n  Simple_repeat      1     45    (0) 1046  
   28    0.0  0.0  0.0  contig_14_pilon  120564 120589 (231394) + (CGT)n      Simple_repeat      1     26    (0) 1047  
   32    7.2  0.0  0.0  contig_14_pilon  121172 121215 (230768) + (TCTAAACC)n Simple_repeat      1     44    (0) 1048  
   13    0.0  4.2  4.2  contig_14_pilon  123808 123824 (228159) + (CTAT)n     Simple_repeat      1     18    (0) 1049  
  187    0.0  0.6  0.0  contig_14_pilon  123825 123986 (227997) + (TA)n       Simple_repeat      1    163    (0) 1050  
   11   27.7  0.0  0.0  contig_14_pilon  131279 131317 (220666) + (GAATGG)n   Simple_repeat      1     39    (0) 1051  
   15   18.4  5.9  1.9  contig_14_pilon  133641 133691 (218292) + (CAACT)n    Simple_repeat      1     53    (0) 1052  
   13    4.5  4.3  0.0  contig_14_pilon  136506 136528 (215455) + (AACC)n     Simple_repeat      1     24    (0) 1053  
   24   17.3  3.3  1.6  contig_14_pilon  136589 136648 (215335) + (CCA)n      Simple_repeat      1     61    (0) 1054  
   12    3.3 12.1  2.8  contig_14_pilon  136650 136682 (215301) + A-rich      Simple_repeat      1     36    (0) 1055  
   16    0.0  0.0  0.0  contig_14_pilon  136896 136913 (215070) + (G)n        Simple_repeat      1     18    (0) 1056  
   17   15.3  0.0  8.5  contig_14_pilon  137228 137278 (214705) + (GCGG)n     Simple_repeat      1     47    (0) 1057  
   22   26.3  1.4  1.4  contig_14_pilon  141120 141193 (210790) + (ATTTAGG)n  Simple_repeat      1     74    (0) 1058  
   18    0.0  0.0  0.0  contig_14_pilon  142871 142890 (209093) + (TG)n       Simple_repeat      1     20    (0) 1059  
   75    0.0  0.0  0.0  contig_14_pilon  142891 142954 (209029) + (TA)n       Simple_repeat      1     64    (0) 1060  
   83    7.4  0.0  0.0  contig_14_pilon  148220 148321 (203662) + (TA)n       Simple_repeat      1    102    (0) 1061  
   16    0.0  7.7  0.0  contig_14_pilon  151517 151542 (200441) + (GGAGG)n    Simple_repeat      1     28    (0) 1062  
   12   12.6  0.0  3.7  contig_14_pilon  153037 153064 (198919) + (AATTT)n    Simple_repeat      1     27    (0) 1063  
   18   10.5  0.0  0.0  contig_14_pilon  153738 153770 (198213) + (TTTTTC)n   Simple_repeat      1     33    (0) 1064  
   15   20.2  2.1  2.1  contig_14_pilon  153964 154010 (197973) + (ATTTAGA)n  Simple_repeat      1     47    (0) 1065  
   17   29.9  0.0  0.0  contig_14_pilon  158187 158243 (193740) + A-rich      Simple_repeat      1     57    (0) 1066  
   16   15.9  0.0  0.0  contig_14_pilon  158335 158362 (193621) + A-rich      Simple_repeat      1     28    (0) 1067  
   14   24.0  0.0  0.0  contig_14_pilon  161653 161691 (190292) + (TTTATC)n   Simple_repeat      1     39    (0) 1068  
   13   29.9  0.0  3.6  contig_14_pilon  170224 170281 (181702) + (GCCATG)n   Simple_repeat      1     56    (0) 1069  
   12   15.8  0.0  3.5  contig_14_pilon  171300 171329 (180654) + (ATAA)n     Simple_repeat      1     29    (0) 1070  
   13   16.1  5.7  0.0  contig_14_pilon  186700 186734 (165249) + (ATTT)n     Simple_repeat      1     37    (0) 1071  
   12   23.7  0.0  2.7  contig_14_pilon  187386 187423 (164560) + (AGTTAA)n   Simple_repeat      1     37    (0) 1072  
  138    0.0  0.0  0.0  contig_14_pilon  187608 187724 (164259) + (TA)n       Simple_repeat      1    117    (0) 1073  
   11   21.9  1.4 10.8  contig_14_pilon  187988 188058 (163925) + (ATTAGTA)n  Simple_repeat      1     65    (0) 1074  
   12   25.3  0.0  2.6  contig_14_pilon  189803 189842 (162141) + (AATAT)n    Simple_repeat      1     39    (0) 1075  
   17    6.0  5.1  5.1  contig_14_pilon  190057 190095 (161888) + (TATAA)n    Simple_repeat      1     39    (0) 1076  
   13    9.3  0.0  0.0  contig_14_pilon  192217 192239 (159744) + (ATAC)n     Simple_repeat      1     23    (0) 1077  
   15   16.5  4.7  2.3  contig_14_pilon  192393 192435 (159548) + (TTTA)n     Simple_repeat      1     44    (0) 1078  
   12   20.7  6.8  3.3  contig_14_pilon  193434 193492 (158491) + A-rich      Simple_repeat      1     61    (0) 1079  
   13   22.7  0.0  0.0  contig_14_pilon  194329 194364 (157619) + (TTTATAA)n  Simple_repeat      1     36    (0) 1080  
   21   11.5  0.0  2.6  contig_14_pilon  197509 197548 (154435) + (TGCTGT)n   Simple_repeat      1     39    (0) 1081  
   11   27.5  2.3  0.0  contig_14_pilon  207710 207753 (144230) + (TTAATGT)n  Simple_repeat      1     45    (0) 1082  
   12   14.9  0.0  6.2  contig_14_pilon  208185 208218 (143765) + A-rich      Simple_repeat      1     32    (0) 1083  
   13   24.4  2.0  2.0  contig_14_pilon  209333 209382 (142601) + (AATACTT)n  Simple_repeat      1     50    (0) 1084  
   12   30.8  1.9  0.0  contig_14_pilon  211492 211543 (140440) + (TATTT)n    Simple_repeat      1     53    (0) 1085  
   41    0.0  0.0  0.0  contig_14_pilon  211661 211695 (140288) + (AT)n       Simple_repeat      1     35    (0) 1086  
   13   20.9  0.0  0.0  contig_14_pilon  222048 222080 (129903) + (AATTT)n    Simple_repeat      1     33    (0) 1087  
   20    6.8  0.0  0.0  contig_14_pilon  224421 224451 (127532) + (AAATAA)n   Simple_repeat      1     31    (0) 1088  
  106    0.0  0.0  0.0  contig_14_pilon  227356 227445 (124538) + (AT)n       Simple_repeat      1     90    (0) 1089  
   12   12.2  3.7  0.0  contig_14_pilon  231140 231166 (120817) + (AATCA)n    Simple_repeat      1     28    (0) 1090  
   17    9.1  0.0  0.0  contig_14_pilon  232022 232045 (119938) + (A)n        Simple_repeat      1     24    (0) 1091  
   12   26.9  4.1  0.0  contig_14_pilon  233197 233245 (118738) + (ATT)n      Simple_repeat      1     51    (0) 1092  
   18   23.5  0.0  0.0  contig_14_pilon  234556 234595 (117388) + (T)n        Simple_repeat      1     40    (0) 1093  
   21   31.6  1.1  1.1  contig_14_pilon  236151 236241 (115742) + (CTTCCCC)n  Simple_repeat      1     91    (0) 1094  
   16   19.6  2.0  4.0  contig_14_pilon  236689 236739 (115244) + (TGTTGG)n   Simple_repeat      1     50    (0) 1095  
   14    9.8 13.6  0.0  contig_14_pilon  237180 237223 (114760) + (CGAAGG)n   Simple_repeat      1     50    (0) 1096  
   16    4.5  0.0  0.0  contig_14_pilon  237688 237710 (114273) + (CGA)n      Simple_repeat      1     23    (0) 1097  
   13   20.8  0.0  0.0  contig_14_pilon  242570 242602 (109381) + (ATCTTC)n   Simple_repeat      1     33    (0) 1098  
   24   18.0  0.0  0.0  contig_14_pilon  243006 243055 (108928) + (CCTCTG)n   Simple_repeat      1     50    (0) 1099  
   13   27.9  0.0  0.0  contig_14_pilon  257019 257061  (94922) + A-rich      Simple_repeat      1     43    (0) 1100  
   18   14.9  0.0  0.0  contig_14_pilon  257501 257530  (94453) + (A)n        Simple_repeat      1     30    (0) 1101  
   38    0.0  0.0  0.0  contig_14_pilon  258597 258631  (93352) + (T)n        Simple_repeat      1     35    (0) 1102  
   18   20.5  0.0  5.7  contig_14_pilon  260188 260243  (91740) + (AATA)n     Simple_repeat      1     53    (0) 1103  
   22   14.0  2.0  2.0  contig_14_pilon  261980 262028  (89955) + (CCATCG)n   Simple_repeat      1     49    (0) 1104  
   14   21.7  4.7  4.7  contig_14_pilon  284533 284596  (67387) + (TATA)n     Simple_repeat      1     64    (0) 1105  
   87    6.9  0.0  0.0  contig_14_pilon  285060 285167  (66816) + (TATATA)n   Simple_repeat      1    108    (0) 1106  
   16   13.2  2.1  6.7  contig_14_pilon  291791 291837  (60146) + A-rich      Simple_repeat      1     45    (0) 1107  
   33   27.0  3.7  3.7  contig_14_pilon  300303 300463  (51520) + (TATAT)n    Simple_repeat      1    161    (0) 1108  
   14   20.9  4.5  0.0  contig_14_pilon  300684 300727  (51256) + (ATGGT)n    Simple_repeat      1     46    (0) 1109  
   18   10.1  0.0  3.0  contig_14_pilon  307317 307355  (44628) + (CTT)n      Simple_repeat      1     37    (0) 1110  
   14   20.6  0.0  0.0  contig_14_pilon  310473 310506  (41477) + (TTATTT)n   Simple_repeat      1     34    (0) 1111  
   13   16.5  8.2  1.9  contig_14_pilon  311470 311518  (40465) + (TATTA)n    Simple_repeat      1     52    (0) 1112  
   13   24.3  0.0  9.5  contig_14_pilon  311598 311666  (40317) + A-rich      Simple_repeat      1     63    (0) 1113  
   12   10.0  0.0  0.0  contig_14_pilon  313937 313958  (38025) + (CATC)n     Simple_repeat      1     22    (0) 1114  
   12   10.7  6.7  0.0  contig_14_pilon  315210 315239  (36744) + (TGGCGA)n   Simple_repeat      1     32    (0) 1115  
   13   24.4  4.2  0.0  contig_14_pilon  329194 329241  (22742) + (CACAGG)n   Simple_repeat      1     50    (0) 1116  
   20   16.6  8.2  0.0  contig_14_pilon  336883 336943  (15040) + (GTGAGCA)n  Simple_repeat      1     66    (0) 1117  
   13   10.1  5.9  2.9  contig_14_pilon  342250 342283   (9700) + (TATTGT)n   Simple_repeat      1     35    (0) 1118  
   18    3.3  6.5  0.0  contig_14_pilon  346807 346837   (5146) + (GATATT)n   Simple_repeat      1     33    (0) 1119  
   26    3.1  3.0  0.0  contig_16_pilon   2269  2301 (52183) + (GTGAGCA)n Simple_repeat      1     34    (0) 1120  
   13   21.9  0.0  7.8  contig_16_pilon   5490  5544 (48940) + (TCTCCT)n  Simple_repeat      1     51    (0) 1121  
   18   15.5  0.0  0.0  contig_16_pilon   9917  9952 (44532) + (GTGAGCA)n Simple_repeat      1     36    (0) 1122  
   20   14.2  0.0  0.0  contig_16_pilon  54410 54448    (36) + (TCACCGC)n Simple_repeat      1     39    (0) 1123  
   20    4.3  0.0  0.0  contig_17_pilon    198   221 (36990) + (A)n       Simple_repeat      1     24    (0) 1124  
   12   26.8  3.6  1.8  contig_17_pilon   4823  4877 (32334) + (TTTTA)n   Simple_repeat      1     56    (0) 1125  
   19    3.5  0.0  6.2  contig_17_pilon   8055  8088 (29123) + (AAAAT)n   Simple_repeat      1     32    (0) 1126  
   37    0.0  0.0  0.0  contig_17_pilon   9578  9611 (27600) + (T)n       Simple_repeat      1     34    (0) 1127  
   31   12.7  3.3  0.0  contig_17_pilon   9695  9754 (27457) + G-rich     Simple_repeat      1     62    (0) 1128  
   19   14.4  0.0  0.0  contig_17_pilon  10056 10086 (27125) + (T)n       Simple_repeat      1     31    (0) 1129  
   27    8.3  3.9  0.0  contig_17_pilon  22679 22729 (14482) + (GTGAGCA)n Simple_repeat      1     53    (0) 1130  
   12    8.4  0.0  7.4  contig_17_pilon  35165 35193  (2018) + (TTGT)n    Simple_repeat      1     27    (0) 1131  
   19   10.9  7.4  3.6  contig_17_pilon  35947 36000  (1211) + (CGCTCAC)n Simple_repeat      1     56    (0) 1132  
   16   33.4  0.0  0.0  contig_2_pilon     3180    3243 (1044810) + G-rich       Simple_repeat      1     64    (0) 1133  
   13   13.4  2.7  5.6  contig_2_pilon     3395    3431 (1044622) + (CGCCG)n     Simple_repeat      1     36    (0) 1134  
   13   29.3  3.5  0.0  contig_2_pilon     3594    3651 (1044402) + (CGCGG)n     Simple_repeat      1     60    (0) 1135  
   14   19.7  7.7  0.0  contig_2_pilon     5382    5433 (1042620) + (AGAGAGC)n   Simple_repeat      1     56    (0) 1136  
   13    4.2  3.7  3.7  contig_2_pilon     6469    6495 (1041558) + (GGTGT)n     Simple_repeat      1     27    (0) 1137  
   22   18.1  4.9  4.9  contig_2_pilon     7806    7887 (1040166) + (GGTGT)n     Simple_repeat      1     82    (0) 1138  
   22   18.1  4.9  4.9  contig_2_pilon    16443   16524 (1031529) + (CCACA)n     Simple_repeat      1     82    (0) 1139  
   13    4.2  3.7  3.7  contig_2_pilon    17830   17856 (1030197) + (CCACA)n     Simple_repeat      1     27    (0) 1140  
   12   31.8  0.0  1.8  contig_2_pilon    20575   20630 (1027423) + (CCCCGCT)n   Simple_repeat      1     55    (0) 1141  
   13   13.4  2.7  5.6  contig_2_pilon    20888   20924 (1027129) + (GCGGC)n     Simple_repeat      1     36    (0) 1142  
   18   23.4  5.6  1.3  contig_2_pilon    21067   21138 (1026915) + (CCCGCG)n    Simple_repeat      1     75    (0) 1143  
   13   21.3  0.0  0.0  contig_2_pilon    26129   26161 (1021892) + A-rich       Simple_repeat      1     33    (0) 1144  
   13   15.3  2.5  5.1  contig_2_pilon    26895   26934 (1021119) + (ATGGTGC)n   Simple_repeat      1     39    (0) 1145  
   11   13.4  5.7  2.8  contig_2_pilon    36822   36856 (1011197) + (CTAATTG)n   Simple_repeat      1     36    (0) 1146  
   21   14.3  7.4  0.0  contig_2_pilon    36877   36930 (1011123) + (GTAA)n      Simple_repeat      1     58    (0) 1147  
   11   11.3  6.9  0.0  contig_2_pilon    37391   37419 (1010634) + (TATAAG)n    Simple_repeat      1     31    (0) 1148  
   15   21.6  2.3  0.0  contig_2_pilon    43986   44028 (1004025) + A-rich       Simple_repeat      1     44    (0) 1149  
  104    0.0  0.0  0.0  contig_2_pilon    44114   44201 (1003852) + (TA)n        Simple_repeat      1     88    (0) 1150  
   12   11.9  0.0  6.9  contig_2_pilon    44315   44345 (1003708) + (TAA)n       Simple_repeat      1     29    (0) 1151  
   13    9.7  2.6  8.1  contig_2_pilon    44800   44838 (1003215) + A-rich       Simple_repeat      1     37    (0) 1152  
   12   19.3  0.0  5.4  contig_2_pilon    45152   45190 (1002863) + (GTACTTT)n   Simple_repeat      1     37    (0) 1153  
   19   17.2  0.0  0.0  contig_2_pilon    45328   45360 (1002693) + A-rich       Simple_repeat      1     33    (0) 1154  
   12   15.6  1.9 10.4  contig_2_pilon    47269   47320 (1000733) + (GTGCGG)n    Simple_repeat      1     48    (0) 1155  
   13   12.0  0.0  3.6  contig_2_pilon    47702   47730 (1000323) + (GAGC)n      Simple_repeat      1     28    (0) 1156  
   15   26.2  3.0  3.0  contig_2_pilon    62463   62529  (985524) + (ATTA)n      Simple_repeat      1     67    (0) 1157  
   14   15.5  2.5  5.1  contig_2_pilon    63698   63737  (984316) + (ACA)n       Simple_repeat      1     39    (0) 1158  
   17    0.0  0.0  0.0  contig_2_pilon    69486   69507  (978546) + (AAAT)n      Simple_repeat      1     22    (0) 1159  
   12    8.8  4.2  0.0  contig_2_pilon    74297   74320  (973733) + (GCA)n       Simple_repeat      1     25    (0) 1160  
   12   18.2  4.3  4.3  contig_2_pilon    76949   76995  (971058) + (TGCAGA)n    Simple_repeat      1     47    (0) 1161  
   85    1.0  2.8  3.7  contig_2_pilon    96525   96632  (951421) + (TAAAAG)n    Simple_repeat      1    107    (0) 1162  
   16   18.9  4.0  2.0  contig_2_pilon   101327  101376  (946677) + (TTCATC)n    Simple_repeat      1     51    (0) 1163  
   12   14.7  3.3  0.0  contig_2_pilon   115414  115443  (932610) + (ATGGAA)n    Simple_repeat      1     31    (0) 1164  
   14   12.7  0.0  8.1  contig_2_pilon   125113  125152  (922901) + (CTCACTG)n   Simple_repeat      1     37    (0) 1165  
   13    8.5  4.0  0.0  contig_2_pilon   147140  147164  (900889) + (TTTCT)n     Simple_repeat      1     26    (0) 1166  
   17   10.0  9.3  0.0  contig_2_pilon   148178  148220  (899833) + (TTACAAG)n   Simple_repeat      1     47    (0) 1167  
   44    0.0  0.0  0.0  contig_2_pilon   151693  151732  (896321) + (AGAAAA)n    Simple_repeat      1     40    (0) 1168  
   20    4.3  0.0  0.0  contig_2_pilon   151748  151771  (896282) + (A)n         Simple_repeat      1     24    (0) 1169  
   11   11.9  4.8  7.3  contig_2_pilon   161320  161361  (886692) + (ATTTTAA)n   Simple_repeat      1     41    (0) 1170  
   12   29.0  3.0  3.0  contig_2_pilon   163827  163892  (884161) + (TAATT)n     Simple_repeat      1     66    (0) 1171  
   25   30.4  3.7  0.0  contig_2_pilon   173864  173971  (874082) + (AATAA)n     Simple_repeat      1    112    (0) 1172  
   12   15.2  4.9  4.9  contig_2_pilon   174250  174290  (873763) + (GGTGA)n     Simple_repeat      1     41    (0) 1173  
   13    8.1  3.9  0.0  contig_2_pilon   174496  174521  (873532) + (AATAG)n     Simple_repeat      1     27    (0) 1174  
   15   15.4  2.8  0.0  contig_2_pilon   174967  175002  (873051) + A-rich       Simple_repeat      1     37    (0) 1175  
   12   15.8  0.0  3.5  contig_2_pilon   175530  175559  (872494) + (TGAAT)n     Simple_repeat      1     29    (0) 1176  
   16   28.0  0.0  4.5  contig_2_pilon   190129  190198  (857855) + (TTATTAT)n   Simple_repeat      1     67    (0) 1177  
   28   10.8  6.7  0.0  contig_2_pilon   191021  191080  (856973) + A-rich       Simple_repeat      1     64    (0) 1178  
   15    8.8  0.0  0.0  contig_2_pilon   195223  195246  (852807) + (TAG)n       Simple_repeat      1     24    (0) 1179  
   13   25.2  0.0  2.3  contig_2_pilon   200432  200475  (847578) + (TTATTT)n    Simple_repeat      1     43    (0) 1180  
   16   21.3  0.0  0.0  contig_2_pilon   206503  206535  (841518) + (T)n         Simple_repeat      1     33    (0) 1181  
   16   16.8  0.0  0.0  contig_2_pilon   206834  206860  (841193) + A-rich       Simple_repeat      1     27    (0) 1182  
   14   13.6  4.5  4.5  contig_2_pilon   217476  217519  (830534) + (TTTTACA)n   Simple_repeat      1     44    (0) 1183  
   17   10.9  5.1  8.8  contig_2_pilon   217683  217741  (830312) + A-rich       Simple_repeat      1     57    (0) 1184 *
   35   18.2  4.6  0.0  contig_2_pilon   217732  217818  (830235) + (ATTATT)n    Simple_repeat      1     91    (0) 1185  
   21   24.5  0.0  3.1  contig_2_pilon   218719  218784  (829269) + A-rich       Simple_repeat      1     64    (0) 1186  
   15   21.5  1.9  3.9  contig_2_pilon   221052  221103  (826950) + A-rich       Simple_repeat      1     51    (0) 1187  
   48    0.0  0.0  0.0  contig_2_pilon   226713  226753  (821300) + (TA)n        Simple_repeat      1     41    (0) 1188  
   29    0.0  0.0  0.0  contig_2_pilon   230126  230152  (817901) + (CAC)n       Simple_repeat      1     27    (0) 1189  
   11   21.6  4.4  2.2  contig_2_pilon   231157  231201  (816852) + G-rich       Simple_repeat      1     46    (0) 1190  
   16    0.0  0.0  0.0  contig_2_pilon   231607  231624  (816429) + (T)n         Simple_repeat      1     18    (0) 1191  
   13   21.9  2.0  4.0  contig_2_pilon   234063  234113  (813940) + (TTTTAGT)n   Simple_repeat      1     50    (0) 1192  
   21   21.4  0.0  0.0  contig_2_pilon   234874  234916  (813137) + (T)n         Simple_repeat      1     43    (0) 1193  
   16    0.0  0.0  0.0  contig_2_pilon   251603  251620  (796433) + (A)n         Simple_repeat      1     18    (0) 1194  
   39    0.0  0.0  0.0  contig_2_pilon   253932  253967  (794086) + (AAC)n       Simple_repeat      1     36    (0) 1195  
   17   25.6  3.3  0.0  contig_2_pilon   254815  254874  (793179) + A-rich       Simple_repeat      1     62    (0) 1196  
   14   14.4  2.4  4.9  contig_2_pilon   257331  257372  (790681) + A-rich       Simple_repeat      1     41    (0) 1197  
   12   13.9  0.0  0.0  contig_2_pilon   279285  279308  (768745) + (TATT)n      Simple_repeat      1     24    (0) 1198  
   15   14.7  5.3  0.0  contig_2_pilon   283255  283292  (764761) + (ATTAT)n     Simple_repeat      1     40    (0) 1199  
   26    0.0  6.2  0.0  contig_2_pilon   283710  283741  (764312) + (ATTTT)n     Simple_repeat      1     34    (0) 1200  
   12   16.1  5.7  0.0  contig_2_pilon   298061  298095  (749958) + (AAGATAA)n   Simple_repeat      1     37    (0) 1201  
   23    5.1  7.3  0.0  contig_2_pilon   299282  299322  (748731) + (GGAACGG)n   Simple_repeat      1     44    (0) 1202  
   12   14.1  3.0  3.0  contig_2_pilon   307457  307489  (740564) + (TTCATT)n    Simple_repeat      1     33    (0) 1203  
   15   14.9  0.0 12.0  contig_2_pilon   307982  308039  (740014) + (ATTTTT)n    Simple_repeat      1     51    (0) 1204  
   14   17.6  0.0  0.0  contig_2_pilon   309929  309960  (738093) + A-rich       Simple_repeat      1     32    (0) 1205  
   15   12.0  2.5  5.1  contig_2_pilon   311750  311789  (736264) + (TTTTGGT)n   Simple_repeat      1     39    (0) 1206  
   12   12.2  3.7  0.0  contig_2_pilon   319818  319844  (728209) + A-rich       Simple_repeat      1     28    (0) 1207  
   12   18.1  0.0  3.1  contig_2_pilon   323838  323870  (724183) + (TAATT)n     Simple_repeat      1     32    (0) 1208  
   16   20.2  2.1  2.1  contig_2_pilon   324906  324952  (723101) + (AGTGC)n     Simple_repeat      1     47    (0) 1209  
   14   28.9  0.0  0.0  contig_2_pilon   334345  334390  (713663) + (GTG)n       Simple_repeat      1     46    (0) 1210  
   15   19.7  0.0  8.0  contig_2_pilon   344579  344632  (703421) + (GAATAG)n    Simple_repeat      1     50    (0) 1211  
   14   13.5  0.0 11.1  contig_2_pilon   344857  344906  (703147) + (AAGAACA)n   Simple_repeat      1     45    (0) 1212  
   17   18.2  0.0  0.0  contig_2_pilon   347905  347935  (700118) + (T)n         Simple_repeat      1     31    (0) 1213  
   12   26.5  1.5  6.3  contig_2_pilon   349086  349156  (698897) + (AATAATA)n   Simple_repeat      1     67    (0) 1214  
   19   19.8  0.0  2.1  contig_2_pilon   350028  350075  (697978) + (TTATTGG)n   Simple_repeat      1     47    (0) 1215  
   15   13.6  0.0  3.0  contig_2_pilon   356082  356115  (691938) + (TATGT)n     Simple_repeat      1     33    (0) 1216  
   13   13.7  2.9  2.9  contig_2_pilon   367004  367037  (681016) + (ACAACC)n    Simple_repeat      1     34    (0) 1217  
   14   18.4  0.0  0.0  contig_2_pilon   367897  367927  (680126) + (ATTC)n      Simple_repeat      1     31    (0) 1218  
   15   13.2  3.0  0.0  contig_2_pilon   377583  377615  (670438) + (TAATTT)n    Simple_repeat      1     34    (0) 1219  
   13   24.8  0.0  0.0  contig_2_pilon   378034  378071  (669982) + A-rich       Simple_repeat      1     38    (0) 1220  
   12   24.7  7.0  0.0  contig_2_pilon   378191  378247  (669806) + A-rich       Simple_repeat      1     61    (0) 1221  
   15   18.2  0.0  2.6  contig_2_pilon   378460  378498  (669555) + (ATTCTAA)n   Simple_repeat      1     38    (0) 1222  
   16    5.5  4.2 11.1  contig_2_pilon   378920  378967  (669086) + (AATA)n      Simple_repeat      1     45    (0) 1223  
   15    0.0  0.0  0.0  contig_2_pilon   383963  383979  (664074) + (GA)n        Simple_repeat      1     17    (0) 1224  
   14   16.2  0.0  5.4  contig_2_pilon   386752  386790  (661263) + (TTAAGGT)n   Simple_repeat      1     37    (0) 1225  
   20   15.9  0.0  0.0  contig_2_pilon   387140  387174  (660879) + (GT)n        Simple_repeat      1     35    (0) 1226  
   22   19.1  3.1  3.1  contig_2_pilon   406853  406917  (641136) + (TTCTCT)n    Simple_repeat      1     65    (0) 1227  
   15   16.5  6.9  3.3  contig_2_pilon   407802  407859  (640194) + (ATTTGAA)n   Simple_repeat      1     60    (0) 1228  
   12   16.3  5.7  0.0  contig_2_pilon   409883  409917  (638136) + (TTTTCC)n    Simple_repeat      1     37    (0) 1229  
   27    0.0  0.0  0.0  contig_2_pilon   410970  410995  (637058) + (GGAG)n      Simple_repeat      1     26    (0) 1230  
   17   21.9  5.2  0.0  contig_2_pilon   411240  411297  (636756) + (CCCTCTC)n   Simple_repeat      1     61    (0) 1231  
   36    0.0  0.0  0.0  contig_2_pilon   411491  411521  (636532) + (GT)n        Simple_repeat      1     31    (0) 1232  
   16   18.9  0.0  0.0  contig_2_pilon   411542  411571  (636482) + (GT)n        Simple_repeat      1     30    (0) 1233  
   14   23.2  0.0  0.0  contig_2_pilon   412049  412099  (635954) + (TTC)n       Simple_repeat      1     51    (0) 1234  
   22   11.9  0.0  0.0  contig_2_pilon   431539  431575  (616478) + (AGAA)n      Simple_repeat      1     37    (0) 1235  
  107    5.4  2.5  1.3  contig_2_pilon   444178  444334  (603719) + (TTTTC)n     Simple_repeat      1    159    (0) 1236  
   16    9.3  0.0  0.0  contig_2_pilon   444376  444398  (603655) + (T)n         Simple_repeat      1     23    (0) 1237  
   20    7.9  0.0  0.0  contig_2_pilon   444798  444824  (603229) + (A)n         Simple_repeat      1     27    (0) 1238  
   20   16.4  0.0  0.0  contig_2_pilon   445471  445504  (602549) + (T)n         Simple_repeat      1     34    (0) 1239  
  134    0.0  0.0  0.0  contig_2_pilon   450397  450510  (597543) + (GA)n        Simple_repeat      1    114    (0) 1240  
   19   25.4  0.0  0.0  contig_2_pilon   450994  451044  (597009) + (TCG)n       Simple_repeat      1     51    (0) 1241  
   17   17.4  0.0  6.2  contig_2_pilon   451228  451278  (596775) + (TCATCC)n    Simple_repeat      1     48    (0) 1242  
   16   30.4  1.5  1.5  contig_2_pilon   454045  454110  (593943) + (CTT)n       Simple_repeat      1     66    (0) 1243  
   32   19.9  0.0  0.0  contig_2_pilon   470846  470919  (577134) + (ATATAT)n    Simple_repeat      1     74    (0) 1244  
   16   21.6  4.2  0.0  contig_2_pilon   474141  474147  (573906) + (TATT)n      Simple_repeat      1     49    (0) 1245  
   18   23.5  0.0  0.0  contig_2_pilon   474148  474187  (573866) + (T)n         Simple_repeat      1     40    (0) 1246  
   13   15.3  1.9 10.2  contig_2_pilon   475760  475812  (572241) + A-rich       Simple_repeat      1     49    (0) 1247  
   16   14.2  0.0  0.0  contig_2_pilon   500245  500275  (547778) + (TGGAGG)n    Simple_repeat      1     31    (0) 1248  
   18    8.2  0.0  3.7  contig_2_pilon   505483  505510  (542543) + (TG)n        Simple_repeat      1     27    (0) 1249  
   11   16.4  5.9  0.0  contig_2_pilon   517115  517148  (530905) + (TGACATA)n   Simple_repeat      1     36    (0) 1250  
   14   14.4  8.7  5.6  contig_2_pilon   522399  522467  (525586) + (GGCTGGA)n   Simple_repeat      1     71    (0) 1251  
   13   16.6  2.2  6.8  contig_2_pilon   523390  523435  (524618) + (GAAGT)n     Simple_repeat      1     44    (0) 1252  
   18   28.8  0.0  2.9  contig_2_pilon   523852  523922  (524131) + A-rich       Simple_repeat      1     69    (0) 1253  
   21   21.4  0.0  7.2  contig_2_pilon   524473  524546  (523507) + A-rich       Simple_repeat      1     69    (0) 1254  
   21   13.0  2.4  0.0  contig_2_pilon   528424  528465  (519588) + (TTTGCA)n    Simple_repeat      1     43    (0) 1255  
   16   25.8  4.5  1.4  contig_2_pilon   537583  537649  (510404) + A-rich       Simple_repeat      1     69    (0) 1256  
   22    6.4  0.0  0.0  contig_2_pilon   544638  544670  (503383) + (TGAGT)n     Simple_repeat      1     33    (0) 1257  
   26    5.6  0.0  2.6  contig_2_pilon   550265  550303  (497750) + (GTCCGAGGG)n Simple_repeat      1     38    (0) 1258  
   12   14.2  3.0  3.0  contig_2_pilon   572660  572692  (475361) + (TCTTT)n     Simple_repeat      1     33    (0) 1259  
   12   20.0  0.0 10.0  contig_2_pilon   588289  588343  (459710) + (ACCAGAA)n   Simple_repeat      1     50    (0) 1260  
   13   27.5  7.1  0.0  contig_2_pilon   592112  592181  (455872) + (TATA)n      Simple_repeat      1     75    (0) 1261  
   19   25.7  1.2  5.1  contig_2_pilon   592545  592625  (455428) + (TTTTAT)n    Simple_repeat      1     78    (0) 1262  
   16   22.0  2.8  5.8  contig_2_pilon   593647  593717  (454336) + A-rich       Simple_repeat      1     69    (0) 1263  
   15   29.2  2.9  1.4  contig_2_pilon   597922  597989  (450064) + (ATT)n       Simple_repeat      1     69    (0) 1264  
   16    0.0  0.0  0.0  contig_2_pilon   605836  605852  (442201) + (A)n         Simple_repeat      1     17    (0) 1265  
   15   32.6  0.0  0.0  contig_2_pilon   606103  606154  (441899) + GA-rich      Simple_repeat      1     52    (0) 1266  
   12   21.3  4.4  2.2  contig_2_pilon   606204  606248  (441805) + (TTAA)n      Simple_repeat      1     46    (0) 1267  
   18   13.7  6.0  1.9  contig_2_pilon   606366  606428  (441625) + (ATATGT)n    Simple_repeat      1     65    (0) 1268  
   15   17.6  0.0  5.0  contig_2_pilon   609023  609064  (438989) + (TTTA)n      Simple_repeat      1     40    (0) 1269  
   20   13.3  0.0  4.7  contig_2_pilon   628719  628763  (419290) + A-rich       Simple_repeat      1     43    (0) 1270  
   13   11.5  5.1 10.7  contig_2_pilon   629416  629474  (418579) + (TTCTT)n     Simple_repeat      1     56    (0) 1271  
   14   25.6  0.0  0.0  contig_2_pilon   651339  651377  (396676) + (TTCTTT)n    Simple_repeat      1     39    (0) 1272  
   16    0.0  0.0  0.0  contig_2_pilon   656285  656301  (391752) + (A)n         Simple_repeat      1     17    (0) 1273  
   22    0.0  0.0  0.0  contig_2_pilon   656813  656836  (391217) + (A)n         Simple_repeat      1     24    (0) 1274  
   12   18.7  6.7  2.1  contig_2_pilon   660693  660737  (387316) + GA-rich      Simple_repeat      1     47    (0) 1275  
   21    8.8  2.8  0.0  contig_2_pilon   662403  662438  (385615) + (AATA)n      Simple_repeat      1     37    (0) 1276  
   13   20.9  0.0  0.0  contig_2_pilon   669673  669705  (378348) + (TCCCGG)n    Simple_repeat      1     33    (0) 1277  
   13   12.7  0.0 10.5  contig_2_pilon   670168  670209  (377844) + (CCCGCCT)n   Simple_repeat      1     38    (0) 1278  
   12   13.1  2.7  5.6  contig_2_pilon   673151  673187  (374866) + (GGCGCGA)n   Simple_repeat      1     36    (0) 1279  
   12   19.1  2.6  2.6  contig_2_pilon   673644  673681  (374372) + G-rich       Simple_repeat      1     38    (0) 1280  
   13   11.1  0.0  6.5  contig_2_pilon   675534  675566  (372487) + G-rich       Simple_repeat      1     31    (0) 1281  
   14   16.2  2.1  6.7  contig_2_pilon   682023  682079  (365974) + (TTTTA)n     Simple_repeat      1     54    (0) 1282  
   12   14.8  0.0  6.2  contig_2_pilon   682352  682385  (365668) + (ATTTAA)n    Simple_repeat      1     32    (0) 1283  
   18    0.0  0.0  3.9  contig_2_pilon   684496  684522  (363531) + (AATA)n      Simple_repeat      1     26    (0) 1284  
   13   14.7  0.0  0.0  contig_2_pilon   684634  684643  (363410) + (AGATAA)n    Simple_repeat      1     11    (0) 1285  
   39    0.0  0.0 15.2  contig_2_pilon   684644  684734  (363319) + A-rich       Simple_repeat      1     79    (0) 1286  
   13   14.7  0.0  0.0  contig_2_pilon   684735  684754  (363299) + (AGATAA)n    Simple_repeat      6     26    (0) 1287  
   34    0.0  0.0  0.0  contig_2_pilon   695365  695396  (352657) + (ATAA)n      Simple_repeat      1     32    (0) 1288  
   12   18.7  0.0 10.6  contig_2_pilon   695512  695563  (352490) + (ATATGT)n    Simple_repeat      1     47    (0) 1289  
   13   18.5  3.5  7.3  contig_2_pilon   698646  698702  (349351) + A-rich       Simple_repeat      1     55    (0) 1290  
   19   15.4  7.7  1.8  contig_2_pilon   706262  706313  (341740) + (AT)n        Simple_repeat      1     55    (0) 1291  
  101    0.0  0.0  0.0  contig_2_pilon   707148  707233  (340820) + (TA)n        Simple_repeat      1     86    (0) 1292  
   44    0.0  0.0  0.0  contig_2_pilon   707664  707701  (340352) + (TA)n        Simple_repeat      1     38    (0) 1293  
   18   20.2  0.0  2.2  contig_2_pilon   712123  712169  (335884) + (TTTTATT)n   Simple_repeat      1     46    (0) 1294  
   15    4.3  0.0  4.0  contig_2_pilon   712498  712523  (335530) + (TACA)n      Simple_repeat      1     25    (0) 1295  
   13   23.9  0.0  2.5  contig_2_pilon   714206  714246  (333807) + (ATA)n       Simple_repeat      1     40    (0) 1296  
   43    9.1  0.0  0.0  contig_2_pilon   715409  715467  (332586) + (AT)n        Simple_repeat      1     59    (0) 1297  
   31   11.7  0.0  0.0  contig_2_pilon   715936  715991  (332062) + (TATG)n      Simple_repeat      1     56    (0) 1298  
   14   18.3  4.4  2.2  contig_2_pilon   716085  716129  (331924) + (TTTAAT)n    Simple_repeat      1     46    (0) 1299  
   13   19.9  2.9  0.0  contig_2_pilon   716802  716836  (331217) + (ATTT)n      Simple_repeat      1     36    (0) 1300  
   16   14.6  1.9  8.0  contig_2_pilon   717249  717301  (330752) + (TAATTT)n    Simple_repeat      1     50    (0) 1301  
   13   26.0  3.2  3.2  contig_2_pilon   717621  717683  (330370) + A-rich       Simple_repeat      1     63    (0) 1302  
   15   10.8  3.3  0.0  contig_2_pilon   717888  717917  (330136) + (TAAT)n      Simple_repeat      1     31    (0) 1303  
   16   14.6  9.1  1.7  contig_2_pilon   718738  718792  (329261) + (TTAATAT)n   Simple_repeat      1     59    (0) 1304  
   32   21.7  1.4  0.0  contig_2_pilon   719800  719869  (328184) + (TA)n        Simple_repeat      1     71    (0) 1305  
   14   29.7  1.7  1.7  contig_2_pilon   719853  719912  (328141) + (ATTTA)n     Simple_repeat      1     60    (0) 1306 *
   12   16.2  0.0  8.1  contig_2_pilon   720777  720816  (327237) + (AATTTAA)n   Simple_repeat      1     37    (0) 1307  
  138    0.0  0.0  0.0  contig_2_pilon   722450  722566  (325487) + (TA)n        Simple_repeat      1    117    (0) 1308  
   19   28.2  0.0  4.0  contig_2_pilon   722650  722727  (325326) + (TATTAA)n    Simple_repeat      1     75    (0) 1309  
   14   26.0  1.7  3.5  contig_2_pilon   727186  727244  (320809) + (TTAATAA)n   Simple_repeat      1     58    (0) 1310  
   13    8.3  0.0  7.1  contig_2_pilon   727384  727413  (320640) + (AATT)n      Simple_repeat      1     28    (0) 1311  
   14    6.5  9.4  0.0  contig_2_pilon   727414  727414  (320639) + (GAATT)n     Simple_repeat      2     35    (0) 1312  
   14   18.9  0.0  2.7  contig_2_pilon   727716  727753  (320300) + A-rich       Simple_repeat      1     37    (0) 1313  
   21   29.7  2.2  3.3  contig_2_pilon   729666  729756  (318297) + (TA)n        Simple_repeat      1     90    (0) 1314  
   12   25.6  0.0  0.0  contig_2_pilon   730306  730342  (317711) + A-rich       Simple_repeat      1     37    (0) 1315  
   12    8.4  0.0  7.4  contig_2_pilon   751938  751966  (296087) + (CACAT)n     Simple_repeat      1     27    (0) 1316  
   12    9.9  2.6  8.3  contig_2_pilon   753383  753420  (294633) + (AATATTT)n   Simple_repeat      1     36    (0) 1317  
   15    9.7  0.0  0.0  contig_2_pilon   754323  754352  (293701) + (TA)n        Simple_repeat      1     30    (0) 1318  
   13   19.4  4.9  0.0  contig_2_pilon   756157  756197  (291856) + A-rich       Simple_repeat      1     43    (0) 1319  
   13   19.9  2.4  2.4  contig_2_pilon   771773  771814  (276239) + (AGCAAG)n    Simple_repeat      1     42    (0) 1320  
   56    0.0  0.0  0.0  contig_2_pilon   773301  773348  (274705) + (AT)n        Simple_repeat      1     48    (0) 1321  
   68    0.0  0.0  0.0  contig_2_pilon   774081  774138  (273915) + (TA)n        Simple_repeat      1     58    (0) 1322  
   20    8.7  5.4  0.0  contig_2_pilon   775185  775221  (272832) + (TTA)n       Simple_repeat      1     39    (0) 1323  
   15   34.0  0.0  0.0  contig_2_pilon   776251  776309  (271744) + GA-rich      Simple_repeat      1     59    (0) 1324  
   15    8.9  0.0  0.0  contig_2_pilon   784588  784611  (263442) + (GCT)n       Simple_repeat      1     24    (0) 1325  
   15   27.9  0.0  6.8  contig_2_pilon   788892  788969  (259084) + A-rich       Simple_repeat      1     73    (0) 1326  
   19   11.5  2.5  2.5  contig_2_pilon   792339  792378  (255675) + (CTTT)n      Simple_repeat      1     40    (0) 1327  
   12   20.0  2.3  4.7  contig_2_pilon   793246  793289  (254764) + (CTTCCT)n    Simple_repeat      1     43    (0) 1328  
   18   15.5  0.0  0.0  contig_2_pilon   794694  794729  (253324) + (GTGAGCA)n   Simple_repeat      1     36    (0) 1329  
   12   19.6  2.9  0.0  contig_2_pilon   802636  802670  (245383) + (ATCCGG)n    Simple_repeat      1     36    (0) 1330  
   15   15.9  2.9  0.0  contig_2_pilon   804966  805000  (243053) + (ATCCGG)n    Simple_repeat      1     36    (0) 1331  
   22    8.4  7.7  1.8  contig_2_pilon   805638  805689  (242364) + (GTGAGCG)n   Simple_repeat      1     55    (0) 1332  
   12    8.4  0.0  7.4  contig_2_pilon   806445  806473  (241580) + A-rich       Simple_repeat      1     27    (0) 1333  
   14   18.9  0.0  2.7  contig_2_pilon   812428  812465  (235588) + (AACCAA)n    Simple_repeat      1     37    (0) 1334  
   13   27.7  1.4  5.8  contig_2_pilon   819021  819092  (228961) + (TAATTT)n    Simple_repeat      1     69    (0) 1335  
   27    8.3  3.9  0.0  contig_2_pilon   819098  819148  (228905) + (TCACTGC)n   Simple_repeat      1     53    (0) 1336  
   20   12.1  0.0  0.0  contig_2_pilon   828088  828123  (219930) + (GTGAGCA)n   Simple_repeat      1     36    (0) 1337  
   12   18.1  3.1  0.0  contig_2_pilon   828909  828940  (219113) + (AATATT)n    Simple_repeat      1     33    (0) 1338  
   15   12.2  0.0  0.0  contig_2_pilon   832767  832793  (215260) + (CTC)n       Simple_repeat      1     27    (0) 1339  
   13   21.4  3.9  3.9  contig_2_pilon   838772  838823  (209230) + (GGCG)n      Simple_repeat      1     52    (0) 1340  
   13   22.6  2.4  0.0  contig_2_pilon   841715  841755  (206298) + A-rich       Simple_repeat      1     42    (0) 1341  
   38    0.0  0.0  0.0  contig_2_pilon   842676  842708  (205345) + (AC)n        Simple_repeat      1     33    (0) 1342  
  102    0.0  0.0  0.0  contig_2_pilon   842712  842798  (205255) + (AT)n        Simple_repeat      1     87    (0) 1343  
   14   23.4  2.1  2.1  contig_2_pilon   866450  866496  (181557) + (AGGT)n      Simple_repeat      1     47    (0) 1344  
   32    0.0  5.4  0.0  contig_2_pilon   873517  873553  (174500) + (TTTA)n      Simple_repeat      1     39    (0) 1345  
   13   18.4  7.0  0.0  contig_2_pilon   878183  878225  (169828) + (CATTTC)n    Simple_repeat      1     46    (0) 1346  
   22   18.2  0.0  6.7  contig_2_pilon   878610  878705  (169348) + (TTATTG)n    Simple_repeat      1     89    (0) 1347  
   21   12.4  2.2  2.2  contig_2_pilon   889201  889246  (158807) + (AATACTA)n   Simple_repeat      1     46    (0) 1348  
   12   21.0  0.0  5.0  contig_2_pilon   891096  891137  (156916) + (GGCGAG)n    Simple_repeat      1     40    (0) 1349  
   14    5.0  0.0  0.0  contig_2_pilon   899248  899268  (148785) + (CAC)n       Simple_repeat      1     21    (0) 1350  
   16   12.5  0.0  5.4  contig_2_pilon   904021  904059  (143994) + (TTAACAT)n   Simple_repeat      1     37    (0) 1351  
   13   19.2  2.8  0.0  contig_2_pilon   906094  906129  (141924) + (AAGATAA)n   Simple_repeat      1     37    (0) 1352  
   11   19.9  5.3  5.3  contig_2_pilon   907332  907388  (140665) + (GATTAT)n    Simple_repeat      1     57    (0) 1353  
   13    4.1  8.0  0.0  contig_2_pilon   913154  913178  (134875) + (GCC)n       Simple_repeat      1     27    (0) 1354  
   16   21.4  4.8  3.1  contig_2_pilon   913192  913254  (134799) + (GAGCAG)n    Simple_repeat      1     64    (0) 1355  
   16    5.2  0.0  0.0  contig_2_pilon   916999  917018  (131035) + (GT)n        Simple_repeat      1     20    (0) 1356  
   33   31.8  0.0  0.0  contig_2_pilon   917330  917441  (130612) + (TTTT)n      Simple_repeat      1    112    (0) 1357  
   19   19.1  8.6  4.6  contig_2_pilon   917443  917547  (130506) + (TCCGCAG)n   Simple_repeat      1    109    (0) 1358  
   34   21.4  0.0  0.0  contig_2_pilon   917647  917727  (130326) + (T)n         Simple_repeat      1     81    (0) 1359  
   13   22.0  2.3  2.3  contig_2_pilon   917842  917885  (130168) + (TTGTT)n     Simple_repeat      1     44    (0) 1360  
   33   13.2  0.0  0.0  contig_2_pilon   927839  927896  (120157) + (GAGCGGG)n   Simple_repeat      1     58    (0) 1361  
   27   16.2  0.0  1.8  contig_2_pilon   941455  941511  (106542) + (CCCGCTC)n   Simple_repeat      1     56    (0) 1362  
   32    2.7  2.6  0.0  contig_2_pilon   945626  945663  (102390) + (GTGAGCA)n   Simple_repeat      1     39    (0) 1363  
   14   12.7  0.0  0.0  contig_2_pilon   949244  949269   (98784) + (GAG)n       Simple_repeat      1     26    (0) 1364  
   18   25.5  0.0  0.0  contig_2_pilon   950614  950664   (97389) + (TTCATC)n    Simple_repeat      1     51    (0) 1365  
   12   20.2  2.3  4.7  contig_2_pilon   956069  956112   (91941) + (TTGGTG)n    Simple_repeat      1     43    (0) 1366  
   20   12.1  0.0  0.0  contig_2_pilon   987919  987954   (60099) + (CTGCTCA)n   Simple_repeat      1     36    (0) 1367  
   16    4.5  0.0  0.0  contig_2_pilon  1012824 1012846   (35207) + (TCC)n       Simple_repeat      1     23    (0) 1368  
   17   10.0  0.0  5.9  contig_2_pilon  1026217 1026252   (21801) + (AACA)n      Simple_repeat      1     34    (0) 1369  
   17   10.0  0.0  5.9  contig_2_pilon  1035691 1035726   (12327) + (AACA)n      Simple_repeat      1     34    (0) 1370  
   11   20.1  2.9  0.0  contig_2_pilon  1038301 1038334    (9719) + (ATCCGA)n    Simple_repeat      1     35    (0) 1371  
   12   17.6  3.1  0.0  contig_2_pilon  1040255 1040286    (7767) + (CCGT)n      Simple_repeat      1     33    (0) 1372  
   20   12.7  4.7  0.0  contig_23_pilon   1091  1136 (11971) + (TTATT)n   Simple_repeat      1     48    (0) 1373  
   13   15.9  5.7  0.0  contig_23_pilon   1639  1673 (11434) + (ATTTA)n   Simple_repeat      1     37    (0) 1374  
   12   16.6  2.8  2.8  contig_23_pilon   2153  2188 (10919) + (TTCTATT)n Simple_repeat      1     36    (0) 1375  
   13   17.2  4.9  2.4  contig_23_pilon   2795  2835 (10272) + A-rich     Simple_repeat      1     42    (0) 1376  
   13   20.9  4.5  0.0  contig_23_pilon   5784  5827  (7280) + (TTTATCA)n Simple_repeat      1     46    (0) 1377  
   13    6.3  8.1  5.3  contig_23_pilon   6175  6211  (6896) + (TTA)n     Simple_repeat      1     38    (0) 1378  
   15   23.6  2.2  0.0  contig_23_pilon   7481  7525  (5582) + A-rich     Simple_repeat      1     46    (0) 1379  
   13   11.7  3.6  0.0  contig_25_pilon   9159  9186 (26273) + (AACT)n    Simple_repeat      1     29    (0) 1380  
   13   11.7  3.6  0.0  contig_25_pilon  11500 11527 (23932) + (TAGT)n    Simple_repeat      1     29    (0) 1381  
   12   23.6  0.0  0.0  contig_25_pilon  27427 27461  (7998) + (CCATCG)n  Simple_repeat      1     35    (0) 1382  
   14   16.4  5.8  3.8  contig_25_pilon  28639 28690  (6769) + (CGCGCAG)n Simple_repeat      1     53    (0) 1383  
   15   11.7  0.0  0.0  contig_26_pilon     6265    6292 (1721158) + (AAAAC)n      Simple_repeat      1     28    (0) 1384  
   18    9.4  0.0  5.6  contig_26_pilon    11528   11565 (1715885) + (ATTG)n       Simple_repeat      1     36    (0) 1385  
   12   15.8  0.0  3.5  contig_26_pilon    14649   14678 (1712772) + (CTTT)n       Simple_repeat      1     29    (0) 1386  
   13   17.7  5.3  0.0  contig_26_pilon    20127   20164 (1707286) + (CAAGATT)n    Simple_repeat      1     40    (0) 1387  
   20    9.1  5.7  0.0  contig_26_pilon    23965   23999 (1703451) + (AC)n         Simple_repeat      1     37    (0) 1388  
   15   15.9  2.9  0.0  contig_26_pilon    30170   30204 (1697246) + (ATCCGG)n     Simple_repeat      1     36    (0) 1389  
   14   15.5  0.0  0.0  contig_26_pilon    31196   31224 (1696226) + (CGGAT)n      Simple_repeat      1     29    (0) 1390  
   14   20.2  0.0  0.0  contig_26_pilon    57834   57867 (1669583) + (CCATCG)n     Simple_repeat      1     34    (0) 1391  
  129   27.5  0.3  1.9  contig_26_pilon    69356   69738 (1657712) + (TGTT)n       Simple_repeat      1    377    (0) 1392  
   16   23.3  0.0  0.0  contig_26_pilon    69793   69827 (1657623) + (T)n          Simple_repeat      1     35    (0) 1393  
   11   16.5  5.9  0.0  contig_26_pilon    80752   80785 (1646665) + (CACAAC)n     Simple_repeat      1     36    (0) 1394  
   12   23.6  0.0  0.0  contig_26_pilon    81184   81218 (1646232) + G-rich        Simple_repeat      1     35    (0) 1395  
   12   25.3  0.0  2.6  contig_26_pilon    84413   84452 (1642998) + (ACA)n        Simple_repeat      1     39    (0) 1396  
   18   16.8  5.5  1.8  contig_26_pilon    85702   85756 (1641694) + (CAACTA)n     Simple_repeat      1     57    (0) 1397  
   11   16.5  5.9  0.0  contig_26_pilon    89124   89157 (1638293) + (GTTGTG)n     Simple_repeat      1     36    (0) 1398  
   11   16.5  5.9  0.0  contig_26_pilon   108482  108515 (1618935) + (CACAAC)n     Simple_repeat      1     36    (0) 1399  
   12   23.6  0.0  0.0  contig_26_pilon   108916  108950 (1618500) + G-rich        Simple_repeat      1     35    (0) 1400  
   18   16.8  5.5  1.8  contig_26_pilon   111897  111951 (1615499) + (TTGTAG)n     Simple_repeat      1     57    (0) 1401  
   13   21.2  0.0  6.5  contig_26_pilon   113292  113340 (1614110) + (ATTGT)n      Simple_repeat      1     46    (0) 1402  
   22   23.6  4.9  1.2  contig_26_pilon   115342  115353 (1612097) + (TTTA)n       Simple_repeat      1     25   (59) 1403  
   15   16.7  5.9  0.0  contig_26_pilon   115354  115398 (1612052) + (TA)n         Simple_repeat      1     47    (0) 1404  
   22   23.6  4.9  1.2  contig_26_pilon   115399  115422 (1612028) + (TTTA)n       Simple_repeat     26     84    (0) 1403  
   23   12.6  0.0  0.0  contig_26_pilon   115497  115531 (1611919) + (T)n          Simple_repeat      1     35    (0) 1405  
   12   18.1  0.0  3.1  contig_26_pilon   128983  129015 (1598435) + A-rich        Simple_repeat      1     32    (0) 1406  
   20   13.7  0.0  0.0  contig_26_pilon   131115  131146 (1596304) + (TA)n         Simple_repeat      1     32    (0) 1407  
   13   20.0  0.0  2.9  contig_26_pilon   133317  133352 (1594098) + (TTTAT)n      Simple_repeat      1     35    (0) 1408  
   14   12.6  5.4  2.6  contig_26_pilon   141357  141393 (1586057) + GA-rich       Simple_repeat      1     38    (0) 1409  
   12   26.3  0.0  0.0  contig_26_pilon   141519  141555 (1585895) + (CTGCAT)n     Simple_repeat      1     37    (0) 1410  
   20    8.3  2.5  2.5  contig_26_pilon   152233  152272 (1575178) + (GAAGATT)n    Simple_repeat      1     40    (0) 1411  
   13   11.7  3.6  0.0  contig_26_pilon   162060  162087 (1565363) + (AACT)n       Simple_repeat      1     29    (0) 1412  
   13   11.7  3.6  0.0  contig_26_pilon   164377  164404 (1563046) + (TAGT)n       Simple_repeat      1     29    (0) 1413  
   17   22.0  6.3  0.0  contig_26_pilon   173146  173208 (1554242) + (TTGAATT)n    Simple_repeat      1     67    (0) 1414  
   15   16.7  1.4  1.5  contig_26_pilon   173251  173288 (1554162) + A-rich        Simple_repeat      1     37    (0) 1415  
   21   28.8  2.7  0.0  contig_26_pilon   173711  173785 (1553665) + G-rich        Simple_repeat      1     77    (0) 1416  
   12   16.8 10.6  0.0  contig_26_pilon   176635  176681 (1550769) + GA-rich       Simple_repeat      1     52    (0) 1417  
   13   21.8  6.2  0.0  contig_26_pilon   181904  181951 (1545499) + (CCATGG)n     Simple_repeat      1     51    (0) 1418  
   13   24.8  3.7  1.8  contig_26_pilon   203673  203726 (1523724) + A-rich        Simple_repeat      1     55    (0) 1419  
   13   21.8  3.4  5.2  contig_26_pilon   215117  215175 (1512275) + (TTTTAA)n     Simple_repeat      1     58    (0) 1420  
   15   22.6  3.8  1.9  contig_26_pilon   225886  225938 (1501512) + A-rich        Simple_repeat      1     54    (0) 1421  
   14   17.6  0.0  7.3  contig_26_pilon   227216  227259 (1500191) + (CAA)n        Simple_repeat      1     41    (0) 1422  
   26    0.0  0.0  0.0  contig_26_pilon   236153  236177 (1491273) + (ATAAAA)n     Simple_repeat      1     25    (0) 1423  
   11   12.6 11.1  2.0  contig_26_pilon   238298  238342 (1489108) + (GCGCAT)n     Simple_repeat      1     49    (0) 1424  
   22   10.1  0.0  0.0  contig_26_pilon   238853  238884 (1488566) + (CT)n         Simple_repeat      1     32    (0) 1425  
   16    0.0  0.0  0.0  contig_26_pilon   238884  238901 (1488549) + (TG)n         Simple_repeat      1     18    (0) 1426 *
   21   13.4  2.4  0.0  contig_26_pilon   241659  241699 (1485751) + (CAG)n        Simple_repeat      1     42    (0) 1427  
   13   22.6  2.4  0.0  contig_26_pilon   244120  244160 (1483290) + (CCAACTC)n    Simple_repeat      1     42    (0) 1428  
   14    8.5  0.0  3.9  contig_26_pilon   248147  248173 (1479277) + (GTT)n        Simple_repeat      1     26    (0) 1429  
   14   11.2  3.5  0.0  contig_26_pilon   261065  261093 (1466357) + (AGAA)n       Simple_repeat      1     30    (0) 1430  
   11   20.1  8.2  3.1  contig_26_pilon   264273  264333 (1463117) + A-rich        Simple_repeat      1     64    (0) 1431  
   12   25.9  0.0  2.4  contig_26_pilon   265243  265285 (1462165) + A-rich        Simple_repeat      1     42    (0) 1432  
   14   24.5  3.6  1.8  contig_26_pilon   266372  266427 (1461023) + (GGTTTAG)n    Simple_repeat      1     57    (0) 1433  
   17   17.3  2.6  0.0  contig_26_pilon   284776  284814 (1442636) + (GTTG)n       Simple_repeat      1     40    (0) 1434  
   29    3.2  0.0  0.0  contig_26_pilon   284997  285028 (1442422) + (CAC)n        Simple_repeat      1     32    (0) 1435  
   20    3.9  0.0  0.0  contig_26_pilon   285050  285076 (1442374) + (CCA)n        Simple_repeat      1     27    (0) 1436  
   15   19.6  0.0  0.0  contig_26_pilon   287157  287185 (1440265) + A-rich        Simple_repeat      1     29    (0) 1437  
   15   15.1  2.6  2.6  contig_26_pilon   295070  295108 (1432342) + (TTGTA)n      Simple_repeat      1     39    (0) 1438  
   18    4.7  0.0  0.0  contig_26_pilon   296434  296455 (1430995) + (A)n          Simple_repeat      1     22    (0) 1439  
   44    0.0  0.0  0.0  contig_26_pilon   296456  296493 (1430957) + (AT)n         Simple_repeat      1     38    (0) 1440  
   51    0.0  0.0  0.0  contig_26_pilon   298259  298304 (1429146) + (GAG)n        Simple_repeat      1     46    (0) 1441  
   15   18.3  0.0  2.6  contig_26_pilon   303511  303549 (1423901) + (ATGCACG)n    Simple_repeat      1     38    (0) 1442  
   17   17.5  4.4  0.0  contig_26_pilon   313782  313826 (1413624) + (AATTT)n      Simple_repeat      1     47    (0) 1443  
   13   12.2  8.3  0.0  contig_26_pilon   315132  315167 (1412283) + A-rich        Simple_repeat      1     39    (0) 1444  
   19   22.5  1.6  3.3  contig_26_pilon   317432  317492 (1409958) + (AATAT)n      Simple_repeat      1     60    (0) 1445  
   40    5.1  1.5  4.6  contig_26_pilon   322249  322315 (1405135) + (AGCGGG)n     Simple_repeat      1     65    (0) 1446  
   14   17.0  5.0  0.0  contig_26_pilon   324535  324574 (1402876) + A-rich        Simple_repeat      1     42    (0) 1447  
   15   16.3  0.0  2.9  contig_26_pilon   327636  327671 (1399779) + (CACTC)n      Simple_repeat      1     35    (0) 1448  
   14   13.2  2.9  2.9  contig_26_pilon   334989  335023 (1392427) + (AATA)n       Simple_repeat      1     35    (0) 1449  
   23   17.2  8.3  0.0  contig_26_pilon   335160  335231 (1392219) + G-rich        Simple_repeat      1     78    (0) 1450  
   12   21.7  7.3  1.7  contig_26_pilon   335251  335305 (1392145) + (ATTA)n       Simple_repeat      1     58    (0) 1451  
   40   27.9  2.9  0.0  contig_26_pilon   336116  336253 (1391197) + (ACCCTAA)n    Simple_repeat      1    142    (0) 1452  
   13   10.8  2.9  6.1  contig_26_pilon   341275  341308 (1386142) + (TAA)n        Simple_repeat      1     33    (0) 1453  
   13   14.1  7.7  0.0  contig_26_pilon   358264  358302 (1369148) + (AGAGGCC)n    Simple_repeat      1     42    (0) 1454  
   61    1.7  0.0  0.0  contig_26_pilon   364386  364444 (1363006) + (TGTA)n       Simple_repeat      1     59    (0) 1455  
   18   20.9  3.0  4.6  contig_26_pilon   364801  364866 (1362584) + (TTCAT)n      Simple_repeat      1     65    (0) 1456  
   12   20.2  2.9  0.0  contig_26_pilon   365156  365189 (1362261) + (CTTT)n       Simple_repeat      1     35    (0) 1457  
   19   16.1  0.0  2.3  contig_26_pilon   365737  365780 (1361670) + A-rich        Simple_repeat      1     43    (0) 1458  
   27    0.0  0.0  0.0  contig_26_pilon   368179  368207 (1359243) + (A)n          Simple_repeat      1     29    (0) 1459  
   14   14.9  5.4  0.0  contig_26_pilon   378618  378654 (1348796) + (ATTGC)n      Simple_repeat      1     39    (0) 1460  
   16   14.2  0.0  0.0  contig_26_pilon   379813  379843 (1347607) + (TGGTGC)n     Simple_repeat      1     31    (0) 1461  
   15   12.1  2.5  5.1  contig_26_pilon   388497  388536 (1338914) + (ATTGACA)n    Simple_repeat      1     39    (0) 1462  
   18    8.9  0.0  7.7  contig_26_pilon   390375  390416 (1337034) + A-rich        Simple_repeat      1     39    (0) 1463  
   16   22.7  5.7  0.0  contig_26_pilon   391267  391319 (1336131) + (TTCT)n       Simple_repeat      1     56    (0) 1464  
   13   23.2  2.1  2.1  contig_26_pilon   393924  393970 (1333480) + (AATTTTT)n    Simple_repeat      1     47    (0) 1465  
   13   29.2  1.8  1.8  contig_26_pilon   397037  397092 (1330358) + (ATAGA)n      Simple_repeat      1     56    (0) 1466  
   12   20.1  5.3  5.3  contig_26_pilon   398252  398267 (1329183) + (TTATA)n      Simple_repeat      1     33   (24) 1467  
   16    7.0  3.1  3.1  contig_26_pilon   398268  398299 (1329151) + (ATATAA)n     Simple_repeat      1     32    (0) 1468  
   12   20.1  5.3  5.3  contig_26_pilon   398300  398308 (1329142) + (TTATA)n      Simple_repeat     34     57    (0) 1467  
   42    8.2  0.0  2.9  contig_26_pilon   399121  399190 (1328260) + (ATATAC)n     Simple_repeat      1     68    (0) 1469  
   22   22.7  0.0  0.0  contig_26_pilon   399789  399835 (1327615) + (T)n          Simple_repeat      1     47    (0) 1470  
   27   13.3  0.0  0.0  contig_26_pilon   400306  400347 (1327103) + (T)n          Simple_repeat      1     42    (0) 1471  
   13   20.6  2.4  2.4  contig_26_pilon   410928  410968 (1316482) + (CAA)n        Simple_repeat      1     41    (0) 1472  
   69    5.2  0.0  0.0  contig_26_pilon   411540  411619 (1315831) + (TCCAACAA)n   Simple_repeat      1     80    (0) 1473  
   14   11.7  0.0  3.5  contig_26_pilon   411676  411705 (1315745) + (CTTC)n       Simple_repeat      1     29    (0) 1474  
   14   24.8  0.0  4.1  contig_26_pilon   412295  412300 (1315150) + (GTGTGG)n     Simple_repeat      1     11   (38) 1475  
   19    7.3  0.0  0.0  contig_26_pilon   412301  412329 (1315121) + (GAGT)n       Simple_repeat      1     29    (0) 1476  
   14   24.8  0.0  4.1  contig_26_pilon   412330  412345 (1315105) + (GTGTGG)n     Simple_repeat     12     49    (0) 1475  
   15   14.9  0.0  0.0  contig_26_pilon   416584  416613 (1310837) + (TTTC)n       Simple_repeat      1     30    (0) 1477  
   15   13.9  0.0  0.0  contig_26_pilon   426772  426795 (1300655) + (A)n          Simple_repeat      1     24    (0) 1478  
   18    0.0  0.0  3.9  contig_26_pilon   430035  430061 (1297389) + (GCGA)n       Simple_repeat      1     26    (0) 1479  
   25   18.2  7.9  1.2  contig_26_pilon   430833  430908 (1296542) + GA-rich       Simple_repeat      1     81    (0) 1480  
   12    9.7  0.0  0.0  contig_26_pilon   431957  431978 (1295472) + (ACAA)n       Simple_repeat      1     22    (0) 1481  
   13   15.8  2.7  2.7  contig_26_pilon   432295  432331 (1295119) + (TTGTGTT)n    Simple_repeat      1     37    (0) 1482  
   15   18.8  2.3  2.3  contig_26_pilon   444343  444386 (1283064) + (GTGAG)n      Simple_repeat      1     44    (0) 1483  
   12   13.8  5.3  9.1  contig_26_pilon   450756  450812 (1276638) + (AATTTGA)n    Simple_repeat      1     55    (0) 1484  
   16   24.1  0.0  5.4  contig_26_pilon   482447  482505 (1244945) + (CTTTT)n      Simple_repeat      1     56    (0) 1485  
   12   17.6  5.0  2.4  contig_26_pilon   485634  485673 (1241777) + (AACAA)n      Simple_repeat      1     41    (0) 1486  
   18   15.7  4.7  0.0  contig_26_pilon   485982  486059 (1241391) + (TTATT)n      Simple_repeat      1     81    (0) 1487  
   15   12.4  5.7  0.0  contig_26_pilon   486531  486565 (1240885) + (ATTTA)n      Simple_repeat      1     37    (0) 1488  
   14   15.7  2.0  8.5  contig_26_pilon   486566  486579 (1240871) + (TAAT)n       Simple_repeat      2     47    (0) 1489  
   11   21.4  4.4  2.2  contig_26_pilon   487039  487083 (1240367) + (CATTTTA)n    Simple_repeat      1     46    (0) 1490  
   15   20.8  2.2  2.2  contig_26_pilon   489062  489107 (1238343) + (TTGTT)n      Simple_repeat      1     46    (0) 1491  
   19    6.8  3.2  0.0  contig_26_pilon   490802  490832 (1236618) + (TTA)n        Simple_repeat      1     32    (0) 1492  
   12   13.7  0.0  0.0  contig_26_pilon   492339  492362 (1235088) + (AAAT)n       Simple_repeat      1     24    (0) 1493  
   18   12.8  0.0  0.0  contig_26_pilon   511855  511888 (1215562) + (CATAGC)n     Simple_repeat      1     34    (0) 1494  
   12   13.1  2.7  5.6  contig_26_pilon   518740  518776 (1208674) + (TTGTAA)n     Simple_repeat      1     36    (0) 1495  
   17   19.9  2.4  2.4  contig_26_pilon   525496  525537 (1201913) + (TA)n         Simple_repeat      1     42    (0) 1496  
   13   13.3  2.0 10.6  contig_26_pilon   525789  525839 (1201611) + (CATCATC)n    Simple_repeat      1     47    (0) 1497  
   12   21.2  6.2  2.0  contig_26_pilon   534195  534242 (1193208) + (ATATC)n      Simple_repeat      1     50    (0) 1498  
   15   17.7  6.3  4.7  contig_26_pilon   540335  540397 (1187053) + GA-rich       Simple_repeat      1     64    (0) 1499  
   16   20.6  3.9  1.9  contig_26_pilon   566876  566927 (1160523) + (AATTAA)n     Simple_repeat      1     53    (0) 1500  
   13   13.2  6.1  0.0  contig_26_pilon   568048  568080 (1159370) + (TTTTA)n      Simple_repeat      1     35    (0) 1501  
   16    8.1  0.0  0.0  contig_26_pilon   570684  570709 (1156741) + (TAAAA)n      Simple_repeat      1     26    (0) 1502  
   52    5.1  0.0  0.0  contig_26_pilon   571014  571074 (1156376) + (TGTATGTGTG)n Simple_repeat      1     61    (0) 1503  
   12   18.5 10.9  0.0  contig_26_pilon   574580  574634 (1152816) + (TATTGGA)n    Simple_repeat      1     61    (0) 1504  
   11   14.4  7.5  2.4  contig_26_pilon   587422  587461 (1139989) + (TAATTA)n     Simple_repeat      1     42    (0) 1505  
   21   10.8  0.0  0.0  contig_26_pilon   589700  589776 (1137674) + (T)n          Simple_repeat      1     77    (0) 1506  
   16    9.3  0.0  0.0  contig_26_pilon   591992  592014 (1135436) + (A)n          Simple_repeat      1     23    (0) 1507  
   27   27.9  1.0  3.1  contig_26_pilon   599552  599651 (1127799) + (GCC)n        Simple_repeat      1     98    (0) 1508  
   15    8.0  0.0  3.6  contig_26_pilon   608640  608668 (1118782) + (TTCTT)n      Simple_repeat      1     28    (0) 1509  
   13   17.3  5.1  0.0  contig_26_pilon   610856  610894 (1116556) + (TATATTA)n    Simple_repeat      1     41    (0) 1510  
   14   10.4  6.5  0.0  contig_26_pilon   620568  620598 (1106852) + (ACGA)n       Simple_repeat      1     33    (0) 1511  
   12   14.0 12.8  0.0  contig_26_pilon   625323  625369 (1102081) + (AATCTTG)n    Simple_repeat      1     53    (0) 1512  
   12   30.3  1.7  1.7  contig_26_pilon   626548  626605 (1100845) + A-rich        Simple_repeat      1     58    (0) 1513  
   13    8.4  0.0  7.4  contig_26_pilon   628329  628357 (1099093) + (ATA)n        Simple_repeat      1     27    (0) 1514  
   15    4.8 16.3  0.0  contig_26_pilon   629028  629070 (1098380) + (ATGTAC)n     Simple_repeat      1     50    (0) 1515  
   39    4.5  0.0  0.0  contig_26_pilon   644737  644782 (1082668) + (AAAGCACCGA)n Simple_repeat      1     46    (0) 1516  
   18   23.3  0.0  0.0  contig_26_pilon   647198  647237 (1080213) + A-rich        Simple_repeat      1     40    (0) 1517  
   15    9.1  0.0  0.0  contig_26_pilon   660847  660870 (1066580) + (TGG)n        Simple_repeat      1     24    (0) 1518  
   31    7.5  0.0  2.3  contig_26_pilon   662693  662737 (1064713) + (AT)n         Simple_repeat      1     44    (0) 1519  
   15   18.2  2.1  4.3  contig_26_pilon   671108  671154 (1056296) + A-rich        Simple_repeat      1     46    (0) 1520  
   12   19.7  6.2  2.0  contig_26_pilon   672261  672308 (1055142) + (TAATCA)n     Simple_repeat      1     50    (0) 1521  
   13   19.1  5.1  5.1  contig_26_pilon   674492  674550 (1052900) + (AATATTG)n    Simple_repeat      1     59    (0) 1522  
   16   17.2  8.1  5.6  contig_26_pilon   675499  675526 (1051924) + (CCGAGCG)n    Simple_repeat      1     47   (42) 1523  
   13   12.9  5.6  2.7  contig_26_pilon   675527  675562 (1051888) + (GAC)n        Simple_repeat      1     37    (0) 1524  
   16   17.2  8.1  5.6  contig_26_pilon   675563  675585 (1051865) + (CCGAGCG)n    Simple_repeat     48     89    (0) 1523  
   15    9.6  0.0 10.5  contig_26_pilon   676646  676687 (1050763) + A-rich        Simple_repeat      1     38    (0) 1525  
   13   15.7  5.3  7.1  contig_26_pilon   676724  676780 (1050670) + (CATTGCTT)n   Simple_repeat      1     56    (0) 1526  
   17   10.1  3.1  0.0  contig_26_pilon   678080  678111 (1049339) + (CCATCG)n     Simple_repeat      1     33    (0) 1527  
   32    0.0  0.0  0.0  contig_26_pilon   682890  682919 (1044531) + (CATT)n       Simple_repeat      1     30    (0) 1528  
  182    0.0  0.0  0.0  contig_26_pilon   683290  683443 (1044007) + (TC)n         Simple_repeat      1    154    (0) 1529  
   38   11.8  0.0  0.0  contig_26_pilon   685007  685070 (1042380) + (AT)n         Simple_repeat      1     64    (0) 1530  
   18   11.1  5.1  0.0  contig_26_pilon   690552  690598 (1036852) + (GGATTTA)n    Simple_repeat      1     49    (0) 1531  
   18   24.9  1.9  1.9  contig_26_pilon   691411  691464 (1035986) + (AT)n         Simple_repeat      1     54    (0) 1532  
   12   23.1  0.0  4.8  contig_26_pilon   692960  693003 (1034447) + A-rich        Simple_repeat      1     42    (0) 1533  
   13   20.9  0.0  0.0  contig_26_pilon   694218  694250 (1033200) + (TATA)n       Simple_repeat      1     33    (0) 1534  
   11   19.7  0.0  9.1  contig_26_pilon   701737  701784 (1025666) + (TTAATTT)n    Simple_repeat      1     44    (0) 1535  
   14    7.8  0.0  3.5  contig_26_pilon   701903  701927 (1025523) + (TTTTA)n      Simple_repeat      1     25    (0) 1536  
   28    0.0  0.0  0.0  contig_26_pilon   701928  701954 (1025496) + (TAAAA)n      Simple_repeat      1     27    (0) 1537  
   14   18.9  2.8  0.0  contig_26_pilon   708929  708964 (1018486) + (GTTT)n       Simple_repeat      1     37    (0) 1538  
   19    4.3  0.0  0.0  contig_26_pilon   716315  716338 (1011112) + (GT)n         Simple_repeat      1     24    (0) 1539  
   16   20.9  2.6  8.2  contig_26_pilon   716562  716638 (1010812) + G-rich        Simple_repeat      1     73    (0) 1540  
   20   27.9  0.0  4.0  contig_26_pilon   716691  716769 (1010681) + (GGTTTTT)n    Simple_repeat      1     76    (0) 1541  
   12    9.3  0.0  4.2  contig_26_pilon   720250  720274 (1007176) + (ATC)n        Simple_repeat      1     24    (0) 1542  
   36    4.9  0.0  0.0  contig_26_pilon   734995  735037  (992413) + (ATATTCAAGC)n Simple_repeat      1     43    (0) 1543  
   36   12.2  3.2  0.0  contig_26_pilon   763267  763328  (964122) + (CA)n         Simple_repeat      1     64    (0) 1544  
   17   11.3  5.0  2.4  contig_26_pilon   766103  766142  (961308) + (ATAA)n       Simple_repeat      1     41    (0) 1545  
   15   13.9  0.0  0.0  contig_26_pilon   768463  768486  (958964) + (C)n          Simple_repeat      1     24    (0) 1546  
   11   24.0  2.6  0.0  contig_26_pilon   771800  771838  (955612) + (TAAGTCA)n    Simple_repeat      1     40    (0) 1547  
   18    4.7  0.0  0.0  contig_26_pilon   772937  772958  (954492) + (AG)n         Simple_repeat      1     22    (0) 1548  
   13   16.9  0.0  0.0  contig_26_pilon   775979  776005  (951445) + (CAT)n        Simple_repeat      1     27    (0) 1549  
   14   18.1  6.8  0.0  contig_26_pilon   785904  785947  (941503) + (TCTTTC)n     Simple_repeat      1     47    (0) 1550  
   14   23.3  3.4  3.4  contig_26_pilon   788786  788844  (938606) + (CGCCAC)n     Simple_repeat      1     59    (0) 1551  
   21    3.7  0.0  0.0  contig_26_pilon   791327  791354  (936096) + (CGC)n        Simple_repeat      1     28    (0) 1552  
   17   16.0  0.0  0.0  contig_26_pilon   791355  791361  (936089) + (CGCCAC)n     Simple_repeat      1     35    (0) 1553  
   69    2.9  0.0  0.0  contig_26_pilon   792486  792555  (934895) + (ACC)n        Simple_repeat      1     70    (0) 1554  
   11   16.4  5.9  0.0  contig_26_pilon   796546  796579  (930871) + A-rich        Simple_repeat      1     36    (0) 1555  
   13   14.2  3.2  0.0  contig_26_pilon   798340  798370  (929080) + (ATACAA)n     Simple_repeat      1     32    (0) 1556  
   11   14.1  0.0  8.8  contig_26_pilon   798568  798604  (928846) + (AATTTT)n     Simple_repeat      1     34    (0) 1557  
   12   21.4  0.0 11.7  contig_26_pilon   801438  801504  (925946) + A-rich        Simple_repeat      1     60    (0) 1558  
   12    8.5  0.0  7.4  contig_26_pilon   815969  815997  (911453) + (TTGAG)n      Simple_repeat      1     27    (0) 1559  
   12   16.6  0.0  0.0  contig_26_pilon   827810  827836  (899614) + (CACCA)n      Simple_repeat      1     27    (0) 1560  
   18   25.2  4.9  2.4  contig_26_pilon   828876  828956  (898494) + A-rich        Simple_repeat      1     83    (0) 1561  
   15   16.2  9.2  5.1  contig_26_pilon   830151  830226  (897224) + (AATT)n       Simple_repeat      1     79    (0) 1562  
   11   11.6  7.3  4.8  contig_26_pilon   831495  831535  (895915) + (ATTATCA)n    Simple_repeat      1     42    (0) 1563  
   12   15.8  9.8  1.8  contig_26_pilon   832896  832946  (894504) + (ATATAA)n     Simple_repeat      1     55    (0) 1564  
   16   16.7  5.1  7.9  contig_26_pilon   833945  834022  (893428) + (ATTTTAA)n    Simple_repeat      1     76    (0) 1565  
   16   22.7  4.2  4.2  contig_26_pilon   835006  835077  (892373) + (ATAAT)n      Simple_repeat      1     72    (0) 1566  
   14    9.3  0.0  0.0  contig_26_pilon   835178  835200  (892250) + (GCA)n        Simple_repeat      1     23    (0) 1567  
   18   17.3  0.0  6.2  contig_26_pilon   835291  835341  (892109) + (TTC)n        Simple_repeat      1     48    (0) 1568  
   14    0.0  0.0  4.8  contig_26_pilon   835538  835559  (891891) + (TTAT)n       Simple_repeat      1     21    (0) 1569  
   17   12.2  4.0  6.1  contig_26_pilon   837408  837457  (889993) + (CTTT)n       Simple_repeat      1     49    (0) 1570  
   17   11.3  5.0  2.4  contig_26_pilon   837998  838037  (889413) + (TTCT)n       Simple_repeat      1     41    (0) 1571  
   15    6.5  9.4  0.0  contig_26_pilon   838122  838153  (889297) + (CTT)n        Simple_repeat      1     35    (0) 1572  
   15   25.6  0.0  2.1  contig_26_pilon   839020  839067  (888383) + A-rich        Simple_repeat      1     47    (0) 1573  
   12   15.7  2.6  5.3  contig_26_pilon   839182  839220  (888230) + (ATAA)n       Simple_repeat      1     38    (0) 1574  
   35    4.9  0.0  0.0  contig_26_pilon   839452  839493  (887957) + (TTCTTCGCC)n  Simple_repeat      1     42    (0) 1575  
   39   32.0  1.2  1.2  contig_26_pilon   839517  839677  (887773) + (CTTCTT)n     Simple_repeat      1    161    (0) 1576  
   23   17.2  0.0  2.1  contig_26_pilon   839815  839863  (887587) + (CTT)n        Simple_repeat      1     48    (0) 1577  
   21   15.4  0.0  0.0  contig_26_pilon   843459  843494  (883956) + (AC)n         Simple_repeat      1     36    (0) 1578  
   18   13.0  0.0  0.0  contig_26_pilon   860182  860215  (867235) + (TCAATA)n     Simple_repeat      1     34    (0) 1579  
   12   25.7  0.0  0.0  contig_26_pilon   860318  860354  (867096) + A-rich        Simple_repeat      1     37    (0) 1580  
   17   27.6  0.0  6.4  contig_26_pilon   861163  861245  (866205) + (GAGCGG)n     Simple_repeat      1     78    (0) 1581  
   18   23.3  3.1  3.1  contig_26_pilon   880277  880320  (847130) + (CCT)n        Simple_repeat      1     71    (0) 1582  
   18    7.8  0.0  0.0  contig_26_pilon   880321  880347  (847103) + (TCG)n        Simple_repeat      1     27    (0) 1583  
   27    7.0  2.1  2.1  contig_26_pilon   880738  880784  (846666) + (TTATTTT)n    Simple_repeat      1     47    (0) 1584  
   21   24.8  0.0  0.0  contig_26_pilon   888690  888746  (838704) + (ATTTAGG)n    Simple_repeat      1     57    (0) 1585  
   19   21.9  3.3  1.6  contig_26_pilon   890431  890491  (836959) + G-rich        Simple_repeat      1     62    (0) 1586  
   14   17.7  0.0  5.0  contig_26_pilon   898173  898214  (829236) + A-rich        Simple_repeat      1     40    (0) 1587  
   11    3.5 13.8  0.0  contig_26_pilon   901644  901672  (825778) + (ATGTAG)n     Simple_repeat      1     33    (0) 1588  
   21   23.3  0.0  0.0  contig_26_pilon   903242  903296  (824154) + G-rich        Simple_repeat      1     55    (0) 1589  
   23   27.4  0.0  2.6  contig_26_pilon   913099  913176  (814274) + A-rich        Simple_repeat      1     76    (0) 1590  
   19   27.6  2.3  3.5  contig_26_pilon   916581  916668  (810782) + (AATTTAA)n    Simple_repeat      1     87    (0) 1591  
   14   19.4  0.0  2.8  contig_26_pilon   917870  917906  (809544) + (TCT)n        Simple_repeat      1     36    (0) 1592  
   13   18.5  0.0  0.0  contig_26_pilon   926625  926655  (800795) + (AGGATG)n     Simple_repeat      1     31    (0) 1593  
   71    0.0  3.7  2.4  contig_26_pilon   941037  941118  (786332) + (TTTTAC)n     Simple_repeat      1     83    (0) 1594  
   15    4.8  0.0  0.0  contig_26_pilon   950842  950863  (776587) + (AACA)n       Simple_repeat      1     22    (0) 1595  
   15   11.4 10.0  2.3  contig_26_pilon   953243  953282  (774168) + (CT)n         Simple_repeat      1     43    (0) 1596  
   15   12.2  0.0  0.0  contig_26_pilon   961354  961380  (766070) + (TTAA)n       Simple_repeat      1     27    (0) 1597  
   90    0.0  2.1  2.1  contig_26_pilon   966984  967078  (760372) + (TTTTAC)n     Simple_repeat      1     95    (0) 1598  
   25   13.4  7.5  1.4  contig_26_pilon   971600  971666  (755784) + (GAGCAGT)n    Simple_repeat      1     71    (0) 1599  
   13   18.9  2.8  0.0  contig_26_pilon   971711  971746  (755704) + (TAGAATA)n    Simple_repeat      1     37    (0) 1600  
   12   26.8  0.0  0.0  contig_26_pilon   986088  986127  (741323) + (TTTGTG)n     Simple_repeat      1     40    (0) 1601  
   22    6.9  8.7  0.0  contig_26_pilon   986976  987021  (740429) + (CTGCTCA)n    Simple_repeat      1     50    (0) 1602  
   15    4.8  0.0  0.0  contig_26_pilon   995779  995800  (731650) + (AACA)n       Simple_repeat      1     22    (0) 1603  
   16   14.0  7.3  2.3  contig_26_pilon   998179  998219  (729231) + (CT)n         Simple_repeat      1     43    (0) 1604  
   17   27.4  4.0  1.3  contig_26_pilon  1005048 1005123  (722327) + (ACTTTTT)n    Simple_repeat      1     78    (0) 1605  
   16   15.9  0.0  0.0  contig_26_pilon  1005563 1005590  (721860) + (T)n          Simple_repeat      1     28    (0) 1606  
   23   26.1  2.7  0.0  contig_26_pilon  1006147 1006220  (721230) + G-rich        Simple_repeat      1     76    (0) 1607  
   21   24.8  0.0  0.0  contig_26_pilon  1006409 1006465  (720985) + A-rich        Simple_repeat      1     57    (0) 1608  
   11   16.5 12.2  0.0  contig_26_pilon  1007984 1008032  (719418) + (ATCACA)n     Simple_repeat      1     55    (0) 1609  
   18   16.8  0.0  0.0  contig_26_pilon  1014849 1014883  (712567) + A-rich        Simple_repeat      1     35    (0) 1610  
   21   25.6  0.0  0.0  contig_26_pilon  1014977 1015036  (712414) + G-rich        Simple_repeat      1     60    (0) 1611  
   12   25.7  0.0  0.0  contig_26_pilon  1018253 1018289  (709161) + (TTTTCT)n     Simple_repeat      1     37    (0) 1612  
   32    0.0  1.9  6.0  contig_26_pilon  1019042 1019093  (708357) + (AAAAATT)n    Simple_repeat      1     50    (0) 1613  
  147    0.0  0.0  0.0  contig_26_pilon  1021802 1021926  (705524) + (AG)n         Simple_repeat      1    125    (0) 1614  
   30   30.1  3.9  0.8  contig_26_pilon  1040005 1040131  (687319) + (TA)n         Simple_repeat      1    131    (0) 1615  
  108    0.0  0.0  0.0  contig_26_pilon  1040221 1040312  (687138) + (AT)n         Simple_repeat      1     92    (0) 1616  
   76    0.0  0.0  0.0  contig_26_pilon  1048846 1048910  (678540) + (TA)n         Simple_repeat      1     65    (0) 1617  
   25    0.0  0.0  0.0  contig_26_pilon  1048911 1048941  (678509) + (TTATTT)n     Simple_repeat      1     31    (0) 1618  
   14    9.3  0.0  0.0  contig_26_pilon  1051738 1051760  (675690) + (GAG)n        Simple_repeat      1     23    (0) 1619  
   17   14.4  3.2  0.0  contig_26_pilon  1057099 1057134  (670316) + (AT)n         Simple_repeat      1     37    (0) 1620  
   70    1.6  0.0  0.0  contig_26_pilon  1057650 1057713  (669737) + (AT)n         Simple_repeat      1     64    (0) 1621  
   14   18.9  0.0  2.7  contig_26_pilon  1068867 1068904  (658546) + G-rich        Simple_repeat      1     37    (0) 1622  
   21   20.4  0.0  0.0  contig_26_pilon  1068948 1068987  (658463) + (T)n          Simple_repeat      1     40    (0) 1623  
   19   19.5  2.1  0.0  contig_26_pilon  1068988 1068994  (658456) + (TTATTTT)n    Simple_repeat      1     48    (0) 1624  
   24   18.0  0.0  0.0  contig_26_pilon  1068995 1068996  (658454) + (ATTTTT)n     Simple_repeat      2     50    (0) 1625  
   82    0.0  0.0  0.0  contig_26_pilon  1070096 1070165  (657285) + (AT)n         Simple_repeat      1     70    (0) 1626  
  111    0.0  0.0  0.0  contig_26_pilon  1071853 1071946  (655504) + (AT)n         Simple_repeat      1     94    (0) 1627  
   19   16.9  0.0  0.0  contig_26_pilon  1075918 1075950  (651500) + A-rich        Simple_repeat      1     33    (0) 1628  
   14   19.8  0.0  4.8  contig_26_pilon  1095423 1095466  (631984) + (CACGCA)n     Simple_repeat      1     42    (0) 1629  
   18   12.2  2.8  0.0  contig_26_pilon  1095547 1095582  (631868) + (CGCACG)n     Simple_repeat      1     37    (0) 1630  
   16   20.4  2.8  7.3  contig_26_pilon  1096172 1096242  (631208) + (CCGCG)n      Simple_repeat      1     68    (0) 1631  
   27    0.0  0.0  0.0  contig_26_pilon  1106387 1106412  (621038) + (CGGTTT)n     Simple_repeat      1     26    (0) 1632  
   18   16.6  7.4  0.0  contig_26_pilon  1111782 1111835  (615615) + (TTTTAC)n     Simple_repeat      1     58    (0) 1633  
   12   15.6  3.5  0.0  contig_26_pilon  1129286 1129314  (598136) + GA-rich       Simple_repeat      1     30    (0) 1634  
   17   13.1  7.1  0.0  contig_26_pilon  1131304 1131345  (596105) + GA-rich       Simple_repeat      1     45    (0) 1635  
   13   13.7  2.9  2.9  contig_26_pilon  1132939 1132972  (594478) + A-rich        Simple_repeat      1     34    (0) 1636  
   12   18.4  5.4  0.0  contig_26_pilon  1134982 1135018  (592432) + (ACAAC)n      Simple_repeat      1     39    (0) 1637  
   14    4.3  4.2  0.0  contig_26_pilon  1135179 1135202  (592248) + (GGAT)n       Simple_repeat      1     25    (0) 1638  
   19    2.8  2.3  9.8  contig_26_pilon  1142801 1142844  (584606) + (CCGCCA)n     Simple_repeat      1     41    (0) 1639  
   31    3.3  0.0  0.0  contig_26_pilon  1142966 1142996  (584454) + (CT)n         Simple_repeat      1     31    (0) 1640  
   14   30.2  1.4  4.2  contig_26_pilon  1143647 1143720  (583730) + (TCCC)n       Simple_repeat      1     72    (0) 1641  
   21   16.2  7.0  0.0  contig_26_pilon  1144548 1144604  (582846) + A-rich        Simple_repeat      1     61    (0) 1642  
   13   22.0  7.5  0.0  contig_26_pilon  1147723 1147775  (579675) + (ATTTAT)n     Simple_repeat      1     57    (0) 1643  
   17   24.4  3.9  3.9  contig_26_pilon  1150182 1150259  (577191) + (ATTAA)n      Simple_repeat      1     78    (0) 1644  
   14   17.9  0.0  0.0  contig_26_pilon  1150231 1150262  (577188) + (TAATTT)n     Simple_repeat      1     32    (0) 1645 *
   13    9.3  0.0  0.0  contig_26_pilon  1152656 1152678  (574772) + (CATA)n       Simple_repeat      1     23    (0) 1646  
   23   13.0  0.0  0.0  contig_26_pilon  1182010 1182044  (545406) + (T)n          Simple_repeat      1     35    (0) 1647  
   17   21.1  0.0  0.0  contig_26_pilon  1192522 1192560  (534890) + (GTG)n        Simple_repeat      1     39    (0) 1648  
   13   21.9  0.0  7.8  contig_26_pilon  1221709 1221763  (505687) + G-rich        Simple_repeat      1     51    (0) 1649  
   12   24.5  3.2  4.8  contig_26_pilon  1222635 1222697  (504753) + (AATAATG)n    Simple_repeat      1     62    (0) 1650  
   12   23.9  0.0  6.4  contig_26_pilon  1222846 1222895  (504555) + (ATTCT)n      Simple_repeat      1     47    (0) 1651  
   18   29.7  0.0  5.8  contig_26_pilon  1223448 1223538  (503912) + A-rich        Simple_repeat      1     86    (0) 1652  
   16   15.1  3.4  0.0  contig_26_pilon  1227903 1227936  (499514) + A-rich        Simple_repeat      1     35    (0) 1653  
   20    9.2  2.9  0.0  contig_26_pilon  1231668 1231702  (495748) + (AAAT)n       Simple_repeat      1     36    (0) 1654  
   15   19.7  0.0  0.0  contig_26_pilon  1233544 1233572  (493878) + (T)n          Simple_repeat      1     29    (0) 1655  
   45    9.5  1.5  0.0  contig_26_pilon  1238740 1238806  (488644) + (TA)n         Simple_repeat      1     68    (0) 1656  
   67    3.0  0.0  0.0  contig_26_pilon  1238807 1238875  (488575) + (TATG)n       Simple_repeat      1     69    (0) 1657  
   26   16.5  0.0  1.8  contig_26_pilon  1240384 1240439  (487011) + A-rich        Simple_repeat      1     55    (0) 1658  
   46    9.3  1.4  0.0  contig_26_pilon  1245222 1245291  (482159) + (TA)n         Simple_repeat      1     71    (0) 1659  
   14   20.0  8.3  2.6  contig_26_pilon  1248050 1248121  (479329) + (AATAATA)n    Simple_repeat      1     76    (0) 1660  
   14   23.3  0.0  0.0  contig_26_pilon  1248969 1249008  (478442) + G-rich        Simple_repeat      1     40    (0) 1661  
   18   17.6  0.0  0.0  contig_26_pilon  1260980 1261011  (466439) + A-rich        Simple_repeat      1     32    (0) 1662  
   16   16.8  2.4  2.4  contig_26_pilon  1263671 1263712  (463738) + A-rich        Simple_repeat      1     42    (0) 1663  
   14   16.8  5.0  0.0  contig_26_pilon  1267132 1267171  (460279) + A-rich        Simple_repeat      1     42    (0) 1664  
   24   10.2  2.4  0.0  contig_26_pilon  1268234 1268275  (459175) + (AAAT)n       Simple_repeat      1     43    (0) 1665  
   21   21.9  0.0  0.0  contig_26_pilon  1268276 1268276  (459174) + A-rich        Simple_repeat      1     43    (0) 1666  
   18   14.9  0.0  0.0  contig_26_pilon  1269666 1269695  (457755) + (T)n          Simple_repeat      1     30    (0) 1667  
   14   15.3  2.6  2.6  contig_26_pilon  1273846 1273883  (453567) + (AGGTTT)n     Simple_repeat      1     38    (0) 1668  
   32   14.9  0.0  0.0  contig_26_pilon  1277676 1277727  (449723) + (T)n          Simple_repeat      1     52    (0) 1669  
   13   19.7  5.4  3.5  contig_26_pilon  1278826 1278881  (448569) + (CGAGCCG)n    Simple_repeat      1     57    (0) 1670  
   30    5.6  0.0  0.0  contig_26_pilon  1279032 1279068  (448382) + (AGGC)n       Simple_repeat      1     37    (0) 1671  
   13   19.1  7.9  3.0  contig_26_pilon  1281898 1281960  (445490) + (CTTGCAT)n    Simple_repeat      1     66    (0) 1672  
   18    0.0  0.0  0.0  contig_26_pilon  1288443 1288464  (438986) + (CCT)n        Simple_repeat      1     22    (0) 1673  
   20   26.2  0.0  0.0  contig_26_pilon  1290653 1290711  (436739) + G-rich        Simple_repeat      1     59    (0) 1674  
   18   22.4  5.8  1.4  contig_26_pilon  1291796 1291864  (435586) + (TATTT)n      Simple_repeat      1     72    (0) 1675  
   14   15.8  0.0  5.4  contig_26_pilon  1312695 1312733  (414717) + G-rich        Simple_repeat      1     37    (0) 1676  
   15   13.2  0.0  5.7  contig_26_pilon  1316151 1316187  (411263) + A-rich        Simple_repeat      1     35    (0) 1677  
   13   14.8  5.1  2.5  contig_26_pilon  1318550 1318588  (408862) + A-rich        Simple_repeat      1     40    (0) 1678  
   25   26.7  4.5  1.8  contig_26_pilon  1320170 1320280  (407170) + G-rich        Simple_repeat      1    114    (0) 1679  
   13   28.9  0.0  2.0  contig_26_pilon  1323273 1323324  (404126) + (GTTTAGG)n    Simple_repeat      1     51    (0) 1680  
   15   24.4  6.8  1.3  contig_26_pilon  1332603 1332676  (394774) + (TGTTG)n      Simple_repeat      1     78    (0) 1681  
   20   16.7  0.0  0.0  contig_26_pilon  1333708 1333741  (393709) + A-rich        Simple_repeat      1     34    (0) 1682  
   23    5.8  2.8  0.0  contig_26_pilon  1333742 1333742  (393708) + (TAAA)n       Simple_repeat      2     37    (0) 1683  
   24   21.5  2.5  2.5  contig_26_pilon  1335497 1335547  (391903) + (GGCGAG)n     Simple_repeat      1     54    (0) 1684  
   31    0.0  3.3  0.0  contig_26_pilon  1335548 1335577  (391873) + (GA)n         Simple_repeat      1     31    (0) 1685  
   24   21.5  2.5  2.5  contig_26_pilon  1335578 1335605  (391845) + (GGCGAG)n     Simple_repeat      1     27    (0) 1686  
   12   19.5  2.9  0.0  contig_26_pilon  1338566 1338600  (388850) + (AACATGA)n    Simple_repeat      1     36    (0) 1687  
   15    9.7  2.7  5.6  contig_26_pilon  1342723 1342759  (384691) + A-rich        Simple_repeat      1     36    (0) 1688  
   12   24.6  0.0  2.6  contig_26_pilon  1346586 1346625  (380825) + (CCCG)n       Simple_repeat      1     39    (0) 1689 *
   15   19.2  5.3  3.5  contig_26_pilon  1346607 1346663  (380787) + (CCTCGC)n     Simple_repeat      1     58    (0) 1690  
   13   10.4  2.9  5.9  contig_26_pilon  1349442 1349476  (377974) + (ATAC)n       Simple_repeat      1     34    (0) 1691  
   13   10.7  6.7  0.0  contig_26_pilon  1355421 1355450  (372000) + (TGTCA)n      Simple_repeat      1     32    (0) 1692  
   11   20.8  0.0  2.9  contig_26_pilon  1357571 1357605  (369845) + (TGCTCA)n     Simple_repeat      1     34    (0) 1693  
   12   13.7  6.2  0.0  contig_26_pilon  1362696 1362727  (364723) + (TTCT)n       Simple_repeat      1     34    (0) 1694  
   20   22.7  2.9  0.9  contig_26_pilon  1365028 1365098  (362352) + A-rich        Simple_repeat      1     72    (0) 1695  
   12   22.1  0.0  0.0  contig_26_pilon  1365301 1365332  (362118) + A-rich        Simple_repeat      1     32    (0) 1696  
   14   15.2 11.3  4.0  contig_26_pilon  1384818 1384863  (342587) + (AATT)n       Simple_repeat      1     75    (0) 1697  
   19    0.0  0.0  0.0  contig_26_pilon  1384864 1384887  (342563) + (AAT)n        Simple_repeat      1     24    (0) 1698  
   26   27.5  2.0  3.0  contig_26_pilon  1385845 1385946  (341504) + (ATAA)n       Simple_repeat      1    101    (0) 1699  
   12   21.8  2.7  0.0  contig_26_pilon  1387694 1387730  (339720) + (TTAT)n       Simple_repeat      1     38    (0) 1700  
   12   24.4  2.2  2.2  contig_26_pilon  1387965 1388009  (339441) + A-rich        Simple_repeat      1     45    (0) 1701  
   17   24.9  3.5  0.0  contig_26_pilon  1388924 1388980  (338470) + (TTATTA)n     Simple_repeat      1     59    (0) 1702  
   13    8.7  4.0  0.0  contig_26_pilon  1389799 1389823  (337627) + (ATAC)n       Simple_repeat      1     26    (0) 1703  
   11   27.2  2.3  0.0  contig_26_pilon  1390638 1390681  (336769) + (ATTTGT)n     Simple_repeat      1     45    (0) 1704  
   13   21.3  2.1 11.6  contig_26_pilon  1394607 1394700  (332750) + (AATTTTG)n    Simple_repeat      1     86    (0) 1705  
   14   10.4  6.4  6.4  contig_26_pilon  1396077 1396142  (331308) + (TTTAAT)n     Simple_repeat      1     66    (0) 1706  
   12   15.3  5.3  2.6  contig_26_pilon  1401451 1401488  (325962) + (ATTGCCA)n    Simple_repeat      1     39    (0) 1707  
   18   18.9  9.1  0.0  contig_26_pilon  1401569 1401634  (325816) + (AATTCAT)n    Simple_repeat      1     72    (0) 1708  
   17   12.6  2.9  0.0  contig_26_pilon  1403799 1403833  (323617) + (ATTTTAA)n    Simple_repeat      1     36    (0) 1709  
   13   20.5  0.0  4.9  contig_26_pilon  1406384 1406426  (321024) + A-rich        Simple_repeat      1     41    (0) 1710  
   12   16.3  0.0  8.1  contig_26_pilon  1407154 1407193  (320257) + (AATTAA)n     Simple_repeat      1     37    (0) 1711  
   52    3.2  3.2  0.0  contig_26_pilon  1409721 1409783  (317667) + (GTTTT)n      Simple_repeat      1     65    (0) 1712  
   14   12.8  5.9  0.0  contig_26_pilon  1410305 1410338  (317112) + (GGACATA)n    Simple_repeat      1     36    (0) 1713  
   14   19.9  1.7  7.1  contig_26_pilon  1418950 1419008  (308442) + A-rich        Simple_repeat      1     56    (0) 1714  
   14   20.7  2.6  0.0  contig_26_pilon  1432077 1432115  (295335) + (TCACT)n      Simple_repeat      1     40    (0) 1715  
   16   17.8  0.0  3.0  contig_26_pilon  1439786 1439819  (287631) + (AC)n         Simple_repeat      1     33    (0) 1716  
   12   31.3  0.0  0.0  contig_26_pilon  1440027 1440073  (287377) + (GTTTTT)n     Simple_repeat      1     47    (0) 1717  
   14   29.9  0.0  0.0  contig_26_pilon  1440642 1440690  (286760) + (TATTTA)n     Simple_repeat      1     49    (0) 1718  
   13   22.6  2.4  0.0  contig_26_pilon  1440741 1440781  (286669) + (AATTTTT)n    Simple_repeat      1     42    (0) 1719  
   13   24.6  1.7  5.4  contig_26_pilon  1441773 1441830  (285620) + (GCT)n        Simple_repeat      1     56    (0) 1720  
   13   16.4  7.3  0.0  contig_26_pilon  1442006 1442046  (285404) + (GACATG)n     Simple_repeat      1     44    (0) 1721  
   19   11.2  0.0  0.0  contig_26_pilon  1450082 1450110  (277340) + (TG)n         Simple_repeat      1     29    (0) 1722  
   13   14.7  0.0  3.2  contig_26_pilon  1470228 1470259  (257191) + (GCGAGT)n     Simple_repeat      1     31    (0) 1723  
   13   12.9  2.6  5.4  contig_26_pilon  1475653 1475690  (251760) + (GGCGGC)n     Simple_repeat      1     37    (0) 1724  
   12   26.0  2.8  5.8  contig_26_pilon  1475955 1476025  (251425) + G-rich        Simple_repeat      1     69    (0) 1725  
   16   19.7  4.2  5.7  contig_26_pilon  1481870 1481940  (245510) + (GTTAGTT)n    Simple_repeat      1     70    (0) 1726  
   13   15.6  5.6  0.0  contig_26_pilon  1490974 1491009  (236441) + (CCGCCT)n     Simple_repeat      1     38    (0) 1727  
   16    0.0 12.9  0.0  contig_26_pilon  1496171 1496201  (231249) + (ATAG)n       Simple_repeat      1     35    (0) 1728  
   21   25.7  3.8  4.8  contig_26_pilon  1497398 1497503  (229947) + (GCG)n        Simple_repeat      1    105    (0) 1729  
   14   20.7  0.0  6.4  contig_26_pilon  1498414 1498463  (228987) + (ATTTTAA)n    Simple_repeat      1     47    (0) 1730  
   11   22.5  4.8  4.8  contig_26_pilon  1500524 1500585  (226865) + (TTATAT)n     Simple_repeat      1     62    (0) 1731  
   13    8.8  0.0  4.0  contig_26_pilon  1508542 1508567  (218883) + (CGA)n        Simple_repeat      1     25    (0) 1732  
   34    0.0  0.0  0.0  contig_26_pilon  1513824 1513852  (213598) + (AT)n         Simple_repeat      1     29    (0) 1733  
   17   10.1  3.1  0.0  contig_26_pilon  1515247 1515278  (212172) + (ATAAA)n      Simple_repeat      1     33    (0) 1734  
   13   24.8  4.2  0.0  contig_26_pilon  1520954 1521001  (206449) + (ATCCGA)n     Simple_repeat      1     50    (0) 1735  
   29    0.0  0.0  0.0  contig_26_pilon  1526993 1527017  (200433) + (TA)n         Simple_repeat      1     25    (0) 1736  
   11   12.5  6.7 12.9  contig_26_pilon  1527463 1527552  (199898) + A-rich        Simple_repeat      1     85    (0) 1737  
   13   19.5  0.0  5.3  contig_26_pilon  1527557 1527596  (199854) + (TTTATTT)n    Simple_repeat      1     38    (0) 1738  
   13   14.3  2.9  2.9  contig_26_pilon  1529850 1529883  (197567) + A-rich        Simple_repeat      1     34    (0) 1739  
   16    9.4  0.0  8.1  contig_26_pilon  1532085 1532124  (195326) + (CGTGAGG)n    Simple_repeat      1     37    (0) 1740  
   18   10.1  0.0  3.0  contig_26_pilon  1532330 1532356  (195094) + (GCT)n        Simple_repeat      1     28    (0) 1741  
   34   10.1  1.5  1.5  contig_26_pilon  1532357 1532422  (195028) + (CAG)n        Simple_repeat      1     66    (0) 1742  
   22    9.5  0.0  0.0  contig_26_pilon  1536007 1536040  (191410) + (GGT)n        Simple_repeat      1     34    (0) 1743  
   13   25.3  1.8  3.7  contig_26_pilon  1536841 1536895  (190555) + GA-rich       Simple_repeat      1     54    (0) 1744  
   16   10.7  7.1  2.3  contig_26_pilon  1541795 1541836  (185614) + GA-rich       Simple_repeat      1     44    (0) 1745  
   18   25.5  0.0  0.0  contig_26_pilon  1551386 1551436  (176014) + A-rich        Simple_repeat      1     51    (0) 1746  
   22   29.4  0.0  0.0  contig_26_pilon  1551823 1551892  (175558) + G-rich        Simple_repeat      1     70    (0) 1747  
   22   16.8  1.8  3.6  contig_26_pilon  1552397 1552453  (174997) + (TGTCGT)n     Simple_repeat      1     56    (0) 1748  
   12   20.3  0.0  7.1  contig_26_pilon  1559233 1559277  (168173) + (TTGTA)n      Simple_repeat      1     42    (0) 1749  
   14   30.6  0.0  1.8  contig_26_pilon  1560388 1560445  (167005) + (TAATTG)n     Simple_repeat      1     57    (0) 1750  
   12   14.1  3.0  3.0  contig_26_pilon  1560990 1561022  (166428) + (CTTTTA)n     Simple_repeat      1     33    (0) 1751  
   13   12.1  0.0  3.6  contig_26_pilon  1564557 1564585  (162865) + (ACAG)n       Simple_repeat      1     28    (0) 1752  
   15    8.1  9.8  2.3  contig_26_pilon  1571654 1571694  (155756) + (AAGAAT)n     Simple_repeat      1     44    (0) 1753  
   19   16.2  5.0  7.7  contig_26_pilon  1582087 1582174  (145276) + (AGAGC)n      Simple_repeat      1     85    (0) 1754  
   18    5.3 10.3  0.0  contig_26_pilon  1582275 1582313  (145137) + (CGCTCTCT)n   Simple_repeat      1     43    (0) 1755  
   23   11.0  6.1  0.0  contig_26_pilon  1582539 1582587  (144863) + (CCTC)n       Simple_repeat      1     52    (0) 1756  
   62    0.0  0.0  0.0  contig_26_pilon  1583666 1583718  (143732) + (TA)n         Simple_repeat      1     53    (0) 1757  
   15   25.2  5.6  1.3  contig_26_pilon  1584942 1585013  (142437) + (AATATAC)n    Simple_repeat      1     75    (0) 1758  
   15   29.8  0.0  3.2  contig_26_pilon  1586038 1586059  (141391) + (TTTATTC)n    Simple_repeat      1     58    (0) 1759  
   19   21.1  0.0  0.0  contig_26_pilon  1586060 1586097  (141353) + (T)n          Simple_repeat      1     38    (0) 1760  
   27    0.0  0.0  0.0  contig_26_pilon  1587006 1587031  (140419) + (AAAT)n       Simple_repeat      1     26    (0) 1761  
   16   16.7  0.0  2.8  contig_26_pilon  1587196 1587232  (140218) + (TTTTCT)n     Simple_repeat      1     36    (0) 1762  
   27    0.0  0.0  0.0  contig_26_pilon  1587326 1587351  (140099) + (AAAAGG)n     Simple_repeat      1     26    (0) 1763  
   20   37.3  0.9  0.0  contig_26_pilon  1590366 1590471  (136979) + (ATATAGG)n    Simple_repeat      1    107    (0) 1764  
   19   25.8  0.0  0.0  contig_26_pilon  1590450 1590504  (136946) + G-rich        Simple_repeat      1     55    (0) 1765 *
   12    5.5  0.0  0.0  contig_26_pilon  1604282 1604300  (123150) + (CTT)n        Simple_repeat      1     19    (0) 1766  
   16   14.0  4.9  2.4  contig_26_pilon  1606390 1606430  (121020) + (TTC)n        Simple_repeat      1     42    (0) 1767  
   37   16.9  0.0  4.8  contig_26_pilon  1607419 1607506  (119944) + G-rich        Simple_repeat      1     84    (0) 1768  
   16   21.3  0.0  0.0  contig_26_pilon  1607870 1607907  (119543) + G-rich        Simple_repeat      1     38    (0) 1769  
   18   17.5  0.0  0.0  contig_26_pilon  1609197 1609228  (118222) + (T)n          Simple_repeat      1     32    (0) 1770  
   12   12.0  3.7  0.0  contig_26_pilon  1612474 1612500  (114950) + (TCTT)n       Simple_repeat      1     28    (0) 1771  
   12   10.9  6.7  6.7  contig_26_pilon  1615148 1615192  (112258) + (TGAGA)n      Simple_repeat      1     45    (0) 1772  
   13   20.2  4.3  2.1  contig_26_pilon  1619126 1619172  (108278) + (TTTTATC)n    Simple_repeat      1     48    (0) 1773  
   18    5.9  5.4  2.6  contig_26_pilon  1622330 1622366  (105084) + (ATAA)n       Simple_repeat      1     38    (0) 1774  
   26   19.9  0.0  0.0  contig_26_pilon  1628457 1628478   (98972) + (GTGT)n       Simple_repeat      1     23    (0) 1775  
   62    0.0  0.0  0.0  contig_26_pilon  1628479 1628531   (98919) + (GA)n         Simple_repeat      1     53    (0) 1776  
   26   19.9  0.0  0.0  contig_26_pilon  1628532 1628567   (98883) + (GTGT)n       Simple_repeat      4     40    (0) 1777  
  127    0.0  0.0  0.0  contig_26_pilon  1646122 1646229   (81221) + (TC)n         Simple_repeat      1    108    (0) 1778  
  224    0.0  0.0  0.0  contig_26_pilon  1650882 1651071   (76379) + (TC)n         Simple_repeat      1    190    (0) 1779  
   71    4.1  0.0  0.0  contig_26_pilon  1655344 1655419   (72031) + (CGT)n        Simple_repeat      1     76    (0) 1780  
   75    7.6  0.0  0.0  contig_26_pilon  1659746 1659843   (67607) + (GATGGA)n     Simple_repeat      1     98    (0) 1781  
   22    6.5  0.0  0.0  contig_26_pilon  1660100 1660131   (67319) + (GGAG)n       Simple_repeat      1     32    (0) 1782  
   13   18.9  0.0  0.0  contig_26_pilon  1670692 1670721   (56729) + (GGT)n        Simple_repeat      1     30    (0) 1783  
  101    0.0  0.0  0.0  contig_26_pilon  1686989 1687074   (40376) + (TA)n         Simple_repeat      1     86    (0) 1784  
   19   21.1  0.0  5.3  contig_26_pilon  1688628 1688687   (38763) + (AATTTTT)n    Simple_repeat      1     57    (0) 1785  
   18   23.9  0.0  0.0  contig_26_pilon  1688833 1688872   (38578) + A-rich        Simple_repeat      1     40    (0) 1786  
   11   22.4  0.0  6.8  contig_26_pilon  1692122 1692168   (35282) + (AATTTT)n     Simple_repeat      1     44    (0) 1787  
   22   19.8  0.0  0.0  contig_26_pilon  1692840 1692880   (34570) + (T)n          Simple_repeat      1     41    (0) 1788  
   19   21.0  4.8  1.5  contig_26_pilon  1692913 1692975   (34475) + (TATT)n       Simple_repeat      1     65    (0) 1789  
   24   22.2  2.6  2.6  contig_26_pilon  1696090 1696166   (31284) + (TATTT)n      Simple_repeat      1     77    (0) 1790  
   17    9.3  0.0  5.4  contig_26_pilon  1696796 1696809   (30641) + (TTAAA)n      Simple_repeat      1     13    (0) 1791  
   41    9.2  0.0  0.0  contig_26_pilon  1696810 1696867   (30583) + (TA)n         Simple_repeat      1     58    (0) 1792  
   17    9.3  0.0  5.4  contig_26_pilon  1696868 1696891   (30559) + (TTAAA)n      Simple_repeat      4     28    (0) 1793  
   16   13.7  0.0  9.1  contig_26_pilon  1698415 1698462   (28988) + A-rich        Simple_repeat      1     44    (0) 1794  
   13   12.2  8.3  0.0  contig_26_pilon  1698541 1698576   (28874) + A-rich        Simple_repeat      1     39    (0) 1795  
   13   18.4  5.4  0.0  contig_26_pilon  1702608 1702644   (24806) + (ATT)n        Simple_repeat      1     39    (0) 1796 *
   15   12.0  8.2  3.9  contig_26_pilon  1702627 1702675   (24775) + (TAA)n        Simple_repeat      1     51    (0) 1797  
   14   18.6  2.7  0.0  contig_26_pilon  1702834 1702870   (24580) + (TAATTT)n     Simple_repeat      1     38    (0) 1798  
   16    3.7  3.3  3.3  contig_26_pilon  1703217 1703246   (24204) + (TTAAA)n      Simple_repeat      1     30    (0) 1799  
   19   21.0  6.1  3.6  contig_26_pilon  1703299 1703380   (24070) + (TAAT)n       Simple_repeat      1     84    (0) 1800  
   17   16.1  0.0  2.8  contig_26_pilon  1706317 1706353   (21097) + (ATT)n        Simple_repeat      1     36    (0) 1801  
   17   18.2  0.0  0.0  contig_26_pilon  1708803 1708833   (18617) + A-rich        Simple_repeat      1     31    (0) 1802  
   21   19.2  0.0  6.5  contig_26_pilon  1709188 1709246   (18204) + A-rich        Simple_repeat      1     55    (0) 1803  
   14   12.8  2.6  5.4  contig_26_pilon  1713871 1713908   (13542) + A-rich        Simple_repeat      1     37    (0) 1804  
   21   21.4  0.0  0.0  contig_26_pilon  1714758 1714861   (12589) + (AT)n         Simple_repeat      1    104    (0) 1805  
   13   19.2  4.5  2.2  contig_26_pilon  1715286 1715329   (12121) + A-rich        Simple_repeat      1     45    (0) 1806  
   13   19.1  1.8  7.7  contig_26_pilon  1715559 1715613   (11837) + (AATTTT)n     Simple_repeat      1     52    (0) 1807  
   20   19.3  7.4  2.4  contig_26_pilon  1718815 1718895    (8555) + A-rich        Simple_repeat      1     85    (0) 1808  
   12   21.5  4.4  2.2  contig_26_pilon  1719037 1719081    (8369) + (TTA)n        Simple_repeat      1     46    (0) 1809  
   13   28.4  0.0  2.1  contig_26_pilon  1722609 1722657    (4793) + (ATTTTT)n     Simple_repeat      1     48    (0) 1810  
   16    8.4  7.5  2.4  contig_26_pilon  1722956 1722995    (4455) + (GAATATTT)n   Simple_repeat      1     42    (0) 1811  
   17   20.2  5.9  0.0  contig_26_pilon  1724375 1724425    (3025) + (TTA)n        Simple_repeat      1     54    (0) 1812  
   16   27.4  4.5  0.0  contig_26_pilon  1724717 1724782    (2668) + A-rich        Simple_repeat      1     69    (0) 1813  
   13   23.4  0.0  2.4  contig_26_pilon  1725096 1725137    (2313) + (TTTAATT)n    Simple_repeat      1     41    (0) 1814  
   18   12.0  0.0  0.0  contig_26_pilon  1725543 1725569    (1881) + (T)n          Simple_repeat      1     27    (0) 1815  
   15   30.1  0.0  4.2  contig_26_pilon  1725997 1726070    (1380) + (ATTTTTT)n    Simple_repeat      1     71    (0) 1816  
   18   14.0  3.9  3.9  contig_26_pilon  1726249 1726299    (1151) + (TTTTAT)n     Simple_repeat      1     51    (0) 1817  
   17   24.0  4.2  2.7  contig_3_pilon      15     86 (491175) + (CGGCCCG)n  Simple_repeat      1     73    (0) 1818 *
   23   15.1  0.0  0.0  contig_3_pilon      55     98 (491163) + (GCGGACG)n  Simple_repeat      1     44    (0) 1819  
   94    0.0  0.0  0.0  contig_3_pilon    1813   1892 (489369) + (AT)n       Simple_repeat      1     80    (0) 1820  
   15   34.6  2.4  2.4  contig_3_pilon    1965   2048 (489213) + (AT)n       Simple_repeat      1     84    (0) 1821  
   12   21.7  0.0  0.0  contig_3_pilon    5367   5398 (485863) + (CTCCAT)n   Simple_repeat      1     32    (0) 1822  
   18   11.4  5.9  3.9  contig_3_pilon    8704   8754 (482507) + (ATACAAT)n  Simple_repeat      1     52    (0) 1823  
   69   32.5  1.8  2.7  contig_3_pilon   10602  10936 (480325) + (CGGC)n     Simple_repeat      1    332    (0) 1824  
   20    9.2  8.7  0.0  contig_3_pilon   12257  12302 (478959) + (GTGAGCA)n  Simple_repeat      1     50    (0) 1825  
   27   11.6  7.5  1.4  contig_3_pilon   26587  26653 (464608) + (CACTGCT)n  Simple_repeat      1     71    (0) 1826  
   15   15.9  2.9  0.0  contig_3_pilon   39571  39605 (451656) + (CCGGAT)n   Simple_repeat      1     36    (0) 1827  
   45   24.4  5.5  4.6  contig_3_pilon   65307  65542 (425719) + (CGGC)n     Simple_repeat      1    238    (0) 1828  
   15   21.8  0.0  0.0  contig_3_pilon   68430  68466 (422795) + (CCG)n      Simple_repeat      1     37    (0) 1829  
   15   22.6  0.0  4.2  contig_3_pilon   70060  70109 (421152) + (CTCCCT)n   Simple_repeat      1     48    (0) 1830  
   18   12.2  2.6  2.6  contig_3_pilon   79495  79532 (411729) + (AGC)n      Simple_repeat      1     38    (0) 1831  
   14   21.2  5.4  1.7  contig_3_pilon   79679  79734 (411527) + (CCCTGCC)n  Simple_repeat      1     58    (0) 1832  
   13   12.3  5.4  2.6  contig_3_pilon   81244  81280 (409981) + A-rich      Simple_repeat      1     38    (0) 1833  
   12   13.9  4.4  6.8  contig_3_pilon   91255  91299 (399962) + (ATTGA)n    Simple_repeat      1     44    (0) 1834  
   11   18.4  2.4  5.0  contig_3_pilon   91587  91627 (399634) + A-rich      Simple_repeat      1     40    (0) 1835  
   29    0.0  0.0  0.0  contig_3_pilon  105268 105294 (385967) + (AAACCT)n   Simple_repeat      1     27    (0) 1836  
   12   25.6  2.4  0.0  contig_3_pilon  107862 107903 (383358) + (TCTACTT)n  Simple_repeat      1     43    (0) 1837  
   24   12.8  1.8  3.7  contig_3_pilon  111260 111314 (379947) + A-rich      Simple_repeat      1     54    (0) 1838  
   32    3.0  0.0  0.0  contig_3_pilon  113798 113831 (377430) + (CAG)n      Simple_repeat      1     34    (0) 1839  
   14    3.3 12.9  0.0  contig_3_pilon  126630 126660 (364601) + (CGT)n      Simple_repeat      1     35    (0) 1840  
   69    3.6  1.1  3.3  contig_3_pilon  138257 138348 (352913) + (CTTTTA)n   Simple_repeat      1     90    (0) 1841  
   12   19.1  3.8  5.8  contig_3_pilon  151946 151998 (339263) + (GGCTGCG)n  Simple_repeat      1     52    (0) 1842  
   11   23.5  0.0  9.3  contig_3_pilon  152640 152698 (338563) + A-rich      Simple_repeat      1     54    (0) 1843  
   12   18.4  0.0  3.1  contig_3_pilon  154806 154838 (336423) + A-rich      Simple_repeat      1     32    (0) 1844  
   16    9.3  0.0  0.0  contig_3_pilon  158045 158067 (333194) + (CT)n       Simple_repeat      1     23    (0) 1845  
   13   17.0  3.0  0.0  contig_3_pilon  158068 158072 (333189) + (CGCT)n     Simple_repeat      6     34    (0) 1846  
   14   27.1  0.0  0.0  contig_3_pilon  159542 159585 (331676) + (CTCTG)n    Simple_repeat      1     44    (0) 1847  
   11   22.1  5.4  3.5  contig_3_pilon  162520 162575 (328686) + A-rich      Simple_repeat      1     57    (0) 1848  
   13   12.4  8.6  0.0  contig_3_pilon  168658 168692 (322569) + (CTCAT)n    Simple_repeat      1     38    (0) 1849  
   12   19.3  0.0  3.1  contig_3_pilon  171435 171467 (319794) + (CGAT)n     Simple_repeat      1     32    (0) 1850  
   16   18.9  0.0  0.0  contig_3_pilon  182153 182182 (309079) + (T)n        Simple_repeat      1     30    (0) 1851  
   11    7.5  6.7  3.2  contig_3_pilon  189358 189387 (301874) + (GCAACA)n   Simple_repeat      1     31    (0) 1852  
   13   17.1  0.0  5.7  contig_3_pilon  190994 191030 (300231) + (CATTG)n    Simple_repeat      1     35    (0) 1853  
  106    0.0  0.0  0.0  contig_3_pilon  193247 193336 (297925) + (AT)n       Simple_repeat      1     90    (0) 1854  
   18   19.2  2.0  2.0  contig_3_pilon  195535 195583 (295678) + (TCGT)n     Simple_repeat      1     49    (0) 1855  
   31    0.0  0.0  0.0  contig_3_pilon  199956 199982 (291279) + (TA)n       Simple_repeat      1     27    (0) 1856  
   14   26.8  0.0  0.0  contig_3_pilon  209759 209799 (281462) + (GCT)n      Simple_repeat      1     41    (0) 1857  
   16   10.7  7.1  2.3  contig_3_pilon  211068 211109 (280152) + (TTATATT)n  Simple_repeat      1     44    (0) 1858  
   17   16.6  3.9  3.9  contig_3_pilon  220373 220423 (270838) + (CTTT)n     Simple_repeat      1     51    (0) 1859  
   13   18.8  0.0  5.3  contig_3_pilon  233414 233453 (257808) + (TTTATTT)n  Simple_repeat      1     38    (0) 1860  
   11   31.3  0.0  0.0  contig_3_pilon  233999 234042 (257219) + (TTGTCA)n   Simple_repeat      1     44    (0) 1861  
   12   10.7  9.1  4.3  contig_3_pilon  235462 235505 (255756) + (TATAATAG)n Simple_repeat      1     46    (0) 1862  
   11   13.6  2.8  5.7  contig_3_pilon  240089 240124 (251137) + (CTAACA)n   Simple_repeat      1     35    (0) 1863  
   17   12.5  0.0  0.0  contig_3_pilon  241107 241132 (250129) + (TA)n       Simple_repeat      1     26    (0) 1864  
   14   15.8  0.0  5.4  contig_3_pilon  243797 243835 (247426) + (ATTTTGA)n  Simple_repeat      1     37    (0) 1865  
   14   16.2  4.7  2.3  contig_3_pilon  244193 244235 (247026) + (AAGTAAG)n  Simple_repeat      1     44    (0) 1866  
   14   19.5  4.9  0.0  contig_3_pilon  250594 250634 (240627) + (ACAT)n     Simple_repeat      1     43    (0) 1867  
   13   28.6  1.8  1.8  contig_3_pilon  250717 250773 (240488) + A-rich      Simple_repeat      1     57    (0) 1868  
   13   14.7  3.3  0.0  contig_3_pilon  252156 252185 (239076) + (ATTTG)n    Simple_repeat      1     31    (0) 1869  
   32    0.0  0.0  0.0  contig_3_pilon  252990 253019 (238242) + (T)n        Simple_repeat      1     30    (0) 1870  
   22   20.1  1.9  0.0  contig_3_pilon  253053 253104 (238157) + (TTA)n      Simple_repeat      1     53    (0) 1871  
   26   19.1  2.9  1.4  contig_3_pilon  256476 256545 (234716) + (TGACGA)n   Simple_repeat      1     71    (0) 1872  
   13   20.8  0.0  0.0  contig_3_pilon  265488 265520 (225741) + (TTTAAT)n   Simple_repeat      1     33    (0) 1873  
   13   15.2  0.0  3.3  contig_3_pilon  267587 267617 (223644) + (TCATT)n    Simple_repeat      1     30    (0) 1874  
   12   14.4  0.0  0.0  contig_3_pilon  273807 273830 (217431) + (GGC)n      Simple_repeat      1     24    (0) 1875  
   13   18.2  0.0  0.0  contig_3_pilon  277805 277835 (213426) + A-rich      Simple_repeat      1     31    (0) 1876  
   12   12.5  0.0  3.7  contig_3_pilon  279881 279908 (211353) + (TTTTA)n    Simple_repeat      1     27    (0) 1877  
   26    0.0  3.0  3.0  contig_3_pilon  279983 280015 (211246) + (TATG)n     Simple_repeat      1     33    (0) 1878  
   76    0.0  0.0  0.0  contig_3_pilon  280017 280081 (211180) + (TA)n       Simple_repeat      1     65    (0) 1879  
   14    9.3  0.0  0.0  contig_3_pilon  291920 291942 (199319) + (GCA)n      Simple_repeat      1     23    (0) 1880  
   14    0.0  0.0  0.0  contig_3_pilon  298046 298063 (193198) + (AGC)n      Simple_repeat      1     18    (0) 1881  
   17    8.2  0.0  0.0  contig_3_pilon  299639 299664 (191597) + (GCA)n      Simple_repeat      1     26    (0) 1882  
   17    8.2  0.0  0.0  contig_3_pilon  301819 301844 (189417) + (GCT)n      Simple_repeat      1     26    (0) 1883  
   14    0.0  0.0  0.0  contig_3_pilon  303420 303437 (187824) + (GCT)n      Simple_repeat      1     18    (0) 1884  
   14    9.3  0.0  0.0  contig_3_pilon  309541 309563 (181698) + (GCT)n      Simple_repeat      1     23    (0) 1885  
   57    0.0  0.0  0.0  contig_3_pilon  312484 312532 (178729) + (TA)n       Simple_repeat      1     49    (0) 1886  
   14   27.7  1.3  6.7  contig_3_pilon  312677 312755 (178506) + (ATATTT)n   Simple_repeat      1     75    (0) 1887  
   11   15.2  2.4  7.5  contig_3_pilon  320017 320058 (171203) + (ATTTGT)n   Simple_repeat      1     40    (0) 1888  
   16   29.6  2.6  2.6  contig_3_pilon  320522 320599 (170662) + (TATA)n     Simple_repeat      1     78    (0) 1889  
   14    5.0  0.0  0.0  contig_3_pilon  341015 341035 (150226) + (ATAA)n     Simple_repeat      1     21    (0) 1890  
   13   17.5  0.0  3.0  contig_3_pilon  341762 341795 (149466) + (ATTTT)n    Simple_repeat      1     33    (0) 1891  
   18   18.7  0.0  0.0  contig_3_pilon  344394 344425 (146836) + A-rich      Simple_repeat      1     32    (0) 1892  
   18   14.6  4.3  2.1  contig_3_pilon  346359 346405 (144856) + (TCACCC)n   Simple_repeat      1     48    (0) 1893  
   14   14.8  2.4  5.0  contig_3_pilon  349504 349544 (141717) + A-rich      Simple_repeat      1     40    (0) 1894  
   18    6.8  3.2  0.0  contig_3_pilon  351294 351324 (139937) + (AAGAA)n    Simple_repeat      1     32    (0) 1895  
   21   30.2  1.3  0.0  contig_3_pilon  351681 351757 (139504) + (TTATTTT)n  Simple_repeat      1     78    (0) 1896  
   19   26.9  1.3  4.0  contig_3_pilon  351758 351760 (139501) + (ATTTT)n    Simple_repeat      2     78    (0) 1897  
   13   15.9  0.0  0.0  contig_3_pilon  351861 351888 (139373) + (TTTA)n     Simple_repeat      1     28    (0) 1898  
   30    0.0  0.0  3.1  contig_3_pilon  359269 359301 (131960) + (CACCT)n    Simple_repeat      1     32    (0) 1899  
   20   13.4  2.4  0.0  contig_3_pilon  359657 359677 (131584) + (CAC)n      Simple_repeat      1     23    (0) 1900  
   45    4.1  0.0  0.0  contig_3_pilon  359678 359727 (131534) + (CAG)n      Simple_repeat      1     50    (0) 1901  
   20   13.4  2.4  0.0  contig_3_pilon  359728 359747 (131514) + (CAC)n      Simple_repeat      3     23    (0) 1902  
   16    9.6  2.7  5.6  contig_3_pilon  375647 375683 (115578) + (TCT)n      Simple_repeat      1     36    (0) 1903  
   12   18.2  2.4  5.0  contig_3_pilon  377894 377934 (113327) + G-rich      Simple_repeat      1     40    (0) 1904  
   26    3.4  0.0  0.0  contig_3_pilon  378073 378102 (113159) + (CGGCA)n    Simple_repeat      1     30    (0) 1905  
   12   16.9  0.0  5.7  contig_3_pilon  378638 378674 (112587) + (TTTGTG)n   Simple_repeat      1     35    (0) 1906  
   20   13.0  0.0  0.0  contig_3_pilon  379502 379536 (111725) + (GAC)n      Simple_repeat      1     35    (0) 1907  
   18   20.3  4.3  0.0  contig_3_pilon  379537 379547 (111714) + (TGA)n      Simple_repeat      2     49    (0) 1908  
   12   18.9  2.6  2.6  contig_3_pilon  383698 383735 (107526) + GA-rich     Simple_repeat      1     38    (0) 1909  
  181    8.5  0.8  0.0  contig_3_pilon  396085 396337  (94924) + (ATGGG)n    Simple_repeat      1    255    (0) 1910  
   12    9.0  4.7  9.8  contig_3_pilon  400279 400321  (90940) + (TACC)n     Simple_repeat      1     41    (0) 1911  
   16   16.2  0.0  0.0  contig_3_pilon  411742 411769  (79492) + (T)n        Simple_repeat      1     28    (0) 1912  
   12   14.4  0.0  0.0  contig_3_pilon  421691 421714  (69547) + (TGG)n      Simple_repeat      1     24    (0) 1913  
   18   14.9  0.0  0.0  contig_3_pilon  424678 424707  (66554) + (T)n        Simple_repeat      1     30    (0) 1914  
   11   11.0 12.8  0.0  contig_3_pilon  425720 425758  (65503) + (ATCAATC)n  Simple_repeat      1     44    (0) 1915  
   14   13.1  0.0  0.0  contig_3_pilon  429404 429429  (61832) + (CATC)n     Simple_repeat      1     26    (0) 1916  
   14   21.9  0.0  6.0  contig_3_pilon  435145 435197  (56064) + A-rich      Simple_repeat      1     50    (0) 1917  
   12    0.0  0.0  5.3  contig_3_pilon  435308 435327  (55934) + (ACG)n      Simple_repeat      1     19    (0) 1918  
   13   18.9  2.8  0.0  contig_3_pilon  439000 439035  (52226) + (TAATAAG)n  Simple_repeat      1     37    (0) 1919  
   14   16.9  0.0  2.9  contig_3_pilon  439136 439170  (52091) + (ATATT)n    Simple_repeat      1     34    (0) 1920  
   15   18.9  2.3  2.3  contig_3_pilon  439294 439337  (51924) + (ATAATTA)n  Simple_repeat      1     44    (0) 1921  
   21   14.7  2.1  2.1  contig_3_pilon  440482 440528  (50733) + (TATT)n     Simple_repeat      1     47    (0) 1922  
   15   17.4  7.0  5.2  contig_3_pilon  440794 440850  (50411) + (AT)n       Simple_repeat      1     58    (0) 1923  
   47    0.0  0.0  0.0  contig_3_pilon  451842 451881  (39380) + (TA)n       Simple_repeat      1     40    (0) 1924  
   21    5.4  7.7  0.0  contig_3_pilon  454231 454269  (36992) + (TTTAT)n    Simple_repeat      1     42    (0) 1925  
   19   24.2  0.0  0.0  contig_3_pilon  454270 454281  (36980) + (TTTT)n     Simple_repeat      1     51    (0) 1926  
   12   10.7  2.9  6.1  contig_3_pilon  464112 464145  (27116) + (ATCTAC)n   Simple_repeat      1     33    (0) 1927  
   14   19.3  2.3  2.3  contig_3_pilon  467466 467508  (23753) + (CGCCA)n    Simple_repeat      1     43    (0) 1928  
   19    4.0  0.0  0.0  contig_3_pilon  467550 467575  (23686) + (ACA)n      Simple_repeat      1     26    (0) 1929  
   12   10.7  2.9  6.1  contig_3_pilon  473452 473485  (17776) + (GCGG)n     Simple_repeat      1     33    (0) 1930  
   21   15.5  1.8  5.6  contig_32_pilon   2024  2079 (85133) + (TAT)n     Simple_repeat      1     54    (0) 1931  
   15   30.4  2.7  1.3  contig_32_pilon   3426  3499 (83713) + (ATTAA)n   Simple_repeat      1     75    (0) 1932  
   15   11.4  7.5  2.4  contig_32_pilon   3811  3850 (83362) + (TTA)n     Simple_repeat      1     42    (0) 1933  
   12   23.6  0.0  6.4  contig_32_pilon   5003  5052 (82160) + (TTTTAAT)n Simple_repeat      1     47    (0) 1934  
   17   26.6  0.0  3.3  contig_32_pilon   5138  5199 (82013) + (TTTAT)n   Simple_repeat      1     60    (0) 1935  
   12    9.4 11.8  0.0  contig_32_pilon   5457  5490 (81722) + (AATAAT)n  Simple_repeat      1     38    (0) 1936  
   12   21.2  4.3  2.1  contig_32_pilon  19119 19164 (68048) + (TAATAT)n  Simple_repeat      1     47    (0) 1937  
   13   26.1  3.2  3.2  contig_32_pilon  19898 19960 (67252) + (TTATTTA)n Simple_repeat      1     63    (0) 1938  
   22   22.1  2.3  5.9  contig_32_pilon  21016 21049 (66163) + A-rich     Simple_repeat      1     52   (33) 1939  
   16   16.1  5.7  0.0  contig_32_pilon  21050 21084 (66128) + (TA)n      Simple_repeat      1     37    (0) 1940  
   22   22.1  2.3  5.9  contig_32_pilon  21085 21103 (66109) + A-rich     Simple_repeat     53     85    (0) 1939  
   18   14.7  5.3  0.0  contig_32_pilon  25298 25335 (61877) + (AT)n      Simple_repeat      1     40    (0) 1941  
   16   21.3  2.6  0.0  contig_32_pilon  25605 25642 (61570) + (AT)n      Simple_repeat      1     39    (0) 1942  
   16   14.8  5.1  2.5  contig_32_pilon  25727 25765 (61447) + (AT)n      Simple_repeat      1     40    (0) 1943  
   16   24.3  0.0  2.4  contig_32_pilon  36112 36162 (51050) + A-rich     Simple_repeat      1     49    (0) 1944  
   11   24.1  0.0  0.0  contig_32_pilon  36959 36992 (50220) + A-rich     Simple_repeat      1     34    (0) 1945  
   21   19.4  5.2  3.9  contig_32_pilon  40577 40653 (46559) + A-rich     Simple_repeat      1     78    (0) 1946  
   17   23.9  1.7  3.5  contig_32_pilon  40641 40698 (46514) + (ATT)n     Simple_repeat      1     57    (0) 1947 *
   14   27.9  1.7  1.7  contig_32_pilon  42720 42777 (44435) + (TTTTA)n   Simple_repeat      1     58    (0) 1948  
   17   12.5  0.0  5.4  contig_32_pilon  44624 44662 (42550) + (TTATTT)n  Simple_repeat      1     37    (0) 1949  
   45   25.7  4.3  0.0  contig_32_pilon  48490 48628 (38584) + (AT)n      Simple_repeat      1    145    (0) 1950  
   25   12.8  2.3  0.0  contig_32_pilon  48947 48996 (38216) + (AT)n      Simple_repeat      1     51    (0) 1951  
   13   22.8  2.4  0.0  contig_32_pilon  53324 53364 (33848) + A-rich     Simple_repeat      1     42    (0) 1952  
   19   25.7  1.4  2.9  contig_32_pilon  53432 53451 (33761) + (ATTTTT)n  Simple_repeat      1     66    (0) 1953  
   22   22.4  0.0  0.0  contig_32_pilon  53452 53498 (33714) + (T)n       Simple_repeat      1     47    (0) 1954  
   13   16.0  2.7  2.7  contig_32_pilon  53946 53982 (33230) + A-rich     Simple_repeat      1     37    (0) 1955  
   16   16.1  5.7  0.0  contig_32_pilon  54192 54226 (32986) + (AT)n      Simple_repeat      1     37    (0) 1956  
   15    5.6  7.0  7.0  contig_32_pilon  54515 54557 (32655) + (AATA)n    Simple_repeat      1     43    (0) 1957  
   14   20.6  0.0  6.4  contig_32_pilon  55433 55482 (31730) + (TAATTAA)n Simple_repeat      1     47    (0) 1958  
   21   23.0  5.4  3.2  contig_32_pilon  57416 57507 (29705) + (ATATTA)n  Simple_repeat      1     94    (0) 1959  
   15   26.2  2.0  0.0  contig_32_pilon  58044 58093 (29119) + A-rich     Simple_repeat      1     51    (0) 1960  
   15   20.0  0.0  0.0  contig_32_pilon  58350 58378 (28834) + (T)n       Simple_repeat      1     29    (0) 1961  
   12   22.6  4.2  2.0  contig_32_pilon  72544 72591 (14621) + A-rich     Simple_repeat      1     49    (0) 1962  
   13   20.9  0.0  0.0  contig_32_pilon  73567 73599 (13613) + (TTTAA)n   Simple_repeat      1     33    (0) 1963  
   17    7.0  3.3  0.0  contig_32_pilon  74017 74051 (13161) + (AAATAA)n  Simple_repeat      1     36    (0) 1964  
   17   20.6  0.0  0.0  contig_32_pilon  76032 76065 (11147) + A-rich     Simple_repeat      1     34    (0) 1965  
   18   14.7  0.0  0.0  contig_32_pilon  79775 79804  (7408) + (A)n       Simple_repeat      1     30    (0) 1966  
   16   21.7  0.0  0.0  contig_32_pilon  80082 80113  (7099) + A-rich     Simple_repeat      1     32    (0) 1967  
   20   13.7  0.0  0.0  contig_32_pilon  80985 81016  (6196) + (A)n       Simple_repeat      1     32    (0) 1968  
   13   11.9  5.0  5.0  contig_32_pilon  81407 81446  (5766) + (ATATT)n   Simple_repeat      1     40    (0) 1969  
   22   24.3  3.0  3.0  contig_32_pilon  83399 83497  (3715) + A-rich     Simple_repeat      1     98    (0) 1970  
   15   18.3  7.5  4.3  contig_32_pilon  83625 83691  (3521) + (AAT)n     Simple_repeat      1     69    (0) 1971  
   22   25.4  1.1  4.8  contig_32_pilon  84299 84385  (2827) + (TTTTA)n   Simple_repeat      1     84    (0) 1972  
   20   22.4  3.0  3.0  contig_32_pilon  84893 84960  (2252) + (TTTA)n    Simple_repeat      1     68    (0) 1973  
   15    4.3  4.2  0.0  contig_32_pilon  87183 87206     (6) + (ATT)n     Simple_repeat      1     25    (0) 1974  
   14   13.0  5.9  0.0  contig_33_pilon   4817  4850 (6169) + A-rich    Simple_repeat      1     36    (0) 1975  
   43   24.9  4.8  1.8  contig_33_pilon   5349  5465 (5554) + (TTTTAT)n Simple_repeat      1    149   (22) 1976  
   16   21.3  0.0  0.0  contig_33_pilon   5466  5498 (5521) + (T)n      Simple_repeat      1     33    (0) 1977  
   43   24.9  4.8  1.8  contig_33_pilon   5499  5514 (5505) + (TTTTAT)n Simple_repeat    150    171    (0) 1976  
   13   26.1  1.9  1.9  contig_33_pilon   6013  6064 (4955) + (ATTTT)n  Simple_repeat      1     52    (0) 1978  
   12    4.3  8.3  0.0  contig_33_pilon   7204  7227 (3792) + (TAAAT)n  Simple_repeat      1     26    (0) 1979  
   14   18.1  6.8  0.0  contig_33_pilon   7340  7383 (3636) + (ATTA)n   Simple_repeat      1     47    (0) 1980  
   25   27.7  4.8  0.0  contig_33_pilon   7939  8042 (2977) + A-rich    Simple_repeat      1    109    (0) 1981  
   18   15.9  2.9  0.0  contig_33_pilon   8296  8330 (2689) + (AT)n     Simple_repeat      1     36    (0) 1982  
   16   23.9  4.4  0.0  contig_33_pilon   9447  9491 (1528) + (TA)n     Simple_repeat      1     47    (0) 1983  
  492   24.1  0.0  0.0  contig_33_pilon   9919 10598  (421) + A-rich    Simple_repeat      1    680    (0) 1984  
  492   24.1  0.0  0.0  contig_33_pilon  10781 11001   (18) + A-rich    Simple_repeat    863   1083    (0) 1985  
   26   23.3  6.5  1.0  contig_37_pilon     186    277 (104643) + (TA)n     Simple_repeat      1     97    (0) 1986  
   14   18.9  0.0  2.7  contig_37_pilon   10891  10928  (93992) + G-rich    Simple_repeat      1     37    (0) 1987  
   13   16.3  0.0  5.6  contig_37_pilon   10971  11008  (93912) + (ATTTAT)n Simple_repeat      1     36    (0) 1988  
   16    0.0  0.0  0.0  contig_37_pilon   14033  14050  (90870) + (AT)n     Simple_repeat      1     18    (0) 1989  
   19   22.6  0.0  0.0  contig_37_pilon   17786  17826  (87094) + (T)n      Simple_repeat      1     41    (0) 1990  
   17   17.5  2.8  0.0  contig_37_pilon   18023  18060  (86860) + A-rich    Simple_repeat      1     39    (0) 1991  
   16    0.0  0.0  0.0  contig_37_pilon   25799  25816  (79104) + (AT)n     Simple_repeat      1     18    (0) 1992  
   13   15.9  0.0  0.0  contig_37_pilon   41059  41086  (63834) + (ATATA)n  Simple_repeat      1     28    (0) 1993  
   13   19.3  4.7  2.3  contig_37_pilon   44687  44729  (60191) + (TTC)n    Simple_repeat      1     44    (0) 1994  
   17   15.3  0.0  0.0  contig_37_pilon   61097  61125  (43795) + (T)n      Simple_repeat      1     29    (0) 1995  
   15    9.8  0.0  0.0  contig_37_pilon   61187  61208  (43712) + (AT)n     Simple_repeat      1     22    (0) 1996  
   17   18.5  0.0  0.0  contig_37_pilon   73250  73280  (31640) + (AT)n     Simple_repeat      1     31    (0) 1997  
   15   15.0  2.6  2.6  contig_37_pilon   83353  83391  (21529) + (ATTTT)n  Simple_repeat      1     39    (0) 1998  
   16   13.2  0.0  0.0  contig_37_pilon   92146  92170  (12750) + (A)n      Simple_repeat      1     25    (0) 1999  
   15   19.4  2.3  2.3  contig_37_pilon  103572 103614   (1306) + GA-rich   Simple_repeat      1     43    (0) 2000  
   14   21.5  1.6  6.9  contig_38_pilon     1325    1385 (1266526) + (CAACGA)n     Simple_repeat      1     58    (0) 2001  
   13   31.1  1.8  0.0  contig_38_pilon    10847   10901 (1257010) + A-rich        Simple_repeat      1     56    (0) 2002  
   16   15.9  0.0  0.0  contig_38_pilon    15445   15495 (1252416) + (T)n          Simple_repeat      1     51    (0) 2003  
   16   23.5  5.5  2.7  contig_38_pilon    23962   24034 (1243877) + (TCCTTC)n     Simple_repeat      1     75    (0) 2004  
   13    7.5  3.1  6.5  contig_38_pilon    28818   28849 (1239062) + (AACGC)n      Simple_repeat      1     31    (0) 2005  
   15   14.8  0.0  7.5  contig_38_pilon    29345   29387 (1238524) + A-rich        Simple_repeat      1     40    (0) 2006  
   23   11.1  0.0  0.0  contig_38_pilon    35123   35161 (1232750) + (TCACCGC)n    Simple_repeat      1     39    (0) 2007  
   26    6.3  0.0  0.0  contig_38_pilon    40421   40454 (1227457) + (GTGAGCG)n    Simple_repeat      1     34    (0) 2008  
   13    7.0  6.2  3.0  contig_38_pilon    43643   43674 (1224237) + (TCTCCT)n     Simple_repeat      1     33    (0) 2009  
   14   21.5  1.6  6.9  contig_38_pilon    56729   56789 (1211122) + (CAACGA)n     Simple_repeat      1     58    (0) 2010  
   14   23.1  1.9  3.8  contig_38_pilon    58720   58773 (1209138) + A-rich        Simple_repeat      1     53    (0) 2011  
   14   12.8  5.9  0.0  contig_38_pilon    61771   61804 (1206107) + (ATTT)n       Simple_repeat      1     36    (0) 2012  
  104    0.0  0.0  0.0  contig_38_pilon    63891   63978 (1203933) + (AT)n         Simple_repeat      1     88    (0) 2013  
  253   29.4  2.9  2.8  contig_38_pilon    63990   65071 (1202840) + (AT)n         Simple_repeat      1   1083    (0) 2014  
   90    0.0  6.0  0.0  contig_38_pilon    65428   65527 (1202384) + (ATATAC)n     Simple_repeat      1    106    (0) 2015  
   21    4.9  9.5  0.0  contig_38_pilon    74119   74160 (1193751) + (GTGAGCA)n    Simple_repeat      1     46    (0) 2016  
   12    0.0  9.1  0.0  contig_38_pilon    75252   75273 (1192638) + (GAGC)n       Simple_repeat      1     24    (0) 2017  
   14    9.6  0.0  0.0  contig_38_pilon    82020   82042 (1185869) + (AAT)n        Simple_repeat      1     23    (0) 2018  
   16   12.8  0.0  5.6  contig_38_pilon   112017  112054 (1155857) + G-rich        Simple_repeat      1     36    (0) 2019  
   12   15.3  3.5  0.0  contig_38_pilon   117658  117686 (1150225) + (TTCC)n       Simple_repeat      1     30    (0) 2020  
   13    9.6  0.0  0.0  contig_38_pilon   118940  118962 (1148949) + (TTGC)n       Simple_repeat      1     23    (0) 2021  
   16   21.7  6.8  2.6  contig_38_pilon   141645  141717 (1126194) + (TATTA)n      Simple_repeat      1     76    (0) 2022  
   17   10.0  0.0  3.0  contig_38_pilon   144428  144461 (1123450) + (AAATGA)n     Simple_repeat      1     33    (0) 2023  
   22   13.0  0.0  0.0  contig_38_pilon   149037  149070 (1118841) + (A)n          Simple_repeat      1     34    (0) 2024  
   22    5.6  2.6  2.6  contig_38_pilon   149071  149071 (1118840) + (AAATAAA)n    Simple_repeat      5     39    (0) 2025  
   18   27.6  0.0  4.4  contig_38_pilon   153444  153514 (1114397) + A-rich        Simple_repeat      1     68    (0) 2026  
   13   20.0  2.4  2.4  contig_38_pilon   153882  153923 (1113988) + A-rich        Simple_repeat      1     42    (0) 2027  
   14   22.7  0.0  2.4  contig_38_pilon   167026  167068 (1100843) + G-rich        Simple_repeat      1     42    (0) 2028  
   13   27.8  3.1  3.1  contig_38_pilon   169676  169739 (1098172) + (ATT)n        Simple_repeat      1     64    (0) 2029  
   22    9.1  0.0  0.0  contig_38_pilon   180654  180688 (1087223) + (TCACCT)n     Simple_repeat      1     35    (0) 2030  
   19   24.6  3.8  2.5  contig_38_pilon   197178  197259 (1070652) + (TTTTATA)n    Simple_repeat      1     83    (0) 2031  
   19   17.2  0.0  0.0  contig_38_pilon   197322  197354 (1070557) + (T)n          Simple_repeat      1     33    (0) 2032  
   18   17.7  1.0  5.2  contig_38_pilon   206147  206204 (1061707) + A-rich        Simple_repeat      1     55    (0) 2033  
   15   13.9  0.0  0.0  contig_38_pilon   206182  206205 (1061706) + (A)n          Simple_repeat      1     24    (0) 2034 *
   13   20.9  0.0  0.0  contig_38_pilon   211193  211225 (1056686) + A-rich        Simple_repeat      1     33    (0) 2035  
   24   22.5  1.6  0.0  contig_38_pilon   213510  213572 (1054339) + (ATTTAGA)n    Simple_repeat      1     64    (0) 2036  
   17    9.1  5.7  0.0  contig_38_pilon   221995  222029 (1045882) + (CGAGTAT)n    Simple_repeat      1     37    (0) 2037  
   19   14.7  4.4  0.0  contig_38_pilon   234043  234087 (1033824) + (CCTCAC)n     Simple_repeat      1     47    (0) 2038  
   15   21.1  0.0  0.0  contig_38_pilon   235183  235211 (1032700) + (T)n          Simple_repeat      1     29    (0) 2039  
   12   26.1  2.0  4.0  contig_38_pilon   241107  241157 (1026754) + (CTTC)n       Simple_repeat      1     50    (0) 2040  
   13   18.9  0.0  0.0  contig_38_pilon   243953  243982 (1023929) + (TGA)n        Simple_repeat      1     30    (0) 2041  
   15   27.9  0.0  0.0  contig_38_pilon   245953  246000 (1021911) + (GACCGTC)n    Simple_repeat      1     48    (0) 2042  
   19    8.2  0.0  0.0  contig_38_pilon   259589  259614 (1008297) + (G)n          Simple_repeat      1     26    (0) 2043  
   16   14.8  0.0  5.1  contig_38_pilon   268492  268532  (999379) + (ATATTTT)n    Simple_repeat      1     39    (0) 2044  
   16    0.0  0.0  0.0  contig_38_pilon   284349  284366  (983545) + (T)n          Simple_repeat      1     18    (0) 2045  
   17   22.2  5.2  0.0  contig_38_pilon   284403  284460  (983451) + (ATTTAA)n     Simple_repeat      1     61    (0) 2046  
   13   24.1  1.7  5.3  contig_38_pilon   284461  284461  (983450) + A-rich        Simple_repeat      1     57    (0) 2047  
   17    9.4  0.0  8.1  contig_38_pilon   292137  292176  (975735) + A-rich        Simple_repeat      1     37    (0) 2048  
  116    6.8  0.0  0.0  contig_38_pilon   302764  302905  (965006) + (TATA)n       Simple_repeat      1    142    (0) 2049  
   22    7.3  0.0  0.0  contig_38_pilon   306246  306274  (961637) + (A)n          Simple_repeat      1     29    (0) 2050  
   13   21.9  8.6  0.0  contig_38_pilon   310249  310306  (957605) + (CTAATTA)n    Simple_repeat      1     63    (0) 2051  
   31   30.2  0.0  3.4  contig_38_pilon   311134  311258  (956653) + (GGTGAT)n     Simple_repeat      1    120    (0) 2052  
   12   17.0  2.9  2.9  contig_38_pilon   311655  311689  (956222) + GA-rich       Simple_repeat      1     35    (0) 2053  
   12   13.8 10.0  0.0  contig_38_pilon   322288  322327  (945584) + A-rich        Simple_repeat      1     44    (0) 2054  
   12   22.0  4.8  0.0  contig_38_pilon   323749  323790  (944121) + (TACATCT)n    Simple_repeat      1     44    (0) 2055  
   12   16.6  2.8  2.8  contig_38_pilon   329081  329116  (938795) + (ATATATT)n    Simple_repeat      1     36    (0) 2056  
   53    0.0  2.0  0.0  contig_38_pilon   330362  330410  (937501) + (AT)n         Simple_repeat      1     50    (0) 2057  
   15   16.7  2.4  2.4  contig_38_pilon   345672  345713  (922198) + A-rich        Simple_repeat      1     42    (0) 2058  
   13   21.9  0.0  2.6  contig_38_pilon   346014  346052  (921859) + A-rich        Simple_repeat      1     38    (0) 2059  
   19   15.3  0.0  0.0  contig_38_pilon   347395  347432  (920479) + A-rich        Simple_repeat      1     38    (0) 2060  
   17    0.0  4.0  0.0  contig_38_pilon   347431  347455  (920456) + (AAGAA)n      Simple_repeat      1     26    (0) 2061 *
   20   31.0  2.4  0.0  contig_38_pilon   348365  348447  (919464) + A-rich        Simple_repeat      1     85    (0) 2062  
   17   20.5  0.0  0.0  contig_38_pilon   353370  353409  (914502) + (AAGGC)n      Simple_repeat      1     40    (0) 2063  
   14   11.5  0.0  3.5  contig_38_pilon   354732  354761  (913150) + (CTTTT)n      Simple_repeat      1     29    (0) 2064  
   31   22.2  0.0  0.0  contig_38_pilon   361037  361103  (906808) + (ACAC)n       Simple_repeat      1     67    (0) 2065  
   21    9.5  0.0  0.0  contig_38_pilon   361777  361810  (906101) + (ACAAA)n      Simple_repeat      1     34    (0) 2066  
   28   23.4  2.5  0.0  contig_38_pilon   366305  366384  (901527) + A-rich        Simple_repeat      1     82    (0) 2067  
   12   23.3  0.0  0.0  contig_38_pilon   368747  368781  (899130) + (TCGACC)n     Simple_repeat      1     35    (0) 2068  
   16   10.0  0.0  0.0  contig_38_pilon   380398  380419  (887492) + (T)n          Simple_repeat      1     22    (0) 2069  
   15   28.1  2.6  3.9  contig_38_pilon   380991  381068  (886843) + (ATTT)n       Simple_repeat      1     77    (0) 2070  
   12   25.0  4.0  2.0  contig_38_pilon   382969  383018  (884893) + (ATTAA)n      Simple_repeat      1     51    (0) 2071  
   61    0.0  0.0  0.0  contig_38_pilon   383511  383562  (884349) + (TA)n         Simple_repeat      1     52    (0) 2072  
   14    3.4  5.9  5.9  contig_38_pilon   386047  386080  (881831) + (GCCGAC)n     Simple_repeat      1     34    (0) 2073  
   12   15.3  5.3  2.6  contig_38_pilon   388710  388747  (879164) + A-rich        Simple_repeat      1     39    (0) 2074  
   15   20.0  0.0  0.0  contig_38_pilon   389985  390020  (877891) + GA-rich       Simple_repeat      1     36    (0) 2075  
   22    6.4  0.0  0.0  contig_38_pilon   407072  407104  (860807) + (GGTGCT)n     Simple_repeat      1     33    (0) 2076  
   12   10.8  6.7  0.0  contig_38_pilon   407742  407771  (860140) + (TTAGAT)n     Simple_repeat      1     32    (0) 2077  
   18    4.7  0.0  0.0  contig_38_pilon   426008  426029  (841882) + (T)n          Simple_repeat      1     22    (0) 2078  
   22   14.9  0.0  0.0  contig_38_pilon   427184  427220  (840691) + (A)n          Simple_repeat      1     37    (0) 2079  
   28   20.7  0.0  0.0  contig_38_pilon   428943  429003  (838908) + (TTTA)n       Simple_repeat      1     61    (0) 2080  
   15   13.9  3.1  0.0  contig_38_pilon   440170  440201  (827710) + A-rich        Simple_repeat      1     33    (0) 2081  
   16   16.5  0.0  0.0  contig_38_pilon   458469  458502  (809409) + (GATGAA)n     Simple_repeat      1     34    (0) 2082  
   38    4.6  0.0  0.0  contig_38_pilon   464610  464654  (803257) + (GACAACAAC)n  Simple_repeat      1     45    (0) 2083  
   14   15.4  9.4  1.8  contig_38_pilon   466474  466526  (801385) + (TGGAGTT)n    Simple_repeat      1     57    (0) 2084  
   18   21.2  0.0  0.0  contig_38_pilon   469745  469788  (798123) + (GACGAA)n     Simple_repeat      1     44    (0) 2085  
   13   13.9  2.1  9.1  contig_38_pilon   474404  474450  (793461) + (GCAGAA)n     Simple_repeat      1     44    (0) 2086  
   17   18.8  0.0  0.0  contig_38_pilon   476364  476394  (791517) + (T)n          Simple_repeat      1     31    (0) 2087  
   12   22.1  4.8  4.8  contig_38_pilon   476798  476860  (791051) + G-rich        Simple_repeat      1     63    (0) 2088  
   18   15.9  0.0  0.0  contig_38_pilon   482608  482642  (785269) + (CCT)n        Simple_repeat      1     35    (0) 2089  
   17   31.7  1.3  1.3  contig_38_pilon   483046  483121  (784790) + (TATA)n       Simple_repeat      1     76    (0) 2090  
   16   28.5  3.6  0.0  contig_38_pilon   484888  484942  (782969) + (TA)n         Simple_repeat      1     57    (0) 2091  
   15   16.4  0.0  2.9  contig_38_pilon   485873  485908  (782003) + (CTTTTT)n     Simple_repeat      1     35    (0) 2092  
   16   16.5  0.0  0.0  contig_38_pilon   486937  486970  (780941) + (GGCCAT)n     Simple_repeat      1     34    (0) 2093  
   13   15.2  0.0 10.0  contig_38_pilon   500279  500322  (767589) + (ATTTT)n      Simple_repeat      1     40    (0) 2094  
   13    4.1  8.0  0.0  contig_38_pilon   500849  500873  (767038) + (TTAGT)n      Simple_repeat      1     27    (0) 2095  
   12   16.6  4.5  4.5  contig_38_pilon   501637  501680  (766231) + (TCTTAT)n     Simple_repeat      1     44    (0) 2096  
   16   11.7  2.4  5.0  contig_38_pilon   501786  501826  (766085) + A-rich        Simple_repeat      1     40    (0) 2097  
   23   17.6  0.0  1.9  contig_38_pilon   504239  504271  (763640) + (TTAT)n       Simple_repeat      1     33    (0) 2098  
   26    0.0  0.0  0.0  contig_38_pilon   504272  504296  (763615) + (TTA)n        Simple_repeat      1     25    (0) 2099  
   23   17.6  0.0  1.9  contig_38_pilon   504297  504316  (763595) + (TTAT)n       Simple_repeat      2     22    (0) 2100  
   17   18.5  0.0  0.0  contig_38_pilon   505124  505154  (762757) + A-rich        Simple_repeat      1     31    (0) 2101  
   11   25.0  3.2  4.9  contig_38_pilon   506095  506156  (761755) + (CTCTATT)n    Simple_repeat      1     61    (0) 2102  
   12   23.3  4.4  0.0  contig_38_pilon   524723  524767  (743144) + (ATTTTA)n     Simple_repeat      1     47    (0) 2103  
   13   15.4  5.6  0.0  contig_38_pilon   537698  537733  (730178) + (TTTAT)n      Simple_repeat      1     38    (0) 2104  
   23    3.7  0.0  0.0  contig_38_pilon   538309  538336  (729575) + (AT)n         Simple_repeat      1     28    (0) 2105  
   44   22.6  6.0  2.9  contig_38_pilon   540640  540807  (727104) + (AT)n         Simple_repeat      1    173    (0) 2106  
   20    9.8  0.0  0.0  contig_38_pilon   542952  542984  (724927) + (TCGCAC)n     Simple_repeat      1     33    (0) 2107  
   15   21.2  6.2  4.5  contig_38_pilon   559006  559070  (708841) + (AT)n         Simple_repeat      1     66    (0) 2108  
   16   23.7  3.1  3.1  contig_38_pilon   561093  561156  (706755) + (TAATATA)n    Simple_repeat      1     64    (0) 2109  
   37   24.5  5.0  3.7  contig_38_pilon   561479  561637  (706274) + (AT)n         Simple_repeat      1    161    (0) 2110  
   21   22.4  0.0  1.1  contig_38_pilon   561793  561846  (706065) + A-rich        Simple_repeat      1     53    (0) 2111  
   27   20.8  6.8  1.9  contig_38_pilon   561889  562011  (705900) + (AATATT)n     Simple_repeat      1    129    (0) 2112  
   17   13.0  2.9  0.0  contig_38_pilon   562585  562619  (705292) + A-rich        Simple_repeat      1     36    (0) 2113  
   13   21.4  6.7  0.0  contig_38_pilon   562620  562625  (705286) + GA-rich       Simple_repeat      5     48    (0) 2114  
   11   15.7  0.0 10.3  contig_38_pilon   569205  569247  (698664) + A-rich        Simple_repeat      1     39    (0) 2115  
   14   22.8  2.4  0.0  contig_38_pilon   573441  573482  (694429) + A-rich        Simple_repeat      1     43    (0) 2116  
   25    7.7  2.3  2.3  contig_38_pilon   577050  577093  (690818) + (TGT)n        Simple_repeat      1     44    (0) 2117  
   17    5.0  0.0  0.0  contig_38_pilon   582713  582733  (685178) + (AC)n         Simple_repeat      1     21    (0) 2118  
   12   14.7  3.3  0.0  contig_38_pilon   587118  587147  (680764) + (ACGGCG)n     Simple_repeat      1     31    (0) 2119  
   12   15.3  3.9  8.2  contig_38_pilon   589081  589131  (678780) + (TTTTA)n      Simple_repeat      1     49    (0) 2120  
   17   26.2  1.1  7.2  contig_38_pilon   600783  600870  (667041) + (AATTT)n      Simple_repeat      1     83    (0) 2121  
   12   14.1  3.0  3.0  contig_38_pilon   602018  602050  (665861) + (TTTTA)n      Simple_repeat      1     33    (0) 2122  
   18   21.4  2.5  6.6  contig_38_pilon   602548  602626  (665285) + A-rich        Simple_repeat      1     76    (0) 2123  
   12   13.1  0.0 10.8  contig_38_pilon   602813  602853  (665058) + (ATCA)n       Simple_repeat      1     37    (0) 2124  
   13   27.9  0.0  0.0  contig_38_pilon   605047  605089  (662822) + A-rich        Simple_repeat      1     43    (0) 2125  
   13   14.8  5.1  2.5  contig_38_pilon   605114  605152  (662759) + A-rich        Simple_repeat      1     40    (0) 2126  
   14    9.3  0.0  0.0  contig_38_pilon   606213  606235  (661676) + (ACC)n        Simple_repeat      1     23    (0) 2127  
   53    0.0  0.0  0.0  contig_38_pilon   609870  609914  (657997) + (TA)n         Simple_repeat      1     45    (0) 2128  
   13   26.9  0.0  0.0  contig_38_pilon   621123  621162  (646749) + (GCA)n        Simple_repeat      1     40    (0) 2129  
   12   24.8  0.0  0.0  contig_38_pilon   623634  623667  (644244) + A-rich        Simple_repeat      1     34    (0) 2130  
   17   23.3  3.6  0.0  contig_38_pilon   628581  628635  (639276) + (GTTTACG)n    Simple_repeat      1     57    (0) 2131  
   12    8.0  8.9  6.5  contig_38_pilon   633928  633972  (633939) + (TTCACAC)n    Simple_repeat      1     46    (0) 2132  
   19   22.3  3.5  0.0  contig_38_pilon   642867  642924  (624987) + A-rich        Simple_repeat      1     60    (0) 2133  
   19   19.4  6.8  2.6  contig_38_pilon   643750  643823  (624088) + (ATATTTG)n    Simple_repeat      1     77    (0) 2134  
   32   18.4  5.8  2.8  contig_38_pilon   644083  644186  (623725) + (TATATT)n     Simple_repeat      1    107    (0) 2135  
   17   20.1  0.0  0.0  contig_38_pilon   644253  644286  (623625) + A-rich        Simple_repeat      1     34    (0) 2136  
   12   24.1  0.0  0.0  contig_38_pilon   649484  649517  (618394) + A-rich        Simple_repeat      1     34    (0) 2137  
   27    0.0  0.0  0.0  contig_38_pilon   653743  653768  (614143) + (T)n          Simple_repeat      1     26    (0) 2138  
   12   15.8  9.5  0.0  contig_38_pilon   674678  674719  (593192) + A-rich        Simple_repeat      1     46    (0) 2139  
   18   29.0  2.2  3.4  contig_38_pilon   675193  675281  (592630) + (ATTTTAA)n    Simple_repeat      1     88    (0) 2140  
   21   22.8  0.0  1.8  contig_38_pilon   683047  683104  (584807) + (ATTTAGG)n    Simple_repeat      1     57    (0) 2141  
   20   27.6  3.6  1.2  contig_38_pilon   683436  683519  (584392) + (ACGCCC)n     Simple_repeat      1     86    (0) 2142  
   25   18.2  4.3  1.4  contig_38_pilon   692879  692948  (574963) + (ACCCTAA)n    Simple_repeat      1     72    (0) 2143  
   18   16.2  4.0  2.0  contig_38_pilon   713569  713618  (554293) + (CTCGCG)n     Simple_repeat      1     51    (0) 2144  
   12   13.7  6.2  0.0  contig_38_pilon   713597  713628  (554283) + (GCTCAG)n     Simple_repeat      1     34    (0) 2145 *
   12   22.6  6.4  0.0  contig_38_pilon   713932  713978  (553933) + (GGCTGC)n     Simple_repeat      1     50    (0) 2146  
   15   15.3  0.0 12.2  contig_38_pilon   715079  715133  (552778) + (GGT)n        Simple_repeat      1     49    (0) 2147  
   12   15.3  3.5  0.0  contig_38_pilon   715288  715316  (552595) + G-rich        Simple_repeat      1     30    (0) 2148  
   18    8.5  0.0  0.0  contig_38_pilon   717830  717854  (550057) + (T)n          Simple_repeat      1     25    (0) 2149  
   13   15.9  0.0  0.0  contig_38_pilon   718059  718086  (549825) + (ATTAA)n      Simple_repeat      1     28    (0) 2150  
   13   16.1  8.1  4.7  contig_38_pilon   718308  718369  (549542) + (AACTTTGTA)n  Simple_repeat      1     64    (0) 2151  
   21   18.0  2.5  7.9  contig_38_pilon   723350  723429  (544482) + (CCGC)n       Simple_repeat      1     76    (0) 2152  
   14   25.2  0.0  2.3  contig_38_pilon   724402  724446  (543465) + (ATTA)n       Simple_repeat      1     44    (0) 2153  
   12   12.0  3.7  0.0  contig_38_pilon   727045  727071  (540840) + (AACA)n       Simple_repeat      1     28    (0) 2154  
   14   12.0  5.3  2.6  contig_38_pilon   728962  728999  (538912) + (CACAT)n      Simple_repeat      1     39    (0) 2155  
   12   15.3  3.5  0.0  contig_38_pilon   729844  729872  (538039) + (CCGC)n       Simple_repeat      1     30    (0) 2156  
   16   18.1  0.0 10.9  contig_38_pilon   730025  730087  (537824) + (CAC)n        Simple_repeat      1     56    (0) 2157  
   12   15.9  5.7  0.0  contig_38_pilon   731532  731566  (536345) + (GAGCCC)n     Simple_repeat      1     37    (0) 2158  
   38    0.0  0.0  0.0  contig_38_pilon   733417  733449  (534462) + (AT)n         Simple_repeat      1     33    (0) 2159  
   13   12.8  2.6  5.4  contig_38_pilon   734100  734137  (533774) + (TATTAAG)n    Simple_repeat      1     37    (0) 2160  
   67    0.0  0.0  0.0  contig_38_pilon   734214  734270  (533641) + (TA)n         Simple_repeat      1     57    (0) 2161  
   12   15.5  3.5  0.0  contig_38_pilon   735496  735524  (532387) + (TTTAA)n      Simple_repeat      1     30    (0) 2162  
   13   22.4  0.0  4.7  contig_38_pilon   736295  736339  (531572) + A-rich        Simple_repeat      1     43    (0) 2163  
   14   16.4  2.9  0.0  contig_38_pilon   737644  737677  (530234) + (ATTT)n       Simple_repeat      1     35    (0) 2164  
   25   17.4  1.7  1.7  contig_38_pilon   738971  739030  (528881) + A-rich        Simple_repeat      1     60    (0) 2165  
   24    0.0 11.9  0.0  contig_38_pilon   740030  740071  (527840) + (AAGA)n       Simple_repeat      1     47    (0) 2166  
   14   12.0  5.3  2.6  contig_38_pilon   744355  744392  (523519) + (CACAT)n      Simple_repeat      1     39    (0) 2167  
   12   15.3  3.5  0.0  contig_38_pilon   745234  745262  (522649) + (CCGC)n       Simple_repeat      1     30    (0) 2168  
   16   18.1  0.0 10.9  contig_38_pilon   745415  745477  (522434) + (CAC)n        Simple_repeat      1     56    (0) 2169  
   12   15.9  5.7  0.0  contig_38_pilon   746924  746958  (520953) + (GAGCCC)n     Simple_repeat      1     37    (0) 2170  
   18    0.0  0.0  0.0  contig_38_pilon   750219  750241  (517670) + (TTTA)n       Simple_repeat      1     23    (0) 2171  
   37    2.6  0.0  0.0  contig_38_pilon   751406  751444  (516467) + (CCAGCC)n     Simple_repeat      1     39    (0) 2172  
   12   22.1  0.0  0.0  contig_38_pilon   769454  769485  (498426) + (AATGAA)n     Simple_repeat      1     32    (0) 2173  
   17   11.1  0.0  0.0  contig_38_pilon   772531  772559  (495352) + (GCA)n        Simple_repeat      1     29    (0) 2174  
   20   23.6  3.7  2.2  contig_38_pilon   775833  775925  (491986) + GA-rich       Simple_repeat      1     94    (0) 2175  
   26    8.3  1.7  7.1  contig_38_pilon   776008  776066  (491845) + (GCTGG)n      Simple_repeat      1     56    (0) 2176  
   29    8.3  0.0  0.0  contig_38_pilon   779821  779859  (488052) + (A)n          Simple_repeat      1     39    (0) 2177  
   27   15.8  1.8  0.0  contig_38_pilon   785939  785994  (481917) + A-rich        Simple_repeat      1     57    (0) 2178  
   16    7.5  0.0  3.5  contig_38_pilon   787138  787167  (480744) + (ATTTT)n      Simple_repeat      1     29    (0) 2179  
   14   25.4  2.4  4.0  contig_38_pilon   788419  788490  (479421) + A-rich        Simple_repeat      1     70    (0) 2180  
   30    0.0  0.0  0.0  contig_38_pilon   792131  792158  (475753) + (CCTCGC)n     Simple_repeat      1     28    (0) 2181  
   31    0.0  0.0  0.0  contig_38_pilon   792208  792236  (475675) + (TCGCCG)n     Simple_repeat      1     29    (0) 2182  
   15   21.0  1.9  3.9  contig_38_pilon   795852  795904  (472007) + A-rich        Simple_repeat      1     52    (0) 2183  
   13   11.7  3.6  0.0  contig_38_pilon   800533  800560  (467351) + (TTTTC)n      Simple_repeat      1     29    (0) 2184  
   12   11.1  0.0  9.4  contig_38_pilon   806600  806634  (461277) + (TATTTT)n     Simple_repeat      1     32    (0) 2185  
   15    4.1  0.0  7.4  contig_38_pilon   806650  806678  (461233) + (AAAT)n       Simple_repeat      1     27    (0) 2186  
   14   13.0  5.9  0.0  contig_38_pilon   806679  806679  (461232) + (ATTAA)n      Simple_repeat      5     36    (0) 2187  
   19   19.9  3.9  0.0  contig_38_pilon   808942  808993  (458918) + (CCCT)n       Simple_repeat      1     54    (0) 2188  
   13   13.1  0.0  0.0  contig_38_pilon   812238  812263  (455648) + (AGGGG)n      Simple_repeat      1     26    (0) 2189  
   29    0.0  0.0  0.0  contig_38_pilon   827522  827548  (440363) + (CGCTTT)n     Simple_repeat      1     27    (0) 2190  
  249    6.0  0.3  0.3  contig_38_pilon   840677  840975  (426936) + (CTCTCAGGTT)n Simple_repeat      1    299    (0) 2191  
   17   16.6  1.9  5.9  contig_38_pilon   840977  841029  (426882) + A-rich        Simple_repeat      1     51    (0) 2192  
   23   21.3  3.1  5.3  contig_38_pilon   842100  842130  (425781) + (TTTATA)n     Simple_repeat      1     27    (0) 2193  
   36    2.9  0.0  0.0  contig_38_pilon   842131  842165  (425746) + (TC)n         Simple_repeat      1     35    (0) 2194  
   23   21.3  3.1  5.3  contig_38_pilon   842166  842230  (425681) + (TTTATA)n     Simple_repeat      4     72    (0) 2195  
   13   21.1  6.1  0.0  contig_38_pilon   858648  858696  (409215) + (AATTACT)n    Simple_repeat      1     52    (0) 2196  
   15   13.7  7.5  0.0  contig_38_pilon   864097  864136  (403775) + (CACCTT)n     Simple_repeat      1     43    (0) 2197  
   18   14.0  0.0  0.0  contig_38_pilon   882469  882500  (385411) + (TGA)n        Simple_repeat      1     32    (0) 2198  
   16   21.0  1.9  3.9  contig_38_pilon   889289  889341  (378570) + A-rich        Simple_repeat      1     52    (0) 2199  
   12   25.7  2.1  2.1  contig_38_pilon   889735  889782  (378129) + (TATATTT)n    Simple_repeat      1     48    (0) 2200  
   14   22.7  2.4  0.0  contig_38_pilon   892541  892581  (375330) + (CCGT)n       Simple_repeat      1     42    (0) 2201  
   15   22.6  4.0  5.5  contig_38_pilon   892723  892796  (375115) + (GCGCG)n      Simple_repeat      1     73    (0) 2202  
   18   31.9  2.4  1.2  contig_38_pilon   893023  893105  (374806) + GA-rich       Simple_repeat      1     84    (0) 2203  
   21   16.7  2.1  0.0  contig_38_pilon   898874  898920  (368991) + G-rich        Simple_repeat      1     48    (0) 2204  
   12   14.2  2.8  5.7  contig_38_pilon   912666  912701  (355210) + (TTTCG)n      Simple_repeat      1     35    (0) 2205  
   16    8.4  7.5  2.4  contig_38_pilon   920690  920729  (347182) + A-rich        Simple_repeat      1     42    (0) 2206  
   35   33.5  0.7  0.7  contig_38_pilon   923416  923558  (344353) + (AATAAT)n     Simple_repeat      1    143    (0) 2207  
   45   21.1  2.9  6.6  contig_38_pilon   928397  928569  (339342) + A-rich        Simple_repeat      1    167    (0) 2208  
   14   17.7  2.5  2.5  contig_38_pilon   932737  932776  (335135) + (GTGTAT)n     Simple_repeat      1     40    (0) 2209  
   16    8.4  7.5  2.4  contig_38_pilon   933678  933717  (334194) + A-rich        Simple_repeat      1     42    (0) 2210  
   13   17.1  3.0  0.0  contig_38_pilon   943199  943231  (324680) + (TTCA)n       Simple_repeat      1     34    (0) 2211  
   14   17.4  4.1  4.1  contig_38_pilon   943707  943755  (324156) + (CTCGCA)n     Simple_repeat      1     49    (0) 2212  
   17   15.3  0.0  0.0  contig_38_pilon   945670  945698  (322213) + GA-rich       Simple_repeat      1     29    (0) 2213  
   14    9.4  0.0 12.8  contig_38_pilon   946518  946561  (321350) + (GGCGAT)n     Simple_repeat      1     39    (0) 2214  
   11   26.7  4.1  0.0  contig_38_pilon   948707  948755  (319156) + A-rich        Simple_repeat      1     51    (0) 2215  
   28    2.8  2.6  2.6  contig_38_pilon   961288  961326  (306585) + (GCGAGG)n     Simple_repeat      1     39    (0) 2216  
   11   20.7  0.0  2.9  contig_38_pilon   961366  961400  (306511) + G-rich        Simple_repeat      1     34    (0) 2217  
   12   28.6  3.0  3.0  contig_38_pilon   964634  964700  (303211) + (TTTTAA)n     Simple_repeat      1     67    (0) 2218  
   16   20.9  4.3  2.1  contig_38_pilon   965114  965159  (302752) + (TA)n         Simple_repeat      1     47    (0) 2219  
   19   19.8  1.9  1.9  contig_38_pilon   968127  968180  (299731) + (TATTTAA)n    Simple_repeat      1     54    (0) 2220  
   13    9.1 11.4  0.0  contig_38_pilon   974034  974068  (293843) + G-rich        Simple_repeat      1     39    (0) 2221  
   14    9.2  8.6  0.0  contig_38_pilon   978080  978114  (289797) + (GGTCGTC)n    Simple_repeat      1     38    (0) 2222  
   26   20.1  2.2  5.8  contig_38_pilon   978183  978271  (289640) + GA-rich       Simple_repeat      1     86    (0) 2223  
   15   21.3  5.4  1.7  contig_38_pilon   980496  980551  (287360) + G-rich        Simple_repeat      1     58    (0) 2224  
   12   16.9  4.8  8.3  contig_38_pilon   981301  981362  (286549) + (GGCGC)n      Simple_repeat      1     60    (0) 2225  
   12   20.4  2.4  2.4  contig_38_pilon   982609  982649  (285262) + GA-rich       Simple_repeat      1     41    (0) 2226  
   13   15.2  0.0  3.3  contig_38_pilon   982786  982816  (285095) + (GCG)n        Simple_repeat      1     30    (0) 2227  
   13   19.2  7.3  1.7  contig_38_pilon   984090  984144  (283767) + G-rich        Simple_repeat      1     58    (0) 2228  
   16   30.1  1.2  3.8  contig_38_pilon   985854  985935  (281976) + G-rich        Simple_repeat      1     80    (0) 2229  
   15   17.5  6.7  0.0  contig_38_pilon   986026  986070  (281841) + (GAAGTC)n     Simple_repeat      1     48    (0) 2230  
   19   25.7  1.1  6.0  contig_38_pilon   986369  986456  (281455) + G-rich        Simple_repeat      1     84    (0) 2231  
   17   18.0  4.8  4.8  contig_38_pilon   986651  986712  (281199) + (GGC)n        Simple_repeat      1     62    (0) 2232  
   17   24.1  0.0  3.6  contig_38_pilon   987098  987154  (280757) + G-rich        Simple_repeat      1     55    (0) 2233  
   12   21.4  3.3  6.8  contig_38_pilon   987136  987196  (280715) + (GGTGC)n      Simple_repeat      1     59    (0) 2234 *
   14   18.8  0.0  6.7  contig_38_pilon   991421  991468  (276443) + (TTGGTAA)n    Simple_repeat      1     45    (0) 2235  
   11   12.8  0.0 12.8  contig_38_pilon   999142  999185  (268726) + (GTGAAG)n     Simple_repeat      1     39    (0) 2236  
   30    3.1  0.0  2.9  contig_38_pilon  1005565 1005599  (262312) + (AT)n         Simple_repeat      1     34    (0) 2237  
   17    3.8  3.7  0.0  contig_38_pilon  1005745 1005771  (262140) + (TGTTT)n      Simple_repeat      1     28    (0) 2238  
   17   18.1  4.8  4.8  contig_38_pilon  1018639 1018700  (249211) + (CCG)n        Simple_repeat      1     62    (0) 2239  
   15   17.5  6.7  0.0  contig_38_pilon  1019280 1019324  (248587) + (GACTTC)n     Simple_repeat      1     48    (0) 2240  
   16   30.1  1.2  3.8  contig_38_pilon  1019415 1019496  (248415) + (CCCCA)n      Simple_repeat      1     80    (0) 2241  
   15    8.3  4.5  7.0  contig_38_pilon  1020627 1020670  (247241) + (ACCACCTC)n   Simple_repeat      1     43    (0) 2242  
   13   15.2  0.0  3.3  contig_38_pilon  1022535 1022565  (245346) + (CGC)n        Simple_repeat      1     30    (0) 2243  
   12   20.6  2.4  2.4  contig_38_pilon  1022702 1022742  (245169) + (TCCTCC)n     Simple_repeat      1     41    (0) 2244  
   11   31.3  1.4  4.3  contig_38_pilon  1024198 1024269  (243642) + (CCCCGC)n     Simple_repeat      1     70    (0) 2245  
   26   20.1  2.2  5.8  contig_38_pilon  1027079 1027167  (240744) + (TCC)n        Simple_repeat      1     86    (0) 2246  
   14    9.2  8.6  0.0  contig_38_pilon  1027236 1027270  (240641) + (ACCGACG)n    Simple_repeat      1     38    (0) 2247  
   13    9.1 11.4  0.0  contig_38_pilon  1031275 1031309  (236602) + (GCCCA)n      Simple_repeat      1     39    (0) 2248  
   22   15.6  0.0  0.0  contig_38_pilon  1033118 1033153  (234758) + (T)n          Simple_repeat      1     36    (0) 2249  
   62    0.0  0.0  0.0  contig_38_pilon  1034114 1034166  (233745) + (AT)n         Simple_repeat      1     53    (0) 2250  
   13   22.5  4.3  5.9  contig_38_pilon  1034167 1034235  (233676) + (AATA)n       Simple_repeat      1     68    (0) 2251  
   12   23.1  5.1  3.3  contig_38_pilon  1034233 1034291  (233620) + (ATATT)n      Simple_repeat      1     60    (0) 2252 *
   19   16.7  1.6  6.9  contig_38_pilon  1036782 1036854  (231057) + (AATATTA)n    Simple_repeat      1     69    (0) 2253  
   13   14.5  7.9  0.0  contig_38_pilon  1036821 1036858  (231053) + A-rich        Simple_repeat      1     41    (0) 2254 *
   16   15.3  0.0  2.7  contig_38_pilon  1037968 1038005  (229906) + A-rich        Simple_repeat      1     37    (0) 2255  
   12   24.3  1.9  3.9  contig_38_pilon  1039409 1039460  (228451) + (TCCACCC)n    Simple_repeat      1     51    (0) 2256  
   13   15.2  0.0  3.3  contig_38_pilon  1055134 1055165  (212746) + (TTGT)n       Simple_repeat      1     30    (0) 2257  
   18    7.5  0.0  0.0  contig_38_pilon  1084556 1084583  (183328) + (GCGG)n       Simple_repeat      1     28    (0) 2258  
   16    6.5  2.8  5.7  contig_38_pilon  1089091 1089126  (178785) + (CTCCT)n      Simple_repeat      1     35    (0) 2259  
   12   16.5  2.8  2.8  contig_38_pilon  1092554 1092589  (175322) + A-rich        Simple_repeat      1     36    (0) 2260  
   16    0.0  0.0  0.0  contig_38_pilon  1100793 1100810  (167101) + (A)n          Simple_repeat      1     18    (0) 2261  
   12   18.4  5.4  0.0  contig_38_pilon  1113163 1113199  (154712) + (GAAGATT)n    Simple_repeat      1     39    (0) 2262  
   14   21.4  4.6  4.6  contig_38_pilon  1113914 1113978  (153933) + (TACAAT)n     Simple_repeat      1     65    (0) 2263  
   12   18.1  0.0  7.5  contig_38_pilon  1118457 1118499  (149412) + A-rich        Simple_repeat      1     40    (0) 2264  
   15   27.1  1.7  1.7  contig_38_pilon  1124226 1124284  (143627) + (TATAT)n      Simple_repeat      1     59    (0) 2265  
   13   18.0  3.1  5.4  contig_38_pilon  1124576 1124629  (143282) + A-rich        Simple_repeat      1     52    (0) 2266  
   13   18.6  0.0  8.7  contig_38_pilon  1125563 1125612  (142299) + A-rich        Simple_repeat      1     46    (0) 2267  
   11   13.0  8.8  0.0  contig_38_pilon  1130861 1130894  (137017) + (CTGTTAG)n    Simple_repeat      1     37    (0) 2268  
   12    8.5  0.0  7.4  contig_38_pilon  1134943 1134971  (132940) + (TATTT)n      Simple_repeat      1     27    (0) 2269  
   12   29.2  0.0  2.1  contig_38_pilon  1135183 1135230  (132681) + (TTTTTAA)n    Simple_repeat      1     47    (0) 2270  
   11   30.6  0.0  0.0  contig_38_pilon  1143152 1143195  (124716) + (TCCTCA)n     Simple_repeat      1     44    (0) 2271  
   14   19.9  1.6  8.8  contig_38_pilon  1145375 1145435  (122476) + (ATA)n        Simple_repeat      1     57    (0) 2272  
   12   26.3  0.0  0.0  contig_38_pilon  1145805 1145841  (122070) + (ATTA)n       Simple_repeat      1     37    (0) 2273  
   18   15.2  7.8  0.0  contig_38_pilon  1146184 1146234  (121677) + (TTTA)n       Simple_repeat      1     55    (0) 2274  
   14   10.4  9.3  2.2  contig_38_pilon  1146537 1146579  (121332) + (TTTAGAT)n    Simple_repeat      1     46    (0) 2275  
   14   24.2  4.1  0.0  contig_38_pilon  1147195 1147243  (120668) + (AATTTT)n     Simple_repeat      1     51    (0) 2276  
   93    4.3  0.0  0.0  contig_38_pilon  1147655 1147751  (120160) + (AT)n         Simple_repeat      1     97    (0) 2277  
   20   18.8  1.7  3.5  contig_38_pilon  1150291 1150348  (117563) + G-rich        Simple_repeat      1     57    (0) 2278  
   30   16.4  4.6  3.4  contig_38_pilon  1165412 1165498  (102413) + A-rich        Simple_repeat      1     88    (0) 2279  
   26    0.0  0.0  0.0  contig_38_pilon  1172291 1172315   (95596) + (GTGGAG)n     Simple_repeat      1     25    (0) 2280  
   33    7.3  0.0  0.0  contig_38_pilon  1184818 1184861   (83050) + (AAGGAT)n     Simple_repeat      1     44    (0) 2281  
   15    7.4  0.0  9.4  contig_38_pilon  1185115 1185149   (82762) + GA-rich       Simple_repeat      1     32    (0) 2282  
   16   14.2  0.0  0.0  contig_38_pilon  1194720 1194750   (73161) + (TGTAC)n      Simple_repeat      1     31    (0) 2283  
   13   27.4  0.0  3.7  contig_38_pilon  1202782 1202837   (65074) + (AATTTTG)n    Simple_repeat      1     54    (0) 2284  
   18   23.2  1.8  1.8  contig_38_pilon  1205522 1205584   (62327) + (ATTATT)n     Simple_repeat      1     63    (0) 2285  
   12   26.1  2.4  0.0  contig_38_pilon  1205668 1205709   (62202) + (TATTTAA)n    Simple_repeat      1     43    (0) 2286  
   12    3.3 12.1  2.8  contig_38_pilon  1219960 1219992   (47919) + A-rich        Simple_repeat      1     36    (0) 2287  
   18   16.5  0.0  4.7  contig_38_pilon  1224637 1224681   (43230) + (ACA)n        Simple_repeat      1     43    (0) 2288  
   14   12.9  1.9 10.4  contig_38_pilon  1224662 1224713   (43198) + (CACCAAG)n    Simple_repeat      1     48    (0) 2289 *
   14   20.4  3.7  3.7  contig_38_pilon  1224780 1224833   (43078) + (TCCCACC)n    Simple_repeat      1     54    (0) 2290  
   15   21.4  4.2  5.6  contig_38_pilon  1227288 1227359   (40552) + (TATATTA)n    Simple_repeat      1     71    (0) 2291  
   44    0.0  0.0  0.0  contig_38_pilon  1231085 1231122   (36789) + (TA)n         Simple_repeat      1     38    (0) 2292  
   13   19.8  0.0  2.8  contig_38_pilon  1232525 1232561   (35350) + (CGTCGC)n     Simple_repeat      1     36    (0) 2293  
   20   25.1  5.4  2.1  contig_38_pilon  1237161 1237253   (30658) + (AATAT)n      Simple_repeat      1     96    (0) 2294  
   18   17.1  1.7  7.0  contig_38_pilon  1239747 1239806   (28105) + (TTTTA)n      Simple_repeat      1     57    (0) 2295  
   20   21.5  0.0  6.3  contig_38_pilon  1239807 1239808   (28103) + (TATTTT)n     Simple_repeat      6     63    (0) 2296  
   15   15.0  2.6  2.6  contig_38_pilon  1241594 1241632   (26279) + GA-rich       Simple_repeat      1     39    (0) 2297  
   15    5.5  0.0  0.0  contig_38_pilon  1252070 1252088   (15823) + (T)n          Simple_repeat      1     19    (0) 2298  
   33   16.5  2.6  2.6  contig_38_pilon  1252421 1252498   (15413) + (AAT)n        Simple_repeat      1     78    (0) 2299  
   16    0.0  0.0  0.0  contig_38_pilon  1252604 1252621   (15290) + (T)n          Simple_repeat      1     18    (0) 2300  
   16    5.2  0.0  0.0  contig_38_pilon  1253047 1253066   (14845) + (AT)n         Simple_repeat      1     20    (0) 2301  
   19   21.4  0.0  2.4  contig_38_pilon  1255653 1255694   (12217) + (AC)n         Simple_repeat      1     41    (0) 2302  
   14   29.7  0.0  1.9  contig_38_pilon  1255763 1255817   (12094) + (TTATTT)n     Simple_repeat      1     54    (0) 2303  
   27   16.1  1.5  3.1  contig_4_pilon      62    127 (115470) + (GCGGACG)n Simple_repeat      1     65    (0) 2304  
   35   27.8  6.4  0.6  contig_4_pilon    1642   1798 (113799) + (TA)n      Simple_repeat      1    166    (0) 2305  
   79    0.0  0.0  0.0  contig_4_pilon    1831   1897 (113700) + (TA)n      Simple_repeat      1     67    (0) 2306  
   12   21.7  0.0  0.0  contig_4_pilon    5702   5733 (109864) + (CTCCAT)n  Simple_repeat      1     32    (0) 2307  
   16   13.9  5.9  3.9  contig_4_pilon    9089   9139 (106458) + (ATACAAT)n Simple_repeat      1     52    (0) 2308  
   12   18.1  0.0  3.1  contig_4_pilon   11333  11365 (104232) + (GACG)n    Simple_repeat      1     32    (0) 2309  
   14   22.0  0.0  4.5  contig_4_pilon   26294  26339  (89258) + (CTAATT)n  Simple_repeat      1     44    (0) 2310  
   13   24.2  1.9  3.9  contig_4_pilon   36718  36769  (78828) + (TTGTT)n   Simple_repeat      1     51    (0) 2311  
   18    3.2 12.5  0.0  contig_4_pilon   48780  48811  (66786) + (AT)n      Simple_repeat      1     36    (0) 2312  
   14    7.2  0.0  9.4  contig_4_pilon   49131  49165  (66432) + A-rich     Simple_repeat      1     32    (0) 2313  
   12   21.7  0.0  0.0  contig_4_pilon   49728  49759  (65838) + (ATAA)n    Simple_repeat      1     32    (0) 2314  
   13   18.9  2.8  0.0  contig_4_pilon   51137  51172  (64425) + A-rich     Simple_repeat      1     37    (0) 2315  
   22   15.1  0.0  0.0  contig_4_pilon   59025  59061  (56536) + (T)n       Simple_repeat      1     37    (0) 2316  
   17   18.8  6.0  1.9  contig_4_pilon   74083  74132  (41465) + (AT)n      Simple_repeat      1     52    (0) 2317  
   89    3.5  0.0  0.0  contig_4_pilon   75861  75949  (39648) + (TA)n      Simple_repeat      1     89    (0) 2318  
   15   24.0  4.0  0.0  contig_4_pilon   75952  76001  (39596) + (ATAT)n    Simple_repeat      1     52    (0) 2319  
   12    8.1  0.0 10.3  contig_4_pilon   76117  76148  (39449) + (TATAT)n   Simple_repeat      1     29    (0) 2320  
   13   18.3  2.0  6.4  contig_4_pilon   80616  80664  (34933) + (GCATA)n   Simple_repeat      1     47    (0) 2321  
   12   18.3  4.3  4.3  contig_4_pilon   83007  83053  (32544) + (AATTTGT)n Simple_repeat      1     47    (0) 2322  
   12   11.6  3.3  3.3  contig_4_pilon   91226  91255  (24342) + A-rich     Simple_repeat      1     30    (0) 2323  
   17   23.2  6.0  1.4  contig_4_pilon   91448  91514  (24083) + (ATA)n     Simple_repeat      1     70    (0) 2324  
   13   28.8  0.0  0.0  contig_4_pilon   91491  91532  (24065) + A-rich     Simple_repeat      1     42    (0) 2325 *
   28    3.3  0.0  0.0  contig_4_pilon   91904  91934  (23663) + (GCCCCAT)n Simple_repeat      1     31    (0) 2326  
   14    4.0  0.0 10.3  contig_4_pilon   93737  93768  (21829) + (TACAA)n   Simple_repeat      1     29    (0) 2327  
   24    3.3  3.2  0.0  contig_4_pilon   95771  95801  (19796) + (TC)n      Simple_repeat      1     32    (0) 2328  
   48    0.0  0.0  0.0  contig_4_pilon   95802  95842  (19755) + (TA)n      Simple_repeat      1     41    (0) 2329  
   17   16.3  0.0  0.0  contig_4_pilon   96842  96876  (18721) + (GCACAT)n  Simple_repeat      1     35    (0) 2330  
   13   27.1  0.0  8.4  contig_4_pilon  108129 108205   (7392) + (TGTTTT)n  Simple_repeat      1     71    (0) 2331  
   20   14.1  0.0  0.0  contig_4_pilon  109537 109575   (6022) + (AAAACCC)n Simple_repeat      1     39    (0) 2332  
   13   11.2  0.0 13.6  contig_4_pilon  109576 109582   (6015) + A-rich     Simple_repeat      5     44    (0) 2333  
   13   23.9  0.0  2.5  contig_4_pilon  110335 110375   (5222) + (AATTT)n   Simple_repeat      1     40    (0) 2334  
   15   16.3  4.9  0.0  contig_4_pilon  113066 113106   (2491) + (AACCCTA)n Simple_repeat      1     43    (0) 2335  
   20   19.7  1.9  1.9  contig_40_pilon   8474  8527 (5016) + (TCTTTT)n  Simple_repeat      1     54    (0) 2336  
   17   23.2  3.9  1.9  contig_40_pilon   8689  8740 (4803) + (AT)n      Simple_repeat      1     53    (0) 2337  
   17   28.4  1.3  4.0  contig_40_pilon   8903  8980 (4563) + (AACATCT)n Simple_repeat      1     76    (0) 2338  
   34    9.8  1.5  1.5  contig_40_pilon   9696  9762 (3781) + (TCAA)n    Simple_repeat      1     67    (0) 2339  
   67   25.8  0.0  1.2  contig_40_pilon  12962 13134  (409) + (AC)n      Simple_repeat      1    171    (0) 2340  
   14   13.2  4.3  6.5  contig_40_pilon  13368 13414  (129) + G-rich     Simple_repeat      1     46    (0) 2341  
   13   22.6  0.0  4.7  contig_46_pilon   9245  9289 (16393) + (ATCATT)n   Simple_repeat      1     43    (0) 2342  
   14   13.2  2.9  2.9  contig_46_pilon  10151 10185 (15497) + A-rich      Simple_repeat      1     35    (0) 2343  
   50    0.0  0.0  0.0  contig_46_pilon  12338 12383 (13299) + (ATGTGTGC)n Simple_repeat      1     46    (0) 2344  
   17   11.9  3.9  6.0  contig_46_pilon  20239 20289  (5393) + A-rich      Simple_repeat      1     50    (0) 2345  
   13   10.8  3.1  3.1  contig_46_pilon  22158 22189  (3493) + (TATAAT)n   Simple_repeat      1     32    (0) 2346  
   14   18.9  2.8  0.0  contig_46_pilon  24856 24891   (791) + GA-rich     Simple_repeat      1     37    (0) 2347  
   11   21.1  2.5  2.5  contig_46_pilon  25476 25515   (167) + A-rich      Simple_repeat      1     40    (0) 2348  
   17   16.1  0.0  0.0  contig_52_pilon     40    68 (17443) + A-rich   Simple_repeat      1     29    (0) 2349  
   14   20.6  4.3  5.9  contig_52_pilon    154   222 (17289) + A-rich   Simple_repeat      1     68    (0) 2350  
   12   15.8  0.0  3.5  contig_55_pilon    799   828 (96415) + (CTTT)n    Simple_repeat      1     29    (0) 2351  
   12   15.7  2.6  5.3  contig_55_pilon   2418  2456 (94787) + A-rich     Simple_repeat      1     38    (0) 2352  
   12   25.1  4.3  0.0  contig_55_pilon  13141 13187 (84056) + (GAAGC)n   Simple_repeat      1     49    (0) 2353  
   13   17.9  2.4  4.9  contig_55_pilon  17259 17300 (79943) + (CGGAT)n   Simple_repeat      1     41    (0) 2354  
   14   20.2  0.0  0.0  contig_55_pilon  43862 43895 (53348) + (CCATCG)n  Simple_repeat      1     34    (0) 2355  
   12   21.7  1.8  7.5  contig_55_pilon  58253 58308 (38935) + (CTTCAGC)n Simple_repeat      1     53    (0) 2356  
   13   14.7  0.0  3.2  contig_55_pilon  58469 58500 (38743) + (TTTAAT)n  Simple_repeat      1     31    (0) 2357  
   13   14.8  0.0  3.2  contig_55_pilon  63964 63995 (33248) + (TATTTT)n  Simple_repeat      1     31    (0) 2358  
   11   19.9  5.3  5.3  contig_55_pilon  80439 80495 (16748) + (GATTAT)n  Simple_repeat      1     57    (0) 2359  
   14   11.6  5.8 10.6  contig_55_pilon  89021 89089  (8154) + (GAAGTT)n  Simple_repeat      1     66    (0) 2360  
   11   15.4  8.9  2.1  contig_57_pilon   6788  6832 (26011) + (GTCTCGAC)n Simple_repeat      1     48    (0) 2361  
   26    6.1  0.0  0.0  contig_57_pilon  10710 10743 (22100) + (GCTCACC)n  Simple_repeat      1     34    (0) 2362  
   12   28.8  0.0  0.0  contig_57_pilon  13784 13825 (19018) + (TTTGT)n    Simple_repeat      1     42    (0) 2363  
   18   14.5  2.6  0.0  contig_57_pilon  17079 17116 (15727) + (CCA)n      Simple_repeat      1     39    (0) 2364  
   31   25.4  2.3  4.8  contig_57_pilon  25532 25659  (7184) + GA-rich     Simple_repeat      1    125    (0) 2365  
   12   28.8  0.0  0.0  contig_57_pilon  29651 29692  (3151) + (TTTGT)n    Simple_repeat      1     42    (0) 2366  
   13   21.9  1.7  7.0  contig_58_pilon   17568  17604 (238292) + (AACGAC)n   Simple_repeat      1     57    (0) 2367  
   14    9.3  0.0  0.0  contig_58_pilon   17605  17627 (238269) + (ACA)n      Simple_repeat      1     23    (0) 2368  
   16   30.9  1.0  5.4  contig_58_pilon   19588  19683 (236213) + A-rich      Simple_repeat      1     92    (0) 2369  
   16   19.9  8.5  0.0  contig_58_pilon   28075  28133 (227763) + A-rich      Simple_repeat      1     64    (0) 2370  
   12   24.0  2.6  0.0  contig_58_pilon   34951  34989 (220907) + (TTTTA)n    Simple_repeat      1     40    (0) 2371  
   11   26.2  6.8  0.0  contig_58_pilon   40272  40330 (215566) + (TGTCCAT)n  Simple_repeat      1     63    (0) 2372  
   16   31.0  0.0  1.6  contig_58_pilon   41438  41499 (214397) + A-rich      Simple_repeat      1     61    (0) 2373  
   42   19.7  4.0  3.1  contig_58_pilon   43554  43679 (212217) + A-rich      Simple_repeat      1    127    (0) 2374  
   27   31.8  4.1  1.8  contig_58_pilon   43680  43697 (212199) + GA-rich     Simple_repeat      6    152    (0) 2375  
   16   17.4  8.3  1.6  contig_58_pilon   44482  44541 (211355) + (GTGGTTT)n  Simple_repeat      1     64    (0) 2376  
   16   17.7  0.0  2.6  contig_58_pilon   48541  48580 (207316) + A-rich      Simple_repeat      1     39    (0) 2377  
   16    8.1  0.0  0.0  contig_58_pilon   49973  49998 (205898) + (CCAA)n     Simple_repeat      1     26    (0) 2378  
   16   16.9  3.0  0.0  contig_58_pilon   83685  83717 (172179) + (CT)n       Simple_repeat      1     34    (0) 2379  
   23   17.8  1.6  3.3  contig_58_pilon   87281  87341 (168555) + A-rich      Simple_repeat      1     60    (0) 2380  
   12   13.9  0.0  0.0  contig_58_pilon   98618  98641 (157255) + (AAC)n      Simple_repeat      1     24    (0) 2381  
   12   10.7  6.1  2.9  contig_58_pilon  105381 105413 (150483) + (TTACTT)n   Simple_repeat      1     34    (0) 2382  
   21    5.5 10.5  0.0  contig_58_pilon  107547 107584 (148312) + (AT)n       Simple_repeat      1     42    (0) 2383  
   20   22.4  0.0  0.0  contig_58_pilon  110205 110252 (145644) + (TACA)n     Simple_repeat      1     48    (0) 2384  
   11   18.6  0.0  7.7  contig_58_pilon  111954 111995 (143901) + (AATTAT)n   Simple_repeat      1     39    (0) 2385  
   32    0.0  0.0  3.0  contig_58_pilon  115061 115094 (140802) + (AAAGAA)n   Simple_repeat      1     33    (0) 2386  
   16   10.7  0.0  3.2  contig_58_pilon  115378 115409 (140487) + (AACCA)n    Simple_repeat      1     31    (0) 2387  
   13   15.0  5.1  2.5  contig_58_pilon  115410 115415 (140481) + (CAAGC)n    Simple_repeat      2     40    (0) 2388  
   18    6.5  2.9  2.9  contig_58_pilon  119614 119652 (136244) + (AAAAT)n    Simple_repeat      1     39    (0) 2389  
   15   14.9  2.6  2.6  contig_58_pilon  121374 121412 (134484) + A-rich      Simple_repeat      1     39    (0) 2390  
   16   30.1  2.5  2.5  contig_58_pilon  124797 124877 (131019) + (CTCTCT)n   Simple_repeat      1     81    (0) 2391  
   23    7.2  0.0  0.0  contig_58_pilon  126531 126560 (129336) + (AT)n       Simple_repeat      1     30    (0) 2392  
   13   18.3  5.7  3.7  contig_58_pilon  159849 159901  (95995) + (AATTTGAA)n Simple_repeat      1     54    (0) 2393  
   13   17.5  0.0  3.0  contig_58_pilon  170035 170068  (85828) + A-rich      Simple_repeat      1     33    (0) 2394  
   29   17.4  5.7  4.7  contig_58_pilon  170180 170285  (85611) + A-rich      Simple_repeat      1    107    (0) 2395  
   58    1.5  1.4  4.2  contig_58_pilon  184898 184970  (70926) + (TAAAAG)n   Simple_repeat      1     71    (0) 2396  
   22   13.6  7.3  2.8  contig_58_pilon  189170 189237  (66659) + (CACTGCT)n  Simple_repeat      1     71    (0) 2397  
   22   25.1  1.6  1.6  contig_58_pilon  193059 193121  (62775) + (GT)n       Simple_repeat      1     63    (0) 2398  
   13    5.3  0.0  0.0  contig_58_pilon  199286 199305  (56591) + (GAG)n      Simple_repeat      1     20    (0) 2399  
   14   24.9  3.9  0.0  contig_58_pilon  209118 209169  (46727) + (GGATTTA)n  Simple_repeat      1     54    (0) 2400  
   13   23.9  0.0  2.5  contig_58_pilon  211865 211905  (43991) + A-rich      Simple_repeat      1     40    (0) 2401  
   14   16.9  2.9  0.0  contig_58_pilon  212261 212301  (43595) + (CGTTGT)n   Simple_repeat      1     42    (0) 2402  
   14   15.4  5.6  0.0  contig_58_pilon  212822 212857  (43039) + (ATTT)n     Simple_repeat      1     38    (0) 2403  
   17   23.2  2.1  2.1  contig_58_pilon  214926 214972  (40924) + (AT)n       Simple_repeat      1     47    (0) 2404  
   16   17.6  7.8  0.0  contig_58_pilon  215713 215763  (40133) + (TATTTG)n   Simple_repeat      1     55    (0) 2405  
  127    5.8  0.0  0.0  contig_58_pilon  215981 216124  (39772) + (AT)n       Simple_repeat      1    144    (0) 2406  
   66    0.0  0.0  0.0  contig_58_pilon  216491 216546  (39350) + (TA)n       Simple_repeat      1     56    (0) 2407  
   21   16.8  4.1  0.0  contig_58_pilon  216547 216595  (39301) + (CATACA)n   Simple_repeat      1     51    (0) 2408  
   24   12.2  0.0  0.0  contig_58_pilon  216597 216632  (39264) + (T)n        Simple_repeat      1     36    (0) 2409  
   17   11.2  0.0  0.0  contig_58_pilon  229399 229427  (26469) + (GAG)n      Simple_repeat      1     29    (0) 2410  
   20   14.1  0.0  0.0  contig_58_pilon  234637 234675  (21221) + (TTTTGGG)n  Simple_repeat      1     39    (0) 2411  
   22   22.8  1.6  1.6  contig_61_pilon  10049 10111 (25056) + (CTAA)n  Simple_repeat      1     63    (0) 2412  
   20   22.4  4.3  1.4  contig_61_pilon  15076 15144 (20023) + (CTAA)n  Simple_repeat      1     71    (0) 2413  
   15   13.7  0.0  3.0  contig_62_pilon    1734   1767 (303682) + A-rich     Simple_repeat      1     33    (0) 2414  
   14   25.5  0.0  2.3  contig_62_pilon    8757   8800 (296649) + (TAA)n     Simple_repeat      1     43    (0) 2415  
   22   31.9  0.0  0.0  contig_62_pilon   23635  23715 (281734) + (ATTTAGG)n Simple_repeat      1     81    (0) 2416  
   27    8.8  0.0  0.0  contig_62_pilon   37699  37735 (267714) + (A)n       Simple_repeat      1     37    (0) 2417  
  710   13.4  5.4  2.8  contig_62_pilon   39506  41120 (264329) + G-rich     Simple_repeat      1   1655    (0) 2418  
   24   15.7  0.0  3.9  contig_62_pilon   41227  41280 (264169) + (ATT)n     Simple_repeat      1     52    (0) 2419  
   79   27.9  2.5  1.8  contig_62_pilon   43340  43616 (261833) + G-rich     Simple_repeat      1    279    (0) 2420  
   20    3.7  0.0  0.0  contig_62_pilon   52163  52190 (253259) + (TAAA)n    Simple_repeat      1     28    (0) 2421  
   42   28.8  3.0  3.5  contig_62_pilon   57383  57583 (247866) + (ATAT)n    Simple_repeat      1    200    (0) 2422  
   13   19.6  1.4  1.4  contig_62_pilon   58608  58649 (246800) + A-rich     Simple_repeat      1     42    (0) 2423  
   26    0.0  3.0  3.0  contig_62_pilon   59026  59058 (246391) + (TTTTTCA)n Simple_repeat      1     33    (0) 2424  
   12   12.8  5.6  2.7  contig_62_pilon   66213  66248 (239201) + (CCGCGG)n  Simple_repeat      1     37    (0) 2425  
   12   26.0  2.1  2.1  contig_62_pilon   66489  66536 (238913) + (TGGCGG)n  Simple_repeat      1     48    (0) 2426  
   15   23.3  0.0  0.0  contig_62_pilon   73257  73296 (232153) + A-rich     Simple_repeat      1     40    (0) 2427  
   15    8.3  0.0  3.7  contig_62_pilon   73998  74025 (231424) + (TATT)n    Simple_repeat      1     27    (0) 2428  
   13   18.8  0.0  5.3  contig_62_pilon   74524  74563 (230886) + A-rich     Simple_repeat      1     38    (0) 2429  
   13   21.1  2.1  4.3  contig_62_pilon   83512  83559 (221890) + (TGAATTC)n Simple_repeat      1     47    (0) 2430  
   16   24.5  3.2  4.8  contig_62_pilon   90663  90725 (214724) + (TA)n      Simple_repeat      1     62    (0) 2431  
   16   16.2  6.0  1.9  contig_62_pilon   96236  96285 (209164) + A-rich     Simple_repeat      1     52    (0) 2432  
   19   20.1  1.9  1.9  contig_62_pilon  101305 101367 (204082) + (CTCCCA)n  Simple_repeat      1     63    (0) 2433  
   14   26.6  3.7  0.0  contig_62_pilon  102919 102972 (202477) + (ATATT)n   Simple_repeat      1     56    (0) 2434  
   14   28.2  0.0  3.5  contig_62_pilon  105319 105377 (200072) + A-rich     Simple_repeat      1     57    (0) 2435  
   13   27.5  4.9  0.0  contig_62_pilon  106625 106685 (198764) + (ATATA)n   Simple_repeat      1     64    (0) 2436  
   12   13.9  6.2  0.0  contig_62_pilon  107434 107465 (197984) + A-rich     Simple_repeat      1     34    (0) 2437  
   16   17.9  5.8  1.9  contig_62_pilon  108125 108176 (197273) + A-rich     Simple_repeat      1     54    (0) 2438  
   16   18.3  2.2  2.2  contig_62_pilon  108364 108408 (197041) + A-rich     Simple_repeat      1     45    (0) 2439  
   13   13.8  2.9  2.9  contig_62_pilon  108582 108615 (196834) + (TTTTA)n   Simple_repeat      1     34    (0) 2440  
   17    0.0  0.0  0.0  contig_62_pilon  110170 110188 (195261) + (TC)n      Simple_repeat      1     19    (0) 2441  
   21   17.7  0.0  0.0  contig_62_pilon  116891 116928 (188521) + A-rich     Simple_repeat      1     38    (0) 2442  
   23   12.3  2.3  0.0  contig_62_pilon  122018 122061 (183388) + (AAAT)n    Simple_repeat      1     45    (0) 2443  
   46   23.7  4.0  2.6  contig_62_pilon  124279 124428 (181021) + (ACGCAC)n  Simple_repeat      1    152    (0) 2444  
   35   40.0  0.0  2.7  contig_62_pilon  124429 124430 (181019) + (AC)n      Simple_repeat      1    148    (0) 2445  
   16   27.8  1.2  5.1  contig_62_pilon  131402 131482 (173967) + (ATATATT)n Simple_repeat      1     78    (0) 2446  
   15   32.0  1.7  0.0  contig_62_pilon  132131 132147 (173302) + (TACATA)n  Simple_repeat      1     60    (0) 2447  
   19   20.3  0.0  0.0  contig_62_pilon  132148 132189 (173260) + (TACA)n    Simple_repeat      1     42    (0) 2448  
   14   14.9  0.0  7.5  contig_62_pilon  132434 132476 (172973) + (AATTTTT)n Simple_repeat      1     40    (0) 2449  
   14   18.9  0.0  2.7  contig_62_pilon  132861 132898 (172551) + (TCTTTT)n  Simple_repeat      1     37    (0) 2450  
   12   18.8  2.6  2.6  contig_62_pilon  134329 134366 (171083) + GA-rich    Simple_repeat      1     38    (0) 2451  
   16   40.4  0.0  0.0  contig_62_pilon  143710 143802 (161647) + (TATA)n    Simple_repeat      1     93    (0) 2452  
   26   17.4  0.0  0.0  contig_62_pilon  153728 153779 (151670) + (TATATA)n  Simple_repeat      1     52    (0) 2453  
   15   19.2  0.0  7.8  contig_62_pilon  154034 154088 (151361) + (TGATATT)n Simple_repeat      1     51    (0) 2454  
   22   21.9  1.8  1.8  contig_62_pilon  154340 154394 (151055) + (AT)n      Simple_repeat      1     55    (0) 2455  
   13    8.9  0.0  4.0  contig_62_pilon  154623 154648 (150801) + (ATTA)n    Simple_repeat      1     25    (0) 2456  
   13   13.7  4.3  6.7  contig_62_pilon  157058 157103 (148346) + (ACATG)n   Simple_repeat      1     45    (0) 2457  
   18   10.0  0.0  2.9  contig_62_pilon  159281 159315 (146134) + (GGGAGG)n  Simple_repeat      1     34    (0) 2458  
   15    0.0  0.0  0.0  contig_62_pilon  161023 161041 (144408) + (TGC)n     Simple_repeat      1     19    (0) 2459  
   14    7.7  8.5  6.2  contig_62_pilon  170933 170979 (134470) + (CATCG)n   Simple_repeat      1     48    (0) 2460  
   16    0.0  0.0 14.7  contig_62_pilon  178977 179015 (126434) + (GTGAGC)n  Simple_repeat      1     34    (0) 2461  
   13   12.6  0.0  3.7  contig_62_pilon  190680 190707 (114742) + (GCG)n     Simple_repeat      1     27    (0) 2462  
   21   33.4  0.0  1.2  contig_62_pilon  198825 198906 (106543) + (TGTT)n    Simple_repeat      1     81    (0) 2463  
   29    0.0  0.0  0.0  contig_62_pilon  209074 209100  (96349) + (CAA)n     Simple_repeat      1     27    (0) 2464  
   14    4.5  4.3  0.0  contig_62_pilon  211154 211176  (94273) + (CGA)n     Simple_repeat      1     24    (0) 2465  
   16   24.6  1.8  1.8  contig_62_pilon  215087 215141  (90308) + (TTTAA)n   Simple_repeat      1     55    (0) 2466  
   31    7.7  0.0  0.0  contig_62_pilon  215565 215605  (89844) + (A)n       Simple_repeat      1     41    (0) 2467  
   12   20.5  2.4  2.4  contig_62_pilon  217221 217261  (88188) + (TTGTAGT)n Simple_repeat      1     41    (0) 2468  
   14   20.2  2.0  4.2  contig_62_pilon  217489 217537  (87912) + (ATTTGAT)n Simple_repeat      1     48    (0) 2469  
   13   20.6  2.6  0.0  contig_62_pilon  217927 217965  (87484) + (TTTCATT)n Simple_repeat      1     40    (0) 2470  
   11   27.4  1.8  3.6  contig_62_pilon  227378 227433  (78016) + A-rich     Simple_repeat      1     55    (0) 2471  
   14   15.9  2.1  6.5  contig_62_pilon  228790 228837  (76612) + (ATTTGTT)n Simple_repeat      1     46    (0) 2472  
   14    4.0  7.7  0.0  contig_62_pilon  233968 233993  (71456) + (TCCT)n    Simple_repeat      1     28    (0) 2473  
   19   19.1  2.1  0.0  contig_62_pilon  234142 234189  (71260) + (AGATTAG)n Simple_repeat      1     49    (0) 2474  
   15    5.6  0.0  0.0  contig_62_pilon  240615 240633  (64816) + (GA)n      Simple_repeat      1     19    (0) 2475  
   18    0.0 14.9  3.9  contig_62_pilon  249153 249199  (56250) + (CTCG)n    Simple_repeat      1     52    (0) 2476  
   26   23.9  3.6  4.5  contig_62_pilon  249861 249972  (55477) + (CACGCC)n  Simple_repeat      1    111    (0) 2477  
   22   20.4  4.7  4.7  contig_62_pilon  250263 250349  (55100) + (CCAC)n    Simple_repeat      1     87    (0) 2478  
   36   24.6  2.9  4.3  contig_62_pilon  250991 251130  (54319) + (CCA)n     Simple_repeat      1    138    (0) 2479  
   17   23.5  6.8  2.6  contig_62_pilon  251178 251250  (54199) + (CA)n      Simple_repeat      1     76    (0) 2480  
   16   11.3  5.0  2.4  contig_62_pilon  254654 254693  (50756) + (AATAC)n   Simple_repeat      1     41    (0) 2481  
   18    0.0 14.9  3.9  contig_62_pilon  259252 259298  (46151) + (CTCG)n    Simple_repeat      1     52    (0) 2482  
   26   23.9  3.6  4.5  contig_62_pilon  259960 260071  (45378) + (CACGCC)n  Simple_repeat      1    111    (0) 2483  
   12   23.6  1.8  5.7  contig_62_pilon  260110 260164  (45285) + (CCTCCA)n  Simple_repeat      1     53    (0) 2484  
   22   20.4  4.7  4.7  contig_62_pilon  260387 260473  (44976) + (CCAC)n    Simple_repeat      1     87    (0) 2485  
   25   22.4  5.6  4.8  contig_62_pilon  261106 261240  (44209) + (CACCA)n   Simple_repeat      1    136    (0) 2486  
   16   21.9  8.3  2.6  contig_62_pilon  261290 261361  (44088) + (CA)n      Simple_repeat      1     76    (0) 2487  
   11   21.9  1.4 10.8  contig_62_pilon  262639 262709  (42740) + A-rich     Simple_repeat      1     65    (0) 2488  
   45    7.2  0.0  0.0  contig_62_pilon  262931 262989  (42460) + (ATATAG)n  Simple_repeat      1     59    (0) 2489  
   25   18.2  1.5  3.1  contig_62_pilon  264033 264098  (41351) + (GATTTAG)n Simple_repeat      1     65    (0) 2490  
   20    3.5  0.0  3.3  contig_62_pilon  274044 274074  (31375) + (CGA)n     Simple_repeat      1     30    (0) 2491  
   13   28.9  0.0  0.0  contig_62_pilon  290134 290175  (15274) + (GCG)n     Simple_repeat      1     42    (0) 2492  
   18    0.0  0.0  0.0  contig_62_pilon  303151 303173   (2276) + (TTTC)n    Simple_repeat      1     23    (0) 2493  
   20   18.9  6.4  3.8  contig_64_pilon   2527  2555 (21455) + (CTCG)n  Simple_repeat      1     51   (29) 2494  
   13    9.2 11.4  0.0  contig_64_pilon   2556  2590 (21420) + (CCGCT)n Simple_repeat      1     39    (0) 2495  
   20   18.9  6.4  3.8  contig_64_pilon   2591  2604 (21406) + (CTCG)n  Simple_repeat     52     80    (0) 2494  
   18    0.0  0.0  0.0  contig_64_pilon   7913  7935 (16075) + (TTTC)n  Simple_repeat      1     23    (0) 2496  
   16   14.8  7.1  3.5  contig_64_pilon  20961 21016  (2994) + A-rich   Simple_repeat      1     58    (0) 2497  
   24   30.4  0.0  2.3  contig_65_pilon   2524  2612 (19015) + (CGC)n   Simple_repeat      1     87    (0) 2498  
   16   14.8  7.1  3.5  contig_65_pilon  11980 12035  (9592) + A-rich   Simple_repeat      1     58    (0) 2499  
   13    7.8  7.4  0.0  contig_65_pilon  19326 19352  (2275) + (CGT)n   Simple_repeat      1     29    (0) 2500  
   16   14.8  7.1  3.5  contig_68_pilon   9246  9301 (9656) + A-rich   Simple_repeat      1     58    (0) 2501  
   19   15.4  2.8  0.0  contig_7_pilon   14667  14702 (388407) + (GT)n      Simple_repeat      1     37    (0) 2502  
   43    0.0  0.0  0.0  contig_7_pilon   23514  23552 (379557) + (AATA)n    Simple_repeat      1     39    (0) 2503  
   16   10.7  6.7  0.0  contig_7_pilon   26237  26266 (376843) + GA-rich    Simple_repeat      1     32    (0) 2504  
   13   13.1  0.0  8.3  contig_7_pilon   26715  26753 (376356) + (CTCCGTC)n Simple_repeat      1     36    (0) 2505  
   12   15.4  5.3  2.6  contig_7_pilon   28690  28727 (374382) + (GGAC)n    Simple_repeat      1     39    (0) 2506  
   12   25.7  2.1  2.1  contig_7_pilon   29077  29124 (373985) + (CCTCCA)n  Simple_repeat      1     48    (0) 2507  
   16   10.7  6.7  0.0  contig_7_pilon   29176  29205 (373904) + (TC)n      Simple_repeat      1     32    (0) 2508  
   19   26.2  2.9  1.4  contig_7_pilon   34057  34126 (368983) + (TCA)n     Simple_repeat      1     71    (0) 2509  
   15    4.8  0.0  0.0  contig_7_pilon   44975  44996 (358113) + (GTTT)n    Simple_repeat      1     22    (0) 2510  
   14   20.9  3.8  3.8  contig_7_pilon   47741  47793 (355316) + A-rich     Simple_repeat      1     53    (0) 2511  
   12    9.8  0.0  0.0  contig_7_pilon   49719  49740 (353369) + (TTCT)n    Simple_repeat      1     22    (0) 2512  
   12   14.0  6.2  0.0  contig_7_pilon   50061  50092 (353017) + (ATGA)n    Simple_repeat      1     34    (0) 2513  
   18   12.4  0.0  2.8  contig_7_pilon   50490  50526 (352583) + A-rich     Simple_repeat      1     36    (0) 2514  
   12   12.6  0.0  3.7  contig_7_pilon   52836  52863 (350246) + (TTAAT)n   Simple_repeat      1     27    (0) 2515  
   13   26.4  0.8  5.3  contig_7_pilon   61408  61498 (341611) + A-rich     Simple_repeat      1     86    (0) 2516  
   20   17.4  0.0  0.0  contig_7_pilon   61770  61809 (341300) + (TATA)n    Simple_repeat      1     40    (0) 2517  
   22   24.1  0.0  3.1  contig_7_pilon   63128  63194 (339915) + A-rich     Simple_repeat      1     65    (0) 2518  
   28    0.0  0.0  0.0  contig_7_pilon   64969  64995 (338114) + (ATAC)n    Simple_repeat      1     27    (0) 2519  
   11   13.3  5.7  2.8  contig_7_pilon   67167  67201 (335908) + A-rich     Simple_repeat      1     36    (0) 2520  
   16   27.6  2.7  2.7  contig_7_pilon   68736  68808 (334301) + A-rich     Simple_repeat      1     73    (0) 2521  
   12   17.1  2.9  2.9  contig_7_pilon   68949  68983 (334126) + (AATT)n    Simple_repeat      1     35    (0) 2522  
   26   22.9  0.0  0.0  contig_7_pilon   71577  71632 (331477) + A-rich     Simple_repeat      1     56    (0) 2523  
   12   29.1  0.0  2.1  contig_7_pilon   72201  72248 (330861) + (TTTATGA)n Simple_repeat      1     47    (0) 2524 *
   20   12.6  0.0  0.0  contig_7_pilon   72245  72279 (330830) + (ATAC)n    Simple_repeat      1     35    (0) 2525  
   12   18.1  0.0  3.1  contig_7_pilon   73348  73380 (329729) + (CATAAT)n  Simple_repeat      1     32    (0) 2526  
   19   30.3  1.3  1.3  contig_7_pilon   74840  74917 (328192) + (ATTTAGG)n Simple_repeat      1     78    (0) 2527  
   18    0.0  0.0  0.0  contig_7_pilon   77354  77375 (325734) + (GGT)n     Simple_repeat      1     22    (0) 2528  
   12   16.7  0.0  3.5  contig_7_pilon   77740  77769 (325340) + (CCTC)n    Simple_repeat      1     29    (0) 2529  
   12   23.3  0.0  4.8  contig_7_pilon   80685  80728 (322381) + (GCTGT)n   Simple_repeat      1     42    (0) 2530  
   13   12.7  2.5  7.9  contig_7_pilon   83069  83108 (320001) + (TGT)n     Simple_repeat      1     38    (0) 2531  
   14   22.9  4.3  0.0  contig_7_pilon   87203  87248 (315861) + (TAT)n     Simple_repeat      1     48    (0) 2532  
  205    0.0  0.0  0.0  contig_7_pilon   87321  87494 (315615) + (TC)n      Simple_repeat      1    174    (0) 2533  
   29    0.0  0.0  0.0  contig_7_pilon   90894  90925 (312184) + (A)n       Simple_repeat      1     32    (0) 2534  
   12   30.1  0.0  2.0  contig_7_pilon   91043  91093 (312016) + A-rich     Simple_repeat      1     50    (0) 2535  
   13   21.3  0.0  0.0  contig_7_pilon   91603  91635 (311474) + GA-rich    Simple_repeat      1     33    (0) 2536  
   18   14.3  2.6  0.0  contig_7_pilon  100370 100408 (302701) + (AATATTA)n Simple_repeat      1     40    (0) 2537  
   13   13.1  0.0  0.0  contig_7_pilon  103756 103780 (299329) + (GGT)n     Simple_repeat      1     25    (0) 2538  
   14   21.6  1.6  6.9  contig_7_pilon  111653 111713 (291396) + G-rich     Simple_repeat      1     58    (0) 2539  
   41    0.0  6.2  0.0  contig_7_pilon  121208 121255 (281854) + (GAAC)n    Simple_repeat      1     51    (0) 2540  
   15    9.8  6.1  0.0  contig_7_pilon  133355 133387 (269722) + (CTCTCC)n  Simple_repeat      1     35    (0) 2541  
   27   21.3  4.0  0.0  contig_7_pilon  138627 138702 (264407) + G-rich     Simple_repeat      1     79    (0) 2542  
   47   10.3  0.0  0.0  contig_7_pilon  140402 140475 (262634) + (TTG)n     Simple_repeat      1     74    (0) 2543  
   20   11.1  0.0  0.0  contig_7_pilon  140610 140638 (262471) + (T)n       Simple_repeat      1     29    (0) 2544  
   28    3.3  0.0  0.0  contig_7_pilon  177992 178022 (225087) + (CAA)n     Simple_repeat      1     31    (0) 2545  
   18   26.9  0.0  5.7  contig_7_pilon  178489 178562 (224547) + (CAA)n     Simple_repeat      1     70    (0) 2546  
   14    5.0  0.0  0.0  contig_7_pilon  179379 179399 (223710) + (GGTG)n    Simple_repeat      1     21    (0) 2547  
   33    2.6  0.0  4.8  contig_7_pilon  183070 183113 (219996) + (CCTAAA)n  Simple_repeat      1     42    (0) 2548  
   16    9.6 10.2  3.8  contig_7_pilon  183121 183146 (219963) + A-rich     Simple_repeat      1     41   (70) 2549  
   21    8.9  0.0  2.7  contig_7_pilon  183147 183184 (219925) + (ACCTAA)n  Simple_repeat      1     37    (0) 2550  
   16    9.6 10.2  3.8  contig_7_pilon  183185 183225 (219884) + A-rich     Simple_repeat     42    111    (0) 2549  
   24   21.6  6.0  2.3  contig_7_pilon  184432 184515 (218594) + (AT)n      Simple_repeat      1     87    (0) 2551  
   12   11.1  6.9  0.0  contig_7_pilon  184717 184745 (218364) + (TTTA)n    Simple_repeat      1     31    (0) 2552  
   13   18.9  2.8  0.0  contig_7_pilon  184746 184756 (218353) + (TATATT)n  Simple_repeat      6     46    (0) 2553  
   13   16.8  5.7  0.0  contig_7_pilon  185362 185396 (217713) + (TTC)n     Simple_repeat      1     37    (0) 2554  
   13   15.3  4.1  6.2  contig_7_pilon  188641 188689 (214420) + (GAGATG)n  Simple_repeat      1     48    (0) 2555  
   44   16.4  0.0  0.0  contig_7_pilon  188894 188975 (214134) + (TACATCC)n Simple_repeat      1     82    (0) 2556  
   16   29.9  2.9  0.0  contig_7_pilon  189904 189972 (213137) + (ACATCAT)n Simple_repeat      1     71    (0) 2557  
   79   24.8  2.5  3.7  contig_7_pilon  190060 190333 (212776) + A-rich     Simple_repeat      1    271    (0) 2558  
   15   13.9  0.0  0.0  contig_7_pilon  191315 191338 (211771) + (T)n       Simple_repeat      1     24    (0) 2559  
   18    3.4  3.1  3.1  contig_7_pilon  191339 191344 (211765) + (TGTTT)n   Simple_repeat      3     32    (0) 2560  
   16   11.2  0.0  3.3  contig_7_pilon  192016 192046 (211063) + (TGC)n     Simple_repeat      1     30    (0) 2561  
   12   18.9  7.1  0.0  contig_7_pilon  195717 195758 (207351) + A-rich     Simple_repeat      1     45    (0) 2562  
   28    3.3  0.0  0.0  contig_7_pilon  197372 197402 (205707) + (AAAT)n    Simple_repeat      1     31    (0) 2563  
   20   21.8  3.4  0.0  contig_7_pilon  199122 199180 (203929) + (AATCCTA)n Simple_repeat      1     61    (0) 2564  
   34    0.0  0.0  0.0  contig_7_pilon  199182 199213 (203896) + (ACATCCT)n Simple_repeat      1     32    (0) 2565  
   20   23.2  0.0  1.8  contig_7_pilon  199430 199486 (203623) + A-rich     Simple_repeat      1     56    (0) 2566  
   13   10.3  2.9  5.9  contig_7_pilon  202141 202175 (200934) + (ATTAA)n   Simple_repeat      1     34    (0) 2567  
   19   24.3  0.0  0.0  contig_7_pilon  202971 203023 (200086) + A-rich     Simple_repeat      1     53    (0) 2568  
   31    3.1  0.0  0.0  contig_7_pilon  209177 209209 (193900) + (AGC)n     Simple_repeat      1     33    (0) 2569  
   83    3.5  0.0  1.1  contig_7_pilon  214458 214546 (188563) + (TA)n      Simple_repeat      1     88    (0) 2570  
   16   18.8  8.9  1.7  contig_7_pilon  214714 214769 (188340) + (TA)n      Simple_repeat      1     60    (0) 2571  
   17    7.2  3.3  0.0  contig_7_pilon  223481 223510 (179599) + (CCTCTC)n  Simple_repeat      1     31    (0) 2572  
   21    9.7  6.8  0.0  contig_7_pilon  240013 240056 (163053) + A-rich     Simple_repeat      1     47    (0) 2573  
   15    4.7  0.0  0.0  contig_7_pilon  243812 243833 (159276) + (ATC)n     Simple_repeat      1     22    (0) 2574  
   16   24.6  1.8  1.8  contig_7_pilon  247678 247732 (155377) + A-rich     Simple_repeat      1     55    (0) 2575  
   16   15.9  0.0  0.0  contig_7_pilon  248190 248217 (154892) + (AT)n      Simple_repeat      1     28    (0) 2576  
   22    2.8  2.5  5.1  contig_7_pilon  250793 250835 (152274) + (TTTTA)n   Simple_repeat      1     41    (0) 2577  
   25   17.2  3.9  3.9  contig_7_pilon  252151 252227 (150882) + A-rich     Simple_repeat      1     77    (0) 2578  
   16   16.1  0.0  6.8  contig_7_pilon  254969 255015 (148094) + A-rich     Simple_repeat      1     44    (0) 2579  
   13   24.8  0.0  0.0  contig_7_pilon  259337 259374 (143735) + (GCACCA)n  Simple_repeat      1     38    (0) 2580  
   15    5.5  0.0  0.0  contig_7_pilon  274367 274385 (128724) + (CA)n      Simple_repeat      1     19    (0) 2581  
   17   13.6  0.0  7.0  contig_7_pilon  274511 274556 (128553) + A-rich     Simple_repeat      1     43    (0) 2582  
   13   20.9  0.0  0.0  contig_7_pilon  274691 274723 (128386) + (AAGACG)n  Simple_repeat      1     33    (0) 2583  
   18   19.9  0.0  0.0  contig_7_pilon  275812 275852 (127257) + (TCGCCA)n  Simple_repeat      1     41    (0) 2584  
   17   18.4  0.0  0.0  contig_7_pilon  281324 281360 (121749) + G-rich     Simple_repeat      1     37    (0) 2585  
   18   21.8  0.0  0.0  contig_7_pilon  285484 285520 (117589) + (T)n       Simple_repeat      1     37    (0) 2586  
   12   21.0  0.0  5.0  contig_7_pilon  285778 285819 (117290) + A-rich     Simple_repeat      1     40    (0) 2587  
   32    5.4  0.0  0.0  contig_7_pilon  287565 287603 (115506) + (CACCAG)n  Simple_repeat      1     39    (0) 2588  
   18   13.1  0.0  3.5  contig_7_pilon  296446 296481 (106628) + A-rich     Simple_repeat      1     34    (0) 2589  
   23   16.7  0.0  0.0  contig_7_pilon  301958 302004 (101105) + (TGGCGA)n  Simple_repeat      1     47    (0) 2590  
   11   18.9 11.1  0.0  contig_7_pilon  303492 303545  (99564) + A-rich     Simple_repeat      1     60    (0) 2591  
   20    9.3  8.7  0.0  contig_7_pilon  314684 314729  (88380) + (GTGAGCA)n Simple_repeat      1     50    (0) 2592  
   45   14.0  2.0  4.0  contig_7_pilon  327312 327413  (75696) + (GCGGACG)n Simple_repeat      1    100    (0) 2593  
   25   12.2  8.1  0.0  contig_7_pilon  331495 331556  (71553) + (TCACTGC)n Simple_repeat      1     67    (0) 2594  
   18    9.6  8.5  2.0  contig_7_pilon  335497 335543  (67566) + (GAGCAGT)n Simple_repeat      1     50    (0) 2595  
   29   18.9  5.0  1.2  contig_7_pilon  356504 356583  (46526) + (AAT)n     Simple_repeat      1     83    (0) 2596  
   13   25.1  4.3  0.0  contig_7_pilon  363143 363189  (39920) + (TAT)n     Simple_repeat      1     49    (0) 2597  
   22   15.0  4.8  3.1  contig_7_pilon  368634 368696  (34413) + (TTGCAAG)n Simple_repeat      1     64    (0) 2598  
   22   15.0  4.8  3.1  contig_7_pilon  378104 378166  (24943) + (TTGCAAG)n Simple_repeat      1     64    (0) 2599  
   27   11.8  3.5  1.7  contig_7_pilon  378951 379007  (24102) + G-rich     Simple_repeat      1     58    (0) 2600  
   11   22.0  5.4  3.5  contig_7_pilon  393638 393693   (9416) + (TCCGAC)n  Simple_repeat      1     57    (0) 2601  
   27    0.0  0.0  3.5  contig_7_pilon  395458 395487   (7622) + (CGCTCC)n  Simple_repeat      1     29    (0) 2602  
   16   13.1  0.0  0.0  contig_74_pilon   27209  27233 (593051) + (TC)n         Simple_repeat      1     25    (0) 2603  
   29   20.9  1.5  1.5  contig_74_pilon   28700  28767 (591517) + (TA)n         Simple_repeat      1     68    (0) 2604  
   12   23.7  3.9  1.9  contig_74_pilon   29192  29242 (591042) + A-rich        Simple_repeat      1     52    (0) 2605  
   15   29.0  0.0  1.8  contig_74_pilon   43655  43710 (576574) + G-rich        Simple_repeat      1     55    (0) 2606  
   23    9.7  6.5  2.1  contig_74_pilon   47613  47676 (572608) + (TA)n         Simple_repeat      1     66    (0) 2607  
   13   13.6  0.0  8.6  contig_74_pilon   49037  49074 (571210) + (TTTA)n       Simple_repeat      1     35    (0) 2608  
   16   20.7  0.0  0.0  contig_74_pilon   59884  59922 (560362) + (GATGAC)n     Simple_repeat      1     39    (0) 2609  
   15   25.6  0.0  0.0  contig_74_pilon   59923  59925 (560359) + (GAT)n        Simple_repeat      1     42    (0) 2610  
   13   19.6  2.9  0.0  contig_74_pilon   66380  66414 (553870) + (TTTAT)n      Simple_repeat      1     36    (0) 2611  
   48    9.1  0.0  0.0  contig_74_pilon   69389  69459 (550825) + (AACCAG)n     Simple_repeat      1     71    (0) 2612  
   22   13.9  0.0  0.0  contig_74_pilon   70914  70953 (549331) + (GGAGGC)n     Simple_repeat      1     40    (0) 2613  
   12   15.0  3.3  0.0  contig_74_pilon   72227  72256 (548028) + (TTTGGA)n     Simple_repeat      1     31    (0) 2614  
   17    9.1  5.7  0.0  contig_74_pilon   84238  84281 (536003) + (AAAACA)n     Simple_repeat      1     46    (0) 2615  
   18   11.7  0.0  0.0  contig_74_pilon   88551  88578 (531706) + (AC)n         Simple_repeat      1     28    (0) 2616  
   12   18.2  2.4  5.0  contig_74_pilon   88795  88835 (531449) + GA-rich       Simple_repeat      1     40    (0) 2617  
   16   15.4  2.8  0.0  contig_74_pilon   93219  93254 (527030) + (TATG)n       Simple_repeat      1     37    (0) 2618  
   12   21.5  6.0  1.9  contig_74_pilon   94915  94964 (525320) + (CATT)n       Simple_repeat      1     52    (0) 2619  
   12   11.7  3.3  3.3  contig_74_pilon   97019  97048 (523236) + (TTA)n        Simple_repeat      1     30    (0) 2620  
   17   20.2  1.6  6.6  contig_74_pilon   99406  99469 (520815) + (ATTATC)n     Simple_repeat      1     61    (0) 2621  
   17   21.6  0.0  4.0  contig_74_pilon  102457 102508 (517776) + A-rich        Simple_repeat      1     50    (0) 2622  
   14   20.6  4.3  5.9  contig_74_pilon  106472 106540 (513744) + A-rich        Simple_repeat      1     68    (0) 2623  
   18   22.7  0.0  3.8  contig_74_pilon  108623 108677 (511607) + A-rich        Simple_repeat      1     53    (0) 2624  
   22   18.8  3.6  0.0  contig_74_pilon  108735 108789 (511495) + A-rich        Simple_repeat      1     57    (0) 2625  
   13   19.2  0.0  0.0  contig_74_pilon  109349 109378 (510906) + A-rich        Simple_repeat      1     30    (0) 2626  
   12    8.5  0.0  7.4  contig_74_pilon  114400 114428 (505856) + (CCGCT)n      Simple_repeat      1     27    (0) 2627  
   13   13.3  6.1  0.0  contig_74_pilon  114429 114431 (505853) + (CCCGCT)n     Simple_repeat      2     35    (0) 2628  
   16   19.5  2.4  0.0  contig_74_pilon  114476 114516 (505768) + (CCCG)n       Simple_repeat      1     42    (0) 2629  
   19    7.2  0.0  0.0  contig_74_pilon  114585 114613 (505671) + (CCGCC)n      Simple_repeat      1     29    (0) 2630  
   13    9.7  9.1  0.0  contig_74_pilon  115545 115577 (504707) + (TCAATCA)n    Simple_repeat      1     36    (0) 2631  
  135    0.0  0.0  0.0  contig_74_pilon  118578 118692 (501592) + (TC)n         Simple_repeat      1    115    (0) 2632  
   12   14.5  5.7  7.7  contig_74_pilon  134750 134802 (485482) + (GCGAG)n      Simple_repeat      1     52    (0) 2633  
   12   16.4  0.0  8.1  contig_74_pilon  137800 137839 (482445) + (AGAGCA)n     Simple_repeat      1     37    (0) 2634  
   12   15.3  3.5  0.0  contig_74_pilon  150459 150487 (469797) + (CCTA)n       Simple_repeat      1     30    (0) 2635  
   13   28.3  1.8  1.8  contig_74_pilon  151349 151405 (468879) + (TCCGAT)n     Simple_repeat      1     57    (0) 2636  
   12    4.3  0.0 11.1  contig_74_pilon  154605 154634 (465650) + A-rich        Simple_repeat      1     27    (0) 2637  
   13   19.6  4.0  4.0  contig_74_pilon  163365 163414 (456870) + (AGAATATC)n   Simple_repeat      1     50    (0) 2638  
   18    8.5  0.0  0.0  contig_74_pilon  169772 169796 (450488) + (C)n          Simple_repeat      1     25    (0) 2639  
   14   12.9  2.8  2.8  contig_74_pilon  172834 172869 (447415) + (TTTGTAT)n    Simple_repeat      1     36    (0) 2640  
   27   19.3  0.0  5.4  contig_74_pilon  174936 175013 (445271) + A-rich        Simple_repeat      1     74    (0) 2641  
   13    0.0  0.0  0.0  contig_74_pilon  184625 184641 (435643) + (AAC)n        Simple_repeat      1     17    (0) 2642  
   12   18.4  0.0  3.1  contig_74_pilon  187193 187225 (433059) + (GACGG)n      Simple_repeat      1     32    (0) 2643  
   13   22.7  0.0  0.0  contig_74_pilon  204414 204449 (415835) + (AGTCAT)n     Simple_repeat      1     36    (0) 2644  
   12   14.3 10.4  1.9  contig_74_pilon  208037 208084 (412200) + (ATTCAAT)n    Simple_repeat      1     52    (0) 2645  
   23   14.7  0.0  2.2  contig_74_pilon  209117 209163 (411121) + (TTATT)n      Simple_repeat      1     46    (0) 2646  
   18   29.8  0.0  0.0  contig_74_pilon  224746 224806 (395478) + (CCCGCA)n     Simple_repeat      1     61    (0) 2647  
   23   16.8  0.0  0.0  contig_74_pilon  229511 229550 (390734) + (T)n          Simple_repeat      1     40    (0) 2648  
   12   14.4  2.2  9.3  contig_74_pilon  233917 233962 (386322) + A-rich        Simple_repeat      1     43    (0) 2649  
   19    8.9  2.6  2.6  contig_74_pilon  237657 237694 (382590) + (TTTTCT)n     Simple_repeat      1     38    (0) 2650  
   19   15.1  2.2  2.2  contig_74_pilon  242418 242463 (377821) + A-rich        Simple_repeat      1     46    (0) 2651  
   11    8.7  7.1  7.1  contig_74_pilon  242558 242599 (377685) + (ATATTCT)n    Simple_repeat      1     42    (0) 2652  
   11   20.8  0.0  2.9  contig_74_pilon  247419 247453 (372831) + A-rich        Simple_repeat      1     34    (0) 2653  
   17   22.6  0.0  0.0  contig_74_pilon  248143 248178 (372106) + A-rich        Simple_repeat      1     36    (0) 2654  
   16   11.6  0.0  0.0  contig_74_pilon  249932 249959 (370325) + (CTTT)n       Simple_repeat      1     28    (0) 2655  
   17   25.2  1.2  7.4  contig_74_pilon  254223 254308 (365976) + (ATTA)n       Simple_repeat      1     81    (0) 2656  
   11   24.1  0.0  0.0  contig_74_pilon  254488 254521 (365763) + (TTTATA)n     Simple_repeat      1     34    (0) 2657  
   17    6.7  0.0  6.1  contig_74_pilon  254640 254674 (365610) + (TAAAAT)n     Simple_repeat      1     33    (0) 2658  
   48   29.6  3.3  2.4  contig_74_pilon  254997 255206 (365078) + (AT)n         Simple_repeat      1    212    (0) 2659  
   12   18.4  6.7  2.1  contig_74_pilon  256332 256376 (363908) + (TAA)n        Simple_repeat      1     47    (0) 2660  
   18   29.2  1.1  4.6  contig_74_pilon  257060 257149 (363135) + (TTAAT)n      Simple_repeat      1     87    (0) 2661  
   13    5.2  0.0  0.0  contig_74_pilon  259651 259670 (360614) + (CCT)n        Simple_repeat      1     20    (0) 2662  
   27    3.4  0.0  0.0  contig_74_pilon  259687 259716 (360568) + (CCACCT)n     Simple_repeat      1     30    (0) 2663  
   16    8.7  0.0  0.0  contig_74_pilon  260071 260095 (360189) + (CCA)n        Simple_repeat      1     25    (0) 2664  
   32   30.8  0.0  0.0  contig_74_pilon  260206 260308 (359976) + (CCA)n        Simple_repeat      1    103    (0) 2665  
   82    0.0  0.0  0.0  contig_74_pilon  262022 262091 (358193) + (AT)n         Simple_repeat      1     70    (0) 2666  
   13   22.4  3.5  8.5  contig_74_pilon  275468 275553 (344731) + A-rich        Simple_repeat      1     82    (0) 2667  
   25   26.7  2.1  2.1  contig_74_pilon  277239 277331 (342953) + A-rich        Simple_repeat      1     93    (0) 2668  
   56    1.8  1.8  0.0  contig_74_pilon  282489 282544 (337740) + (AT)n         Simple_repeat      1     57    (0) 2669  
   15   26.6  2.4  6.1  contig_74_pilon  282700 282784 (337500) + (TTAA)n       Simple_repeat      1     82    (0) 2670  
   67   13.2  4.1  2.7  contig_74_pilon  285093 285178 (335106) + (TATG)n       Simple_repeat      1     92    (0) 2671  
   50    0.0  0.0  0.0  contig_74_pilon  285179 285221 (335063) + (TA)n         Simple_repeat      1     43    (0) 2672  
   67   13.2  4.1  2.7  contig_74_pilon  285222 285279 (335005) + (TATG)n       Simple_repeat      1     57    (0) 2673  
   16   15.4  4.4  2.2  contig_74_pilon  286697 286741 (333543) + (ATTGAC)n     Simple_repeat      1     46    (0) 2674  
   11   16.5  5.9  0.0  contig_74_pilon  291976 292009 (328275) + (TTGTTGC)n    Simple_repeat      1     36    (0) 2675  
   48    2.1  0.0  0.0  contig_74_pilon  296561 296608 (323676) + (GTAT)n       Simple_repeat      1     48    (0) 2676  
   13   13.2  0.0  0.0  contig_74_pilon  315818 315842 (304442) + (GGT)n        Simple_repeat      1     25    (0) 2677  
   13   31.1  0.0  1.8  contig_74_pilon  320674 320730 (299554) + (TTTGAG)n     Simple_repeat      1     56    (0) 2678  
   95    0.0  0.0  0.0  contig_74_pilon  333428 333508 (286776) + (AT)n         Simple_repeat      1     81    (0) 2679  
   14   29.8  1.8  0.0  contig_74_pilon  336909 336965 (283319) + GA-rich       Simple_repeat      1     58    (0) 2680  
   12   21.8  2.7  0.0  contig_74_pilon  342335 342371 (277913) + (TGTTTT)n     Simple_repeat      1     38    (0) 2681  
   13   16.0  2.7  2.7  contig_74_pilon  348384 348420 (271864) + (CCCCA)n      Simple_repeat      1     37    (0) 2682  
   16   12.7  0.0  5.6  contig_74_pilon  348567 348604 (271680) + (GGCGTG)n     Simple_repeat      1     36    (0) 2683  
   15    7.0  6.7  0.0  contig_74_pilon  349326 349355 (270929) + (TATT)n       Simple_repeat      1     32    (0) 2684  
   30   11.8  0.0  0.0  contig_74_pilon  356216 356271 (264013) + (TGCTTCCAAT)n Simple_repeat      1     56    (0) 2685  
   13    9.8  0.0  0.0  contig_74_pilon  359325 359346 (260938) + (GGA)n        Simple_repeat      1     22    (0) 2686  
   12   17.1  2.9  2.9  contig_74_pilon  364138 364172 (256112) + (CTTCT)n      Simple_repeat      1     35    (0) 2687  
   24   20.6  2.6  3.9  contig_74_pilon  372305 372382 (247902) + (AACACC)n     Simple_repeat      1     77    (0) 2688  
   12   21.7  0.0  0.0  contig_74_pilon  373945 373976 (246308) + A-rich        Simple_repeat      1     32    (0) 2689  
   22    3.2  0.0  3.0  contig_74_pilon  374039 374072 (246212) + (AAATAA)n     Simple_repeat      1     33    (0) 2690  
   20   13.9  0.0  0.0  contig_74_pilon  374073 374074 (246210) + (A)n          Simple_repeat      1     36    (0) 2691  
   12    4.3  8.3  0.0  contig_74_pilon  376404 376427 (243857) + (ATTGC)n      Simple_repeat      1     26    (0) 2692  
   18   29.1  0.0  0.0  contig_74_pilon  397870 397927 (222357) + (CGT)n        Simple_repeat      1     58    (0) 2693  
   14   16.5  0.0  5.6  contig_74_pilon  399159 399196 (221088) + (GCAC)n       Simple_repeat      1     36    (0) 2694  
   44   17.3  0.0 11.5  contig_74_pilon  400793 400947 (219337) + G-rich        Simple_repeat      1    139    (0) 2695  
   15   21.8  0.0  0.0  contig_74_pilon  402033 402069 (218215) + (TAAT)n       Simple_repeat      1     37    (0) 2696  
   13   17.8  5.3  0.0  contig_74_pilon  406292 406329 (213955) + A-rich        Simple_repeat      1     40    (0) 2697  
   18   29.1  0.0  0.0  contig_74_pilon  417276 417333 (202951) + (CGT)n        Simple_repeat      1     58    (0) 2698  
   14   16.5  0.0  5.6  contig_74_pilon  418564 418601 (201683) + (GCAC)n       Simple_repeat      1     36    (0) 2699  
   16   17.5  4.3  2.1  contig_74_pilon  420973 421019 (199265) + A-rich        Simple_repeat      1     48    (0) 2700  
   23   19.7  3.4  0.0  contig_74_pilon  423628 423686 (196598) + GA-rich       Simple_repeat      1     61    (0) 2701  
   14    9.6  0.0  0.0  contig_74_pilon  442762 442784 (177500) + (AAT)n        Simple_repeat      1     23    (0) 2702  
   76   18.4  2.2 10.6  contig_74_pilon  444956 445271 (175013) + (CTC)n        Simple_repeat      1    292    (0) 2703  
   12   12.1  0.0  6.9  contig_74_pilon  484662 484692 (135592) + (TTTTA)n      Simple_repeat      1     29    (0) 2704  
   19   27.9  4.0  3.0  contig_74_pilon  490077 490099 (130185) + (ACAT)n       Simple_repeat      1     97    (0) 2705  
   23   23.7  1.4  2.8  contig_74_pilon  490100 490172 (130112) + (TACATA)n     Simple_repeat      1     72    (0) 2706  
   12   20.3  0.0  7.1  contig_74_pilon  496079 496123 (124161) + (GTTTG)n      Simple_repeat      1     42    (0) 2707  
   17   11.3  0.0  0.0  contig_74_pilon  497756 497784 (122500) + (TTTC)n       Simple_repeat      1     29    (0) 2708  
   26    6.2  0.0  0.0  contig_74_pilon  500125 500158 (120126) + (ATGACG)n     Simple_repeat      1     34    (0) 2709  
   17   24.8  0.0  8.3  contig_74_pilon  501967 502044 (118240) + A-rich        Simple_repeat      1     72    (0) 2710  
   17   22.6  3.2  7.7  contig_74_pilon  502113 502207 (118077) + (TTCAAT)n     Simple_repeat      1     91    (0) 2711  
   33    0.0  0.0  0.0  contig_74_pilon  502799 502826 (117458) + (AT)n         Simple_repeat      1     28    (0) 2712  
   13   16.5  0.0  5.6  contig_74_pilon  503812 503849 (116435) + (TTGGAAT)n    Simple_repeat      1     36    (0) 2713  
   20   14.4  0.0  0.0  contig_74_pilon  504808 504839 (115445) + (A)n          Simple_repeat      1     32    (0) 2714  
   15   23.6  2.2  0.0  contig_74_pilon  505381 505425 (114859) + (TTTGAT)n     Simple_repeat      1     46    (0) 2715  
   13   18.9  0.0  0.0  contig_74_pilon  511269 511298 (108986) + (ATTT)n       Simple_repeat      1     30    (0) 2716  
   17    4.3  0.0  0.0  contig_74_pilon  517140 517163 (103121) + (GCCA)n       Simple_repeat      1     24    (0) 2717  
   16    9.4  5.9  0.0  contig_74_pilon  521462 521495  (98789) + (TCTTTT)n     Simple_repeat      1     36    (0) 2718  
   12   17.8  3.3  8.8  contig_74_pilon  527961 528020  (92264) + (CTGCGAG)n    Simple_repeat      1     57    (0) 2719  
   13   18.6  2.6  2.6  contig_74_pilon  530744 530782  (89502) + (ATATCTA)n    Simple_repeat      1     39    (0) 2720  
   12    8.1  3.6  3.6  contig_74_pilon  542817 542844  (77440) + (CCTCG)n      Simple_repeat      1     28    (0) 2721  
   14   15.3  0.0  0.0  contig_74_pilon  549294 549322  (70962) + A-rich        Simple_repeat      1     29    (0) 2722  
   17   24.5  1.8  1.8  contig_74_pilon  555677 555731  (64553) + (AAC)n        Simple_repeat      1     55    (0) 2723  
   16   29.8  2.3  3.5  contig_74_pilon  569448 569534  (50750) + (TCTCCT)n     Simple_repeat      1     86    (0) 2724  
   13    4.2  3.7  3.7  contig_74_pilon  570118 570144  (50140) + (CTCTC)n      Simple_repeat      1     27    (0) 2725  
   12   21.6  0.0  0.0  contig_74_pilon  570557 570588  (49696) + GA-rich       Simple_repeat      1     32    (0) 2726  
   14   22.9  2.1  2.1  contig_74_pilon  571972 572019  (48265) + A-rich        Simple_repeat      1     48    (0) 2727  
   13   21.3  1.8  7.5  contig_74_pilon  572239 572294  (47990) + (AAT)n        Simple_repeat      1     53    (0) 2728  
   17   23.7  0.0  2.0  contig_74_pilon  572335 572385  (47899) + A-rich        Simple_repeat      1     50    (0) 2729  
   19   21.2  0.0  0.0  contig_74_pilon  585078 585115  (35169) + A-rich        Simple_repeat      1     38    (0) 2730  
   16   27.0  1.6  3.3  contig_74_pilon  585116 585137  (35147) + GA-rich       Simple_repeat      3     61    (0) 2731  
   21   23.8  0.0  0.0  contig_74_pilon  590575 590628  (29656) + (TCAAGG)n     Simple_repeat      1     54    (0) 2732  
   21    0.0  3.1  3.1  contig_74_pilon  597314 597347  (22937) + (TTTA)n       Simple_repeat      1     34    (0) 2733  
   13   19.2  0.0  0.0  contig_74_pilon  597546 597575  (22709) + A-rich        Simple_repeat      1     30    (0) 2734  
   15   16.4  4.9  0.0  contig_74_pilon  607562 607602  (12682) + G-rich        Simple_repeat      1     43    (0) 2735  
   13   23.9  0.0  2.5  contig_74_pilon  610298 610338   (9946) + A-rich        Simple_repeat      1     40    (0) 2736  
   17   16.6  4.9  0.0  contig_74_pilon  610699 610765   (9519) + (GTC)n        Simple_repeat      1     70    (0) 2737  
   20   14.1  0.0  0.0  contig_74_pilon  611100 611138   (9146) + (TTTTGGG)n    Simple_repeat      1     39    (0) 2738  
   13   26.2  0.0  2.2  contig_78_pilon   5227  5273 (22384) + A-rich     Simple_repeat      1     46    (0) 2739  
   17   16.6  4.9  0.0  contig_78_pilon   5618  5658 (21999) + (GTC)n     Simple_repeat      1     43    (0) 2740  
   25   10.8  3.9  1.9  contig_78_pilon   6012  6063 (21594) + (GCGTTTT)n Simple_repeat      1     53    (0) 2741  
   12   16.9  4.5  4.5  contig_79_pilon   5879  5922 (58963) + (GGCG)n   Simple_repeat      1     44    (0) 2742  
   17   11.2  0.0  0.0  contig_79_pilon  15772 15800 (49085) + (TCC)n    Simple_repeat      1     29    (0) 2743  
   19   37.5  0.0  2.4  contig_79_pilon  16559 16644 (48241) + (AT)n     Simple_repeat      1     84    (0) 2744  
   13   13.9  2.9  2.9  contig_79_pilon  18257 18290 (46595) + (AAGCA)n  Simple_repeat      1     34    (0) 2745  
   13   18.3  2.6  2.6  contig_79_pilon  42018 42062 (22823) + (TTAC)n   Simple_repeat      1     45    (0) 2746  
   15   15.9  2.9  0.0  contig_79_pilon  45770 45804 (19081) + (CCGGAT)n Simple_repeat      1     36    (0) 2747  
   19   14.9  0.0  0.0  contig_85_pilon   5152  5182 (4855) + (T)n     Simple_repeat      1     31    (0) 2748  
   17   15.3  0.0  0.0  contig_85_pilon   5295  5323 (4714) + (T)n     Simple_repeat      1     29    (0) 2749  
   12    4.5  4.0  4.0  contig_87_pilon   9269  9293 (20847) + (TCCT)n  Simple_repeat      1     25    (0) 2750  
   23   12.9  8.5  0.0  contig_8_pilon  24992 25050 (2169) + (CTGCTCA)n Simple_repeat      1     64    (0) 2751  
   15   17.5  4.3  2.1  contig_88_pilon  22528 22574 (36783) + A-rich     Simple_repeat      1     48    (0) 2752  
   13   14.5  5.0  2.4  contig_88_pilon  29627 29666 (29691) + A-rich     Simple_repeat      1     41    (0) 2753  
   35    2.8  0.0  0.0  contig_88_pilon  43922 43958 (15399) + (GTGAGCG)n Simple_repeat      1     37    (0) 2754  
   15    9.4  5.6  2.7  contig_88_pilon  47324 47359 (11998) + (TCTCCT)n  Simple_repeat      1     37    (0) 2755  
   33    0.0  2.6  2.6  contig_88_pilon  59269 59307    (50) + (TCACCGC)n Simple_repeat      1     39    (0) 2756  
   34   18.0  3.6  5.5  contig_9_pilon      129     136 (2927552) + (CCCG)n       Simple_repeat      1     12   (97) 2757  
   19   13.6  0.0  4.8  contig_9_pilon      137     180 (2927508) + (CCCTC)n      Simple_repeat      1     42    (0) 2758  
   34   18.0  3.6  5.5  contig_9_pilon      181     239 (2927449) + (CCCG)n       Simple_repeat     13    109    (0) 2757  
   14   17.8  0.0  3.0  contig_9_pilon     1198    1231 (2926457) + (GTG)n        Simple_repeat      1     33    (0) 2759  
   22   13.7  1.9  3.9  contig_9_pilon     1536    1587 (2926101) + GA-rich       Simple_repeat      1     51    (0) 2760  
   13   20.5  0.0 12.7  contig_9_pilon     1956    2026 (2925662) + (GTGGTG)n     Simple_repeat      1     63    (0) 2761  
   15   18.6  0.0  9.4  contig_9_pilon     3028    3085 (2924603) + (GTGGA)n      Simple_repeat      1     53    (0) 2762  
   13   22.3  5.6  1.8  contig_9_pilon     3614    3667 (2924021) + G-rich        Simple_repeat      1     56    (0) 2763  
   12    8.7  2.1 13.9  contig_9_pilon     4857    4904 (2922784) + (TGGT)n       Simple_repeat      1     43    (0) 2764  
   13    9.7  5.7  2.8  contig_9_pilon     6383    6417 (2921271) + (GTGGTGG)n    Simple_repeat      1     36    (0) 2765  
   13    9.7  5.7  2.8  contig_9_pilon    20944   20978 (2906710) + (CCCACCA)n    Simple_repeat      1     36    (0) 2766  
   26    0.0  0.0  0.0  contig_9_pilon    25387   25411 (2902277) + (CCA)n        Simple_repeat      1     25    (0) 2767  
   22   17.0  4.9  1.6  contig_9_pilon    25766   25832 (2901856) + (CTCCCT)n     Simple_repeat      1     69    (0) 2768  
   14   17.8  0.0  3.0  contig_9_pilon    26137   26170 (2901518) + (CAC)n        Simple_repeat      1     33    (0) 2769  
   35   18.1  2.6  6.4  contig_9_pilon    27131   27243 (2900445) + (GCGG)n       Simple_repeat      1    109    (0) 2770  
   31   19.4  7.8  1.6  contig_9_pilon    27244   27245 (2900443) + G-rich        Simple_repeat      1    122    (0) 2771  
   12   16.1  7.7  3.7  contig_9_pilon    27858   27909 (2899779) + (ATTTGTA)n    Simple_repeat      1     54    (0) 2772  
   15   17.9  2.1  4.3  contig_9_pilon    28622   28669 (2899019) + (TTTTGTA)n    Simple_repeat      1     47    (0) 2773  
   17   28.5  0.0  0.0  contig_9_pilon    30337   30391 (2897297) + A-rich        Simple_repeat      1     55    (0) 2774  
   14   18.8  6.0  1.9  contig_9_pilon    33347   33396 (2894292) + (CACAA)n      Simple_repeat      1     52    (0) 2775  
   15    0.0  0.0  0.0  contig_9_pilon    35041   35059 (2892629) + (TCT)n        Simple_repeat      1     19    (0) 2776  
   18   25.4  3.9  2.5  contig_9_pilon    38436   38513 (2889175) + A-rich        Simple_repeat      1     79    (0) 2777  
   13   22.3  0.0  2.6  contig_9_pilon    38664   38702 (2888986) + (AATAA)n      Simple_repeat      1     38    (0) 2778  
   31   28.3  1.1  0.0  contig_9_pilon    39711   39802 (2887886) + (TATA)n       Simple_repeat      1     93    (0) 2779  
   12   12.0  7.9  2.5  contig_9_pilon    41486   41523 (2886165) + A-rich        Simple_repeat      1     40    (0) 2780  
   89    0.0  0.0  0.0  contig_9_pilon    42228   42303 (2885385) + (TA)n         Simple_repeat      1     76    (0) 2781  
   19   14.9  7.7  0.0  contig_9_pilon    45860   45911 (2881777) + (ATTTT)n      Simple_repeat      1     56    (0) 2782  
   19   12.4  0.0  0.0  contig_9_pilon    58487   58523 (2869165) + (AAAAT)n      Simple_repeat      1     37    (0) 2783  
   25   12.5  8.2  0.0  contig_9_pilon    64638   64698 (2862990) + (GTGAGCA)n    Simple_repeat      1     66    (0) 2784  
   13   14.7  0.0  3.2  contig_9_pilon    78939   78970 (2848718) + (TTTAAT)n     Simple_repeat      1     31    (0) 2785  
   13   13.8  2.9  2.9  contig_9_pilon    84427   84460 (2843228) + (TTTTAT)n     Simple_repeat      1     34    (0) 2786  
   28    5.9  0.0  0.0  contig_9_pilon   100068  100103 (2827585) + (GTTGTGAA)n   Simple_repeat      1     36    (0) 2787  
   11   19.9  5.3  5.3  contig_9_pilon   100892  100948 (2826740) + (GATTAT)n     Simple_repeat      1     57    (0) 2788  
   28    5.9  0.0  0.0  contig_9_pilon   109535  109570 (2818118) + (GTTGTGAA)n   Simple_repeat      1     36    (0) 2789  
   19   24.7  0.0  3.4  contig_9_pilon   129393  129453 (2798235) + (ATAC)n       Simple_repeat      1     59    (0) 2790  
   20   31.1  0.0  0.0  contig_9_pilon   135455  135522 (2792166) + (TATG)n       Simple_repeat      1     68    (0) 2791  
   12   16.6  0.0  0.0  contig_9_pilon   155594  155620 (2772068) + (CATGC)n      Simple_repeat      1     27    (0) 2792  
   13   28.0  0.0  2.1  contig_9_pilon   156409  156457 (2771231) + A-rich        Simple_repeat      1     48    (0) 2793  
   13   31.5  0.0  0.0  contig_9_pilon   158248  158298 (2769390) + A-rich        Simple_repeat      1     51    (0) 2794  
   12   23.1  1.5  8.2  contig_9_pilon   161934  161998 (2765690) + A-rich        Simple_repeat      1     61    (0) 2795  
   13   17.3  5.1  0.0  contig_9_pilon   162381  162419 (2765269) + (ATTTTTC)n    Simple_repeat      1     41    (0) 2796  
   14   19.2  0.0  2.7  contig_9_pilon   163000  163037 (2764651) + A-rich        Simple_repeat      1     37    (0) 2797  
  141    0.8  0.0  0.0  contig_9_pilon   163240  163363 (2764325) + (TA)n         Simple_repeat      1    124    (0) 2798  
   16   24.5  5.3  2.6  contig_9_pilon   164111  164186 (2763502) + A-rich        Simple_repeat      1     78    (0) 2799  
   14   20.1  2.0  4.2  contig_9_pilon   164315  164363 (2763325) + A-rich        Simple_repeat      1     48    (0) 2800  
   15   19.6  0.0  0.0  contig_9_pilon   173286  173314 (2754374) + (T)n          Simple_repeat      1     29    (0) 2801  
   41    0.0  4.8  0.0  contig_9_pilon   178852  178893 (2748795) + (TA)n         Simple_repeat      1     44    (0) 2802  
   14    9.3  0.0  0.0  contig_9_pilon   184814  184836 (2742852) + (GAG)n        Simple_repeat      1     23    (0) 2803  
   14    9.3  0.0  0.0  contig_9_pilon   193621  193643 (2734045) + (GAG)n        Simple_repeat      1     23    (0) 2804  
   13   17.3  0.0  9.3  contig_9_pilon   197071  197117 (2730571) + (CGGAGG)n     Simple_repeat      1     43    (0) 2805  
   16   22.0  2.0  2.0  contig_9_pilon   205298  205347 (2722341) + A-rich        Simple_repeat      1     50    (0) 2806  
   12    5.0  0.0  4.5  contig_9_pilon   216993  217015 (2710673) + (GAAA)n       Simple_repeat      1     22    (0) 2807  
   12   12.7  2.5  7.9  contig_9_pilon   228855  228894 (2698794) + (AATCCC)n     Simple_repeat      1     38    (0) 2808  
   14    5.7  7.1  7.1  contig_9_pilon   232111  232152 (2695536) + G-rich        Simple_repeat      1     42    (0) 2809  
   17   16.7  0.0  0.0  contig_9_pilon   232206  232239 (2695449) + (GCT)n        Simple_repeat      1     34    (0) 2810  
  138    0.0  0.0  0.0  contig_9_pilon   237487  237603 (2690085) + (CT)n         Simple_repeat      1    117    (0) 2811  
   15   17.6  3.1  0.0  contig_9_pilon   237688  237719 (2689969) + (CA)n         Simple_repeat      1     33    (0) 2812  
   19   20.1  0.0  0.0  contig_9_pilon   242324  242359 (2685329) + (TATA)n       Simple_repeat      1     37    (0) 2813  
   36    6.7  0.0  0.0  contig_9_pilon   242360  242406 (2685282) + (TATG)n       Simple_repeat      1     47    (0) 2814  
   19   20.1  0.0  0.0  contig_9_pilon   242407  242416 (2685272) + (TATA)n       Simple_repeat      2     12    (0) 2815  
   15   34.3  0.0  0.0  contig_9_pilon   248980  249038 (2678650) + (GAC)n        Simple_repeat      1     59    (0) 2816  
   15    5.5  0.0  0.0  contig_9_pilon   257363  257381 (2670307) + (T)n          Simple_repeat      1     19    (0) 2817  
   14   12.0  0.0  0.0  contig_9_pilon   259269  259295 (2668393) + (TTTTC)n      Simple_repeat      1     27    (0) 2818  
   17   14.6  0.0  3.2  contig_9_pilon   260474  260505 (2667183) + (AT)n         Simple_repeat      1     31    (0) 2819  
   15    4.2  4.0  0.0  contig_9_pilon   265667  265691 (2661997) + (GGGA)n       Simple_repeat      1     26    (0) 2820  
  143    0.0  0.0  0.0  contig_9_pilon   265692  265812 (2661876) + (GA)n         Simple_repeat      1    121    (0) 2821  
   21    9.8  3.0  0.0  contig_9_pilon   274153  274185 (2653503) + (CT)n         Simple_repeat      1     34    (0) 2822  
   14   13.7  3.1  0.0  contig_9_pilon   280818  280849 (2646839) + (CGGCAT)n     Simple_repeat      1     33    (0) 2823  
   22   19.8  0.0  0.0  contig_9_pilon   313935  313985 (2613703) + A-rich        Simple_repeat      1     51    (0) 2824  
   54    0.0  0.0  0.0  contig_9_pilon   334803  334848 (2592840) + (TA)n         Simple_repeat      1     46    (0) 2825  
   18    3.0  5.3  5.3  contig_9_pilon   337232  337269 (2590419) + (CACTCGC)n    Simple_repeat      1     38    (0) 2826  
   15   13.9  0.0  0.0  contig_9_pilon   343571  343594 (2584094) + (A)n          Simple_repeat      1     24    (0) 2827  
   13   12.0  7.9  2.5  contig_9_pilon   354057  354094 (2573594) + (GGC)n        Simple_repeat      1     40    (0) 2828  
   13    5.2  0.0  0.0  contig_9_pilon   354672  354691 (2572997) + (GGC)n        Simple_repeat      1     20    (0) 2829  
   13   13.6  4.3  6.7  contig_9_pilon   359683  359728 (2567960) + (TGGTTA)n     Simple_repeat      1     45    (0) 2830  
   13   15.2  0.0 10.0  contig_9_pilon   360445  360488 (2567200) + (TTTAA)n      Simple_repeat      1     40    (0) 2831  
   13   17.0 11.3  0.0  contig_9_pilon   362724  362776 (2564912) + (ATATAAC)n    Simple_repeat      1     59    (0) 2832  
   34   15.9  0.0  0.0  contig_9_pilon   367741  367803 (2559885) + (TATA)n       Simple_repeat      1     63    (0) 2833  
  109    0.0  0.0  0.0  contig_9_pilon   372671  372763 (2554925) + (AT)n         Simple_repeat      1     93    (0) 2834  
   13    9.8  9.1  0.0  contig_9_pilon   380482  380514 (2547174) + (TCCTTG)n     Simple_repeat      1     36    (0) 2835  
   22   11.8  2.7  0.0  contig_9_pilon   382655  382691 (2544997) + (AG)n         Simple_repeat      1     38    (0) 2836  
   13   19.4  0.0  2.8  contig_9_pilon   389972  390008 (2537680) + (CTCCTCA)n    Simple_repeat      1     36    (0) 2837  
   34   20.5  4.1  1.0  contig_9_pilon   420606  420702 (2506986) + A-rich        Simple_repeat      1    100    (0) 2838  
   14   21.8  5.5  1.8  contig_9_pilon   431696  431750 (2495938) + (AATG)n       Simple_repeat      1     57    (0) 2839  
   13   15.7  0.0  7.9  contig_9_pilon   438229  438269 (2489419) + A-rich        Simple_repeat      1     38    (0) 2840  
   14   19.4  2.3  2.3  contig_9_pilon   445303  445345 (2482343) + (ACCTCC)n     Simple_repeat      1     43    (0) 2841  
   16    9.7  0.0  0.0  contig_9_pilon   445767  445788 (2481900) + (G)n          Simple_repeat      1     22    (0) 2842  
   17   32.0  3.2  1.0  contig_9_pilon   447013  447106 (2480582) + (ATAATAT)n    Simple_repeat      1     96    (0) 2843  
   15   29.1  1.7  1.7  contig_9_pilon   460595  460654 (2467034) + (CGC)n        Simple_repeat      1     60    (0) 2844  
   15   18.2  0.0  2.6  contig_9_pilon   474098  474136 (2453552) + (ACTATTA)n    Simple_repeat      1     38    (0) 2845  
   13   12.8  2.6  5.4  contig_9_pilon   476976  477034 (2450654) + (AACTAT)n     Simple_repeat      1     57    (0) 2846  
   17    6.8  3.0  3.0  contig_9_pilon   479058  479090 (2448598) + (GCGATG)n     Simple_repeat      1     33    (0) 2847  
   13   20.2  4.3  2.1  contig_9_pilon   484832  484878 (2442810) + (AAGCCA)n     Simple_repeat      1     48    (0) 2848  
   20   24.9  2.0  0.0  contig_9_pilon   494381  494436 (2433252) + (CA)n         Simple_repeat      1     57    (0) 2849  
   13   24.9  2.0  2.0  contig_9_pilon   499097  499145 (2428543) + A-rich        Simple_repeat      1     49    (0) 2850  
   11   36.3  0.0  4.8  contig_9_pilon   499314  499401 (2428287) + (TTCTTT)n     Simple_repeat      1     84    (0) 2851  
  120    0.0  0.0  0.0  contig_9_pilon   507525  507626 (2420062) + (TA)n         Simple_repeat      1    102    (0) 2852  
   17   20.0  0.0  0.0  contig_9_pilon   514173  514212 (2413476) + (TTTGTG)n     Simple_repeat      1     40    (0) 2853  
   14   12.7  0.0  0.0  contig_9_pilon   516480  516505 (2411183) + (AATA)n       Simple_repeat      1     26    (0) 2854  
   12   14.7  3.3  0.0  contig_9_pilon   519606  519635 (2408053) + (AGTGAA)n     Simple_repeat      1     31    (0) 2855  
   19   25.1  0.0  8.5  contig_9_pilon   520400  520488 (2407200) + (AATTAA)n     Simple_repeat      1     82    (0) 2856  
   24   21.9  0.0  0.0  contig_9_pilon   521850  521907 (2405781) + (CATGCC)n     Simple_repeat      1     58    (0) 2857  
   15   14.1  0.0  3.1  contig_9_pilon   525126  525158 (2402530) + (ATTT)n       Simple_repeat      1     32    (0) 2858  
   28    3.3  0.0  0.0  contig_9_pilon   528746  528776 (2398912) + (AAT)n        Simple_repeat      1     31    (0) 2859  
   20    7.8  0.0  0.0  contig_9_pilon   535468  535494 (2392194) + (GT)n         Simple_repeat      1     27    (0) 2860  
   39    0.0  2.6  0.0  contig_9_pilon   536359  536397 (2391291) + (TTA)n        Simple_repeat      1     40    (0) 2861  
   14   16.3  0.0  8.9  contig_9_pilon   538658  538706 (2388982) + (AATTTGT)n    Simple_repeat      1     45    (0) 2862  
   16   15.8  2.2  4.4  contig_9_pilon   538876  538921 (2388767) + (GTATA)n      Simple_repeat      1     45    (0) 2863  
   12    5.5  0.0  0.0  contig_9_pilon   546407  546425 (2381263) + (AAG)n        Simple_repeat      1     19    (0) 2864  
   11   21.6 10.9  0.0  contig_9_pilon   552445  552508 (2375180) + (TATACAT)n    Simple_repeat      1     71    (0) 2865  
   22   15.3  0.0  0.0  contig_9_pilon   567896  567932 (2359756) + (T)n          Simple_repeat      1     37    (0) 2866  
   15    7.9  3.7  0.0  contig_9_pilon   574441  574467 (2353221) + (ATTG)n       Simple_repeat      1     28    (0) 2867  
   12   24.0  2.6  0.0  contig_9_pilon   574847  574885 (2352803) + (TATTA)n      Simple_repeat      1     40    (0) 2868  
   15   13.7  0.0  0.0  contig_9_pilon   576030  576053 (2351635) + (T)n          Simple_repeat      1     24    (0) 2869  
   30    2.8  0.0  2.7  contig_9_pilon   576598  576635 (2351053) + (GCGGAGGGA)n  Simple_repeat      1     37    (0) 2870  
   12   16.3  0.0  8.1  contig_9_pilon   597020  597059 (2330629) + (AAGCTGT)n    Simple_repeat      1     37    (0) 2871  
   27    0.0  0.0  0.0  contig_9_pilon   601380  601405 (2326283) + (GGCTT)n      Simple_repeat      1     26    (0) 2872  
   13   14.7  0.0  3.2  contig_9_pilon   606314  606345 (2321343) + (GCTGTT)n     Simple_repeat      1     31    (0) 2873  
   82    1.4  0.0  0.0  contig_9_pilon   619960  620033 (2307655) + (AT)n         Simple_repeat      1     74    (0) 2874  
   13    8.1  0.0  7.1  contig_9_pilon   627247  627276 (2300412) + (ATTT)n       Simple_repeat      1     28    (0) 2875  
   23    3.0  2.9  0.0  contig_9_pilon   636198  636231 (2291457) + (AATAAA)n     Simple_repeat      1     35    (0) 2876  
   13   12.7 10.9  3.4  contig_9_pilon   637941  637995 (2289693) + (TATTA)n      Simple_repeat      1     59    (0) 2877  
   14   25.1  0.0  2.3  contig_9_pilon   641032  641076 (2286612) + A-rich        Simple_repeat      1     44    (0) 2878  
   11   16.4  5.9  0.0  contig_9_pilon   641751  641784 (2285904) + A-rich        Simple_repeat      1     36    (0) 2879  
   48   14.9  3.0  1.0  contig_9_pilon   647285  647383 (2280305) + GA-rich       Simple_repeat      1    101    (0) 2880  
   13   20.8  2.1  4.3  contig_9_pilon   649427  649474 (2278214) + (GGAGTCT)n    Simple_repeat      1     47    (0) 2881  
   15   19.6  0.0  0.0  contig_9_pilon   653216  653244 (2274444) + A-rich        Simple_repeat      1     29    (0) 2882  
   12   21.1  8.7  2.7  contig_9_pilon   653653  653730 (2273958) + A-rich        Simple_repeat      1     82    (0) 2883  
   17   17.3  2.0  4.2  contig_9_pilon   654451  654499 (2273189) + A-rich        Simple_repeat      1     48    (0) 2884  
   15   30.4  0.0  0.0  contig_9_pilon   656960  657003 (2270685) + GA-rich       Simple_repeat      1     44    (0) 2885  
   15   13.2  3.0  0.0  contig_9_pilon   663441  663473 (2264215) + A-rich        Simple_repeat      1     34    (0) 2886  
   13   18.5  3.5  7.3  contig_9_pilon   664070  664126 (2263562) + (AATTTGA)n    Simple_repeat      1     55    (0) 2887  
   13   21.0  0.0  5.0  contig_9_pilon   665022  665063 (2262625) + GA-rich       Simple_repeat      1     40    (0) 2888  
   20   25.5  0.0  0.0  contig_9_pilon   667411  667455 (2260233) + (TA)n         Simple_repeat      1     45    (0) 2889  
   17   18.5  0.0  0.0  contig_9_pilon   668482  668512 (2259176) + (T)n          Simple_repeat      1     31    (0) 2890  
   12    9.7  2.4 10.5  contig_9_pilon   674668  674708 (2252980) + (CGCCTC)n     Simple_repeat      1     38    (0) 2891  
   15   19.6  0.0  0.0  contig_9_pilon   679467  679501 (2248187) + (AACAGG)n     Simple_repeat      1     35    (0) 2892  
   15   15.3  0.0  0.0  contig_9_pilon   683304  683332 (2244356) + (TCT)n        Simple_repeat      1     29    (0) 2893  
   72    7.2  0.0  0.0  contig_9_pilon   686825  686912 (2240776) + (AT)n         Simple_repeat      1     88    (0) 2894  
   15   15.9  2.9  0.0  contig_9_pilon   690755  690789 (2236899) + (CCGGAT)n     Simple_repeat      1     36    (0) 2895  
   13    4.1  0.0 10.7  contig_9_pilon   714008  714038 (2213650) + (AAGAA)n      Simple_repeat      1     28    (0) 2896  
   20    3.9  0.0  0.0  contig_9_pilon   714966  714992 (2212696) + (CCA)n        Simple_repeat      1     27    (0) 2897  
   86    7.2  0.0  0.0  contig_9_pilon   717208  717324 (2210364) + (GAGAGG)n     Simple_repeat      1    117    (0) 2898  
   20    3.9  0.0  0.0  contig_9_pilon   721239  721265 (2206423) + (GCA)n        Simple_repeat      1     27    (0) 2899  
   18   12.6  0.0  2.8  contig_9_pilon   721266  721275 (2206413) + (GCAACA)n     Simple_repeat      1     36    (0) 2900  
   13   21.9  7.5  0.0  contig_9_pilon   727582  727634 (2200054) + A-rich        Simple_repeat      1     57    (0) 2901  
   43   28.2  2.8  4.7  contig_9_pilon   729632  729849 (2197839) + (TATA)n       Simple_repeat      1    214    (0) 2902  
   13   28.1  0.0  2.1  contig_9_pilon   730577  730625 (2197063) + (ACTACAC)n    Simple_repeat      1     48    (0) 2903  
   20   21.1  2.8  4.3  contig_9_pilon   731803  731873 (2195815) + (TATT)n       Simple_repeat      1     70    (0) 2904  
   13   19.2  3.8  5.8  contig_9_pilon   734229  734281 (2193407) + (TTAAT)n      Simple_repeat      1     52    (0) 2905  
   20    3.9  0.0  0.0  contig_9_pilon   740576  740602 (2187086) + (TGC)n        Simple_repeat      1     27    (0) 2906  
   89    7.7  0.0  0.0  contig_9_pilon   744563  744685 (2183003) + (CTCCCT)n     Simple_repeat      1    123    (0) 2907  
   20    3.9  0.0  0.0  contig_9_pilon   746903  746929 (2180759) + (TGG)n        Simple_repeat      1     27    (0) 2908  
   17    7.0  3.3  0.0  contig_9_pilon   747860  747889 (2179799) + (TTTTCT)n     Simple_repeat      1     31    (0) 2909  
   15    8.1  7.0  4.5  contig_9_pilon   754527  754569 (2173119) + (ACATTCAT)n   Simple_repeat      1     44    (0) 2910  
   25   12.2  0.0  0.0  contig_9_pilon   755420  755456 (2172232) + (T)n          Simple_repeat      1     37    (0) 2911  
   12   10.1  9.4  0.0  contig_9_pilon   765654  765685 (2162003) + (ATTATC)n     Simple_repeat      1     35    (0) 2912  
   13    4.3  3.9  3.9  contig_9_pilon   766107  766132 (2161556) + (AAGAA)n      Simple_repeat      1     26    (0) 2913  
  101    5.9  0.0  0.8  contig_9_pilon   771856  771980 (2155708) + (CTTAAATATG)n Simple_repeat      1    124    (0) 2914  
   14   14.8  0.0  3.2  contig_9_pilon   775464  775495 (2152193) + A-rich        Simple_repeat      1     31    (0) 2915  
   20   21.0  0.0  0.0  contig_9_pilon   777312  777366 (2150322) + (T)n          Simple_repeat      1     55    (0) 2916  
   19   24.7  0.0  3.4  contig_9_pilon   779837  779897 (2147791) + (CCCTC)n      Simple_repeat      1     59    (0) 2917  
   13    6.3  8.6  2.7  contig_9_pilon   779917  779951 (2147737) + (GCCCTCT)n    Simple_repeat      1     37    (0) 2918  
   12   21.8  2.7  0.0  contig_9_pilon   780182  780218 (2147470) + GA-rich       Simple_repeat      1     38    (0) 2919  
   17   19.4  4.9  0.0  contig_9_pilon   783136  783176 (2144512) + (TC)n         Simple_repeat      1     43    (0) 2920  
   14   29.4  0.0  0.0  contig_9_pilon   785882  785927 (2141761) + A-rich        Simple_repeat      1     46    (0) 2921  
   16   16.3  0.0  2.9  contig_9_pilon   795037  795072 (2132616) + (TGC)n        Simple_repeat      1     35    (0) 2922  
   24   20.2  0.0  0.0  contig_9_pilon   795259  795309 (2132379) + (TGC)n        Simple_repeat      1     51    (0) 2923  
   13   22.3  0.0  2.6  contig_9_pilon   803645  803683 (2124005) + (ATTTTTA)n    Simple_repeat      1     38    (0) 2924  
   20   17.5  0.0  2.2  contig_9_pilon   805872  805918 (2121770) + A-rich        Simple_repeat      1     46    (0) 2925  
   12   23.6  1.8  5.7  contig_9_pilon   808771  808825 (2118863) + (AATAATT)n    Simple_repeat      1     53    (0) 2926  
   13   12.4 10.9  2.0  contig_9_pilon   809698  809743 (2117945) + (ATACT)n      Simple_repeat      1     50    (0) 2927  
   11   16.8  5.8  5.8  contig_9_pilon   814847  814898 (2112790) + (TTATTCT)n    Simple_repeat      1     52    (0) 2928  
   32    0.0  5.4  0.0  contig_9_pilon   817739  817775 (2109913) + (AAAT)n       Simple_repeat      1     39    (0) 2929  
   27   32.5  0.0  0.0  contig_9_pilon   818062  818156 (2109532) + A-rich        Simple_repeat      1     95    (0) 2930  
   12   14.0  6.2  0.0  contig_9_pilon   818427  818458 (2109230) + A-rich        Simple_repeat      1     34    (0) 2931  
   15   18.1  2.6  0.0  contig_9_pilon   819326  819363 (2108325) + (TCTAGTA)n    Simple_repeat      1     39    (0) 2932  
   12   19.8  4.7  2.3  contig_9_pilon   821575  821617 (2106071) + A-rich        Simple_repeat      1     44    (0) 2933  
   32    0.0  5.4  0.0  contig_9_pilon   821735  821771 (2105917) + (AAAT)n       Simple_repeat      1     39    (0) 2934  
   16   20.4  3.9 10.2  contig_9_pilon   821915  822018 (2105670) + (GGCTGC)n     Simple_repeat      1     98    (0) 2935  
   28   32.1  0.0  0.0  contig_9_pilon   822076  822171 (2105517) + A-rich        Simple_repeat      1     96    (0) 2936  
   12   14.0  6.2  0.0  contig_9_pilon   822443  822474 (2105214) + A-rich        Simple_repeat      1     34    (0) 2937  
   15   11.3  4.8  4.8  contig_9_pilon   834927  834968 (2092720) + (CATCGC)n     Simple_repeat      1     42    (0) 2938  
   15    4.8  0.0  0.0  contig_9_pilon   835293  835314 (2092374) + (TTCT)n       Simple_repeat      1     22    (0) 2939  
   20    9.2  0.0  2.8  contig_9_pilon   841625  841661 (2086027) + (TTTATT)n     Simple_repeat      1     36    (0) 2940  
   18   12.2  0.0  0.0  contig_9_pilon   842048  842074 (2085614) + (A)n          Simple_repeat      1     27    (0) 2941  
   13   21.9  2.3  2.3  contig_9_pilon   842451  842494 (2085194) + A-rich        Simple_repeat      1     44    (0) 2942  
   15   12.3  0.0  7.9  contig_9_pilon   851283  851323 (2076365) + (TTTTA)n      Simple_repeat      1     38    (0) 2943  
   11   13.2  5.7  2.8  contig_9_pilon   851647  851681 (2076007) + (AAGATA)n     Simple_repeat      1     36    (0) 2944  
   14   14.3  0.0  3.1  contig_9_pilon   853155  853187 (2074501) + (TATTT)n      Simple_repeat      1     32    (0) 2945  
  140    0.0  0.0  0.8  contig_9_pilon   857393  857515 (2070173) + (AT)n         Simple_repeat      1    122    (0) 2946  
   18   10.8  0.0  0.0  contig_9_pilon   863561  863591 (2064097) + (TATG)n       Simple_repeat      1     31    (0) 2947  
   11   17.9  9.1  0.0  contig_9_pilon   870007  870050 (2057638) + (TTAATAT)n    Simple_repeat      1     48    (0) 2948  
   61    0.0  0.0  0.0  contig_9_pilon   873214  873265 (2054423) + (AT)n         Simple_repeat      1     52    (0) 2949  
   20   14.5  0.0  0.0  contig_9_pilon   874310  874347 (2053341) + (GGGAG)n      Simple_repeat      1     38    (0) 2950  
   17   24.0  3.0  3.0  contig_9_pilon   874348  874376 (2053312) + G-rich        Simple_repeat      1     67    (0) 2951  
   14   22.1  2.3  2.3  contig_9_pilon   874452  874495 (2053193) + (GCT)n        Simple_repeat      1     44    (0) 2952  
   30    0.0  0.0  0.0  contig_9_pilon   874572  874599 (2053089) + (CGT)n        Simple_repeat      1     28    (0) 2953  
   12   22.1  0.0  0.0  contig_9_pilon   877019  877050 (2050638) + G-rich        Simple_repeat      1     32    (0) 2954  
   30    3.1  0.0  0.0  contig_9_pilon   880538  880570 (2047118) + (TACAG)n      Simple_repeat      1     33    (0) 2955  
   12   16.9  0.0  0.0  contig_9_pilon   880917  880943 (2046745) + G-rich        Simple_repeat      1     27    (0) 2956  
   17   11.6  0.0  0.0  contig_9_pilon   883186  883214 (2044474) + (TCG)n        Simple_repeat      1     29    (0) 2957  
   13   25.5  0.0  0.0  contig_9_pilon   883215  883215 (2044473) + (CAT)n        Simple_repeat      6     35    (0) 2958  
   35    0.0  0.0  0.0  contig_9_pilon   886417  886449 (2041239) + (CTCCA)n      Simple_repeat      1     33    (0) 2959  
   80    0.0  0.0  0.0  contig_9_pilon   888321  888388 (2039300) + (TA)n         Simple_repeat      1     68    (0) 2960  
   13    8.5  4.0  0.0  contig_9_pilon   891700  891724 (2035964) + (TTTA)n       Simple_repeat      1     26    (0) 2961  
   21   28.4  4.2  1.0  contig_9_pilon   895362  895456 (2032232) + (GGTGAA)n     Simple_repeat      1     98    (0) 2962  
   15   15.3  0.0  0.0  contig_9_pilon   907194  907222 (2020466) + (GTT)n        Simple_repeat      1     29    (0) 2963  
   14   30.8  0.0  0.0  contig_9_pilon   913233  913284 (2014404) + A-rich        Simple_repeat      1     52    (0) 2964  
   22   15.2  1.8  3.7  contig_9_pilon   920788  920842 (2006846) + A-rich        Simple_repeat      1     54    (0) 2965  
   13   24.6  0.0  4.4  contig_9_pilon   924465  924511 (2003177) + A-rich        Simple_repeat      1     45    (0) 2966  
   26   11.5  0.0  2.1  contig_9_pilon   937968  938016 (1989672) + (AACCCTA)n    Simple_repeat      1     48    (0) 2967  
   12   13.7  0.0  0.0  contig_9_pilon   938480  938503 (1989185) + (ACCA)n       Simple_repeat      1     24    (0) 2968  
   12   16.4  5.9  0.0  contig_9_pilon   942598  942631 (1985057) + (ATATT)n      Simple_repeat      1     36    (0) 2969  
   21   25.1  0.0  0.0  contig_9_pilon   947245  947301 (1980387) + (ATCCTAA)n    Simple_repeat      1     57    (0) 2970  
   54    3.8  0.0  0.0  contig_9_pilon   955283  955337 (1972351) + (AT)n         Simple_repeat      1     55    (0) 2971  
   16   15.8  2.2  4.4  contig_9_pilon   961510  961555 (1966133) + (AATTAT)n     Simple_repeat      1     45    (0) 2972  
   14    7.9  3.7  0.0  contig_9_pilon   969004  969030 (1958658) + (AAAAT)n      Simple_repeat      1     28    (0) 2973  
   13   20.0  0.0  2.9  contig_9_pilon   969823  969858 (1957830) + (CTCA)n       Simple_repeat      1     35    (0) 2974  
   18    6.7  2.9  2.9  contig_9_pilon   971753  971786 (1955902) + (TGT)n        Simple_repeat      1     34    (0) 2975  
   16    9.8  0.0  0.0  contig_9_pilon   980030  980051 (1947637) + (A)n          Simple_repeat      1     22    (0) 2976  
   19    8.4  9.3  3.5  contig_9_pilon   980179  980232 (1947456) + (ATTCT)n      Simple_repeat      1     57    (0) 2977  
   13   15.3  2.5  5.1  contig_9_pilon   980498  980537 (1947151) + (TATAAT)n     Simple_repeat      1     39    (0) 2978  
   12   18.1  0.0  3.1  contig_9_pilon   980578  980610 (1947078) + (ATTTA)n      Simple_repeat      1     32    (0) 2979  
   16    9.6  0.0  0.0  contig_9_pilon   985038  985060 (1942628) + (TC)n         Simple_repeat      1     23    (0) 2980  
   21   13.3  0.0  0.0  contig_9_pilon  1006525 1006557 (1921131) + (CA)n         Simple_repeat      1     33    (0) 2981  
   15   18.1  3.1  0.0  contig_9_pilon  1006844 1006875 (1920813) + (AC)n         Simple_repeat      1     33    (0) 2982  
   15   26.4  1.6  3.3  contig_9_pilon  1011430 1011491 (1916197) + A-rich        Simple_repeat      1     61    (0) 2983  
   26   13.8  1.6  6.7  contig_9_pilon  1012555 1012617 (1915071) + (CT)n         Simple_repeat      1     60    (0) 2984  
   12    8.4  0.0  7.4  contig_9_pilon  1015062 1015090 (1912598) + (ATTTT)n      Simple_repeat      1     27    (0) 2985  
   15   15.6  0.0  0.0  contig_9_pilon  1015919 1015947 (1911741) + (GAC)n        Simple_repeat      1     29    (0) 2986  
   12   14.7 11.1  0.0  contig_9_pilon  1026731 1026775 (1900913) + (TTATGAA)n    Simple_repeat      1     50    (0) 2987  
   15   13.9  0.0  0.0  contig_9_pilon  1027312 1027335 (1900353) + (T)n          Simple_repeat      1     24    (0) 2988  
   21   17.7  0.0  0.0  contig_9_pilon  1028310 1028347 (1899341) + A-rich        Simple_repeat      1     38    (0) 2989  
   13   14.8  8.6  5.0  contig_9_pilon  1033252 1033271 (1894417) + (TGCGG)n      Simple_repeat      1     41   (19) 2990  
   16    6.8  6.5  0.0  contig_9_pilon  1033272 1033302 (1894386) + (GGTTC)n      Simple_repeat      1     33    (0) 2991  
   13   14.8  8.6  5.0  contig_9_pilon  1033303 1033309 (1894379) + (TGCGG)n      Simple_repeat     42     60    (0) 2990  
   28    7.7  0.0  0.0  contig_9_pilon  1036124 1036164 (1891524) + (TGCCGAGCC)n  Simple_repeat      1     41    (0) 2992  
   15    0.0 11.8  5.6  contig_9_pilon  1036436 1036469 (1891219) + (GT)n         Simple_repeat      1     36    (0) 2993  
   12   26.2  0.0  2.4  contig_9_pilon  1041076 1041118 (1886570) + A-rich        Simple_repeat      1     42    (0) 2994  
   16   16.1  0.0  0.0  contig_9_pilon  1041358 1041385 (1886303) + (T)n          Simple_repeat      1     28    (0) 2995  
   27   24.7  3.3  1.1  contig_9_pilon  1042617 1042708 (1884980) + (GAGCGG)n     Simple_repeat      1     94    (0) 2996  
   13   14.8  8.6  5.0  contig_9_pilon  1044745 1044764 (1882924) + (TGCGG)n      Simple_repeat      1     41   (19) 2997  
   16    6.8  6.5  0.0  contig_9_pilon  1044765 1044795 (1882893) + (GGTTC)n      Simple_repeat      1     33    (0) 2998  
   13   14.8  8.6  5.0  contig_9_pilon  1044796 1044802 (1882886) + (TGCGG)n      Simple_repeat     42     60    (0) 2997  
   17   26.8  2.7  2.7  contig_9_pilon  1047521 1047595 (1880093) + (CGGTGG)n     Simple_repeat      1     75    (0) 2999  
   28    7.7  0.0  0.0  contig_9_pilon  1047611 1047651 (1880037) + (TGCCGAGCC)n  Simple_repeat      1     41    (0) 3000  
   13   23.6  0.0  2.4  contig_9_pilon  1049058 1049099 (1878589) + (TTTAT)n      Simple_repeat      1     41    (0) 3001  
   14   17.6  0.0  0.0  contig_9_pilon  1053236 1053267 (1874421) + (CCGCCC)n     Simple_repeat      1     32    (0) 3002  
   12   12.0  3.7  0.0  contig_9_pilon  1056220 1056246 (1871442) + (ATAA)n       Simple_repeat      1     28    (0) 3003  
   19   19.7  0.0  2.1  contig_9_pilon  1070069 1070116 (1857572) + (TTTTTA)n     Simple_repeat      1     47    (0) 3004  
   22   12.8  0.0  0.0  contig_9_pilon  1074719 1074752 (1852936) + (A)n          Simple_repeat      1     34    (0) 3005  
   15   12.4  5.7  0.0  contig_9_pilon  1080341 1080375 (1847313) + (GAGCTT)n     Simple_repeat      1     37    (0) 3006  
   15   19.7  0.0  0.0  contig_9_pilon  1104237 1104265 (1823423) + A-rich        Simple_repeat      1     29    (0) 3007  
   17   16.4  2.9  0.0  contig_9_pilon  1121537 1121570 (1806118) + (CA)n         Simple_repeat      1     35    (0) 3008  
   13    8.9 11.1  0.0  contig_9_pilon  1122708 1122743 (1804945) + (GCTGTGG)n    Simple_repeat      1     40    (0) 3009  
   13   10.8  6.7  0.0  contig_9_pilon  1131855 1131884 (1795804) + (CAACT)n      Simple_repeat      1     32    (0) 3010  
   25   12.4  0.0  0.0  contig_9_pilon  1133498 1133541 (1794147) + (CCCCG)n      Simple_repeat      1     44    (0) 3011  
   12    9.7  0.0  0.0  contig_9_pilon  1135283 1135304 (1792384) + (CAGA)n       Simple_repeat      1     22    (0) 3012  
   11    7.3 10.3  0.0  contig_9_pilon  1145549 1145577 (1782111) + G-rich        Simple_repeat      1     32    (0) 3013  
   15   15.5 10.2  1.6  contig_9_pilon  1146741 1146799 (1780889) + (TGTTGTA)n    Simple_repeat      1     64    (0) 3014  
   17    7.6  6.2  6.2  contig_9_pilon  1165726 1165774 (1761914) + (TTTGT)n      Simple_repeat      1     49    (0) 3015  
   19    7.0  0.0  0.0  contig_9_pilon  1176688 1176717 (1750971) + (AAGAA)n      Simple_repeat      1     30    (0) 3016  
   13   14.6  0.0  6.2  contig_9_pilon  1176836 1176869 (1750819) + (TTC)n        Simple_repeat      1     32    (0) 3017  
   14    7.2  0.0  9.4  contig_9_pilon  1178177 1178211 (1749477) + (GGAGTT)n     Simple_repeat      1     32    (0) 3018  
   11   12.7  0.0 12.8  contig_9_pilon  1202930 1202973 (1724715) + A-rich        Simple_repeat      1     39    (0) 3019  
   13   10.7  0.0  8.8  contig_9_pilon  1206177 1206215 (1721473) + (CCTTTT)n     Simple_repeat      1     35    (0) 3020  
   15   15.9  2.9  0.0  contig_9_pilon  1211439 1211473 (1716215) + (CCGGAT)n     Simple_repeat      1     36    (0) 3021  
   13   36.0  1.4  0.0  contig_9_pilon  1214200 1214269 (1713419) + GA-rich       Simple_repeat      1     71    (0) 3022  
   12   11.7 10.8  0.0  contig_9_pilon  1216032 1216068 (1711620) + (GTTGGA)n     Simple_repeat      1     41    (0) 3023  
   15   26.3  1.8  1.8  contig_9_pilon  1228880 1228935 (1698753) + (CACCA)n      Simple_repeat      1     56    (0) 3024  
   16    0.0  0.0  0.0  contig_9_pilon  1229521 1229538 (1698150) + (CT)n         Simple_repeat      1     18    (0) 3025  
   13   20.4  0.0  4.9  contig_9_pilon  1233165 1233207 (1694481) + (TTTAAT)n     Simple_repeat      1     41    (0) 3026  
   18    0.0  0.0  0.0  contig_9_pilon  1233590 1233609 (1694079) + (TA)n         Simple_repeat      1     20    (0) 3027  
   17   15.8  5.9  1.9  contig_9_pilon  1235032 1235082 (1692606) + (GCGTT)n      Simple_repeat      1     53    (0) 3028  
   26   22.3  0.0  0.0  contig_9_pilon  1242660 1242712 (1684976) + A-rich        Simple_repeat      1     53    (0) 3029  
   15   13.8  0.0  3.0  contig_9_pilon  1245035 1245068 (1682620) + (TTTAAT)n     Simple_repeat      1     33    (0) 3030  
   21   22.1  0.0  0.0  contig_9_pilon  1246671 1246713 (1680975) + (T)n          Simple_repeat      1     43    (0) 3031  
   20   12.7  0.0  6.5  contig_9_pilon  1246714 1246718 (1680970) + (CTTTTTT)n    Simple_repeat      2     46    (0) 3032  
   12   18.1  0.0  3.1  contig_9_pilon  1249509 1249541 (1678147) + A-rich        Simple_repeat      1     32    (0) 3033  
   29    0.0  3.2  0.0  contig_9_pilon  1249731 1249761 (1677927) + (TTA)n        Simple_repeat      1     32    (0) 3034  
   15    9.1  0.0  0.0  contig_9_pilon  1251248 1251288 (1676400) + (AGA)n        Simple_repeat      1     41    (0) 3035  
   12   25.4  7.7  0.0  contig_9_pilon  1260408 1260472 (1667216) + A-rich        Simple_repeat      1     70    (0) 3036  
   17   24.0  3.5  5.9  contig_9_pilon  1260970 1261056 (1666632) + (TACTTT)n     Simple_repeat      1     85    (0) 3037  
   13   24.0  3.3  8.1  contig_9_pilon  1261057 1261060 (1666628) + (TACTTTT)n    Simple_repeat      1     87    (0) 3038  
   89    8.9  0.8  0.8  contig_9_pilon  1261163 1261296 (1666392) + (AAAAGA)n     Simple_repeat      1    134    (0) 3039  
   20   11.7  0.0  2.6  contig_9_pilon  1265226 1265264 (1662424) + (CTAAAC)n     Simple_repeat      1     38    (0) 3040  
   14   19.8  0.0 10.5  contig_9_pilon  1277817 1277879 (1649809) + (ATATT)n      Simple_repeat      1     57    (0) 3041  
   12   23.1  0.0  4.8  contig_9_pilon  1316434 1316477 (1611211) + (AATTT)n      Simple_repeat      1     42    (0) 3042  
   12   12.8  5.6  2.7  contig_9_pilon  1321507 1321542 (1606146) + (ATTCTGT)n    Simple_repeat      1     37    (0) 3043  
   13   11.8  7.5  2.4  contig_9_pilon  1328453 1328492 (1599196) + A-rich        Simple_repeat      1     42    (0) 3044  
   24   27.1  1.3  0.0  contig_9_pilon  1331735 1331822 (1595866) + (CGTCCT)n     Simple_repeat      1     89    (0) 3045  
   14   17.4  6.4  2.0  contig_9_pilon  1332145 1332191 (1595497) + (GCT)n        Simple_repeat      1     49    (0) 3046  
   17    0.0  0.0  0.0  contig_9_pilon  1332488 1332508 (1595180) + (GCT)n        Simple_repeat      1     21    (0) 3047  
   16    8.7  0.0  0.0  contig_9_pilon  1333246 1333270 (1594418) + (GCA)n        Simple_repeat      1     25    (0) 3048  
   17   20.7  0.0  0.0  contig_9_pilon  1339360 1339398 (1588290) + (TCA)n        Simple_repeat      1     39    (0) 3049  
   13   23.3  0.0  2.4  contig_9_pilon  1353773 1353814 (1573874) + (AACTTG)n     Simple_repeat      1     41    (0) 3050  
   11   15.0  3.7  9.8  contig_9_pilon  1354086 1354139 (1573549) + A-rich        Simple_repeat      1     51    (0) 3051 *
   13   15.8  2.6  5.3  contig_9_pilon  1354115 1354153 (1573535) + (AAC)n        Simple_repeat      1     38    (0) 3052  
   11   21.3  2.5  2.5  contig_9_pilon  1361878 1361917 (1565771) + A-rich        Simple_repeat      1     40    (0) 3053  
   29   21.3  0.0  0.0  contig_9_pilon  1367295 1367359 (1560329) + (TCATCT)n     Simple_repeat      1     65    (0) 3054  
   23    5.1  7.3  0.0  contig_9_pilon  1367412 1367452 (1560236) + (TCCTCA)n     Simple_repeat      1     44    (0) 3055  
   12   20.5  0.0  2.9  contig_9_pilon  1370407 1370442 (1557246) + G-rich        Simple_repeat      1     35    (0) 3056  
   30    0.0  0.0  0.0  contig_9_pilon  1372082 1372109 (1555579) + (TTG)n        Simple_repeat      1     28    (0) 3057  
   22   11.0  3.8  3.8  contig_9_pilon  1376653 1376705 (1550983) + G-rich        Simple_repeat      1     53    (0) 3058  
   17   21.3  8.6  0.0  contig_9_pilon  1377291 1377360 (1550328) + (ATTTATC)n    Simple_repeat      1     76    (0) 3059  
   64    2.5  0.0  6.9  contig_9_pilon  1393037 1393129 (1534559) + (ATCCAA)n     Simple_repeat      1     87    (0) 3060  
   16   30.4  0.0  0.0  contig_9_pilon  1393542 1393586 (1534102) + (CT)n         Simple_repeat      1     45    (0) 3061  
   69    2.9  0.0  0.0  contig_9_pilon  1396191 1396260 (1531428) + (TTA)n        Simple_repeat      1     70    (0) 3062  
   13   15.6  0.0  0.0  contig_9_pilon  1396261 1396282 (1531406) + (GTT)n        Simple_repeat      3     25    (0) 3063  
   12   12.6  0.0  3.7  contig_9_pilon  1397311 1397338 (1530350) + (ATCTT)n      Simple_repeat      1     27    (0) 3064  
   21   19.2  3.2  3.2  contig_9_pilon  1416052 1416114 (1511574) + (TAGT)n       Simple_repeat      1     63    (0) 3065  
   18    0.0  0.0  0.0  contig_9_pilon  1416342 1416361 (1511327) + (T)n          Simple_repeat      1     20    (0) 3066  
   22   22.8  1.6  1.6  contig_9_pilon  1421045 1421107 (1506581) + (TAGT)n       Simple_repeat      1     63    (0) 3067  
   17   16.9  0.0  2.9  contig_9_pilon  1443094 1443128 (1484560) + (AT)n         Simple_repeat      1     34    (0) 3068  
   12   15.2  0.0 10.0  contig_9_pilon  1462087 1462130 (1465558) + (ACCCAA)n     Simple_repeat      1     40    (0) 3069  
   21   18.4  0.0  2.0  contig_9_pilon  1465236 1465286 (1462402) + A-rich        Simple_repeat      1     50    (0) 3070  
   27    0.0  0.0  0.0  contig_9_pilon  1489411 1489436 (1438252) + (GGCGAT)n     Simple_repeat      1     26    (0) 3071  
   31    3.0  0.0  0.0  contig_9_pilon  1492728 1492761 (1434927) + (ATTTT)n      Simple_repeat      1     34    (0) 3072  
   22    9.8  6.8  0.0  contig_9_pilon  1494855 1494898 (1432790) + (AAT)n        Simple_repeat      1     47    (0) 3073  
   14   24.7  1.8  3.6  contig_9_pilon  1498074 1498129 (1429559) + (TGGTGA)n     Simple_repeat      1     55    (0) 3074  
   20    0.0  0.0  0.0  contig_9_pilon  1500137 1500158 (1427530) + (T)n          Simple_repeat      1     22    (0) 3075  
   17   26.4  0.0  1.8  contig_9_pilon  1502225 1502294 (1425394) + (ACCCTAG)n    Simple_repeat      1     68    (0) 3076  
   20   15.8  5.8  4.3  contig_9_pilon  1502841 1502909 (1424779) + (CAGCCG)n     Simple_repeat      1     70    (0) 3077  
   15    9.5 13.3  0.0  contig_9_pilon  1502892 1502936 (1424752) + (CGCAGCG)n    Simple_repeat      1     51    (0) 3078 *
   11   22.2  3.9  3.9  contig_9_pilon  1507125 1507175 (1420513) + (CTCGGC)n     Simple_repeat      1     51    (0) 3079  
   12   13.0 11.9  0.0  contig_9_pilon  1514185 1514226 (1413462) + (AAGGAC)n     Simple_repeat      1     47    (0) 3080  
   12   21.7  0.0  5.1  contig_9_pilon  1514507 1514547 (1413141) + (AACA)n       Simple_repeat      1     39    (0) 3081  
   18    0.0  0.0  0.0  contig_9_pilon  1517236 1517255 (1410433) + (AC)n         Simple_repeat      1     20    (0) 3082  
   97    6.8  0.0  0.8  contig_9_pilon  1517843 1517968 (1409720) + (TGGAGCAGA)n  Simple_repeat      1    125    (0) 3083  
   14   24.9  3.9  0.0  contig_9_pilon  1518632 1518657 (1409031) + A-rich        Simple_repeat      1     52    (0) 3084  
   12    9.1  4.2  0.0  contig_9_pilon  1518658 1518681 (1409007) + (AGA)n        Simple_repeat      1     25    (0) 3085  
   15   19.9  0.0  0.0  contig_9_pilon  1524889 1524923 (1402765) + (GCTC)n       Simple_repeat      1     35    (0) 3086  
   12   16.4  0.0  8.1  contig_9_pilon  1532258 1532297 (1395391) + (ATAGA)n      Simple_repeat      1     37    (0) 3087  
   12   19.1  0.0  8.9  contig_9_pilon  1534526 1534574 (1393114) + A-rich        Simple_repeat      1     45    (0) 3088  
   15   16.8  2.7 10.3  contig_9_pilon  1535033 1535105 (1392583) + A-rich        Simple_repeat      1     68    (0) 3089  
   16    8.2  0.0  0.0  contig_9_pilon  1535456 1535481 (1392207) + (TATT)n       Simple_repeat      1     26    (0) 3090  
   16   10.6  9.8  0.0  contig_9_pilon  1540761 1540801 (1386887) + A-rich        Simple_repeat      1     45    (0) 3091  
   14   21.5  4.5  0.0  contig_9_pilon  1554704 1554747 (1372941) + (TGGA)n       Simple_repeat      1     46    (0) 3092  
   12   29.6  0.0  2.0  contig_9_pilon  1558883 1558933 (1368755) + A-rich        Simple_repeat      1     50    (0) 3093  
   56   12.3  0.0  0.0  contig_9_pilon  1560000 1560088 (1367600) + (AAC)n        Simple_repeat      1     89    (0) 3094  
   18   19.6  0.0  0.0  contig_9_pilon  1560299 1560333 (1367355) + (AT)n         Simple_repeat      1     35    (0) 3095  
   19    3.4  3.3  0.0  contig_9_pilon  1562365 1562394 (1365294) + (TTTTGT)n     Simple_repeat      1     31    (0) 3096  
   15    7.0  6.7  0.0  contig_9_pilon  1568956 1568985 (1358703) + (GCCATG)n     Simple_repeat      1     32    (0) 3097  
   15   12.0  5.6  0.0  contig_9_pilon  1576580 1576615 (1351073) + (TATTTTA)n    Simple_repeat      1     38    (0) 3098  
   11   11.6  7.3  4.8  contig_9_pilon  1585197 1585237 (1342451) + (TTGATGA)n    Simple_repeat      1     42    (0) 3099  
   14   22.6  0.0  2.4  contig_9_pilon  1595432 1595474 (1332214) + (TACTTAT)n    Simple_repeat      1     42    (0) 3100  
   35   29.8  2.8  1.4  contig_9_pilon  1600876 1601019 (1326669) + A-rich        Simple_repeat      1    146    (0) 3101  
   17   26.3  0.0  1.8  contig_9_pilon  1604551 1604606 (1323082) + A-rich        Simple_repeat      1     55    (0) 3102  
   13   13.2  0.0  0.0  contig_9_pilon  1621092 1621116 (1306572) + (TTG)n        Simple_repeat      1     25    (0) 3103  
   12   10.0  0.0  0.0  contig_9_pilon  1623671 1623692 (1303996) + (TTAA)n       Simple_repeat      1     22    (0) 3104  
   13   19.2  4.5  2.2  contig_9_pilon  1624035 1624078 (1303610) + (ATTG)n       Simple_repeat      1     45    (0) 3105  
   18    4.5  0.0  0.0  contig_9_pilon  1625040 1625062 (1302626) + (TC)n         Simple_repeat      1     23    (0) 3106  
   12   31.4  0.0  1.9  contig_9_pilon  1625362 1625414 (1302274) + (GGTGAT)n     Simple_repeat      1     52    (0) 3107  
   16   25.4  0.0  5.1  contig_9_pilon  1626705 1626798 (1300890) + G-rich        Simple_repeat      1     89    (0) 3108  
   14   16.4  7.3  0.0  contig_9_pilon  1637691 1637734 (1289954) + (TTCA)n       Simple_repeat      1     47    (0) 3109  
   13   14.3  0.0  6.1  contig_9_pilon  1638136 1638170 (1289518) + (CCCGG)n      Simple_repeat      1     33    (0) 3110  
   19   24.2  5.8  3.8  contig_9_pilon  1640771 1640874 (1286814) + (GTGGT)n      Simple_repeat      1    106    (0) 3111  
   12    9.9 10.6  4.0  contig_9_pilon  1649176 1649222 (1278466) + (TCCACCACT)n  Simple_repeat      1     50    (0) 3112  
   13   25.1  0.0  2.3  contig_9_pilon  1659721 1659764 (1267924) + (TTTA)n       Simple_repeat      1     43    (0) 3113  
   13   14.3  3.0  3.0  contig_9_pilon  1664421 1664453 (1263235) + (CTT)n        Simple_repeat      1     33    (0) 3114  
   12   27.1  2.3  0.0  contig_9_pilon  1664795 1664838 (1262850) + (TAA)n        Simple_repeat      1     45    (0) 3115  
   12   24.1  3.5  3.5  contig_9_pilon  1664998 1665054 (1262634) + (TTTTTCA)n    Simple_repeat      1     57    (0) 3116  
   77   23.6  5.0  2.4  contig_9_pilon  1666179 1666459 (1261229) + (ATGT)n       Simple_repeat      1    288    (0) 3117  
   13   13.1  0.0  0.0  contig_9_pilon  1667544 1667568 (1260120) + (AAAC)n       Simple_repeat      1     25    (0) 3118  
   48   27.2  2.0  2.0  contig_9_pilon  1668014 1668166 (1259522) + (TA)n         Simple_repeat      1    153    (0) 3119  
   12   11.1  0.0  9.4  contig_9_pilon  1668726 1668760 (1258928) + (ATTT)n       Simple_repeat      1     32    (0) 3120  
   16   21.0  0.0  0.0  contig_9_pilon  1669361 1669399 (1258289) + (GGAGTA)n     Simple_repeat      1     39    (0) 3121  
   19   19.5  2.1  0.0  contig_9_pilon  1673225 1673271 (1254417) + A-rich        Simple_repeat      1     48    (0) 3122  
   12   22.7  2.3  2.3  contig_9_pilon  1674290 1674332 (1253356) + A-rich        Simple_repeat      1     43    (0) 3123  
   19   29.6  3.4  1.1  contig_9_pilon  1675276 1675363 (1252325) + (ATAT)n       Simple_repeat      1     90    (0) 3124  
   19   23.5  1.9  9.1  contig_9_pilon  1679710 1679741 (1247947) + (CCCA)n       Simple_repeat      1     63   (36) 3125  
   17   19.7  1.7  5.4  contig_9_pilon  1679742 1679799 (1247889) + (CCACAC)n     Simple_repeat      1     56    (0) 3126  
   19   23.5  1.9  9.1  contig_9_pilon  1679800 1679815 (1247873) + (CCCA)n       Simple_repeat     64     99    (0) 3125  
   16   14.8  0.0  5.1  contig_9_pilon  1681688 1681728 (1245960) + G-rich        Simple_repeat      1     39    (0) 3127  
   13   18.0  6.8  0.0  contig_9_pilon  1695929 1695972 (1231716) + (TTATTAT)n    Simple_repeat      1     47    (0) 3128  
   19    8.2  0.0  0.0  contig_9_pilon  1696642 1696667 (1231021) + (AT)n         Simple_repeat      1     26    (0) 3129  
   12   20.8  0.0  7.1  contig_9_pilon  1703638 1703682 (1224006) + A-rich        Simple_repeat      1     42    (0) 3130  
   12   15.3  3.5  0.0  contig_9_pilon  1708866 1708894 (1218794) + (GGTA)n       Simple_repeat      1     30    (0) 3131  
   11   22.1  2.5  2.5  contig_9_pilon  1713353 1713392 (1214296) + (TTTATCT)n    Simple_repeat      1     40    (0) 3132  
   14    0.0  8.3  0.0  contig_9_pilon  1722711 1722734 (1204954) + (TTTC)n       Simple_repeat      1     26    (0) 3133  
   18    5.8  0.0 12.2  contig_9_pilon  1739188 1739233 (1188455) + A-rich        Simple_repeat      1     41    (0) 3134  
   24   24.4  1.8  0.0  contig_9_pilon  1744242 1744301 (1183387) + (TA)n         Simple_repeat      1     61    (0) 3135  
   56    3.6  0.0  0.0  contig_9_pilon  1746192 1746248 (1181440) + (AT)n         Simple_repeat      1     57    (0) 3136  
   15   13.9  0.0  0.0  contig_9_pilon  1747618 1747641 (1180047) + (A)n          Simple_repeat      1     24    (0) 3137  
   13   32.7  0.0  0.0  contig_9_pilon  1748011 1748063 (1179625) + (CGACGC)n     Simple_repeat      1     53    (0) 3138  
   14   31.4  0.0  1.7  contig_9_pilon  1774262 1774322 (1153366) + A-rich        Simple_repeat      1     60    (0) 3139  
   16    3.8  0.0  6.9  contig_9_pilon  1774656 1774686 (1153002) + (AAAAG)n      Simple_repeat      1     29    (0) 3140  
   17    6.3  6.1  0.0  contig_9_pilon  1774687 1774687 (1153001) + (AAAAAG)n     Simple_repeat      2     35    (0) 3141  
   79    0.0  0.0  0.0  contig_9_pilon  1775155 1775221 (1152467) + (TA)n         Simple_repeat      1     67    (0) 3142  
   25   18.8  1.6  1.6  contig_9_pilon  1776658 1776719 (1150969) + A-rich        Simple_repeat      1     62    (0) 3143  
   12   15.8  0.0  3.5  contig_9_pilon  1779375 1779404 (1148284) + (AATAA)n      Simple_repeat      1     29    (0) 3144  
   14    8.2 12.8  0.0  contig_9_pilon  1780406 1780444 (1147244) + (TGCA)n       Simple_repeat      1     44    (0) 3145  
   19   35.5  0.0  0.0  contig_9_pilon  1796738 1796817 (1130871) + (AACCAGT)n    Simple_repeat      1     80    (0) 3146  
   13   14.7  3.3  0.0  contig_9_pilon  1799043 1799072 (1128616) + (TTATA)n      Simple_repeat      1     31    (0) 3147  
   14   10.3  3.0  3.0  contig_9_pilon  1806132 1806164 (1121524) + (AATCTA)n     Simple_repeat      1     33    (0) 3148  
   21    0.0  0.0  0.0  contig_9_pilon  1809608 1809630 (1118058) + (GT)n         Simple_repeat      1     23    (0) 3149  
   19    7.2  0.0  0.0  contig_9_pilon  1816189 1816218 (1111470) + (GTACA)n      Simple_repeat      1     30    (0) 3150  
   17    8.9  8.3  0.0  contig_9_pilon  1834383 1834418 (1093270) + (GAC)n        Simple_repeat      1     39    (0) 3151  
   19   13.0  0.0  0.0  contig_9_pilon  1843664 1843698 (1083990) + (TCTTCG)n     Simple_repeat      1     35    (0) 3152  
   18   21.2  0.0  0.0  contig_9_pilon  1843699 1843707 (1083981) + (TCTTCA)n     Simple_repeat      1     44    (0) 3153  
   19   14.9  0.0  0.0  contig_9_pilon  1846517 1846553 (1081135) + (CGCA)n       Simple_repeat      1     37    (0) 3154  
   30   10.7  0.0  2.0  contig_9_pilon  1846676 1846748 (1080940) + (GAAA)n       Simple_repeat      1     71    (0) 3155  
   16   20.9  2.3  0.0  contig_9_pilon  1846806 1846849 (1080839) + (GCAGAG)n     Simple_repeat      1     45    (0) 3156  
   17    4.9  0.0  0.0  contig_9_pilon  1854264 1854284 (1073404) + (CT)n         Simple_repeat      1     21    (0) 3157  
   22   22.9  0.0  0.0  contig_9_pilon  1855533 1855578 (1072110) + A-rich        Simple_repeat      1     46    (0) 3158  
   13   22.4  0.0  2.7  contig_9_pilon  1856735 1856772 (1070916) + (TAA)n        Simple_repeat      1     37    (0) 3159  
   16    0.0  0.0  0.0  contig_9_pilon  1859175 1859192 (1068496) + (AT)n         Simple_repeat      1     18    (0) 3160  
   11   12.9  8.7  4.2  contig_9_pilon  1860353 1860398 (1067290) + (TTTTAA)n     Simple_repeat      1     48    (0) 3161  
   17   19.7  1.7  5.4  contig_9_pilon  1861474 1861538 (1066150) + (TATTAAT)n    Simple_repeat      1     62    (0) 3162  
   20   26.1  1.9  6.8  contig_9_pilon  1862146 1862253 (1065435) + A-rich        Simple_repeat      1    103    (0) 3163  
   20   15.7  2.3  0.0  contig_9_pilon  1863202 1863244 (1064444) + (ATTAA)n      Simple_repeat      1     44    (0) 3164  
   11   18.3  6.7  2.1  contig_9_pilon  1864619 1864663 (1063025) + (ATATTAA)n    Simple_repeat      1     47    (0) 3165  
   11   21.3  2.5  2.5  contig_9_pilon  1865761 1865800 (1061888) + A-rich        Simple_repeat      1     40    (0) 3166  
  109    0.0  0.0  0.0  contig_9_pilon  1865851 1865943 (1061745) + (AT)n         Simple_repeat      1     93    (0) 3167  
   12   17.5  3.1  0.0  contig_9_pilon  1867315 1867346 (1060342) + (TTGTTA)n     Simple_repeat      1     33    (0) 3168  
   26   13.5  0.0  0.0  contig_9_pilon  1867712 1867752 (1059936) + (T)n          Simple_repeat      1     41    (0) 3169  
   14   21.6  5.2  3.4  contig_9_pilon  1868258 1868315 (1059373) + (AATT)n       Simple_repeat      1     59    (0) 3170  
   13   26.8  5.2  0.0  contig_9_pilon  1868358 1868415 (1059273) + (TATAT)n      Simple_repeat      1     61    (0) 3171  
   17   18.3  1.5  9.6  contig_9_pilon  1869104 1869206 (1058482) + A-rich        Simple_repeat      1     94    (0) 3172  
   12   16.3  0.0  8.1  contig_9_pilon  1871721 1871760 (1055928) + (TTTTAT)n     Simple_repeat      1     37    (0) 3173  
   12   13.9  0.0  0.0  contig_9_pilon  1872091 1872114 (1055574) + (CCA)n        Simple_repeat      1     24    (0) 3174  
   35   24.3  0.0  3.1  contig_9_pilon  1873394 1873493 (1054195) + (CCCATT)n     Simple_repeat      1     97    (0) 3175  
   35    0.0  0.0  0.0  contig_9_pilon  1878608 1878639 (1049049) + (AGAGGG)n     Simple_repeat      1     32    (0) 3176  
   27    0.0  6.0  6.0  contig_9_pilon  1878640 1878689 (1048999) + (GCAGAGA)n    Simple_repeat      1     50    (0) 3177  
   13   11.6  3.6  0.0  contig_9_pilon  1880188 1880215 (1047473) + (TATA)n       Simple_repeat      1     29    (0) 3178  
   13   14.2  3.2  0.0  contig_9_pilon  1882915 1882945 (1044743) + (AGAGAC)n     Simple_repeat      1     32    (0) 3179  
   30   31.0  0.9  1.8  contig_9_pilon  1895102 1895211 (1032477) + (TC)n         Simple_repeat      1    109    (0) 3180  
   13   19.7  0.0  7.0  contig_9_pilon  1897928 1897973 (1029715) + (TTAGGA)n     Simple_repeat      1     43    (0) 3181  
   13   39.0  0.0  0.0  contig_9_pilon  1901815 1901893 (1025795) + A-rich        Simple_repeat      1     79    (0) 3182  
   24   30.4  1.9  1.9  contig_9_pilon  1902844 1902948 (1024740) + G-rich        Simple_repeat      1    105    (0) 3183  
   13   12.8  5.6  2.7  contig_9_pilon  1903982 1904017 (1023671) + GA-rich       Simple_repeat      1     37    (0) 3184  
   11   20.8  0.0  2.9  contig_9_pilon  1904751 1904785 (1022903) + A-rich        Simple_repeat      1     34    (0) 3185  
   34    2.5  0.0  4.7  contig_9_pilon  1905867 1905911 (1021777) + (AACCCTA)n    Simple_repeat      1     43    (0) 3186  
   17   13.2  2.2  4.5  contig_9_pilon  1913575 1913619 (1014069) + A-rich        Simple_repeat      1     44    (0) 3187  
   20    0.0  2.9  5.9  contig_9_pilon  1916705 1916739 (1010949) + (TTGTGC)n     Simple_repeat      1     34    (0) 3188  
   14   30.2  1.5  3.0  contig_9_pilon  1935442 1935509  (992179) + A-rich        Simple_repeat      1     67    (0) 3189  
   12   13.7  6.2  0.0  contig_9_pilon  1939890 1939921  (987767) + (GAATT)n      Simple_repeat      1     34    (0) 3190  
   34    2.6  0.0  0.0  contig_9_pilon  1940241 1940279  (987409) + (A)n          Simple_repeat      1     39    (0) 3191  
   55    0.0  0.0  0.0  contig_9_pilon  1940600 1940646  (987042) + (AT)n         Simple_repeat      1     47    (0) 3192  
   13   25.2  0.0  2.3  contig_9_pilon  1940987 1941030  (986658) + A-rich        Simple_repeat      1     43    (0) 3193  
   15   25.3  0.0  2.1  contig_9_pilon  1941104 1941152  (986536) + A-rich        Simple_repeat      1     48    (0) 3194  
   16   20.7  4.3  2.1  contig_9_pilon  1942486 1942531  (985157) + (AT)n         Simple_repeat      1     47    (0) 3195  
   32   25.5  4.5  1.7  contig_9_pilon  1943436 1943547  (984141) + (TA)n         Simple_repeat      1    115    (0) 3196  
   12   27.6  3.9  0.0  contig_9_pilon  1944740 1944791  (982897) + (TATATAT)n    Simple_repeat      1     54    (0) 3197  
   28   24.0  2.9  2.9  contig_9_pilon  1947892 1947994  (979694) + A-rich        Simple_repeat      1    103    (0) 3198  
   28    3.3  0.0  0.0  contig_9_pilon  1960378 1960408  (967280) + (TCCC)n       Simple_repeat      1     31    (0) 3199  
   19    4.0  0.0  0.0  contig_9_pilon  1960539 1960564  (967124) + (GTC)n        Simple_repeat      1     26    (0) 3200  
   15   29.8  2.8  1.4  contig_9_pilon  1960614 1960684  (967004) + (CCCGC)n      Simple_repeat      1     72    (0) 3201  
   13   18.9  2.8  0.0  contig_9_pilon  1968645 1968680  (959008) + A-rich        Simple_repeat      1     37    (0) 3202  
   22    3.9  0.0  0.0  contig_9_pilon  1973146 1973172  (954516) + (AC)n         Simple_repeat      1     27    (0) 3203  
   21    0.0  0.0  0.0  contig_9_pilon  1980133 1980155  (947533) + (T)n          Simple_repeat      1     23    (0) 3204  
   12   21.6  3.9  3.9  contig_9_pilon  1980795 1980846  (946842) + (AATAATG)n    Simple_repeat      1     52    (0) 3205  
   28    0.0  0.0  3.3  contig_9_pilon  1981676 1981706  (945982) + (AAATTAA)n    Simple_repeat      1     30    (0) 3206  
   18   33.5  0.0  0.0  contig_9_pilon  1996672 1996734  (930954) + GA-rich       Simple_repeat      1     63    (0) 3207  
   15   22.0  0.0  7.1  contig_9_pilon  2003799 2003858  (923830) + (TGAATTT)n    Simple_repeat      1     56    (0) 3208  
   15   22.1  4.3  0.0  contig_9_pilon  2006071 2006117  (921571) + (TAT)n        Simple_repeat      1     49    (0) 3209  
   15   22.2  4.3  0.0  contig_9_pilon  2007102 2007148  (920540) + (AAT)n        Simple_repeat      1     49    (0) 3210  
   17   12.7  0.0  0.0  contig_9_pilon  2009203 2009228  (918460) + (T)n          Simple_repeat      1     26    (0) 3211  
   16    6.3  5.7  2.8  contig_9_pilon  2011790 2011824  (915864) + (TTTTAA)n     Simple_repeat      1     36    (0) 3212  
   15   29.5  1.7  0.0  contig_9_pilon  2011825 2011847  (915841) + (TTTTTA)n     Simple_repeat      1     59    (0) 3213  
   16   10.8  0.0  3.2  contig_9_pilon  2014524 2014555  (913133) + (TCACTA)n     Simple_repeat      1     31    (0) 3214  
   16   22.7  2.2  0.0  contig_9_pilon  2017046 2017091  (910597) + (CTGCA)n      Simple_repeat      1     47    (0) 3215  
   16   22.8  5.3  0.0  contig_9_pilon  2030251 2030307  (897381) + (AGGATTT)n    Simple_repeat      1     60    (0) 3216  
   13   24.4  0.0  2.3  contig_9_pilon  2042217 2042261  (885427) + A-rich        Simple_repeat      1     44    (0) 3217  
   19   16.5  2.0  4.0  contig_9_pilon  2045047 2045097  (882591) + (ATAA)n       Simple_repeat      1     50    (0) 3218  
   21   18.1  2.0  0.0  contig_9_pilon  2045787 2045836  (881852) + A-rich        Simple_repeat      1     51    (0) 3219  
   27    8.9  2.0  2.0  contig_9_pilon  2046102 2046157  (881531) + (TAGTAGG)n    Simple_repeat      1     56    (0) 3220  
   17   12.8  2.9  0.0  contig_9_pilon  2052009 2052042  (875646) + GA-rich       Simple_repeat      1     35    (0) 3221  
   14   19.2  2.8  0.0  contig_9_pilon  2058103 2058138  (869550) + (GTTT)n       Simple_repeat      1     37    (0) 3222  
   25   24.8  4.3  4.3  contig_9_pilon  2070370 2070486  (857202) + A-rich        Simple_repeat      1    117    (0) 3223  
   13   10.8  0.0  9.1  contig_9_pilon  2082472 2082507  (845181) + A-rich        Simple_repeat      1     33    (0) 3224  
   25   27.0  0.0  4.3  contig_9_pilon  2084649 2084744  (842944) + A-rich        Simple_repeat      1     92    (0) 3225  
   20   20.8  3.7  0.9  contig_9_pilon  2085300 2085364  (842324) + A-rich        Simple_repeat      1     66    (0) 3226  
   13   11.7  0.0 13.9  contig_9_pilon  2086479 2086527  (841161) + (ACTTCC)n     Simple_repeat      1     43    (0) 3227  
   11   17.2  0.0 11.4  contig_9_pilon  2086526 2086574  (841114) + (CATGGT)n     Simple_repeat      1     44    (0) 3228 *
   31    0.0  0.0  0.0  contig_9_pilon  2091038 2091066  (836622) + (TTA)n        Simple_repeat      1     29    (0) 3229  
   27   22.8  0.0  0.0  contig_9_pilon  2091414 2091470  (836218) + A-rich        Simple_repeat      1     57    (0) 3230  
   20   28.0  0.0  0.0  contig_9_pilon  2092666 2092720  (834968) + (TGTA)n       Simple_repeat      1     55    (0) 3231  
   19   29.8  0.0  0.0  contig_9_pilon  2092721 2092722  (834966) + (TGTATA)n     Simple_repeat      2     58    (0) 3232  
   12   10.4  6.1  2.9  contig_9_pilon  2093551 2093583  (834105) + (CGAG)n       Simple_repeat      1     34    (0) 3233  
   16    0.0  0.0  0.0  contig_9_pilon  2097983 2097999  (829689) + (A)n          Simple_repeat      1     17    (0) 3234  
  112    2.8  0.0  0.0  contig_9_pilon  2099244 2099354  (828334) + (ATAT)n       Simple_repeat      1    111    (0) 3235  
   18   12.2  2.6  2.6  contig_9_pilon  2109104 2109141  (818547) + GA-rich       Simple_repeat      1     38    (0) 3236  
   19   23.5  2.9  2.9  contig_9_pilon  2110621 2110689  (816999) + A-rich        Simple_repeat      1     69    (0) 3237  
   12   12.0  3.7  0.0  contig_9_pilon  2125626 2125652  (802036) + (ATTT)n       Simple_repeat      1     28    (0) 3238  
   31   28.8  1.7  1.7  contig_9_pilon  2126025 2126141  (801547) + (AACCCTA)n    Simple_repeat      1    117    (0) 3239  
   15   31.9  0.0  0.0  contig_9_pilon  2129686 2129729  (797959) + (AT)n         Simple_repeat      1     44    (0) 3240  
   13    8.5  0.0  3.9  contig_9_pilon  2130453 2130479  (797209) + (GCCGC)n      Simple_repeat      1     26    (0) 3241  
   14   31.2  0.0  0.0  contig_9_pilon  2130884 2130938  (796750) + A-rich        Simple_repeat      1     55    (0) 3242  
   19   12.6  0.0  0.0  contig_9_pilon  2131810 2131844  (795844) + (TTCTT)n      Simple_repeat      1     35    (0) 3243  
   18   22.7  0.0  5.1  contig_9_pilon  2134538 2134599  (793089) + A-rich        Simple_repeat      1     59    (0) 3244  
   19   21.6  3.3  1.6  contig_9_pilon  2134745 2134805  (792883) + (ATTAT)n      Simple_repeat      1     62    (0) 3245  
   12   24.9  7.0  0.0  contig_9_pilon  2134978 2135034  (792654) + A-rich        Simple_repeat      1     61    (0) 3246  
   12   19.1  3.8  5.8  contig_9_pilon  2135494 2135546  (792142) + A-rich        Simple_repeat      1     52    (0) 3247  
   15   15.5  0.0  5.3  contig_9_pilon  2135951 2135990  (791698) + (TTTAATA)n    Simple_repeat      1     38    (0) 3248  
   13   24.1  3.5  3.5  contig_9_pilon  2136040 2136096  (791592) + A-rich        Simple_repeat      1     57    (0) 3249  
   12   18.8  2.6  2.6  contig_9_pilon  2154754 2154791  (772897) + A-rich        Simple_repeat      1     38    (0) 3250  
   16   18.2  0.0  6.5  contig_9_pilon  2156146 2156194  (771494) + A-rich        Simple_repeat      1     46    (0) 3251  
   14   16.0  0.0  5.4  contig_9_pilon  2156633 2156671  (771017) + (AATTATA)n    Simple_repeat      1     37    (0) 3252  
   17   22.7  1.3  8.2  contig_9_pilon  2157347 2157424  (770264) + A-rich        Simple_repeat      1     73    (0) 3253  
   26   14.0  0.0  0.0  contig_9_pilon  2168336 2168376  (759312) + (TA)n         Simple_repeat      1     41    (0) 3254  
   29   23.4  1.5  8.0  contig_9_pilon  2168884 2169016  (758672) + (ATTTAA)n     Simple_repeat      1    125    (0) 3255  
   14   13.2  6.1  0.0  contig_9_pilon  2170837 2170869  (756819) + (TAT)n        Simple_repeat      1     35    (0) 3256  
   18    0.0  0.0  0.0  contig_9_pilon  2183012 2183034  (744654) + (CCT)n        Simple_repeat      1     23    (0) 3257  
   76    0.0  0.0  0.0  contig_9_pilon  2186629 2186693  (740995) + (AT)n         Simple_repeat      1     65    (0) 3258  
   12   20.4  4.7  6.3  contig_9_pilon  2188476 2188539  (739149) + (CTCCCT)n     Simple_repeat      1     63    (0) 3259  
   16   15.4  2.8  0.0  contig_9_pilon  2201780 2201815  (725873) + (TTTA)n       Simple_repeat      1     37    (0) 3260  
   17   20.0  0.0  0.0  contig_9_pilon  2202766 2202805  (724883) + G-rich        Simple_repeat      1     40    (0) 3261  
   12   17.5  4.9  2.4  contig_9_pilon  2208514 2208554  (719134) + (TGAGCT)n     Simple_repeat      1     42    (0) 3262  
   22   26.3  0.0  9.7  contig_9_pilon  2220654 2220781  (706907) + (GAGCGG)n     Simple_repeat      1    115    (0) 3263  
   30    3.4  0.0  0.0  contig_9_pilon  2221091 2221120  (706568) + (GT)n         Simple_repeat      1     30    (0) 3264  
   13   21.6  0.0  0.0  contig_9_pilon  2241348 2241379  (686309) + (TCG)n        Simple_repeat      1     32    (0) 3265  
   92    8.6  0.0  0.0  contig_9_pilon  2253408 2253530  (674158) + (TA)n         Simple_repeat      1    123    (0) 3266  
   11   22.5  3.5  5.4  contig_9_pilon  2264544 2264600  (663088) + (GAGCGG)n     Simple_repeat      1     56    (0) 3267  
   12    7.8  3.2  6.7  contig_9_pilon  2271187 2271217  (656471) + (CTT)n        Simple_repeat      1     30    (0) 3268  
   21    6.5  0.0  2.9  contig_9_pilon  2282601 2282635  (645053) + (GGAGA)n      Simple_repeat      1     34    (0) 3269  
   12   13.7  6.2  0.0  contig_9_pilon  2290012 2290043  (637645) + (GATTT)n      Simple_repeat      1     34    (0) 3270  
   14   17.8  4.3  2.1  contig_9_pilon  2293805 2293850  (633838) + (CTAACAC)n    Simple_repeat      1     47    (0) 3271  
   22   17.9  2.3  0.0  contig_9_pilon  2297245 2297288  (630400) + (AT)n         Simple_repeat      1     45    (0) 3272  
   16   16.2  2.2  4.5  contig_9_pilon  2299713 2299757  (627931) + (GCC)n        Simple_repeat      1     44    (0) 3273  
   24   17.5  0.0  2.2  contig_9_pilon  2302317 2302363  (625325) + GA-rich       Simple_repeat      1     46    (0) 3274  
   16   14.8  0.0  5.1  contig_9_pilon  2303856 2303896  (623792) + (TTTTC)n      Simple_repeat      1     39    (0) 3275  
   13   21.7  0.0  2.6  contig_9_pilon  2306102 2306140  (621548) + A-rich        Simple_repeat      1     38    (0) 3276  
   11    9.3  2.3 12.5  contig_9_pilon  2307688 2307731  (619957) + (ATTTCA)n     Simple_repeat      1     40    (0) 3277  
   44    0.0  0.0  0.0  contig_9_pilon  2312800 2312840  (614848) + (TCGGATCAGT)n Simple_repeat      1     41    (0) 3278  
   15   14.7  0.0  0.0  contig_9_pilon  2315936 2315965  (611723) + (TGTTT)n      Simple_repeat      1     30    (0) 3279  
   13   15.8  0.0  7.9  contig_9_pilon  2316611 2316651  (611037) + A-rich        Simple_repeat      1     38    (0) 3280  
   13   10.2 11.4  2.1  contig_9_pilon  2320219 2320262  (607426) + (TGGTTC)n     Simple_repeat      1     48    (0) 3281  
   22   15.8  0.0  0.0  contig_9_pilon  2323839 2323874  (603814) + (T)n          Simple_repeat      1     36    (0) 3282  
   16    0.0  0.0  0.0  contig_9_pilon  2348126 2348142  (579546) + (A)n          Simple_repeat      1     17    (0) 3283  
   13   16.2  4.4  4.4  contig_9_pilon  2353213 2353257  (574431) + (CTCGCTT)n    Simple_repeat      1     45    (0) 3284  
   16   11.7  0.0  0.0  contig_9_pilon  2353474 2353501  (574187) + (GTG)n        Simple_repeat      1     28    (0) 3285  
   16   13.1  4.1  6.2  contig_9_pilon  2353505 2353553  (574135) + (TTTCTG)n     Simple_repeat      1     48    (0) 3286  
   14   15.9  0.0  0.0  contig_9_pilon  2365993 2366020  (561668) + GA-rich       Simple_repeat      1     28    (0) 3287  
  148    9.1  1.5  4.9  contig_9_pilon  2366109 2366380  (561308) + (TTTCT)n      Simple_repeat      1    263    (0) 3288  
   16   17.8  5.7  1.8  contig_9_pilon  2366845 2366897  (560791) + A-rich        Simple_repeat      1     55    (0) 3289  
   27   10.6  3.5  5.3  contig_9_pilon  2373653 2373710  (553978) + (TA)n         Simple_repeat      1     57    (0) 3290  
   13    7.8  3.5  3.5  contig_9_pilon  2373977 2374005  (553683) + (TCTT)n       Simple_repeat      1     29    (0) 3291  
   12   25.5  0.0  0.0  contig_9_pilon  2374185 2374221  (553467) + (AACCCTA)n    Simple_repeat      1     37    (0) 3292  
   19   18.7  1.7  5.2  contig_9_pilon  2380927 2380986  (546702) + (TTTTAT)n     Simple_repeat      1     58    (0) 3293  
   18   18.7  2.9  6.1  contig_9_pilon  2384488 2384555  (543133) + A-rich        Simple_repeat      1     66    (0) 3294  
   20    8.0  0.0  0.0  contig_9_pilon  2384709 2384743  (542945) + (TA)n         Simple_repeat      1     35    (0) 3295  
   13   22.8  0.0 11.1  contig_9_pilon  2385654 2385723  (541965) + A-rich        Simple_repeat      1     63    (0) 3296  
   11   20.6  2.9  0.0  contig_9_pilon  2392701 2392734  (534954) + (TGCAAC)n     Simple_repeat      1     35    (0) 3297  
   17    0.0  8.3  0.0  contig_9_pilon  2397461 2397484  (530204) + (CA)n         Simple_repeat      1     26    (0) 3298  
   19   12.8  0.0  0.0  contig_9_pilon  2400397 2400430  (527258) + (TTAC)n       Simple_repeat      1     34    (0) 3299  
   35    7.0  0.0  0.0  contig_9_pilon  2401183 2401228  (526460) + (T)n          Simple_repeat      1     46    (0) 3300  
   17   27.9  3.1  0.0  contig_9_pilon  2403326 2403390  (524298) + (GTTTATG)n    Simple_repeat      1     67    (0) 3301  
   12    9.8  0.0  0.0  contig_9_pilon  2406686 2406707  (520981) + (TTTA)n       Simple_repeat      1     22    (0) 3302  
   12   11.5  3.3  3.3  contig_9_pilon  2416734 2416763  (510925) + (TATTT)n      Simple_repeat      1     30    (0) 3303  
   12    9.5  0.0  4.2  contig_9_pilon  2417308 2417332  (510356) + (TGTC)n       Simple_repeat      1     24    (0) 3304  
   12   23.3  0.0  0.0  contig_9_pilon  2419115 2419149  (508539) + A-rich        Simple_repeat      1     35    (0) 3305  
   20   13.0  7.1  0.0  contig_9_pilon  2419321 2419362  (508326) + (AT)n         Simple_repeat      1     45    (0) 3306  
   16   22.1  3.5  5.3  contig_9_pilon  2421195 2421252  (506436) + (AT)n         Simple_repeat      1     57    (0) 3307  
   15   35.0  0.0  2.6  contig_9_pilon  2429765 2429844  (497844) + A-rich        Simple_repeat      1     78    (0) 3308  
   19    0.0  0.0  0.0  contig_9_pilon  2432182 2432202  (495486) + (A)n          Simple_repeat      1     21    (0) 3309  
   12   18.7  6.7  2.1  contig_9_pilon  2436585 2436629  (491059) + GA-rich       Simple_repeat      1     47    (0) 3310  
   17    8.9  0.0  0.0  contig_9_pilon  2443859 2443882  (483806) + (CT)n         Simple_repeat      1     24    (0) 3311  
   18    0.0  0.0  0.0  contig_9_pilon  2446830 2446852  (480836) + (ATGG)n       Simple_repeat      1     23    (0) 3312  
   24   28.3  2.1  2.1  contig_9_pilon  2447057 2447153  (480535) + A-rich        Simple_repeat      1     97    (0) 3313  
   56    0.0  0.0  0.0  contig_9_pilon  2451794 2451841  (475847) + (TA)n         Simple_repeat      1     48    (0) 3314  
   40    2.2  0.0  0.0  contig_9_pilon  2451842 2451887  (475801) + (GA)n         Simple_repeat      1     46    (0) 3315  
   12    7.9  7.4  0.0  contig_9_pilon  2455342 2455368  (472320) + (AATA)n       Simple_repeat      1     29    (0) 3316  
   13   19.8  0.0  7.0  contig_9_pilon  2457843 2457888  (469800) + A-rich        Simple_repeat      1     43    (0) 3317  
   11   17.4  0.0  5.9  contig_9_pilon  2462885 2462920  (464768) + (CAACAC)n     Simple_repeat      1     34    (0) 3318  
   15    5.5  0.0  0.0  contig_9_pilon  2480594 2480612  (447076) + (TC)n         Simple_repeat      1     19    (0) 3319  
   19   17.8  2.2  0.0  contig_9_pilon  2480810 2480854  (446834) + (CGCCC)n      Simple_repeat      1     46    (0) 3320  
   14   12.0  5.3  2.6  contig_9_pilon  2492463 2492500  (435188) + (CAGACG)n     Simple_repeat      1     39    (0) 3321  
   18   19.6  0.0  0.0  contig_9_pilon  2504910 2504944  (422744) + (T)n          Simple_repeat      1     35    (0) 3322  
  174    5.3  0.0  0.0  contig_9_pilon  2508470 2508665  (419023) + (ATATTTGAGT)n Simple_repeat      1    196    (0) 3323  
   30    0.0  0.0  0.0  contig_9_pilon  2510250 2510277  (417411) + (GAT)n        Simple_repeat      1     28    (0) 3324  
   23    6.4  0.0  0.0  contig_9_pilon  2510807 2510839  (416849) + (AGAG)n       Simple_repeat      1     33    (0) 3325  
   33    0.0  0.0  0.0  contig_9_pilon  2512196 2512223  (415465) + (TG)n         Simple_repeat      1     28    (0) 3326  
   25   12.3  0.0  2.2  contig_9_pilon  2540837 2540883  (386805) + (AGGGTTT)n    Simple_repeat      1     46    (0) 3327  
   13    5.2  0.0  0.0  contig_9_pilon  2548766 2548785  (378903) + (CAC)n        Simple_repeat      1     20    (0) 3328  
   14    7.2  6.9  0.0  contig_9_pilon  2549567 2549595  (378093) + (TTTTAT)n     Simple_repeat      1     31    (0) 3329  
   13   11.1  0.0  6.5  contig_9_pilon  2549596 2549598  (378090) + (ATTTT)n      Simple_repeat      2     31    (0) 3330  
   35    0.0  5.1  0.0  contig_9_pilon  2554270 2554308  (373380) + (TTTTTG)n     Simple_repeat      1     41    (0) 3331  
   12   15.8  0.0  3.5  contig_9_pilon  2562612 2562641  (365047) + (TGCA)n       Simple_repeat      1     29    (0) 3332  
   19   17.7  6.0  2.9  contig_9_pilon  2564192 2564258  (363430) + (GGCGAC)n     Simple_repeat      1     69    (0) 3333  
   31   23.6  6.1  3.3  contig_9_pilon  2567216 2567363  (360325) + (GGAGCC)n     Simple_repeat      1    152    (0) 3334  
   15   19.6  0.0  0.0  contig_9_pilon  2567394 2567428  (360260) + GA-rich       Simple_repeat      1     35    (0) 3335  
   17   12.3  0.0  5.4  contig_9_pilon  2567451 2567489  (360199) + (GCAGA)n      Simple_repeat      1     37    (0) 3336  
   29   21.0  1.4  0.0  contig_9_pilon  2567896 2567966  (359722) + (GCCGCT)n     Simple_repeat      1     72    (0) 3337  
   12   15.0  3.3  0.0  contig_9_pilon  2568056 2568101  (359587) + G-rich        Simple_repeat      1     47    (0) 3338  
   19   15.4  0.0  0.0  contig_9_pilon  2581104 2581139  (346549) + (ATT)n        Simple_repeat      1     36    (0) 3339  
   20   22.9  0.0  0.0  contig_9_pilon  2581200 2581250  (346438) + (TGGTGAG)n    Simple_repeat      1     51    (0) 3340  
   17   22.7  5.9  0.0  contig_9_pilon  2584374 2584424  (343264) + (AT)n         Simple_repeat      1     54    (0) 3341  
   18   12.5  0.0  2.6  contig_9_pilon  2586865 2586891  (340797) + (ATGG)n       Simple_repeat      1     28    (0) 3342  
   31    0.0  0.0  0.0  contig_9_pilon  2586892 2586920  (340768) + (GATA)n       Simple_repeat      1     29    (0) 3343  
   18   12.5  0.0  2.6  contig_9_pilon  2586921 2586931  (340757) + (ATGG)n       Simple_repeat      1     11    (0) 3344  
   12   14.1  0.0  8.8  contig_9_pilon  2587303 2587339  (340349) + A-rich        Simple_repeat      1     34    (0) 3345  
   14    7.2  6.9  0.0  contig_9_pilon  2590140 2590168  (337520) + (TTCTAT)n     Simple_repeat      1     31    (0) 3346  
   19   27.3  1.5  1.5  contig_9_pilon  2590534 2590601  (337087) + A-rich        Simple_repeat      1     68    (0) 3347  
   15   30.3  0.0  1.6  contig_9_pilon  2594074 2594135  (333553) + A-rich        Simple_repeat      1     61    (0) 3348  
   16    8.3  0.0  0.0  contig_9_pilon  2595649 2595674  (332014) + (TGCG)n       Simple_repeat      1     26    (0) 3349  
   17    0.0  0.0  0.0  contig_9_pilon  2600632 2600650  (327038) + (TA)n         Simple_repeat      1     19    (0) 3350  
   11   17.9  5.2  7.0  contig_9_pilon  2601982 2602039  (325649) + (GTATGTT)n    Simple_repeat      1     57    (0) 3351  
   12   10.0  5.6  5.6  contig_9_pilon  2602328 2602363  (325325) + (TCACT)n      Simple_repeat      1     36    (0) 3352  
   15   14.2  4.5  9.5  contig_9_pilon  2605928 2605993  (321695) + (TCTG)n       Simple_repeat      1     63    (0) 3353  
   18   22.1  0.0  5.5  contig_9_pilon  2609595 2609652  (318036) + (TAA)n        Simple_repeat      1     55    (0) 3354  
   15   15.9  2.9  0.0  contig_9_pilon  2612774 2612808  (314880) + A-rich        Simple_repeat      1     36    (0) 3355  
   13   19.6  2.9  0.0  contig_9_pilon  2616293 2616327  (311361) + (CCCTC)n      Simple_repeat      1     36    (0) 3356  
   12    4.0  7.1  3.5  contig_9_pilon  2628509 2628536  (299152) + (AAATC)n      Simple_repeat      1     29    (0) 3357  
   13   10.0  2.6  8.3  contig_9_pilon  2628537 2628545  (299143) + A-rich        Simple_repeat      2     36    (0) 3358  
   13   27.2  1.6  4.9  contig_9_pilon  2629426 2629438  (298250) + (TTATA)n      Simple_repeat      1     21   (40) 3359  
   13   16.1  0.0  0.0  contig_9_pilon  2629439 2629466  (298222) + (ATTGT)n      Simple_repeat      1     28    (0) 3360  
   13   27.2  1.6  4.9  contig_9_pilon  2629467 2629488  (298200) + (TTATA)n      Simple_repeat     22     61    (0) 3359  
   13    8.5  4.0  0.0  contig_9_pilon  2649198 2649222  (278466) + (AGAA)n       Simple_repeat      1     26    (0) 3361  
   12   17.8  3.3  8.8  contig_9_pilon  2654995 2655054  (272634) + A-rich        Simple_repeat      1     57    (0) 3362  
   17   22.9  1.7  3.4  contig_9_pilon  2655434 2655493  (272195) + A-rich        Simple_repeat      1     59    (0) 3363  
   20    0.0  3.1  3.1  contig_9_pilon  2659750 2659781  (267907) + (CCCATC)n     Simple_repeat      1     32    (0) 3364  
   12    4.7  0.0  8.3  contig_9_pilon  2659984 2660009  (267679) + (AGC)n        Simple_repeat      1     24    (0) 3365  
   12   17.6  7.7  0.0  contig_9_pilon  2662852 2662890  (264798) + A-rich        Simple_repeat      1     42    (0) 3366  
   15   23.6  2.2  0.0  contig_9_pilon  2663438 2663482  (264206) + (AATT)n       Simple_repeat      1     46    (0) 3367  
   16   23.3  0.0  0.0  contig_9_pilon  2665432 2665466  (262222) + A-rich        Simple_repeat      1     35    (0) 3368  
   12    7.8  3.2  6.7  contig_9_pilon  2669237 2669267  (258421) + (ATGT)n       Simple_repeat      1     30    (0) 3369  
   17   33.4  0.0  2.5  contig_9_pilon  2672431 2672512  (255176) + (GGATTTA)n    Simple_repeat      1     80    (0) 3370  
   13   20.3  0.0  7.1  contig_9_pilon  2681709 2681753  (245935) + (AAT)n        Simple_repeat      1     42    (0) 3371  
   13    0.0  2.9 12.5  contig_9_pilon  2683483 2683517  (244171) + (CACACC)n     Simple_repeat      1     32    (0) 3372  
   26    0.0  0.0  0.0  contig_9_pilon  2685916 2685940  (241748) + (ATAAA)n      Simple_repeat      1     25    (0) 3373  
   14   16.2  4.7  2.3  contig_9_pilon  2702028 2702070  (225618) + (GTATTGA)n    Simple_repeat      1     44    (0) 3374  
   16   17.6  0.0  0.0  contig_9_pilon  2704635 2704661  (223027) + (T)n          Simple_repeat      1     27    (0) 3375  
   21   15.9  2.3  0.0  contig_9_pilon  2706269 2706312  (221376) + (TCTC)n       Simple_repeat      1     45    (0) 3376  
   21   19.3  0.0  0.0  contig_9_pilon  2708609 2708655  (219033) + A-rich        Simple_repeat      1     47    (0) 3377  
   22    0.0  0.0  0.0  contig_9_pilon  2709073 2709096  (218592) + (A)n          Simple_repeat      1     24    (0) 3378  
   19    0.0  0.0  0.0  contig_9_pilon  2732648 2732668  (195020) + (A)n          Simple_repeat      1     21    (0) 3379  
   18    7.5  3.6  0.0  contig_9_pilon  2733370 2733397  (194291) + (TA)n         Simple_repeat      1     29    (0) 3380  
   12   15.9  9.5  0.0  contig_9_pilon  2739395 2739436  (188252) + (TGCTAC)n     Simple_repeat      1     46    (0) 3381  
   18   17.8  0.0  0.0  contig_9_pilon  2743356 2743393  (184295) + (CAGA)n       Simple_repeat      1     38    (0) 3382  
   12   23.3  4.8  0.0  contig_9_pilon  2750599 2750640  (177048) + (ATCCAT)n     Simple_repeat      1     44    (0) 3383  
   19   18.6  4.6  3.0  contig_9_pilon  2755502 2755581  (172107) + (TGTCTTT)n    Simple_repeat      1     81    (0) 3384  
   13   19.3  4.7  2.3  contig_9_pilon  2755965 2756007  (171681) + (GTT)n        Simple_repeat      1     44    (0) 3385  
   16   26.0  0.0  5.1  contig_9_pilon  2760404 2760465  (167223) + (GGAGGC)n     Simple_repeat      1     59    (0) 3386  
   17   32.8  2.4  1.2  contig_9_pilon  2769070 2769154  (158534) + (TCC)n        Simple_repeat      1     86    (0) 3387  
   28    3.3  0.0  0.0  contig_9_pilon  2769757 2769787  (157901) + (CTCG)n       Simple_repeat      1     31    (0) 3388  
   13   14.8  5.1  2.5  contig_9_pilon  2773264 2773302  (154386) + (TTTTCTC)n    Simple_repeat      1     40    (0) 3389  
   19   11.7  0.0  0.0  contig_9_pilon  2774838 2774865  (152823) + (A)n          Simple_repeat      1     28    (0) 3390  
   13   20.7  0.0  8.3  contig_9_pilon  2775815 2775866  (151822) + A-rich        Simple_repeat      1     48    (0) 3391  
  107    0.0  0.0  0.0  contig_9_pilon  2783020 2783110  (144578) + (CT)n         Simple_repeat      1     91    (0) 3392  
   32    3.0  0.0  0.0  contig_9_pilon  2787844 2787877  (139811) + (TTTTCA)n     Simple_repeat      1     34    (0) 3393  
   18   23.6  1.6  3.2  contig_9_pilon  2788174 2788236  (139452) + (AATAA)n      Simple_repeat      1     62    (0) 3394  
   15   30.9  1.4  1.4  contig_9_pilon  2789348 2789416  (138272) + A-rich        Simple_repeat      1     69    (0) 3395  
   16   21.0  0.0  8.5  contig_9_pilon  2803498 2803561  (124127) + (CCGCGA)n     Simple_repeat      1     59    (0) 3396  
   13   16.7  8.2  1.9  contig_9_pilon  2829788 2829836   (97852) + A-rich        Simple_repeat      1     52    (0) 3397  
   15   20.1  0.0  6.2  contig_9_pilon  2831034 2831084   (96604) + G-rich        Simple_repeat      1     48    (0) 3398  
   19    3.3  0.0  8.8  contig_9_pilon  2834348 2834384   (93304) + (AAAT)n       Simple_repeat      1     34    (0) 3399  
   20    7.9  0.0  0.0  contig_9_pilon  2835193 2835219   (92469) + (A)n          Simple_repeat      1     27    (0) 3400  
   21    0.0  5.3  5.3  contig_9_pilon  2835532 2835569   (92119) + (AATA)n       Simple_repeat      1     38    (0) 3401  
   17   23.3  0.0  0.0  contig_9_pilon  2837554 2837598   (90090) + (CATCTC)n     Simple_repeat      1     45    (0) 3402  
   16   16.1  3.7  5.7  contig_9_pilon  2837746 2837755   (89933) + (AATAT)n      Simple_repeat      1     50    (0) 3403  
   24    7.8  7.3  0.0  contig_9_pilon  2837756 2837796   (89892) + (AT)n         Simple_repeat      1     44    (0) 3404  
   13   30.4  1.9  0.0  contig_9_pilon  2838382 2838434   (89254) + A-rich        Simple_repeat      1     54    (0) 3405  
   12   24.0  4.5  0.0  contig_9_pilon  2838425 2838468   (89220) + (AATAT)n      Simple_repeat      1     46    (0) 3406 *
   37    0.0  0.0  0.0  contig_9_pilon  2839192 2839225   (88463) + (TAT)n        Simple_repeat      1     34    (0) 3407  
   14   14.6  0.0  3.2  contig_9_pilon  2843499 2843530   (84158) + (GTTT)n       Simple_repeat      1     31    (0) 3408  
   16   16.4  0.0  0.0  contig_9_pilon  2846769 2846802   (80886) + (CGCCGT)n     Simple_repeat      1     34    (0) 3409  
   20   18.3  0.0  0.0  contig_9_pilon  2847942 2848016   (79672) + (T)n          Simple_repeat      1     75    (0) 3410  
   14   19.3  4.8  0.0  contig_9_pilon  2849025 2849066   (78622) + (TAGGATC)n    Simple_repeat      1     44    (0) 3411  
   37    0.0  0.0  0.0  contig_9_pilon  2856021 2856055   (71633) + (AAACAAGC)n   Simple_repeat      1     35    (0) 3412  
   30   22.5  5.3  2.6  contig_9_pilon  2869904 2869924   (57764) + (AAT)n        Simple_repeat      1     54   (63) 3413  
   23   18.5  4.2  2.8  contig_9_pilon  2869925 2869995   (57693) + A-rich        Simple_repeat      1     72    (0) 3414  
   30   22.5  5.3  2.6  contig_9_pilon  2869996 2870017   (57671) + (AAT)n        Simple_repeat     55    117    (0) 3413  
   12    8.5  0.0  7.4  contig_9_pilon  2871532 2871560   (56128) + (TTATT)n      Simple_repeat      1     27    (0) 3415  
   22   19.0  0.0  0.0  contig_9_pilon  2872285 2872326   (55362) + A-rich        Simple_repeat      1     42    (0) 3416  
   11   19.9  5.3  5.3  contig_9_pilon  2874145 2874201   (53487) + (GATTAT)n     Simple_repeat      1     57    (0) 3417  
   28    2.8  2.6  2.6  contig_9_pilon  2881011 2881049   (46639) + (GTGAGCG)n    Simple_repeat      1     39    (0) 3418  
   13   12.3  5.4  2.6  contig_9_pilon  2892772 2892808   (34880) + (GAAGCA)n     Simple_repeat      1     38    (0) 3419  
   28    3.0  0.0  2.9  contig_9_pilon  2895990 2896025   (31663) + (CGCTCAC)n    Simple_repeat      1     35    (0) 3420  
   19    5.9  2.5  5.1  contig_9_pilon  2901282 2901321   (26367) + (GTGAGCA)n    Simple_repeat      1     39    (0) 3421  
   12   16.3  0.0  8.1  contig_9_pilon  2907040 2907079   (20609) + (TAGGAT)n     Simple_repeat      1     37    (0) 3422  
   13   14.3 13.0  0.0  contig_9_pilon  2914597 2914650   (13038) + (TGTTCTTA)n   Simple_repeat      1     61    (0) 3423  
   29    5.6  0.0  0.0  contig_9_pilon  2915848 2915884   (11804) + (ACCGCTC)n    Simple_repeat      1     37    (0) 3424  
   14   26.3  1.8  1.8  contig_9_pilon  2920231 2920286    (7402) + A-rich        Simple_repeat      1     56    (0) 3425  
   15   18.4  3.7  4.7  contig_9_pilon  2920875 2920934    (6754) + A-rich        Simple_repeat      1     59    (0) 3426  
   13   16.8  0.0  5.7  contig_92_pilon     3765    3801 (2294206) + (AATA)n      Simple_repeat      1     35    (0) 3427  
   12   11.7  3.3  3.3  contig_92_pilon     4527    4556 (2293451) + (ATA)n       Simple_repeat      1     30    (0) 3428  
   24   16.4  0.0  0.0  contig_92_pilon     4653    4693 (2293314) + (AT)n        Simple_repeat      1     41    (0) 3429  
   15   24.0  4.5  2.9  contig_92_pilon     4686    4752 (2293255) + (TTAA)n      Simple_repeat      1     68    (0) 3430 *
   13   17.5  0.0  3.0  contig_92_pilon     4863    4896 (2293111) + (ATTTT)n     Simple_repeat      1     33    (0) 3431  
   14   28.6  2.8  2.8  contig_92_pilon     8592    8662 (2289345) + (TAAT)n      Simple_repeat      1     71    (0) 3432  
   17   25.0  1.5  4.6  contig_92_pilon     9307    9373 (2288634) + (TAAT)n      Simple_repeat      1     65    (0) 3433  
   15   27.1  0.0  6.2  contig_92_pilon     9441    9509 (2288498) + A-rich       Simple_repeat      1     65    (0) 3434  
   19    4.5  0.0  0.0  contig_92_pilon    10166   10188 (2287819) + (T)n         Simple_repeat      1     23    (0) 3435  
   13   21.6  0.0  2.6  contig_92_pilon    11872   11911 (2286096) + (TTTATTT)n   Simple_repeat      1     39    (0) 3436  
   14   24.5  0.0  5.9  contig_92_pilon    13263   13316 (2284691) + (TTA)n       Simple_repeat      1     51    (0) 3437  
   15   13.9  0.0  0.0  contig_92_pilon    13641   13664 (2284343) + (T)n         Simple_repeat      1     24    (0) 3438  
   15   23.9  5.6  0.0  contig_92_pilon    14358   14411 (2283596) + (TTA)n       Simple_repeat      1     57    (0) 3439  
   17    8.9  0.0  0.0  contig_92_pilon    14594   14617 (2283390) + (T)n         Simple_repeat      1     24    (0) 3440  
   17   21.1  2.0  2.0  contig_92_pilon    20132   20182 (2277825) + A-rich       Simple_repeat      1     51    (0) 3441  
   20   17.7 10.0  0.0  contig_92_pilon    20470   20539 (2277468) + (AATA)n      Simple_repeat      1     77    (0) 3442  
   22   24.6  3.2  0.0  contig_92_pilon    23137   23198 (2274809) + (AT)n        Simple_repeat      1     64    (0) 3443  
   14   27.4  0.0  2.0  contig_92_pilon    23334   23383 (2274624) + (TTTAT)n     Simple_repeat      1     49    (0) 3444  
   15   27.2  1.9  0.0  contig_92_pilon    23575   23630 (2274377) + (AATAATA)n   Simple_repeat      1     57    (0) 3445  
   11   28.0  0.0  0.0  contig_92_pilon    23618   23656 (2274351) + (TTATTAT)n   Simple_repeat      1     39    (0) 3446 *
   26   18.1  9.9  0.0  contig_92_pilon    23796   23876 (2274131) + (TA)n        Simple_repeat      1     89    (0) 3447  
   11   20.8  0.0  2.9  contig_92_pilon    27224   27258 (2270749) + (CAATAA)n    Simple_repeat      1     34    (0) 3448  
   18    4.5  0.0  0.0  contig_92_pilon    30837   30859 (2267148) + (GT)n        Simple_repeat      1     23    (0) 3449  
   13   20.4  2.4  2.4  contig_92_pilon    38714   38754 (2259253) + (TCTAC)n     Simple_repeat      1     41    (0) 3450  
   13   27.0  3.8  0.0  contig_92_pilon    43305   43357 (2254650) + A-rich       Simple_repeat      1     55    (0) 3451  
   16    9.3  0.0  0.0  contig_92_pilon    44004   44026 (2253981) + (A)n         Simple_repeat      1     23    (0) 3452  
   12   15.3  5.3  2.6  contig_92_pilon    48858   48895 (2249112) + (ATATTCC)n   Simple_repeat      1     39    (0) 3453  
   11   33.7  1.7  0.0  contig_92_pilon    50064   50098 (2247909) + (ATTTAG)n    Simple_repeat      1     59    (0) 3454  
   16    9.6  0.0  0.0  contig_92_pilon    50099   50121 (2247886) + (AT)n        Simple_repeat      1     23    (0) 3455  
   19   25.8  2.5  3.9  contig_92_pilon    53549   53627 (2244380) + (CAA)n       Simple_repeat      1     78    (0) 3456  
   27    9.1  0.0  2.1  contig_92_pilon    53936   53984 (2244023) + (GAGCAGGTA)n Simple_repeat      1     48    (0) 3457  
   13   18.1  3.0  0.0  contig_92_pilon    54283   54315 (2243692) + (TGGAA)n     Simple_repeat      1     34    (0) 3458  
   21   12.8  5.7  1.8  contig_92_pilon    63551   63603 (2234404) + (ATTTTTA)n   Simple_repeat      1     55    (0) 3459  
   44   15.4  0.0  0.0  contig_92_pilon    64607   64679 (2233328) + A-rich       Simple_repeat      1     73    (0) 3460  
   32    2.9  0.0  0.0  contig_92_pilon    69769   69803 (2228204) + (GCGA)n      Simple_repeat      1     35    (0) 3461  
   12   13.0 11.9  0.0  contig_92_pilon    70032   70073 (2227934) + (GGAGCGC)n   Simple_repeat      1     47    (0) 3462  
   21   13.7  9.1  1.4  contig_92_pilon    80509   80574 (2217433) + A-rich       Simple_repeat      1     71    (0) 3463  
   13   14.9  8.1  0.0  contig_92_pilon    82198   82234 (2215773) + GA-rich      Simple_repeat      1     40    (0) 3464  
   20   12.7  0.0  6.5  contig_92_pilon    82334   82382 (2215625) + (CCCCG)n     Simple_repeat      1     46    (0) 3465  
   40   16.2  0.0  0.0  contig_92_pilon    82548   82616 (2215391) + GA-rich      Simple_repeat      1     69    (0) 3466  
   12    9.1  4.2  0.0  contig_92_pilon    89039   89062 (2208945) + (TCA)n       Simple_repeat      1     25    (0) 3467  
   20   23.2  1.6  1.6  contig_92_pilon    96855   96916 (2201091) + (CCTGCT)n    Simple_repeat      1     62    (0) 3468  
   17   18.1  6.0  0.0  contig_92_pilon    97992   98041 (2199966) + (TTGTG)n     Simple_repeat      1     53    (0) 3469  
   17   15.5  0.0  0.0  contig_92_pilon    98150   98178 (2199829) + (T)n         Simple_repeat      1     29    (0) 3470  
   14   16.3  0.0  5.6  contig_92_pilon   103983  104020 (2193987) + G-rich       Simple_repeat      1     36    (0) 3471  
   18   32.1  0.0  0.0  contig_92_pilon   112929  112997 (2185010) + (ATCCTAT)n   Simple_repeat      1     69    (0) 3472  
   38   11.1  2.9  1.4  contig_92_pilon   126968  127037 (2170970) + GA-rich      Simple_repeat      1     71    (0) 3473  
   22   17.9  0.0  0.0  contig_92_pilon   132153  132191 (2165816) + (T)n         Simple_repeat      1     39    (0) 3474  
   13   24.8  0.0  0.0  contig_92_pilon   146883  146920 (2151087) + A-rich       Simple_repeat      1     38    (0) 3475  
   18   24.4  0.0  1.9  contig_92_pilon   151513  151567 (2146440) + A-rich       Simple_repeat      1     54    (0) 3476  
   14   13.8  0.0  5.9  contig_92_pilon   161907  161942 (2136065) + (CCATA)n     Simple_repeat      1     34    (0) 3477  
   13   12.6  8.6  0.0  contig_92_pilon   162815  162849 (2135158) + (AATAA)n     Simple_repeat      1     38    (0) 3478  
   12    9.0  7.7  5.0  contig_92_pilon   170536  170574 (2127433) + (TATTTGA)n   Simple_repeat      1     40    (0) 3479  
   18    4.8  0.0  0.0  contig_92_pilon   171048  171069 (2126938) + (A)n         Simple_repeat      1     22    (0) 3480  
   17   35.4  0.0  0.0  contig_92_pilon   172618  172695 (2125312) + A-rich       Simple_repeat      1     78    (0) 3481  
   33   24.9  2.1  6.5  contig_92_pilon   177040  177184 (2120823) + (TAA)n       Simple_repeat      1    139    (0) 3482  
   12   29.6  0.0  2.0  contig_92_pilon   177701  177751 (2120256) + A-rich       Simple_repeat      1     50    (0) 3483  
   17   23.5  0.0  0.0  contig_92_pilon   178022  178066 (2119941) + (ACTAATA)n   Simple_repeat      1     45    (0) 3484  
   13   11.7  7.7  2.4  contig_92_pilon   182469  182507 (2115500) + (TGAGAGT)n   Simple_repeat      1     41    (0) 3485  
   30   15.7  0.0  4.5  contig_92_pilon   190066  190135 (2107872) + (AGCACA)n    Simple_repeat      1     67    (0) 3486  
   28   28.3  1.9  1.9  contig_92_pilon   190672  190775 (2107232) + G-rich       Simple_repeat      1    104    (0) 3487  
   13   25.6  1.8  3.7  contig_92_pilon   192285  192341 (2105666) + (AATTG)n     Simple_repeat      1     55    (0) 3488  
   12    5.5  0.0  0.0  contig_92_pilon   196925  196943 (2101064) + (AAC)n       Simple_repeat      1     19    (0) 3489  
   11   27.2  2.0  2.0  contig_92_pilon   215418  215467 (2082540) + (TCATCCA)n   Simple_repeat      1     50    (0) 3490  
   91    2.1  2.0  1.0  contig_92_pilon   224585  224682 (2073325) + (AT)n        Simple_repeat      1     99    (0) 3491  
   35   29.6  5.1  0.6  contig_92_pilon   224714  224870 (2073137) + (TA)n        Simple_repeat      1    164    (0) 3492  
   12    9.8  0.0  0.0  contig_92_pilon   226687  226708 (2071299) + (CCTC)n      Simple_repeat      1     22    (0) 3493  
   12   17.7  2.4  4.9  contig_92_pilon   229876  229917 (2068090) + (TCCGCCG)n   Simple_repeat      1     41    (0) 3494 *
   14   32.4  0.0  4.2  contig_92_pilon   229901  229974 (2068033) + (CGGA)n      Simple_repeat      1     71    (0) 3495  
   70    1.6  0.0  0.0  contig_92_pilon   233048  233111 (2064896) + (TA)n        Simple_repeat      1     64    (0) 3496  
   15    5.6 13.2  0.0  contig_92_pilon   233681  233718 (2064289) + (ATAGT)n     Simple_repeat      1     43    (0) 3497  
   14   10.8  0.0  6.2  contig_92_pilon   243208  243241 (2054766) + (TTGTT)n     Simple_repeat      1     32    (0) 3498  
   24   18.1  0.0  0.0  contig_92_pilon   245350  245399 (2052608) + (TCTTCG)n    Simple_repeat      1     50    (0) 3499  
   25    7.8  2.4  0.0  contig_92_pilon   256636  256676 (2041331) + (TTCTT)n     Simple_repeat      1     42    (0) 3500  
   16   18.9  0.0  0.0  contig_92_pilon   257710  257745 (2040262) + A-rich       Simple_repeat      1     36    (0) 3501  
   23   12.6  0.0  0.0  contig_92_pilon   259685  259719 (2038288) + (T)n         Simple_repeat      1     35    (0) 3502  
   11   37.4  0.0  0.0  contig_92_pilon   261422  261480 (2036527) + (GAGGCGG)n   Simple_repeat      1     59    (0) 3503  
   12   26.1  4.9  1.6  contig_92_pilon   262629  262689 (2035318) + (AATTTA)n    Simple_repeat      1     63    (0) 3504  
   12   14.7  3.3  0.0  contig_92_pilon   262665  262694 (2035313) + (ATATAA)n    Simple_repeat      1     31    (0) 3505  
   30    9.6  9.0  0.0  contig_92_pilon   265608  265674 (2032333) + (AACGTAA)n   Simple_repeat      1     73    (0) 3506  
   15   23.9  9.4  0.0  contig_92_pilon   266201  266264 (2031743) + (TA)n        Simple_repeat      1     70    (0) 3507  
   15   26.7  0.0  2.0  contig_92_pilon   267277  267327 (2030680) + (TTTTTA)n    Simple_repeat      1     50    (0) 3508  
   12   11.2  6.9  0.0  contig_92_pilon   271591  271619 (2026388) + A-rich       Simple_repeat      1     31    (0) 3509  
   23   27.7  3.3  1.1  contig_92_pilon   272124  272213 (2025794) + A-rich       Simple_repeat      1     92    (0) 3510  
   12   29.3  0.0  8.8  contig_92_pilon   273882  273968 (2024039) + A-rich       Simple_repeat      1     80    (0) 3511  
   27   28.8  0.0  4.6  contig_92_pilon   274485  274598 (2023409) + A-rich       Simple_repeat      1    109    (0) 3512  
   12   29.4  0.0  5.0  contig_92_pilon   274977  275039 (2022968) + A-rich       Simple_repeat      1     60    (0) 3513  
   18   14.7  0.0  0.0  contig_92_pilon   284722  284751 (2013256) + (T)n         Simple_repeat      1     30    (0) 3514  
   18   25.7  0.0  1.8  contig_92_pilon   284748  284804 (2013203) + A-rich       Simple_repeat      1     56    (0) 3515  
   12   22.6  2.3  2.3  contig_92_pilon   285633  285675 (2012332) + A-rich       Simple_repeat      1     43    (0) 3516  
   13   14.7  3.3  0.0  contig_92_pilon   287377  287406 (2010601) + GA-rich      Simple_repeat      1     31    (0) 3517  
   25   10.8  2.5  0.0  contig_92_pilon   293330  293369 (2004638) + (GA)n        Simple_repeat      1     41    (0) 3518  
   17    4.3  0.0  0.0  contig_92_pilon   298697  298739 (1999268) + (GTG)n       Simple_repeat      1     43    (0) 3519  
   19   18.6  2.5  1.2  contig_92_pilon   305577  305620 (1992387) + A-rich       Simple_repeat      1     44    (0) 3520  
   15   24.8  1.8  3.6  contig_92_pilon   316036  316091 (1981916) + (CTG)n       Simple_repeat      1     55    (0) 3521  
   18   13.4  0.0  0.0  contig_92_pilon   316474  316507 (1981500) + (GGGGAA)n    Simple_repeat      1     34    (0) 3522  
   12   20.5  0.0  2.9  contig_92_pilon   319937  319972 (1978035) + (CACTTG)n    Simple_repeat      1     35    (0) 3523  
   25   14.2  0.0  5.3  contig_92_pilon   321244  321303 (1976704) + (GTTTAGG)n   Simple_repeat      1     57    (0) 3524  
   15    9.7  0.0  0.0  contig_92_pilon   337243  337264 (1960743) + (GT)n        Simple_repeat      1     22    (0) 3525  
   13   18.2  0.0  0.0  contig_92_pilon   337487  337517 (1960490) + (TCCTC)n     Simple_repeat      1     31    (0) 3526  
   16    9.8  0.0  0.0  contig_92_pilon   338398  338419 (1959588) + (T)n         Simple_repeat      1     22    (0) 3527  
   17   12.7  0.0  0.0  contig_92_pilon   340358  340383 (1957624) + (A)n         Simple_repeat      1     26    (0) 3528  
   19   18.0  4.0  0.0  contig_92_pilon   340449  340498 (1957509) + (ATAATT)n    Simple_repeat      1     52    (0) 3529  
   22   17.5  0.0  0.0  contig_92_pilon   343393  343437 (1954570) + (TTATTT)n    Simple_repeat      1     45    (0) 3530  
   44   24.1  0.0  0.9  contig_92_pilon   345249  345358 (1952649) + (ATCT)n      Simple_repeat      1    109    (0) 3531  
   15   13.4  3.0  0.0  contig_92_pilon   346264  346296 (1951711) + A-rich       Simple_repeat      1     34    (0) 3532  
   15   18.9  0.0  0.0  contig_92_pilon   347722  347757 (1950250) + A-rich       Simple_repeat      1     36    (0) 3533  
   11   21.1  8.2  0.0  contig_92_pilon   347815  347863 (1950144) + (ATAGAA)n    Simple_repeat      1     53    (0) 3534  
   15   24.1  0.0  0.0  contig_92_pilon   358245  358278 (1939729) + (TG)n        Simple_repeat      1     34    (0) 3535  
   15   18.7  1.8  7.5  contig_92_pilon   372330  372385 (1925622) + (CCG)n       Simple_repeat      1     53    (0) 3536  
   13   21.3  0.0  8.5  contig_92_pilon   372473  372523 (1925484) + (CCG)n       Simple_repeat      1     47    (0) 3537  
   30   25.6  1.2  9.2  contig_92_pilon   372550  372713 (1925294) + (CCA)n       Simple_repeat      1    152    (0) 3538  
   16    9.6  0.0  8.3  contig_92_pilon   373998  374036 (1923971) + (TTTTAA)n    Simple_repeat      1     36    (0) 3539  
   13   22.5  2.0  4.1  contig_92_pilon   374985  375034 (1922973) + (TATT)n      Simple_repeat      1     49    (0) 3540  
   26   20.3  0.0  0.0  contig_92_pilon   376743  376793 (1921214) + A-rich       Simple_repeat      1     51    (0) 3541  
   17   18.3  2.2  2.2  contig_92_pilon   378148  378192 (1919815) + (TGG)n       Simple_repeat      1     45    (0) 3542  
   92   29.3  0.0  0.0  contig_92_pilon   381181  381436 (1916571) + (CTCTCT)n    Simple_repeat      1    256    (0) 3543  
   14   21.1  0.0  2.6  contig_92_pilon   390200  390239 (1907768) + GA-rich      Simple_repeat      1     39    (0) 3544  
   22   15.8  0.0  0.0  contig_92_pilon   398884  398925 (1899082) + (GCT)n       Simple_repeat      1     42    (0) 3545  
   13   31.5  0.0  0.0  contig_92_pilon   398964  399014 (1898993) + (CAACC)n     Simple_repeat      1     51    (0) 3546  
   50    0.0  0.0  0.0  contig_92_pilon   409263  409305 (1888702) + (CT)n        Simple_repeat      1     43    (0) 3547  
   18   24.4  1.5  4.5  contig_92_pilon   413395  413462 (1884545) + GA-rich      Simple_repeat      1     66    (0) 3548  
   25   27.1  3.6  2.7  contig_92_pilon   417450  417560 (1880447) + (TGTGG)n     Simple_repeat      1    112    (0) 3549  
   12   14.4  7.5  2.4  contig_92_pilon   422024  422063 (1875944) + (TATAA)n     Simple_repeat      1     42    (0) 3550  
   14   18.4  4.4  2.2  contig_92_pilon   425490  425534 (1872473) + A-rich       Simple_repeat      1     46    (0) 3551  
   15   20.5  0.0  9.1  contig_92_pilon   429457  429516 (1868491) + (CTCCCG)n    Simple_repeat      1     55    (0) 3552  
   13   19.1  0.0  0.0  contig_92_pilon   429959  429988 (1868019) + (CCACA)n     Simple_repeat      1     30    (0) 3553  
   20   22.2  1.5  4.5  contig_92_pilon   433540  433607 (1864400) + (CCT)n       Simple_repeat      1     66    (0) 3554  
   15   22.3  6.4  3.8  contig_92_pilon   433847  433924 (1864083) + (CACTC)n     Simple_repeat      1     80    (0) 3555  
   46   20.9  2.7  4.8  contig_92_pilon   437070  437219 (1860788) + (CTG)n       Simple_repeat      1    147    (0) 3556  
   15   25.9  4.8  3.6  contig_92_pilon   437921  438003 (1860004) + (TCCACC)n    Simple_repeat      1     84    (0) 3557  
   13   20.1  5.0  0.0  contig_92_pilon   438811  438850 (1859157) + (TTTA)n      Simple_repeat      1     42    (0) 3558  
   18   19.9  0.0  0.0  contig_92_pilon   441048  441082 (1856925) + A-rich       Simple_repeat      1     35    (0) 3559  
   15   17.1  6.5  0.0  contig_92_pilon   446030  446075 (1851932) + A-rich       Simple_repeat      1     49    (0) 3560  
   13   25.1  1.6  6.6  contig_92_pilon   447402  447465 (1850542) + (TATTA)n     Simple_repeat      1     61    (0) 3561  
   13    5.2  0.0  0.0  contig_92_pilon   452612  452631 (1845376) + (GCT)n       Simple_repeat      1     20    (0) 3562  
   17    0.0  0.0  0.0  contig_92_pilon   458910  458928 (1839079) + (A)n         Simple_repeat      1     19    (0) 3563  
   19   12.4  0.0  0.0  contig_92_pilon   472992  473026 (1824981) + (CCTTTT)n    Simple_repeat      1     35    (0) 3564  
   49   14.2  1.9 10.1  contig_92_pilon   474058  474217 (1823790) + A-rich       Simple_repeat      1    148    (0) 3565  
   14   16.1  0.0 10.9  contig_92_pilon   477865  477875 (1820132) + (AACA)n      Simple_repeat      1     21   (25) 3566  
   15   10.7  3.3  0.0  contig_92_pilon   477876  477905 (1820102) + (AAACA)n     Simple_repeat      1     31    (0) 3567  
   14   16.1  0.0 10.9  contig_92_pilon   477906  477915 (1820092) + (AACA)n      Simple_repeat     22     46    (0) 3566  
   12   22.4  0.0  2.7  contig_92_pilon   485865  485902 (1812105) + (GTTTAT)n    Simple_repeat      1     37    (0) 3568  
   15   21.4  0.0  5.9  contig_92_pilon   486592  486645 (1811362) + (TGGTTGT)n   Simple_repeat      1     51    (0) 3569  
   24   16.6  0.0  0.0  contig_92_pilon   488555  488601 (1809406) + GA-rich      Simple_repeat      1     47    (0) 3570  
   23   18.9  1.9  0.0  contig_92_pilon   494198  494251 (1803756) + G-rich       Simple_repeat      1     55    (0) 3571  
   13   30.5  0.0  6.9  contig_92_pilon   503360  503436 (1794571) + (CTC)n       Simple_repeat      1     72    (0) 3572 *
   15   15.8 12.2  0.0  contig_92_pilon   503403  503451 (1794556) + (CT)n        Simple_repeat      1     55    (0) 3573  
   28   19.9  5.2  1.2  contig_92_pilon   530392  530468 (1767539) + (AT)n        Simple_repeat      1     80    (0) 3574  
   14   30.5  0.0  0.0  contig_92_pilon   534744  534795 (1763212) + GA-rich      Simple_repeat      1     52    (0) 3575  
   14    9.1  0.0  0.0  contig_92_pilon   536954  536977 (1761030) + (ATAG)n      Simple_repeat      1     24    (0) 3576  
   12   15.6  3.5  0.0  contig_92_pilon   541926  541954 (1756053) + (TGGAA)n     Simple_repeat      1     30    (0) 3577  
   18   12.2  0.0  0.0  contig_92_pilon   552614  552640 (1745367) + (A)n         Simple_repeat      1     27    (0) 3578  
   15   12.0  0.0 10.0  contig_92_pilon   561976  562019 (1735988) + (TTTTAT)n    Simple_repeat      1     40    (0) 3579  
   13   21.5  4.0  2.0  contig_92_pilon   562020  562022 (1735985) + (ATTTTTT)n   Simple_repeat      4     51    (0) 3580  
   96    3.3  0.0  0.0  contig_92_pilon   562363  562457 (1735550) + (AT)n        Simple_repeat      1     95    (0) 3581  
   23   17.5  0.0  0.0  contig_92_pilon   568526  568570 (1729437) + (ATT)n       Simple_repeat      1     45    (0) 3582  
   19   17.0  0.0  0.0  contig_92_pilon   568643  568675 (1729332) + A-rich       Simple_repeat      1     33    (0) 3583  
   19   28.8  1.0  5.4  contig_92_pilon   578185  578281 (1719726) + A-rich       Simple_repeat      1     93    (0) 3584  
   72    1.5  0.0  0.0  contig_92_pilon   578346  578411 (1719596) + (TA)n        Simple_repeat      1     66    (0) 3585  
   85    0.0  0.0  0.0  contig_92_pilon   583389  583460 (1714547) + (TA)n        Simple_repeat      1     72    (0) 3586  
   17   15.3  0.0  0.0  contig_92_pilon   584747  584775 (1713232) + (TA)n        Simple_repeat      1     29    (0) 3587  
   12   20.5  2.4  2.4  contig_92_pilon   585369  585409 (1712598) + (CTCTCCT)n   Simple_repeat      1     41    (0) 3588  
   12   20.0  0.0  0.0  contig_92_pilon   588981  589009 (1708998) + (TTGTG)n     Simple_repeat      1     29    (0) 3589  
  100    0.0  0.8  5.3  contig_92_pilon   600074  600191 (1697816) + (TAAAAG)n    Simple_repeat      1    113    (0) 3590  
   18   19.0  5.6  0.0  contig_92_pilon   602463  602471 (1695536) + (TTTTATA)n   Simple_repeat      1     22   (35) 3591  
   18   10.1  0.0  3.0  contig_92_pilon   602472  602505 (1695502) + (TTAT)n      Simple_repeat      1     33    (0) 3592  
   18   19.0  5.6  0.0  contig_92_pilon   602506  602516 (1695491) + (TTTTATA)n   Simple_repeat     23     57    (0) 3591  
   33   20.6  1.2  1.2  contig_92_pilon   603756  603835 (1694172) + A-rich       Simple_repeat      1     80    (0) 3593  
   16   16.5  0.0  0.0  contig_92_pilon   612083  612109 (1685898) + A-rich       Simple_repeat      1     27    (0) 3594  
   15   21.1  8.2  0.0  contig_92_pilon   615216  615264 (1682743) + (CT)n        Simple_repeat      1     53    (0) 3595  
   24    3.3  3.2  0.0  contig_92_pilon   636340  636370 (1661637) + (CT)n        Simple_repeat      1     32    (0) 3596  
   15    5.5  0.0  0.0  contig_92_pilon   636976  636994 (1661013) + (GA)n        Simple_repeat      1     19    (0) 3597  
   12   21.3  4.4  2.2  contig_92_pilon   639118  639162 (1658845) + A-rich       Simple_repeat      1     46    (0) 3598  
   16    9.3  0.0  0.0  contig_92_pilon   640105  640127 (1657880) + (A)n         Simple_repeat      1     23    (0) 3599  
   13   13.1  0.0  0.0  contig_92_pilon   640438  640462 (1657545) + (GTGG)n      Simple_repeat      1     25    (0) 3600  
   17   13.1  0.0  0.0  contig_92_pilon   640822  640847 (1657160) + (AG)n        Simple_repeat      1     26    (0) 3601  
   21    6.9  0.0  0.0  contig_92_pilon   649440  649470 (1648537) + (AAAG)n      Simple_repeat      1     31    (0) 3602  
   16    5.3  0.0  0.0  contig_92_pilon   658228  658247 (1639760) + (A)n         Simple_repeat      1     20    (0) 3603  
   18   12.2  0.0  0.0  contig_92_pilon   661359  661385 (1636622) + (A)n         Simple_repeat      1     27    (0) 3604  
   23    3.7  0.0  0.0  contig_92_pilon   666078  666105 (1631902) + (TG)n        Simple_repeat      1     28    (0) 3605  
   21    7.1  6.2  4.1  contig_92_pilon   670799  670846 (1627161) + (TGAG)n      Simple_repeat      1     49    (0) 3606  
   13   21.8  3.4  5.2  contig_92_pilon   684449  684507 (1613500) + (ATTTAT)n    Simple_repeat      1     58    (0) 3607  
   16   19.5  0.0  0.0  contig_92_pilon   687900  687934 (1610073) + (ACC)n       Simple_repeat      1     35    (0) 3608  
   16   22.1  1.8  3.6  contig_92_pilon   700899  700954 (1597053) + G-rich       Simple_repeat      1     55    (0) 3609  
   12    7.2  2.9  9.1  contig_92_pilon   703091  703125 (1594882) + (TGTTCT)n    Simple_repeat      1     33    (0) 3610  
   15   19.6  0.0  0.0  contig_92_pilon   704972  705006 (1593001) + (AGGAC)n     Simple_repeat      1     35    (0) 3611  
   19   13.3  2.3  2.3  contig_92_pilon   712287  712329 (1585678) + (TGCT)n      Simple_repeat      1     43    (0) 3612  
   43    5.7  0.0  1.8  contig_92_pilon   715425  715482 (1582525) + (GCAACCCCA)n Simple_repeat      1     57    (0) 3613  
   12   17.2  4.9  2.4  contig_92_pilon   716718  716758 (1581249) + (CCATCA)n    Simple_repeat      1     42    (0) 3614  
   12    9.4  5.0  7.7  contig_92_pilon   725585  725624 (1572383) + A-rich       Simple_repeat      1     39    (0) 3615  
   33    2.9  2.8  0.0  contig_92_pilon   725761  725796 (1572211) + (AT)n        Simple_repeat      1     37    (0) 3616  
   11   28.0  0.0  5.6  contig_92_pilon   725932  725988 (1572019) + A-rich       Simple_repeat      1     54    (0) 3617  
   14   11.8  8.1  0.0  contig_92_pilon   726532  726568 (1571439) + (ACCCGAT)n   Simple_repeat      1     40    (0) 3618  
   19   14.2  0.0  0.0  contig_92_pilon   731794  731824 (1566183) + (A)n         Simple_repeat      1     31    (0) 3619  
   11   21.2  2.5  2.5  contig_92_pilon   741513  741552 (1556455) + (GGAGTT)n    Simple_repeat      1     40    (0) 3620  
   16   11.7  0.0  0.0  contig_92_pilon   746397  746424 (1551583) + (CTG)n       Simple_repeat      1     28    (0) 3621  
   13   25.5  0.0  6.8  contig_92_pilon   750177  750239 (1547768) + (CCCACCC)n   Simple_repeat      1     59    (0) 3622  
   16    9.3  0.0  0.0  contig_92_pilon   756692  756714 (1541293) + (T)n         Simple_repeat      1     23    (0) 3623  
   11   30.0  1.6  3.3  contig_92_pilon   776959  777019 (1520988) + G-rich       Simple_repeat      1     60    (0) 3624  
   23   14.0  0.0  0.0  contig_92_pilon   778092  778132 (1519875) + (AATG)n      Simple_repeat      1     41    (0) 3625  
   21   18.1  0.0 13.8  contig_92_pilon   779291  779389 (1518618) + (ATCCTCA)n   Simple_repeat      1     87    (0) 3626  
   21   12.2  0.0  0.0  contig_92_pilon   801692  801728 (1496279) + (AACTA)n     Simple_repeat      1     37    (0) 3627  
   19   22.3  3.5  0.0  contig_92_pilon   813397  813453 (1484554) + G-rich       Simple_repeat      1     59    (0) 3628  
   12   11.0  9.8  2.3  contig_92_pilon   818189  818229 (1479778) + A-rich       Simple_repeat      1     44    (0) 3629  
   12   22.5  2.3  2.3  contig_92_pilon   823445  823487 (1474520) + A-rich       Simple_repeat      1     43    (0) 3630  
   12   13.7  0.0  0.0  contig_92_pilon   823957  823980 (1474027) + (CCA)n       Simple_repeat      1     24    (0) 3631  
   16    7.1  7.7  7.7  contig_92_pilon   827459  827510 (1470497) + (TGCA)n      Simple_repeat      1     52    (0) 3632  
   13   12.7  2.6  5.4  contig_92_pilon   833227  833264 (1464743) + A-rich       Simple_repeat      1     37    (0) 3633  
   18   14.6  0.0  2.6  contig_92_pilon   836091  836130 (1461877) + G-rich       Simple_repeat      1     39    (0) 3634  
   12   27.5  0.0  5.5  contig_92_pilon   839301  839358 (1458649) + A-rich       Simple_repeat      1     55    (0) 3635  
   13   22.5  0.0  0.0  contig_92_pilon   839413  839448 (1458559) + (TACATTT)n   Simple_repeat      1     36    (0) 3636  
   19   18.3  6.2  1.5  contig_92_pilon   840412  840475 (1457532) + A-rich       Simple_repeat      1     67    (0) 3637  
   18   21.8  1.8  1.8  contig_92_pilon   852269  852323 (1445684) + A-rich       Simple_repeat      1     55    (0) 3638  
   31    8.7  4.6  3.0  contig_92_pilon   853210  853219 (1444788) + A-rich       Simple_repeat      1     63    (0) 3639  
   29    8.4  1.9  1.9  contig_92_pilon   853220  853271 (1444736) + (AAAAACA)n   Simple_repeat      1     52    (0) 3640  
   18   31.9  0.0  0.0  contig_92_pilon   856711  856772 (1441235) + (TTT)n       Simple_repeat      1     62    (0) 3641  
   15   15.9  2.9  0.0  contig_92_pilon   857159  857193 (1440814) + (TTTATT)n    Simple_repeat      1     36    (0) 3642  
   15   17.7  4.1  0.0  contig_92_pilon   859219  859256 (1438751) + A-rich       Simple_repeat      1     39    (0) 3643  
   12   16.8  2.8  2.8  contig_92_pilon   860190  860225 (1437782) + (TCCACT)n    Simple_repeat      1     36    (0) 3644  
  238    7.9  4.8  0.0  contig_92_pilon   860530  860943 (1437064) + (TGTA)n      Simple_repeat      1    434    (0) 3645  
   28   14.6  0.0  0.0  contig_92_pilon   865045  865090 (1432917) + (T)n         Simple_repeat      1     46    (0) 3646  
   13    8.1  0.0  7.1  contig_92_pilon   868163  868192 (1429815) + (TTATG)n     Simple_repeat      1     28    (0) 3647  
   40    2.4  0.0  0.0  contig_92_pilon   870540  870581 (1427426) + (GGCGGGCGG)n Simple_repeat      1     42    (0) 3648  
   19   11.7  0.0  0.0  contig_92_pilon   878893  878920 (1419087) + (T)n         Simple_repeat      1     28    (0) 3649  
   17   13.1  0.0  0.0  contig_92_pilon   880285  880310 (1417697) + (A)n         Simple_repeat      1     26    (0) 3650  
   18    0.0  3.0  6.2  contig_92_pilon   881788  881820 (1416187) + (TTCTTT)n    Simple_repeat      1     32    (0) 3651  
   21    3.6  0.0  0.0  contig_92_pilon   882784  882812 (1415195) + (TGTA)n      Simple_repeat      1     29    (0) 3652  
   34   18.0  0.0  0.0  contig_92_pilon   886185  886253 (1411754) + A-rich       Simple_repeat      1     69    (0) 3653  
   12   23.3  6.0  0.0  contig_92_pilon   892667  892716 (1405291) + (AATACTA)n   Simple_repeat      1     53    (0) 3654  
   17   19.0  4.6  4.6  contig_92_pilon   897577  897641 (1400366) + G-rich       Simple_repeat      1     65    (0) 3655  
   14   23.2  2.1  2.1  contig_92_pilon   902723  902769 (1395238) + (AGGT)n      Simple_repeat      1     47    (0) 3656  
   18   20.6  5.2  1.7  contig_92_pilon   907377  907434 (1390573) + (AAT)n       Simple_repeat      1     60    (0) 3657  
   12   22.6  0.0  2.7  contig_92_pilon   907733  907770 (1390237) + (TTATTT)n    Simple_repeat      1     37    (0) 3658  
   33    9.7  5.6  4.1  contig_92_pilon   910129  910200 (1387807) + (AT)n        Simple_repeat      1     73    (0) 3659  
   12   24.0  2.6  0.0  contig_92_pilon   912170  912208 (1385799) + (CTC)n       Simple_repeat      1     40    (0) 3660  
   37    4.7  0.0  0.0  contig_92_pilon   912267  912310 (1385697) + (CCTCCCATA)n Simple_repeat      1     44    (0) 3661  
   13   23.0  1.6  6.7  contig_92_pilon   912720  912782 (1385225) + A-rich       Simple_repeat      1     60    (0) 3662  
   18   37.3  0.0  0.0  contig_92_pilon   924729  924803 (1373204) + GA-rich      Simple_repeat      1     75    (0) 3663  
   14   18.4  2.7  0.0  contig_92_pilon   925190  925226 (1372781) + A-rich       Simple_repeat      1     38    (0) 3664  
   14   16.4  2.1  6.7  contig_92_pilon   927568  927614 (1370393) + A-rich       Simple_repeat      1     45    (0) 3665  
   34   11.0  0.0  0.0  contig_92_pilon   928902  928960 (1369047) + (AGTCGTA)n   Simple_repeat      1     59    (0) 3666  
   16   21.1  0.0  0.0  contig_92_pilon   929517  929554 (1368453) + GA-rich      Simple_repeat      1     38    (0) 3667  
   34    0.0  0.0  0.0  contig_92_pilon   932630  932661 (1365346) + (TTTA)n      Simple_repeat      1     32    (0) 3668  
   13   26.8  0.0  3.9  contig_92_pilon   934520  934572 (1363435) + A-rich       Simple_repeat      1     51    (0) 3669  
   18   17.4  0.0  8.9  contig_92_pilon   942439  942499 (1355508) + (AATAATT)n   Simple_repeat      1     56    (0) 3670  
   16   19.1  0.0  4.5  contig_92_pilon   944424  944469 (1353538) + A-rich       Simple_repeat      1     44    (0) 3671  
   12   25.4  3.8  1.9  contig_92_pilon   953233  953285 (1344722) + (AGCGCGG)n   Simple_repeat      1     54    (0) 3672  
   93    4.2  0.0  0.0  contig_92_pilon   953470  953569 (1344438) + (GACGGAGTG)n Simple_repeat      1    100    (0) 3673  
   11   13.0  8.8  0.0  contig_92_pilon   953912  953945 (1344062) + (AACCTAC)n   Simple_repeat      1     37    (0) 3674  
   15   14.8  3.9  6.0  contig_92_pilon   958198  958248 (1339759) + (TATTA)n     Simple_repeat      1     50    (0) 3675  
   12   21.6  0.0  0.0  contig_92_pilon   960840  960871 (1337136) + (TTATT)n     Simple_repeat      1     32    (0) 3676  
   12   24.5  1.9  3.9  contig_92_pilon   961005  961056 (1336951) + (AATAAT)n    Simple_repeat      1     51    (0) 3677  
   30    3.1  0.0  0.0  contig_92_pilon   963055  963087 (1334920) + (CCATCG)n    Simple_repeat      1     33    (0) 3678  
   16    6.8  6.5  0.0  contig_92_pilon   969299  969329 (1328678) + (CTTTGG)n    Simple_repeat      1     33    (0) 3679  
   13   19.3 11.7  0.0  contig_92_pilon   970357  970416 (1327591) + (GGTCAG)n    Simple_repeat      1     67    (0) 3680  
   17    0.0  0.0  7.4  contig_92_pilon   986026  986054 (1311953) + (AAAG)n      Simple_repeat      1     27    (0) 3681  
   20    0.0  9.1  0.0  contig_92_pilon   986055  986056 (1311951) + (GAAAA)n     Simple_repeat      3     36    (0) 3682  
   13   28.3  2.0  0.0  contig_92_pilon   989220  989270 (1308737) + (GCCGCCC)n   Simple_repeat      1     52    (0) 3683  
   14   18.9  4.8  0.0  contig_92_pilon   994825  994866 (1303141) + (ATTAAT)n    Simple_repeat      1     44    (0) 3684  
   17   23.3  0.0  0.0  contig_92_pilon   997006  997050 (1300957) + A-rich       Simple_repeat      1     45    (0) 3685  
   15    8.3  2.1 11.4  contig_92_pilon   998378  998425 (1299582) + A-rich       Simple_repeat      1     44    (0) 3686  
   17   25.9  0.0  0.0  contig_92_pilon  1000111 1000156 (1297851) + (TCT)n       Simple_repeat      1     46    (0) 3687  
   15    4.8  4.5  0.0  contig_92_pilon  1000937 1000958 (1297049) + (AG)n        Simple_repeat      1     23    (0) 3688  
   24   21.3  0.0  0.0  contig_92_pilon  1010051 1010099 (1287908) + A-rich       Simple_repeat      1     49    (0) 3689  
   92    1.2  0.0  0.0  contig_92_pilon  1013383 1013465 (1284542) + (TA)n        Simple_repeat      1     83    (0) 3690  
   12   25.1  4.3  0.0  contig_92_pilon  1016725 1016771 (1281236) + A-rich       Simple_repeat      1     49    (0) 3691  
   12   25.8  0.0  0.0  contig_92_pilon  1027101 1027137 (1270870) + (AACA)n      Simple_repeat      1     37    (0) 3692  
   17   25.9  0.0  0.0  contig_92_pilon  1034217 1034262 (1263745) + GA-rich      Simple_repeat      1     46    (0) 3693  
   13   15.8  2.7  2.7  contig_92_pilon  1045310 1045346 (1252661) + A-rich       Simple_repeat      1     37    (0) 3694  
   15   17.2  2.4  2.4  contig_92_pilon  1048250 1048290 (1249717) + (TGAT)n      Simple_repeat      1     41    (0) 3695  
   19    4.3  0.0  0.0  contig_92_pilon  1054472 1054495 (1243512) + (TC)n        Simple_repeat      1     24    (0) 3696  
   19   26.0  2.4  4.8  contig_92_pilon  1054800 1054884 (1243123) + (GCG)n       Simple_repeat      1     83    (0) 3697  
   30   18.2  6.9  0.0  contig_92_pilon  1055303 1055390 (1242617) + (TTTACTT)n   Simple_repeat      1     94    (0) 3698  
   18   13.5  4.9  0.0  contig_92_pilon  1056073 1056113 (1241894) + A-rich       Simple_repeat      1     43    (0) 3699  
   75    0.0  0.0  0.0  contig_92_pilon  1059774 1059837 (1238170) + (TA)n        Simple_repeat      1     64    (0) 3700  
   19   17.4  3.7  1.8  contig_92_pilon  1060359 1060412 (1237595) + (TAGGATG)n   Simple_repeat      1     55    (0) 3701  
   14   20.1  0.0  0.0  contig_92_pilon  1060601 1060634 (1237373) + (AATGA)n     Simple_repeat      1     34    (0) 3702  
   17    4.1  0.0  0.0  contig_92_pilon  1065088 1065112 (1232895) + (TAAA)n      Simple_repeat      1     25    (0) 3703  
   14    3.3  9.1  2.9  contig_92_pilon  1065198 1065230 (1232777) + (AGTTAG)n    Simple_repeat      1     35    (0) 3704  
   16   26.8  0.0  3.6  contig_92_pilon  1076065 1076121 (1221886) + (GCC)n       Simple_repeat      1     55    (0) 3705  
   22   19.5  0.0 12.9  contig_92_pilon  1076122 1076168 (1221839) + (GGCCGC)n    Simple_repeat      2     93    (0) 3706  
   14   17.2  2.4  2.4  contig_92_pilon  1093291 1093354 (1204653) + (CCATCCC)n   Simple_repeat      1     64    (0) 3707  
   15   15.8  4.5  2.2  contig_92_pilon  1100367 1100410 (1197597) + A-rich       Simple_repeat      1     45    (0) 3708  
   13   24.4  0.0  4.3  contig_92_pilon  1102474 1102521 (1195486) + (TAATT)n     Simple_repeat      1     46    (0) 3709  
   13   24.1  3.1  4.8  contig_92_pilon  1103345 1103408 (1194599) + A-rich       Simple_repeat      1     63    (0) 3710  
   15   26.7  6.1  1.2  contig_92_pilon  1104191 1104272 (1193735) + (GGTTTAG)n   Simple_repeat      1     86    (0) 3711  
   12   31.7  0.0  1.8  contig_92_pilon  1110408 1110463 (1187544) + (CAACTTC)n   Simple_repeat      1     55    (0) 3712  
   16    4.5  0.0  0.0  contig_92_pilon  1118098 1118120 (1179887) + (TCAC)n      Simple_repeat      1     23    (0) 3713  
   62    0.0  0.0  0.0  contig_92_pilon  1123883 1123935 (1174072) + (CT)n        Simple_repeat      1     53    (0) 3714  
   14   24.1  1.8  3.6  contig_92_pilon  1124039 1124095 (1173912) + (CCACCAA)n   Simple_repeat      1     56    (0) 3715  
   16    8.9  0.0  4.0  contig_92_pilon  1124508 1124533 (1173474) + (AG)n        Simple_repeat      1     25    (0) 3716  
   18    8.5  0.0  0.0  contig_92_pilon  1128884 1128908 (1169099) + (GT)n        Simple_repeat      1     25    (0) 3717  
   15   11.6  0.0  0.0  contig_92_pilon  1128908 1128935 (1169072) + (GCGGA)n     Simple_repeat      1     28    (0) 3718 *
   18    8.5  0.0  0.0  contig_92_pilon  1129653 1129677 (1168330) + (GA)n        Simple_repeat      1     25    (0) 3719  
   16    0.0  0.0  0.0  contig_92_pilon  1136769 1136786 (1161221) + (GA)n        Simple_repeat      1     18    (0) 3720  
   12   26.3  4.1  4.1  contig_92_pilon  1143415 1143487 (1154520) + (GTTGTG)n    Simple_repeat      1     73    (0) 3721  
   13   15.8  6.8  2.2  contig_92_pilon  1153694 1153737 (1144270) + (ATTCA)n     Simple_repeat      1     46    (0) 3722  
   13   17.7  5.3  0.0  contig_92_pilon  1193889 1193926 (1104081) + (TCGCCT)n    Simple_repeat      1     40    (0) 3723  
   71    1.6  0.0  0.0  contig_92_pilon  1208071 1208135 (1089872) + (TA)n        Simple_repeat      1     65    (0) 3724  
   14    9.3  0.0  0.0  contig_92_pilon  1215779 1215801 (1082206) + (CGT)n       Simple_repeat      1     23    (0) 3725  
   17   12.6  2.9  0.0  contig_92_pilon  1216502 1216536 (1081471) + (TTTGGC)n    Simple_repeat      1     36    (0) 3726  
   12   20.2  2.9  0.0  contig_92_pilon  1217332 1217365 (1080642) + (AATT)n      Simple_repeat      1     35    (0) 3727  
   12   12.5  0.0  3.7  contig_92_pilon  1224389 1224416 (1073591) + A-rich       Simple_repeat      1     27    (0) 3728  
   13   15.8  2.7  2.7  contig_92_pilon  1228810 1228846 (1069161) + (TTCTATT)n   Simple_repeat      1     37    (0) 3729  
   12   20.6  2.0  6.2  contig_92_pilon  1228983 1229050 (1068957) + A-rich       Simple_repeat      1     65    (0) 3730  
   42   12.8  0.0  0.0  contig_92_pilon  1235003 1235081 (1062926) + (AACTAGT)n   Simple_repeat      1     79    (0) 3731  
   16   16.7  2.4  2.4  contig_92_pilon  1241765 1241806 (1056201) + (TTTCAA)n    Simple_repeat      1     42    (0) 3732  
   19   19.6  6.1  1.4  contig_92_pilon  1252859 1252924 (1045083) + (TATTTCT)n   Simple_repeat      1     69    (0) 3733  
   21   23.3  0.0  0.0  contig_92_pilon  1257071 1257125 (1040882) + A-rich       Simple_repeat      1     55    (0) 3734  
   12   15.8  0.0  3.5  contig_92_pilon  1266574 1266603 (1031404) + GA-rich      Simple_repeat      1     29    (0) 3735  
   13   15.5  2.5  5.1  contig_92_pilon  1278494 1278533 (1019474) + (GCCCTG)n    Simple_repeat      1     39    (0) 3736  
   26   17.2  0.0  0.0  contig_92_pilon  1278537 1278588 (1019419) + (GGAT)n      Simple_repeat      1     52    (0) 3737  
   16   16.4  0.0  2.9  contig_92_pilon  1279439 1279474 (1018533) + (TGT)n       Simple_repeat      1     35    (0) 3738  
   13    4.3  3.9  3.9  contig_92_pilon  1284544 1284569 (1013438) + (ATTTC)n     Simple_repeat      1     26    (0) 3739  
   38    2.6  0.0  0.0  contig_92_pilon  1291677 1291716 (1006291) + (GAAGCTCGG)n Simple_repeat      1     40    (0) 3740  
   13   13.2  0.0  0.0  contig_92_pilon  1296433 1296470 (1001537) + (CAC)n       Simple_repeat      1     38    (0) 3741  
   19   26.3  1.4  2.8  contig_92_pilon  1296609 1296680 (1001327) + (CACTCT)n    Simple_repeat      1     71    (0) 3742  
   17   18.3  0.0  0.0  contig_92_pilon  1296651 1296687 (1001320) + (TCTC)n      Simple_repeat      1     37    (0) 3743 *
   16   19.1  0.0  0.0  contig_92_pilon  1297734 1297763 (1000244) + A-rich       Simple_repeat      1     30    (0) 3744  
   13   18.1  5.3  0.0  contig_92_pilon  1302890 1302927  (995080) + (ATTTAGG)n   Simple_repeat      1     40    (0) 3745  
   13   17.8  5.3  0.0  contig_92_pilon  1305704 1305741  (992266) + (TTTGG)n     Simple_repeat      1     40    (0) 3746  
   15   19.6  0.0  0.0  contig_92_pilon  1306779 1306807  (991200) + A-rich       Simple_repeat      1     29    (0) 3747  
   13   11.6  0.0  6.7  contig_92_pilon  1309855 1309886  (988121) + (ACCA)n      Simple_repeat      1     30    (0) 3748  
   15   13.2  4.3  6.5  contig_92_pilon  1311465 1311511  (986496) + (CCA)n       Simple_repeat      1     46    (0) 3749  
   17   16.2  5.8  5.8  contig_92_pilon  1311838 1311906  (986101) + (CCGCAC)n    Simple_repeat      1     69    (0) 3750  
   18    5.0  3.9 10.4  contig_92_pilon  1312377 1312427  (985580) + (ACCAC)n     Simple_repeat      1     48    (0) 3751  
   37   21.5  0.0  1.2  contig_92_pilon  1312908 1312989  (985018) + (CA)n        Simple_repeat      1     81    (0) 3752  
   14   30.2  3.6  2.4  contig_92_pilon  1314570 1314616  (983391) + (CTCCCC)n    Simple_repeat      1     86    (0) 3753  
   18    6.1  2.6  5.4  contig_92_pilon  1314617 1314654  (983353) + (CGGCCCC)n   Simple_repeat      1     37    (0) 3754  
   29    0.0  0.0  0.0  contig_92_pilon  1314656 1314682  (983325) + (CCGTCG)n    Simple_repeat      1     27    (0) 3755  
   19   17.8  0.0  2.2  contig_92_pilon  1314739 1314784  (983223) + (CCGTCG)n    Simple_repeat      1     45    (0) 3756  
   15   32.8  0.0  0.0  contig_92_pilon  1316191 1316239  (981768) + (TT)n        Simple_repeat      1     49    (0) 3757  
   14   19.7  0.0  9.8  contig_92_pilon  1317291 1317346  (980661) + (TTTA)n      Simple_repeat      1     51    (0) 3758  
   29    0.0  0.0  0.0  contig_92_pilon  1321507 1321533  (976474) + (CGGCGA)n    Simple_repeat      1     27    (0) 3759  
   14   24.3  8.0  1.2  contig_92_pilon  1321534 1321534  (976473) + G-rich       Simple_repeat      1      1   (79) 3760  
   18    6.1  2.6  5.4  contig_92_pilon  1321535 1321572  (976435) + (CGGGGGC)n   Simple_repeat      1     37    (0) 3761  
   14   24.3  8.0  1.2  contig_92_pilon  1321573 1321608  (976399) + G-rich       Simple_repeat      2     80    (0) 3760  
   37   21.5  0.0  1.2  contig_92_pilon  1323202 1323283  (974724) + (GT)n        Simple_repeat      1     81    (0) 3762  
   13   18.9  4.5  2.2  contig_92_pilon  1323592 1323635  (974372) + G-rich       Simple_repeat      1     45    (0) 3763  
   18    5.0  3.9 10.4  contig_92_pilon  1323770 1323820  (974187) + (GGTGT)n     Simple_repeat      1     48    (0) 3764  
   16   12.5  0.0 12.2  contig_92_pilon  1324297 1324355  (973652) + (GGTGG)n     Simple_repeat      1     51    (0) 3765  
   13   11.6  0.0  6.7  contig_92_pilon  1326304 1326335  (971672) + (GTTG)n      Simple_repeat      1     30    (0) 3766  
   21    4.0  0.0  0.0  contig_92_pilon  1331351 1331376  (966631) + (AT)n        Simple_repeat      1     26    (0) 3767  
   15   22.8  3.9  0.0  contig_92_pilon  1332136 1332186  (965821) + (GTAGATA)n   Simple_repeat      1     53    (0) 3768  
   26    0.0  0.0  0.0  contig_92_pilon  1335806 1335830  (962177) + (CATCGC)n    Simple_repeat      1     25    (0) 3769  
   14   15.6  0.0  0.0  contig_92_pilon  1352315 1352343  (945664) + (GTAT)n      Simple_repeat      1     29    (0) 3770  
   26   10.8  0.0  5.7  contig_92_pilon  1359386 1359441  (938566) + (GGTCCCG)n   Simple_repeat      1     53    (0) 3771  
   29   21.7  1.3  1.3  contig_92_pilon  1372712 1372788  (925219) + (GAGAGT)n    Simple_repeat      1     77    (0) 3772  
   13   27.1  1.8  1.8  contig_92_pilon  1373524 1373578  (924429) + A-rich       Simple_repeat      1     55    (0) 3773  
   13   15.6  5.6  0.0  contig_92_pilon  1377251 1377286  (920721) + A-rich       Simple_repeat      1     38    (0) 3774  
   14   21.1  6.1  0.0  contig_92_pilon  1385493 1385541  (912466) + A-rich       Simple_repeat      1     52    (0) 3775  
   12   18.4  5.4  0.0  contig_92_pilon  1389140 1389176  (908831) + (TTTA)n      Simple_repeat      1     39    (0) 3776  
   15   13.3  9.5  4.5  contig_92_pilon  1402972 1403034  (894973) + (ACTCCA)n    Simple_repeat      1     66    (0) 3777  
   15   27.2  0.0  0.0  contig_92_pilon  1417541 1417584  (880423) + GA-rich      Simple_repeat      1     44    (0) 3778  
   15   16.5  4.0  3.9  contig_92_pilon  1421712 1421775  (876232) + GA-rich      Simple_repeat      1     64    (0) 3779  
   21    7.6  0.0  0.0  contig_92_pilon  1426285 1426312  (871695) + (T)n         Simple_repeat      1     28    (0) 3780  
   16   16.0  0.0  5.7  contig_92_pilon  1428456 1428502  (869505) + A-rich       Simple_repeat      1     44    (0) 3781  
   13   12.1  3.6  0.0  contig_92_pilon  1429124 1429151  (868856) + (TGCAA)n     Simple_repeat      1     29    (0) 3782  
   18   12.2  0.0  0.0  contig_92_pilon  1429860 1429886  (868121) + (T)n         Simple_repeat      1     27    (0) 3783  
   12   20.2  2.3  4.7  contig_92_pilon  1439084 1439127  (858880) + (TTTAA)n     Simple_repeat      1     43    (0) 3784  
   21   25.5  6.8  0.0  contig_92_pilon  1443335 1443422  (854585) + GA-rich      Simple_repeat      1     94    (0) 3785  
   12   19.2  1.3 13.2  contig_92_pilon  1444513 1444588  (853419) + A-rich       Simple_repeat      1     68    (0) 3786  
   18    3.5  0.0  6.5  contig_92_pilon  1447434 1447466  (850541) + (CTCTG)n     Simple_repeat      1     31    (0) 3787  
   17    8.9  0.0  0.0  contig_92_pilon  1449984 1450007  (848000) + (T)n         Simple_repeat      1     24    (0) 3788  
   12    3.8 11.1  0.0  contig_92_pilon  1450008 1450009  (847998) + (GTTT)n      Simple_repeat      2     30    (0) 3789  
   19   17.3  0.0  0.0  contig_92_pilon  1451969 1452007  (846000) + (TCC)n       Simple_repeat      1     39    (0) 3790  
   13   22.4  0.0  4.7  contig_92_pilon  1455043 1455087  (842920) + A-rich       Simple_repeat      1     43    (0) 3791  
   12   14.0  2.0 11.1  contig_92_pilon  1456059 1456107  (841900) + (TAA)n       Simple_repeat      1     45    (0) 3792  
   12   24.0  4.5  0.0  contig_92_pilon  1456424 1456480  (841527) + (TTTAA)n     Simple_repeat      1     59    (0) 3793  
   18   26.4  8.1  0.0  contig_92_pilon  1457865 1457963  (840044) + (ATATAAT)n   Simple_repeat      1    107    (0) 3794  
   12    9.7  2.4 10.5  contig_92_pilon  1458280 1458320  (839687) + (TTTATAA)n   Simple_repeat      1     38    (0) 3795  
   19   21.7  0.0  6.5  contig_92_pilon  1463298 1463363  (834644) + A-rich       Simple_repeat      1     62    (0) 3796  
   17   18.4  6.8  4.0  contig_92_pilon  1465991 1466063  (831944) + (TAATAA)n    Simple_repeat      1     75    (0) 3797  
   13   20.5  3.1  8.1  contig_92_pilon  1467904 1467968  (830039) + (TTAAT)n     Simple_repeat      1     62    (0) 3798  
   18   19.3  2.0  2.0  contig_92_pilon  1468248 1468296  (829711) + A-rich       Simple_repeat      1     49    (0) 3799  
   13   20.4  4.3  2.1  contig_92_pilon  1469355 1469401  (828606) + (AATAATA)n   Simple_repeat      1     48    (0) 3800  
   12   16.3  2.8  2.8  contig_92_pilon  1469675 1469710  (828297) + (TTTGAA)n    Simple_repeat      1     36    (0) 3801  
   13    4.3  3.9  3.9  contig_92_pilon  1470585 1470610  (827397) + (TTTA)n      Simple_repeat      1     26    (0) 3802  
   12   19.3  4.7  2.3  contig_92_pilon  1479046 1479088  (818919) + (TTTTAA)n    Simple_repeat      1     44    (0) 3803  
   16   22.4  6.6  2.5  contig_92_pilon  1479386 1479461  (818546) + (TTATTTA)n   Simple_repeat      1     79    (0) 3804 *
   17   10.0  3.1  0.0  contig_92_pilon  1479435 1479466  (818541) + (TATT)n      Simple_repeat      1     33    (0) 3805  
   19   13.6  3.9  3.9  contig_92_pilon  1479695 1479746  (818261) + (TAATTAA)n   Simple_repeat      1     52    (0) 3806  
   18   20.3  3.3  3.3  contig_92_pilon  1480759 1480819  (817188) + (TTTAT)n     Simple_repeat      1     61    (0) 3807  
   12   24.4  0.0  4.4  contig_92_pilon  1486490 1486536  (811471) + (CAACAC)n    Simple_repeat      1     45    (0) 3808  
  119    0.0  0.0  0.0  contig_92_pilon  1488155 1488255  (809752) + (AT)n        Simple_repeat      1    101    (0) 3809  
   26    0.0  0.0  0.0  contig_92_pilon  1502781 1502805  (795202) + (GAGG)n      Simple_repeat      1     25    (0) 3810  
   17    0.0  4.0  0.0  contig_92_pilon  1507435 1507459  (790548) + (ATTTT)n     Simple_repeat      1     26    (0) 3811  
   13   20.1  5.0  0.0  contig_92_pilon  1510524 1510563  (787444) + (TTTAT)n     Simple_repeat      1     42    (0) 3812  
   14   13.7  3.1  0.0  contig_92_pilon  1516926 1516957  (781050) + (TCCTCA)n    Simple_repeat      1     33    (0) 3813  
   13   17.7  2.4  4.9  contig_92_pilon  1530662 1530703  (767304) + A-rich       Simple_repeat      1     41    (0) 3814  
   13    8.7  4.5  9.5  contig_92_pilon  1531849 1531892  (766115) + (TTCA)n      Simple_repeat      1     42    (0) 3815  
   14   17.5  0.0  0.0  contig_92_pilon  1539106 1539137  (758870) + (GACGAA)n    Simple_repeat      1     32    (0) 3816  
   14   25.1  0.0  2.3  contig_92_pilon  1545977 1546021  (751986) + (TTTCT)n     Simple_repeat      1     44    (0) 3817  
   72   21.5  0.6  1.8  contig_92_pilon  1554207 1554379  (743628) + A-rich       Simple_repeat      1    171    (0) 3818  
   12   24.8  3.6  3.6  contig_92_pilon  1557708 1557763  (740244) + (TAT)n       Simple_repeat      1     56    (0) 3819  
   21   25.4  1.5  1.5  contig_92_pilon  1558389 1558455  (739552) + (TTAT)n      Simple_repeat      1     67    (0) 3820  
   17   23.3  7.1  0.0  contig_92_pilon  1559060 1559129  (738878) + (AATTAAT)n   Simple_repeat      1     75    (0) 3821  
   22    0.0  0.0  0.0  contig_92_pilon  1559604 1559627  (738380) + (AC)n        Simple_repeat      1     24    (0) 3822  
   56    0.0  0.0  0.0  contig_92_pilon  1559628 1559675  (738332) + (AT)n        Simple_repeat      1     48    (0) 3823  
   16   11.7  0.0  0.0  contig_92_pilon  1560736 1560763  (737244) + (GAC)n       Simple_repeat      1     28    (0) 3824  
   16   16.8  0.0  0.0  contig_92_pilon  1561693 1561719  (736288) + (T)n         Simple_repeat      1     27    (0) 3825  
   13   13.1  2.7  5.6  contig_92_pilon  1569423 1569459  (728548) + (CTTG)n      Simple_repeat      1     36    (0) 3826  
   25   23.3  0.0  0.0  contig_92_pilon  1571095 1571149  (726858) + (T)n         Simple_repeat      1     55    (0) 3827  
   14   14.9  5.1  2.5  contig_92_pilon  1578356 1578394  (719613) + (TAA)n       Simple_repeat      1     40    (0) 3828  
   14   19.2  4.8  0.0  contig_92_pilon  1578538 1578579  (719428) + (AATAT)n     Simple_repeat      1     44    (0) 3829  
   11   11.2  2.0 13.3  contig_92_pilon  1586369 1586418  (711589) + (ATGTAC)n    Simple_repeat      1     45    (0) 3830  
   16   20.9  0.0  0.0  contig_92_pilon  1588061 1588093  (709914) + (CT)n        Simple_repeat      1     33    (0) 3831  
   13   11.7  3.6  0.0  contig_92_pilon  1589774 1589801  (708206) + (TTGAT)n     Simple_repeat      1     29    (0) 3832  
   12   18.9  2.6  2.6  contig_92_pilon  1595317 1595354  (702653) + (CAACTG)n    Simple_repeat      1     38    (0) 3833  
   35    0.0  2.8  0.0  contig_92_pilon  1595671 1595706  (702301) + (AAACA)n     Simple_repeat      1     37    (0) 3834  
   14   22.4  0.0  6.1  contig_92_pilon  1596675 1596726  (701281) + A-rich       Simple_repeat      1     49    (0) 3835  
   19   12.4  0.0  0.0  contig_92_pilon  1602279 1602313  (695694) + (AAAAAG)n    Simple_repeat      1     35    (0) 3836  
   18   22.1  0.0  0.0  contig_92_pilon  1602314 1602315  (695692) + A-rich       Simple_repeat      1     37    (0) 3837  
   14   14.9  5.4  0.0  contig_92_pilon  1610043 1610048  (687959) + A-rich       Simple_repeat      1     38    (0) 3838  
   18   14.9  0.0  0.0  contig_92_pilon  1610049 1610078  (687929) + (A)n         Simple_repeat      1     30    (0) 3839  
   13   17.6  0.0  7.3  contig_92_pilon  1628655 1628698  (669309) + (TTTTTG)n    Simple_repeat      1     41    (0) 3840  
   16   10.1  2.9  2.9  contig_92_pilon  1637735 1637768  (660239) + (TTAT)n      Simple_repeat      1     34    (0) 3841  
   22   11.0  0.0  2.5  contig_92_pilon  1637769 1637775  (660232) + (ATTTT)n     Simple_repeat      2     40    (0) 3842  
   18   19.9  2.2  0.0  contig_92_pilon  1660347 1660392  (637615) + (TTTTATT)n   Simple_repeat      1     47    (0) 3843  
   25   21.9  0.0  0.0  contig_92_pilon  1681432 1681489  (616518) + GA-rich      Simple_repeat      1     58    (0) 3844  
   15    0.0  0.0  0.0  contig_92_pilon  1691546 1691564  (606443) + (GCT)n       Simple_repeat      1     19    (0) 3845  
   12   21.3  4.4  2.2  contig_92_pilon  1700834 1700878  (597129) + A-rich       Simple_repeat      1     46    (0) 3846  
   25    8.4  0.0 10.7  contig_92_pilon  1700999 1701060  (596947) + A-rich       Simple_repeat      1     56    (0) 3847  
   13   24.9  2.3  0.0  contig_92_pilon  1708219 1708261  (589746) + (CCCCGCG)n   Simple_repeat      1     44    (0) 3848  
   22    7.3  4.3  4.3  contig_92_pilon  1715901 1715947  (582060) + (TTTTA)n     Simple_repeat      1     47    (0) 3849  
   13    8.8  0.0  4.0  contig_92_pilon  1716630 1716655  (581352) + (TGTA)n      Simple_repeat      1     25    (0) 3850  
   14   15.0  0.0  7.5  contig_92_pilon  1726921 1726963  (571044) + A-rich       Simple_repeat      1     40    (0) 3851  
   17   10.8  0.0  0.0  contig_92_pilon  1728847 1728876  (569131) + (GAGC)n      Simple_repeat      1     30    (0) 3852  
   18    4.1  4.0  0.0  contig_92_pilon  1728941 1728965  (569042) + (GT)n        Simple_repeat      1     26    (0) 3853  
   14   22.6  2.4  0.0  contig_92_pilon  1728966 1728977  (569030) + (GTTT)n      Simple_repeat      5     42    (0) 3854  
   12   19.5  2.9  0.0  contig_92_pilon  1731595 1731629  (566378) + (TGGACCT)n   Simple_repeat      1     36    (0) 3855  
   20   12.1  0.0  0.0  contig_92_pilon  1734882 1734917  (563090) + (CCAGCA)n    Simple_repeat      1     36    (0) 3856  
   19    0.0  0.0  0.0  contig_92_pilon  1742579 1742599  (555408) + (TG)n        Simple_repeat      1     21    (0) 3857  
   17    5.0  0.0  0.0  contig_92_pilon  1747094 1747114  (550893) + (AG)n        Simple_repeat      1     21    (0) 3858  
   20   18.3  0.0  0.0  contig_92_pilon  1747302 1747338  (550669) + GA-rich      Simple_repeat      1     37    (0) 3859  
   13    4.8  0.0  4.3  contig_92_pilon  1747785 1747808  (550199) + (CCTC)n      Simple_repeat      1     23    (0) 3860  
   15    7.3  3.2  3.2  contig_92_pilon  1748460 1748490  (549517) + (ATGA)n      Simple_repeat      1     31    (0) 3861  
   18   10.1  6.6  3.2  contig_92_pilon  1751895 1751941  (546066) + A-rich       Simple_repeat      1     48    (0) 3862  
   16    0.0  0.0  0.0  contig_92_pilon  1762410 1762427  (535580) + (AC)n        Simple_repeat      1     18    (0) 3863  
   11   25.1  0.0  4.5  contig_92_pilon  1772529 1772574  (525433) + (TTATTAA)n   Simple_repeat      1     44    (0) 3864  
   23   11.2  0.0  0.0  contig_92_pilon  1799631 1799669  (498338) + (AAAAAG)n    Simple_repeat      1     39    (0) 3865  
   12   15.0  3.3  0.0  contig_92_pilon  1802104 1802133  (495874) + (TCTATT)n    Simple_repeat      1     31    (0) 3866  
   18   18.7  0.0  0.0  contig_92_pilon  1802916 1802947  (495060) + A-rich       Simple_repeat      1     32    (0) 3867  
   15   18.1  3.6  5.5  contig_92_pilon  1807140 1807195  (490812) + (GGCGG)n     Simple_repeat      1     55    (0) 3868  
   12   15.3  3.5  0.0  contig_92_pilon  1807346 1807374  (490633) + (CAG)n       Simple_repeat      1     30    (0) 3869  
   30   29.2  1.0  1.0  contig_92_pilon  1828620 1828720  (469287) + (CCT)n       Simple_repeat      1    101    (0) 3870  
   15   33.6  1.4  1.4  contig_92_pilon  1832118 1832128  (465879) + (TTTTC)n     Simple_repeat      1     17   (54) 3871  
   16   19.6  0.0  0.0  contig_92_pilon  1832129 1832158  (465849) + (T)n         Simple_repeat      1     30    (0) 3872  
   15   33.6  1.4  1.4  contig_92_pilon  1832159 1832188  (465819) + (TTTTC)n     Simple_repeat     18     71    (0) 3871  
   17   12.7  0.0  0.0  contig_92_pilon  1832549 1832574  (465433) + (T)n         Simple_repeat      1     26    (0) 3873  
   13   15.0  5.1  2.5  contig_92_pilon  1835010 1835048  (462959) + (CTTCTTT)n   Simple_repeat      1     40    (0) 3874  
   18    7.7  0.0  0.0  contig_92_pilon  1835177 1835204  (462803) + (TTC)n       Simple_repeat      1     28    (0) 3875  
   13   16.9  0.0  0.0  contig_92_pilon  1835281 1835307  (462700) + (CTT)n       Simple_repeat      1     27    (0) 3876  
   18   14.0  4.9  2.4  contig_92_pilon  1846712 1846752  (451255) + (AC)n        Simple_repeat      1     42    (0) 3877  
   12   13.9  0.0  0.0  contig_92_pilon  1846959 1846982  (451025) + (CAG)n       Simple_repeat      1     24    (0) 3878  
   15   22.6  0.0  2.4  contig_92_pilon  1848790 1848832  (449175) + (AAT)n       Simple_repeat      1     42    (0) 3879  
   15   12.0  0.0  0.0  contig_92_pilon  1855097 1855123  (442884) + (CAT)n       Simple_repeat      1     27    (0) 3880  
  109    0.0  0.0  0.0  contig_92_pilon  1861810 1861902  (436105) + (TA)n        Simple_repeat      1     93    (0) 3881  
   24   18.9  3.3  0.0  contig_92_pilon  1873275 1873334  (424673) + A-rich       Simple_repeat      1     62    (0) 3882  
   12   23.3  2.5  0.0  contig_92_pilon  1875347 1875386  (422621) + A-rich       Simple_repeat      1     41    (0) 3883  
   12   25.2  3.6  3.6  contig_92_pilon  1878259 1878314  (419693) + (GCGCG)n     Simple_repeat      1     56    (0) 3884  
   23    0.0  3.6  0.0  contig_92_pilon  1880262 1880289  (417718) + (AC)n        Simple_repeat      1     29    (0) 3885  
   28    0.0  0.0  0.0  contig_92_pilon  1893378 1893403  (404604) + (GTC)n       Simple_repeat      1     26    (0) 3886  
   14   10.4  3.0  3.0  contig_92_pilon  1893735 1893743  (404264) + G-rich       Simple_repeat      1     31    (0) 3887  
   18    4.8  0.0  0.0  contig_92_pilon  1893744 1893765  (404242) + (AG)n        Simple_repeat      1     22    (0) 3888  
   33    7.0  0.0  0.0  contig_92_pilon  1896178 1896222  (401785) + (CATGCCTCC)n Simple_repeat      1     45    (0) 3889  
   13   10.5  6.5  0.0  contig_92_pilon  1905384 1905414  (392593) + A-rich       Simple_repeat      1     33    (0) 3890  
   18   20.7  1.9  1.9  contig_92_pilon  1905683 1905734  (392273) + (CCCCGTT)n   Simple_repeat      1     52    (0) 3891  
   18    0.0  0.0  0.0  contig_92_pilon  1928426 1928445  (369562) + (TG)n        Simple_repeat      1     20    (0) 3892  
   12    9.1  4.2  0.0  contig_92_pilon  1946431 1946454  (351553) + (CGA)n       Simple_repeat      1     25    (0) 3893  
   21   21.9  3.1  1.5  contig_92_pilon  1946542 1946606  (351401) + (CAACAC)n    Simple_repeat      1     66    (0) 3894  
   16    9.6  0.0  0.0  contig_92_pilon  1954356 1954378  (343629) + (A)n         Simple_repeat      1     23    (0) 3895  
   11   14.4  7.5  2.4  contig_92_pilon  1956176 1956215  (341792) + (TGTGACA)n   Simple_repeat      1     42    (0) 3896  
   39    7.1  1.7  0.0  contig_92_pilon  1963624 1963682  (334325) + (CCCTCAC)n   Simple_repeat      1     60    (0) 3897  
   12   18.1  0.0  3.1  contig_92_pilon  1964160 1964192  (333815) + A-rich       Simple_repeat      1     32    (0) 3898  
   62    5.8  0.0  4.3  contig_92_pilon  1964202 1964299  (333708) + (TTTTTC)n    Simple_repeat      1     94    (0) 3899  
   17    9.1  0.0  0.0  contig_92_pilon  1964359 1964382  (333625) + (G)n         Simple_repeat      1     24    (0) 3900  
   20   12.6  2.2  2.2  contig_92_pilon  1964508 1964556  (333451) + (TTTTTAG)n   Simple_repeat      1     49    (0) 3901  
   13   17.6  0.0  3.0  contig_92_pilon  1965130 1965163  (332844) + A-rich       Simple_repeat      1     33    (0) 3902  
   16   13.2  0.0  0.0  contig_92_pilon  1966408 1966432  (331575) + (T)n         Simple_repeat      1     25    (0) 3903  
   24   29.5  0.0  0.0  contig_92_pilon  1970777 1970854  (327153) + (ATTTAGG)n   Simple_repeat      1     78    (0) 3904  
   13   25.5  1.6  5.1  contig_92_pilon  1974048 1974108  (323899) + (TACTTC)n    Simple_repeat      1     59    (0) 3905  
   13   17.4  6.4  2.0  contig_92_pilon  1975155 1975201  (322806) + A-rich       Simple_repeat      1     49    (0) 3906  
   11   14.4  7.5  2.4  contig_92_pilon  1980087 1980126  (317881) + (ATTTATAC)n  Simple_repeat      1     42    (0) 3907  
   22   27.2  5.1  0.0  contig_92_pilon  1982599 1982677  (315330) + (TA)n        Simple_repeat      1     83    (0) 3908  
   13   15.8 10.0  3.1  contig_92_pilon  1983095 1983154  (314853) + (TCATTTC)n   Simple_repeat      1     64    (0) 3909  
   12   14.8  2.3  7.3  contig_92_pilon  1983537 1983579  (314428) + (CATATT)n    Simple_repeat      1     41    (0) 3910  
   12   20.6  2.4  2.4  contig_92_pilon  1986133 1986173  (311834) + (TACATC)n    Simple_repeat      1     41    (0) 3911  
   15   16.5  0.0  0.0  contig_92_pilon  1989935 1989961  (308046) + (AT)n        Simple_repeat      1     27    (0) 3912  
   17   12.9  0.0  2.9  contig_92_pilon  1992366 1992401  (305606) + (TATG)n      Simple_repeat      1     35    (0) 3913  
   16    0.0  0.0  5.0  contig_92_pilon  2019246 2019266  (278741) + (AT)n        Simple_repeat      1     20    (0) 3914  
   15   28.6  1.3  5.3  contig_92_pilon  2026306 2026384  (271623) + (CCCCGC)n    Simple_repeat      1     76    (0) 3915  
   75   18.7  0.0  0.0  contig_92_pilon  2032077 2032221  (265786) + GA-rich      Simple_repeat      1    145    (0) 3916  
   17   16.0  0.0  9.4  contig_92_pilon  2035284 2035341  (262666) + A-rich       Simple_repeat      1     53    (0) 3917  
   54    0.0  0.0  0.0  contig_92_pilon  2035666 2035711  (262296) + (TA)n        Simple_repeat      1     46    (0) 3918  
   35    0.0  0.0  0.0  contig_92_pilon  2035719 2035748  (262259) + (CA)n        Simple_repeat      1     30    (0) 3919  
   13   14.9  5.1  2.5  contig_92_pilon  2036824 2036862  (261145) + (CAGGAA)n    Simple_repeat      1     40    (0) 3920  
   16   13.7  0.0  0.0  contig_92_pilon  2050403 2050427  (247580) + (A)n         Simple_repeat      1     25    (0) 3921  
   12   13.1  0.0 10.8  contig_92_pilon  2059661 2059701  (238306) + (TTCGT)n     Simple_repeat      1     37    (0) 3922  
   14   22.4  0.0  0.0  contig_92_pilon  2059802 2059838  (238169) + GA-rich      Simple_repeat      1     37    (0) 3923  
   48   27.3  0.6  2.6  contig_92_pilon  2060326 2060481  (237526) + GA-rich      Simple_repeat      1    153    (0) 3924  
   12    5.5  0.0  0.0  contig_92_pilon  2060810 2060828  (237179) + (GGT)n       Simple_repeat      1     19    (0) 3925  
   90    7.9  0.8  0.0  contig_92_pilon  2062216 2062338  (235669) + (ACCATCT)n   Simple_repeat      1    124    (0) 3926  
   14   19.6  4.5  6.2  contig_92_pilon  2064888 2064953  (233054) + (AATTCAA)n   Simple_repeat      1     65    (0) 3927  
   17    0.0  0.0  4.8  contig_92_pilon  2079872 2079893  (218114) + (CA)n        Simple_repeat      1     21    (0) 3928  
   21    0.0  0.0  0.0  contig_92_pilon  2079894 2079916  (218091) + (GA)n        Simple_repeat      1     23    (0) 3929  
   19   17.3  0.0  0.0  contig_92_pilon  2110648 2110686  (187321) + (CAC)n       Simple_repeat      1     39    (0) 3930  
   17   10.4  0.0  3.1  contig_92_pilon  2110842 2110874  (187133) + (CGAAAG)n    Simple_repeat      1     32    (0) 3931  
   13    7.3  6.5  3.1  contig_92_pilon  2111115 2111145  (186862) + (CGCCG)n     Simple_repeat      1     32    (0) 3932  
   13   12.4  8.6  0.0  contig_92_pilon  2112125 2112159  (185848) + GA-rich      Simple_repeat      1     38    (0) 3933  
   13   29.3  3.5  0.0  contig_92_pilon  2117073 2117130  (180877) + (AGTAGA)n    Simple_repeat      1     60    (0) 3934  
   30    3.1  0.0  0.0  contig_92_pilon  2129114 2129146  (168861) + (CTCTCA)n    Simple_repeat      1     33    (0) 3935  
   44   24.9  0.0  0.9  contig_92_pilon  2132193 2132299  (165708) + (TA)n        Simple_repeat      1    106    (0) 3936  
   44    0.0  0.0  0.0  contig_92_pilon  2133063 2133100  (164907) + (AT)n        Simple_repeat      1     38    (0) 3937  
   15   17.9  5.8  1.9  contig_92_pilon  2137759 2137777  (160230) + A-rich       Simple_repeat      1     38   (16) 3938  
   14    8.5  0.0  3.9  contig_92_pilon  2137778 2137804  (160203) + (AAAT)n      Simple_repeat      1     26    (0) 3939  
   15   17.9  5.8  1.9  contig_92_pilon  2137805 2137810  (160197) + A-rich       Simple_repeat     39     54    (0) 3938  
   17   26.1  5.1  1.2  contig_92_pilon  2137935 2138013  (159994) + A-rich       Simple_repeat      1     82    (0) 3940  
   16   16.3  5.6  7.1  contig_92_pilon  2139801 2139871  (158136) + (TATG)n      Simple_repeat      1     70    (0) 3941  
   12    9.9  0.0 13.5  contig_92_pilon  2145516 2145557  (152450) + A-rich       Simple_repeat      1     37    (0) 3942  
   24   19.9  0.0  0.0  contig_92_pilon  2145582 2145627  (152380) + A-rich       Simple_repeat      1     46    (0) 3943  
   12   15.5  3.5  0.0  contig_92_pilon  2145804 2145832  (152175) + (TAA)n       Simple_repeat      1     30    (0) 3944  
   19    8.3  0.0  0.0  contig_92_pilon  2146847 2146872  (151135) + (A)n         Simple_repeat      1     26    (0) 3945  
   34    0.0  0.0  0.0  contig_92_pilon  2147266 2147296  (150711) + (TGT)n       Simple_repeat      1     31    (0) 3946  
   17    0.0  4.0  0.0  contig_92_pilon  2147328 2147352  (150655) + (AGGAG)n     Simple_repeat      1     26    (0) 3947  
   16   11.6  0.0  0.0  contig_92_pilon  2157028 2157055  (140952) + (TTTA)n      Simple_repeat      1     28    (0) 3948  
   25   23.3  0.0  0.0  contig_92_pilon  2157330 2157384  (140623) + (T)n         Simple_repeat      1     55    (0) 3949  
   11   27.9  0.0  4.1  contig_92_pilon  2157766 2157816  (140191) + A-rich       Simple_repeat      1     49    (0) 3950  
   12    8.9  4.2  0.0  contig_92_pilon  2158155 2158178  (139829) + (TATT)n      Simple_repeat      1     25    (0) 3951  
   14   32.5  0.0  0.0  contig_92_pilon  2158803 2158859  (139148) + A-rich       Simple_repeat      1     57    (0) 3952  
   16   24.9  2.6  5.3  contig_92_pilon  2168407 2168484  (129523) + (TTAATT)n    Simple_repeat      1     76    (0) 3953  
   13   13.2  0.0  0.0  contig_92_pilon  2182249 2182273  (115734) + (TGG)n       Simple_repeat      1     25    (0) 3954  
   15   14.4  0.0  0.0  contig_92_pilon  2184070 2184093  (113914) + (GT)n        Simple_repeat      1     24    (0) 3955  
   21    7.9  2.3  4.7  contig_92_pilon  2188736 2188779  (109228) + (GATCATC)n   Simple_repeat      1     43    (0) 3956  
   15   19.5  0.0  0.0  contig_92_pilon  2189073 2189107  (108900) + (CCGGCT)n    Simple_repeat      1     35    (0) 3957  
   11   22.3  0.0 12.5  contig_92_pilon  2198816 2198887   (99120) + A-rich       Simple_repeat      1     64    (0) 3958  
   13   12.5  0.0  3.7  contig_92_pilon  2213136 2213163   (84844) + (CTT)n       Simple_repeat      1     27    (0) 3959  
   15    0.0  0.0  0.0  contig_92_pilon  2216338 2216354   (81653) + (GT)n        Simple_repeat      1     17    (0) 3960  
   20   11.3  0.0  0.0  contig_92_pilon  2216748 2216776   (81231) + (T)n         Simple_repeat      1     29    (0) 3961  
   28   24.9  2.0  3.0  contig_92_pilon  2218230 2218329   (79678) + (ATTTAGG)n   Simple_repeat      1     99    (0) 3962  
   12   15.3  8.1  0.0  contig_92_pilon  2220695 2220731   (77276) + (TATTCA)n    Simple_repeat      1     40    (0) 3963  
   14    9.3  0.0  0.0  contig_92_pilon  2231705 2231727   (66280) + (GAG)n       Simple_repeat      1     23    (0) 3964  
   18   25.5  0.0  0.0  contig_92_pilon  2233068 2233118   (64889) + (TTCATC)n    Simple_repeat      1     51    (0) 3965  
   18   25.5  0.0  0.0  contig_92_pilon  2241880 2241930   (56077) + (TTCATC)n    Simple_repeat      1     51    (0) 3966  
   14   14.0  4.9  2.4  contig_92_pilon  2252342 2252382   (45625) + (CGCCTCGC)n  Simple_repeat      1     42    (0) 3967  
   14   23.1  4.7  3.1  contig_92_pilon  2255452 2255515   (42492) + (TTAGAG)n    Simple_repeat      1     65    (0) 3968 *
   15   12.1  5.6  0.0  contig_92_pilon  2255485 2255520   (42487) + (TTAGAAG)n   Simple_repeat      1     38    (0) 3969  
   12   16.5  0.0  0.0  contig_92_pilon  2256086 2256112   (41895) + (AATA)n      Simple_repeat      1     27    (0) 3970  
   16   15.4  2.8  0.0  contig_92_pilon  2260075 2260110   (37897) + (TTTTA)n     Simple_repeat      1     37    (0) 3971  
   22   18.1  4.9  4.9  contig_92_pilon  2264119 2264200   (33807) + (CCACA)n     Simple_repeat      1     82    (0) 3972  
   13    4.2  3.7  3.7  contig_92_pilon  2265507 2265533   (32474) + (CCACA)n     Simple_repeat      1     27    (0) 3973  
   12   31.8  0.0  1.8  contig_92_pilon  2268263 2268318   (29689) + (CCCCGCT)n   Simple_repeat      1     55    (0) 3974  
   13   13.4  2.7  5.6  contig_92_pilon  2268575 2268611   (29396) + (GCGGC)n     Simple_repeat      1     36    (0) 3975  
   13    5.2  0.0  0.0  contig_92_pilon  2270042 2270061   (27946) + (TTA)n       Simple_repeat      1     20    (0) 3976  
   12   18.1  0.0  3.1  contig_92_pilon  2271953 2271985   (26022) + A-rich       Simple_repeat      1     32    (0) 3977  
   14   17.6  0.0  0.0  contig_92_pilon  2273626 2273657   (24350) + A-rich       Simple_repeat      1     32    (0) 3978  
   13   13.4  2.7  5.6  contig_92_pilon  2275116 2275152   (22855) + (CGCCG)n     Simple_repeat      1     36    (0) 3979  
   13   29.3  3.5  0.0  contig_92_pilon  2275314 2275371   (22636) + (CGCGG)n     Simple_repeat      1     60    (0) 3980  
   13    4.2  3.7  3.7  contig_92_pilon  2278186 2278212   (19795) + (GGTGT)n     Simple_repeat      1     27    (0) 3981  
   13   18.3  2.6  2.6  contig_92_pilon  2279356 2279394   (18613) + G-rich       Simple_repeat      1     39    (0) 3982  
   22   18.1  4.9  4.9  contig_92_pilon  2279515 2279596   (18411) + (GGTGT)n     Simple_repeat      1     82    (0) 3983  
   14   16.0  2.9  0.0  contig_92_pilon  2282406 2282440   (15567) + A-rich       Simple_repeat      1     36    (0) 3984  
   24    6.4  3.5  7.3  contig_92_pilon  2283045 2283101   (14906) + (TATTTT)n    Simple_repeat      1     55    (0) 3985  
   12   17.6  3.1  0.0  contig_92_pilon  2283282 2283313   (14694) + (CTTCA)n     Simple_repeat      1     33    (0) 3986  
   20    6.1  0.0  5.6  contig_92_pilon  2284165 2284202   (13805) + (AATAAAA)n   Simple_repeat      1     36    (0) 3987  
   16   18.9  0.0  0.0  contig_92_pilon  2285968 2285997   (12010) + A-rich       Simple_repeat      1     30    (0) 3988  
   12   14.1  0.0  8.8  contig_92_pilon  2286109 2286145   (11862) + (TTTC)n      Simple_repeat      1     34    (0) 3989  
   15   22.3  2.0  2.0  contig_92_pilon  2286952 2287000   (11007) + A-rich       Simple_repeat      1     49    (0) 3990  
   15   17.3  2.0  6.1  contig_92_pilon  2287186 2287236   (10771) + (ATTTTT)n    Simple_repeat      1     49    (0) 3991  
   16   11.3  0.0  0.0  contig_92_pilon  2290485 2290513    (7494) + (TATTT)n     Simple_repeat      1     29    (0) 3992  
   17   18.2  6.0  0.0  contig_92_pilon  2290514 2290537    (7470) + (TTTTTTA)n   Simple_repeat      1     56    (0) 3993  
   18   21.9  3.6  6.2  contig_92_pilon  2290635 2290717    (7290) + (TTAT)n      Simple_repeat      1     81    (0) 3994  
   25   23.6  5.7  0.0  contig_92_pilon  2292268 2292299    (5708) + (ATGT)n      Simple_repeat      1     36    (0) 3995  
   86    4.6  0.0  0.0  contig_92_pilon  2292300 2292390    (5617) + (TA)n        Simple_repeat      1     91    (0) 3996  
   25   23.6  5.7  0.0  contig_92_pilon  2292391 2292397    (5610) + (ATGT)n      Simple_repeat      1     17   (41) 3997  
   11   17.0  2.9  2.9  contig_92_pilon  2292398 2292432    (5575) + (TATATT)n    Simple_repeat      1     35    (0) 3998  
   25   23.6  5.7  0.0  contig_92_pilon  2292433 2292445    (5562) + (ATGT)n      Simple_repeat     18     58    (0) 3997  
   12   15.9  2.6  5.3  contig_92_pilon  2295233 2295271    (2736) + (AATGACA)n   Simple_repeat      1     38    (0) 3999  
   12   18.1  0.0  3.1  contig_93_pilon   1938  1970 (1735) + A-rich    Simple_repeat      1     32    (0) 4000  
   14   20.2  0.0  8.2  contig_93_pilon   3600  3608   (97) + A-rich    Simple_repeat      1     18   (31) 4001  
   16    7.0  3.1  3.1  contig_93_pilon   3609  3640   (65) + (AAAAAC)n Simple_repeat      1     32    (0) 4002  
   14   20.2  0.0  8.2  contig_93_pilon   3641  3652   (53) + A-rich    Simple_repeat     19     49    (0) 4001  
   22   15.1  0.0  0.0  contig_96_pilon    344   380 (2012) + (T)n     Simple_repeat      1     37    (0) 4003  
   33    2.9  0.0  0.0  contig_97_pilon    377   412 (25569) + (CAACTTCA)n Simple_repeat      1     36    (0) 4004  
   13   22.6  0.0  4.7  contig_97_pilon   8904  8948 (17033) + (ATCATT)n   Simple_repeat      1     43    (0) 4005  
   33    2.9  0.0  0.0  contig_97_pilon   9746  9781 (16200) + (CAACTTCA)n Simple_repeat      1     36    (0) 4006  
   13   10.8  3.1  3.1  contig_97_pilon   9807  9838 (16143) + A-rich      Simple_repeat      1     32    (0) 4007  
   12   18.4  0.0  3.1  contig_97_pilon  25346 25378   (603) + A-rich      Simple_repeat      1     32    (0) 4008  
