To execute Pilon run: java -Xmx8G -jar $EBROOTPILON/pilon.jar
Adjust the memory value according to the size of your input files
[bwa_index] Pack FASTA... 0.06 sec
[bwa_index] Construct BWT for the packed sequence...
[bwa_index] 3.53 seconds elapse.
[bwa_index] Update BWT... 0.05 sec
[bwa_index] Pack forward-only FASTA... 0.04 sec
[bwa_index] Construct SA from BWT and Occ... 3.29 sec
[main] Version: 0.7.19-r1273
[main] CMD: bwa index analyses/03_polishing/pilon_output/draft_assembly.fasta
[main] Real time: 7.088 sec; CPU: 6.969 sec
[M::bwa_idx_load_from_disk] read 0 ALT contigs
[M::process] read 136610 sequences (20000290 bp)...
[M::process] read 136268 sequences (20000049 bp)...
[M::mem_pestat] # candidate unique pairs for (FF, FR, RF, RR): (33, 55765, 2, 40)
[M::mem_pestat] analyzing insert size distribution for orientation FF...
[M::mem_pestat] (25, 50, 75) percentile: (220, 246, 288)
[M::mem_pestat] low and high boundaries for computing mean and std.dev: (84, 424)
[M::mem_pestat] mean and std.dev: (241.57, 62.14)
[M::mem_pestat] low and high boundaries for proper pairs: (1, 492)
[M::mem_pestat] analyzing insert size distribution for orientation FR...
[M::mem_pestat] (25, 50, 75) percentile: (262, 317, 372)
[M::mem_pestat] low and high boundaries for computing mean and std.dev: (42, 592)
[M::mem_pestat] mean and std.dev: (318.22, 81.04)
[M::mem_pestat] low and high boundaries for proper pairs: (1, 702)
[M::mem_pestat] skip orientation RF as there are not enough pairs
[M::mem_pestat] analyzing insert size distribution for orientation RR...
[M::mem_pestat] (25, 50, 75) percentile: (204, 255, 311)
[M::mem_pestat] low and high boundaries for computing mean and std.dev: (1, 525)
[M::mem_pestat] mean and std.dev: (252.53, 93.70)
[M::mem_pestat] low and high boundaries for proper pairs: (1, 632)
[M::mem_pestat] skip orientation FF
[M::mem_pestat] skip orientation RR
[M::mem_process_seqs] Processed 136610 reads in 19.761 CPU sec, 9.932 real sec
[M::process] read 135918 sequences (20000013 bp)...
[M::mem_pestat] # candidate unique pairs for (FF, FR, RF, RR): (26, 55623, 3, 38)
[M::mem_pestat] analyzing insert size distribution for orientation FF...
[M::mem_pestat] (25, 50, 75) percentile: (229, 298, 334)
[M::mem_pestat] low and high boundaries for computing mean and std.dev: (19, 544)
[M::mem_pestat] mean and std.dev: (277.44, 64.98)
[M::mem_pestat] low and high boundaries for proper pairs: (1, 649)
[M::mem_pestat] analyzing insert size distribution for orientation FR...
[M::mem_pestat] (25, 50, 75) percentile: (265, 318, 373)
[M::mem_pestat] low and high boundaries for computing mean and std.dev: (49, 589)
[M::mem_pestat] mean and std.dev: (319.77, 80.21)
[M::mem_pestat] low and high boundaries for proper pairs: (1, 697)
[M::mem_pestat] skip orientation RF as there are not enough pairs
[M::mem_pestat] analyzing insert size distribution for orientation RR...
[M::mem_pestat] (25, 50, 75) percentile: (169, 267, 304)
[M::mem_pestat] low and high boundaries for computing mean and std.dev: (1, 574)
[M::mem_pestat] mean and std.dev: (251.05, 98.45)
[M::mem_pestat] low and high boundaries for proper pairs: (1, 709)
[M::mem_pestat] skip orientation FF
[M::mem_pestat] skip orientation RR
[M::mem_process_seqs] Processed 136268 reads in 19.859 CPU sec, 10.032 real sec
[M::process] read 135552 sequences (20000065 bp)...
[M::mem_pestat] # candidate unique pairs for (FF, FR, RF, RR): (42, 55325, 2, 44)
[M::mem_pestat] analyzing insert size distribution for orientation FF...
[M::mem_pestat] (25, 50, 75) percentile: (157, 220, 317)
[M::mem_pestat] low and high boundaries for computing mean and std.dev: (1, 637)
[M::mem_pestat] mean and std.dev: (235.88, 107.61)
[M::mem_pestat] low and high boundaries for proper pairs: (1, 797)
[M::mem_pestat] analyzing insert size distribution for orientation FR...
[M::mem_pestat] (25, 50, 75) percentile: (265, 320, 375)
[M::mem_pestat] low and high boundaries for computing mean and std.dev: (45, 595)
[M::mem_pestat] mean and std.dev: (321.27, 81.53)
[M::mem_pestat] low and high boundaries for proper pairs: (1, 705)
[M::mem_pestat] skip orientation RF as there are not enough pairs
[M::mem_pestat] analyzing insert size distribution for orientation RR...
[M::mem_pestat] (25, 50, 75) percentile: (205, 255, 296)
[M::mem_pestat] low and high boundaries for computing mean and std.dev: (23, 478)
[M::mem_pestat] mean and std.dev: (246.81, 92.09)
[M::mem_pestat] low and high boundaries for proper pairs: (1, 615)
[M::mem_pestat] skip orientation FF
[M::mem_pestat] skip orientation RR
[M::mem_process_seqs] Processed 135918 reads in 19.516 CPU sec, 9.858 real sec
[M::process] read 135260 sequences (20000147 bp)...
[M::mem_pestat] # candidate unique pairs for (FF, FR, RF, RR): (36, 55132, 4, 48)
[M::mem_pestat] analyzing insert size distribution for orientation FF...
[M::mem_pestat] (25, 50, 75) percentile: (210, 273, 358)
[M::mem_pestat] low and high boundaries for computing mean and std.dev: (1, 654)
[M::mem_pestat] mean and std.dev: (259.77, 121.31)
[M::mem_pestat] low and high boundaries for proper pairs: (1, 802)
[M::mem_pestat] analyzing insert size distribution for orientation FR...
[M::mem_pestat] (25, 50, 75) percentile: (265, 320, 376)
[M::mem_pestat] low and high boundaries for computing mean and std.dev: (43, 598)
[M::mem_pestat] mean and std.dev: (321.96, 81.68)
[M::mem_pestat] low and high boundaries for proper pairs: (1, 709)
[M::mem_pestat] skip orientation RF as there are not enough pairs
[M::mem_pestat] analyzing insert size distribution for orientation RR...
[M::mem_pestat] (25, 50, 75) percentile: (189, 228, 298)
[M::mem_pestat] low and high boundaries for computing mean and std.dev: (1, 516)
[M::mem_pestat] mean and std.dev: (242.35, 91.26)
[M::mem_pestat] low and high boundaries for proper pairs: (1, 625)
[M::mem_pestat] skip orientation FF
[M::mem_pestat] skip orientation RR
[M::mem_process_seqs] Processed 135552 reads in 19.454 CPU sec, 9.824 real sec
[M::process] read 135254 sequences (20000260 bp)...
[M::mem_pestat] # candidate unique pairs for (FF, FR, RF, RR): (32, 55261, 0, 35)
[M::mem_pestat] analyzing insert size distribution for orientation FF...
[M::mem_pestat] (25, 50, 75) percentile: (172, 217, 264)
[M::mem_pestat] low and high boundaries for computing mean and std.dev: (1, 448)
[M::mem_pestat] mean and std.dev: (220.53, 80.65)
[M::mem_pestat] low and high boundaries for proper pairs: (1, 543)
[M::mem_pestat] analyzing insert size distribution for orientation FR...
[M::mem_pestat] (25, 50, 75) percentile: (265, 320, 376)
[M::mem_pestat] low and high boundaries for computing mean and std.dev: (43, 598)
[M::mem_pestat] mean and std.dev: (321.67, 81.59)
[M::mem_pestat] low and high boundaries for proper pairs: (1, 709)
[M::mem_pestat] skip orientation RF as there are not enough pairs
[M::mem_pestat] analyzing insert size distribution for orientation RR...
[M::mem_pestat] (25, 50, 75) percentile: (192, 242, 341)
[M::mem_pestat] low and high boundaries for computing mean and std.dev: (1, 639)
[M::mem_pestat] mean and std.dev: (260.97, 97.11)
[M::mem_pestat] low and high boundaries for proper pairs: (1, 788)
[M::mem_pestat] skip orientation FF
[M::mem_pestat] skip orientation RR
[M::mem_process_seqs] Processed 135260 reads in 19.398 CPU sec, 9.795 real sec
[M::process] read 135160 sequences (20000250 bp)...
[M::mem_pestat] # candidate unique pairs for (FF, FR, RF, RR): (23, 55092, 1, 45)
[M::mem_pestat] analyzing insert size distribution for orientation FF...
[M::mem_pestat] (25, 50, 75) percentile: (158, 231, 325)
[M::mem_pestat] low and high boundaries for computing mean and std.dev: (1, 659)
[M::mem_pestat] mean and std.dev: (236.83, 114.26)
[M::mem_pestat] low and high boundaries for proper pairs: (1, 826)
[M::mem_pestat] analyzing insert size distribution for orientation FR...
[M::mem_pestat] (25, 50, 75) percentile: (263, 318, 374)
[M::mem_pestat] low and high boundaries for computing mean and std.dev: (41, 596)
[M::mem_pestat] mean and std.dev: (320.08, 81.89)
[M::mem_pestat] low and high boundaries for proper pairs: (1, 707)
[M::mem_pestat] skip orientation RF as there are not enough pairs
[M::mem_pestat] analyzing insert size distribution for orientation RR...
[M::mem_pestat] (25, 50, 75) percentile: (219, 249, 331)
[M::mem_pestat] low and high boundaries for computing mean and std.dev: (1, 555)
[M::mem_pestat] mean and std.dev: (256.60, 81.06)
[M::mem_pestat] low and high boundaries for proper pairs: (1, 667)
[M::mem_pestat] skip orientation FF
[M::mem_pestat] skip orientation RR
[M::mem_process_seqs] Processed 135254 reads in 19.366 CPU sec, 9.782 real sec
[M::process] read 135136 sequences (20000050 bp)...
[M::mem_pestat] # candidate unique pairs for (FF, FR, RF, RR): (25, 54976, 0, 31)
[M::mem_pestat] analyzing insert size distribution for orientation FF...
[M::mem_pestat] (25, 50, 75) percentile: (163, 211, 288)
[M::mem_pestat] low and high boundaries for computing mean and std.dev: (1, 538)
[M::mem_pestat] mean and std.dev: (229.28, 99.91)
[M::mem_pestat] low and high boundaries for proper pairs: (1, 663)
[M::mem_pestat] analyzing insert size distribution for orientation FR...
[M::mem_pestat] (25, 50, 75) percentile: (263, 318, 373)
[M::mem_pestat] low and high boundaries for computing mean and std.dev: (43, 593)
[M::mem_pestat] mean and std.dev: (319.31, 81.59)
[M::mem_pestat] low and high boundaries for proper pairs: (1, 703)
[M::mem_pestat] skip orientation RF as there are not enough pairs
[M::mem_pestat] analyzing insert size distribution for orientation RR...
[M::mem_pestat] (25, 50, 75) percentile: (181, 254, 317)
[M::mem_pestat] low and high boundaries for computing mean and std.dev: (1, 589)
[M::mem_pestat] mean and std.dev: (246.52, 99.89)
[M::mem_pestat] low and high boundaries for proper pairs: (1, 725)
[M::mem_pestat] skip orientation FF
[M::mem_pestat] skip orientation RR
[M::mem_process_seqs] Processed 135160 reads in 19.681 CPU sec, 9.939 real sec
[M::process] read 135166 sequences (20000181 bp)...
[M::mem_pestat] # candidate unique pairs for (FF, FR, RF, RR): (26, 54882, 1, 37)
[M::mem_pestat] analyzing insert size distribution for orientation FF...
[M::mem_pestat] (25, 50, 75) percentile: (196, 254, 321)
[M::mem_pestat] low and high boundaries for computing mean and std.dev: (1, 571)
[M::mem_pestat] mean and std.dev: (233.79, 97.91)
[M::mem_pestat] low and high boundaries for proper pairs: (1, 696)
[M::mem_pestat] analyzing insert size distribution for orientation FR...
[M::mem_pestat] (25, 50, 75) percentile: (263, 318, 373)
[M::mem_pestat] low and high boundaries for computing mean and std.dev: (43, 593)
[M::mem_pestat] mean and std.dev: (319.01, 81.76)
[M::mem_pestat] low and high boundaries for proper pairs: (1, 703)
[M::mem_pestat] skip orientation RF as there are not enough pairs
[M::mem_pestat] analyzing insert size distribution for orientation RR...
[M::mem_pestat] (25, 50, 75) percentile: (194, 244, 283)
[M::mem_pestat] low and high boundaries for computing mean and std.dev: (16, 461)
[M::mem_pestat] mean and std.dev: (247.95, 81.19)
[M::mem_pestat] low and high boundaries for proper pairs: (1, 573)
[M::mem_pestat] skip orientation FF
[M::mem_pestat] skip orientation RR
[M::mem_process_seqs] Processed 135136 reads in 18.914 CPU sec, 9.552 real sec
[M::process] read 135092 sequences (20000186 bp)...
[M::mem_pestat] # candidate unique pairs for (FF, FR, RF, RR): (39, 54891, 2, 42)
[M::mem_pestat] analyzing insert size distribution for orientation FF...
[M::mem_pestat] (25, 50, 75) percentile: (211, 260, 304)
[M::mem_pestat] low and high boundaries for computing mean and std.dev: (25, 490)
[M::mem_pestat] mean and std.dev: (261.79, 67.96)
[M::mem_pestat] low and high boundaries for proper pairs: (1, 583)
[M::mem_pestat] analyzing insert size distribution for orientation FR...
[M::mem_pestat] (25, 50, 75) percentile: (263, 318, 374)
[M::mem_pestat] low and high boundaries for computing mean and std.dev: (41, 596)
[M::mem_pestat] mean and std.dev: (319.51, 82.10)
[M::mem_pestat] low and high boundaries for proper pairs: (1, 707)
[M::mem_pestat] skip orientation RF as there are not enough pairs
[M::mem_pestat] analyzing insert size distribution for orientation RR...
[M::mem_pestat] (25, 50, 75) percentile: (196, 257, 297)
[M::mem_pestat] low and high boundaries for computing mean and std.dev: (1, 499)
[M::mem_pestat] mean and std.dev: (248.72, 75.67)
[M::mem_pestat] low and high boundaries for proper pairs: (1, 600)
[M::mem_pestat] skip orientation FF
[M::mem_pestat] skip orientation RR
[M::mem_process_seqs] Processed 135166 reads in 19.124 CPU sec, 9.659 real sec
[M::process] read 135108 sequences (20000119 bp)...
[M::mem_pestat] # candidate unique pairs for (FF, FR, RF, RR): (28, 55000, 2, 37)
[M::mem_pestat] analyzing insert size distribution for orientation FF...
[M::mem_pestat] (25, 50, 75) percentile: (189, 280, 320)
[M::mem_pestat] low and high boundaries for computing mean and std.dev: (1, 582)
[M::mem_pestat] mean and std.dev: (262.96, 90.89)
[M::mem_pestat] low and high boundaries for proper pairs: (1, 713)
[M::mem_pestat] analyzing insert size distribution for orientation FR...
[M::mem_pestat] (25, 50, 75) percentile: (263, 318, 374)
[M::mem_pestat] low and high boundaries for computing mean and std.dev: (41, 596)
[M::mem_pestat] mean and std.dev: (319.73, 81.76)
[M::mem_pestat] low and high boundaries for proper pairs: (1, 707)
[M::mem_pestat] skip orientation RF as there are not enough pairs
[M::mem_pestat] analyzing insert size distribution for orientation RR...
[M::mem_pestat] (25, 50, 75) percentile: (197, 246, 309)
[M::mem_pestat] low and high boundaries for computing mean and std.dev: (1, 533)
[M::mem_pestat] mean and std.dev: (249.00, 86.03)
[M::mem_pestat] low and high boundaries for proper pairs: (1, 645)
[M::mem_pestat] skip orientation FF
[M::mem_pestat] skip orientation RR
[M::mem_process_seqs] Processed 135092 reads in 19.186 CPU sec, 9.692 real sec
[M::process] read 135134 sequences (20000086 bp)...
[M::mem_pestat] # candidate unique pairs for (FF, FR, RF, RR): (31, 54703, 0, 38)
[M::mem_pestat] analyzing insert size distribution for orientation FF...
[M::mem_pestat] (25, 50, 75) percentile: (225, 266, 369)
[M::mem_pestat] low and high boundaries for computing mean and std.dev: (1, 657)
[M::mem_pestat] mean and std.dev: (283.62, 107.26)
[M::mem_pestat] low and high boundaries for proper pairs: (1, 801)
[M::mem_pestat] analyzing insert size distribution for orientation FR...
[M::mem_pestat] (25, 50, 75) percentile: (263, 318, 373)
[M::mem_pestat] low and high boundaries for computing mean and std.dev: (43, 593)
[M::mem_pestat] mean and std.dev: (319.22, 81.81)
[M::mem_pestat] low and high boundaries for proper pairs: (1, 703)
[M::mem_pestat] skip orientation RF as there are not enough pairs
[M::mem_pestat] analyzing insert size distribution for orientation RR...
[M::mem_pestat] (25, 50, 75) percentile: (170, 233, 317)
[M::mem_pestat] low and high boundaries for computing mean and std.dev: (1, 611)
[M::mem_pestat] mean and std.dev: (249.42, 109.74)
[M::mem_pestat] low and high boundaries for proper pairs: (1, 758)
[M::mem_pestat] skip orientation FF
[M::mem_pestat] skip orientation RR
[M::mem_process_seqs] Processed 135108 reads in 19.177 CPU sec, 9.684 real sec
[M::process] read 135096 sequences (20000134 bp)...
[M::mem_pestat] # candidate unique pairs for (FF, FR, RF, RR): (30, 55070, 1, 28)
[M::mem_pestat] analyzing insert size distribution for orientation FF...
[M::mem_pestat] (25, 50, 75) percentile: (184, 264, 319)
[M::mem_pestat] low and high boundaries for computing mean and std.dev: (1, 589)
[M::mem_pestat] mean and std.dev: (241.28, 92.54)
[M::mem_pestat] low and high boundaries for proper pairs: (1, 724)
[M::mem_pestat] analyzing insert size distribution for orientation FR...
[M::mem_pestat] (25, 50, 75) percentile: (263, 317, 373)
[M::mem_pestat] low and high boundaries for computing mean and std.dev: (43, 593)
[M::mem_pestat] mean and std.dev: (319.05, 82.06)
[M::mem_pestat] low and high boundaries for proper pairs: (1, 703)
[M::mem_pestat] skip orientation RF as there are not enough pairs
[M::mem_pestat] analyzing insert size distribution for orientation RR...
[M::mem_pestat] (25, 50, 75) percentile: (205, 232, 384)
[M::mem_pestat] low and high boundaries for computing mean and std.dev: (1, 742)
[M::mem_pestat] mean and std.dev: (264.07, 102.55)
[M::mem_pestat] low and high boundaries for proper pairs: (1, 921)
[M::mem_pestat] skip orientation FF
[M::mem_pestat] skip orientation RR
[M::mem_process_seqs] Processed 135134 reads in 19.326 CPU sec, 9.766 real sec
[M::process] read 135094 sequences (20000024 bp)...
[M::mem_pestat] # candidate unique pairs for (FF, FR, RF, RR): (19, 54937, 4, 36)
[M::mem_pestat] analyzing insert size distribution for orientation FF...
[M::mem_pestat] (25, 50, 75) percentile: (216, 264, 305)
[M::mem_pestat] low and high boundaries for computing mean and std.dev: (38, 483)
[M::mem_pestat] mean and std.dev: (256.22, 78.28)
[M::mem_pestat] low and high boundaries for proper pairs: (1, 572)
[M::mem_pestat] analyzing insert size distribution for orientation FR...
[M::mem_pestat] (25, 50, 75) percentile: (264, 319, 375)
[M::mem_pestat] low and high boundaries for computing mean and std.dev: (42, 597)
[M::mem_pestat] mean and std.dev: (320.40, 81.52)
[M::mem_pestat] low and high boundaries for proper pairs: (1, 708)
[M::mem_pestat] skip orientation RF as there are not enough pairs
[M::mem_pestat] analyzing insert size distribution for orientation RR...
[M::mem_pestat] (25, 50, 75) percentile: (158, 210, 272)
[M::mem_pestat] low and high boundaries for computing mean and std.dev: (1, 500)
[M::mem_pestat] mean and std.dev: (224.97, 90.13)
[M::mem_pestat] low and high boundaries for proper pairs: (1, 614)
[M::mem_pestat] skip orientation FF
[M::mem_pestat] skip orientation RR
[M::mem_process_seqs] Processed 135096 reads in 19.391 CPU sec, 9.797 real sec
[M::process] read 135066 sequences (20000119 bp)...
[M::mem_pestat] # candidate unique pairs for (FF, FR, RF, RR): (23, 55053, 3, 34)
[M::mem_pestat] analyzing insert size distribution for orientation FF...
[M::mem_pestat] (25, 50, 75) percentile: (145, 220, 251)
[M::mem_pestat] low and high boundaries for computing mean and std.dev: (1, 463)
[M::mem_pestat] mean and std.dev: (199.32, 84.62)
[M::mem_pestat] low and high boundaries for proper pairs: (1, 569)
[M::mem_pestat] analyzing insert size distribution for orientation FR...
[M::mem_pestat] (25, 50, 75) percentile: (262, 317, 373)
[M::mem_pestat] low and high boundaries for computing mean and std.dev: (40, 595)
[M::mem_pestat] mean and std.dev: (318.75, 81.75)
[M::mem_pestat] low and high boundaries for proper pairs: (1, 706)
[M::mem_pestat] skip orientation RF as there are not enough pairs
[M::mem_pestat] analyzing insert size distribution for orientation RR...
[M::mem_pestat] (25, 50, 75) percentile: (180, 253, 301)
[M::mem_pestat] low and high boundaries for computing mean and std.dev: (1, 543)
[M::mem_pestat] mean and std.dev: (237.73, 82.00)
[M::mem_pestat] low and high boundaries for proper pairs: (1, 664)
[M::mem_pestat] skip orientation FF
[M::mem_pestat] skip orientation RR
[M::mem_process_seqs] Processed 135094 reads in 18.840 CPU sec, 9.516 real sec
[M::process] read 135084 sequences (20000254 bp)...
[M::mem_pestat] # candidate unique pairs for (FF, FR, RF, RR): (43, 54758, 0, 33)
[M::mem_pestat] analyzing insert size distribution for orientation FF...
[M::mem_pestat] (25, 50, 75) percentile: (182, 242, 303)
[M::mem_pestat] low and high boundaries for computing mean and std.dev: (1, 545)
[M::mem_pestat] mean and std.dev: (227.46, 82.88)
[M::mem_pestat] low and high boundaries for proper pairs: (1, 666)
[M::mem_pestat] analyzing insert size distribution for orientation FR...
[M::mem_pestat] (25, 50, 75) percentile: (262, 318, 373)
[M::mem_pestat] low and high boundaries for computing mean and std.dev: (40, 595)
[M::mem_pestat] mean and std.dev: (318.63, 81.81)
[M::mem_pestat] low and high boundaries for proper pairs: (1, 706)
[M::mem_pestat] skip orientation RF as there are not enough pairs
[M::mem_pestat] analyzing insert size distribution for orientation RR...
[M::mem_pestat] (25, 50, 75) percentile: (165, 252, 309)
[M::mem_pestat] low and high boundaries for computing mean and std.dev: (1, 597)
[M::mem_pestat] mean and std.dev: (232.90, 90.64)
[M::mem_pestat] low and high boundaries for proper pairs: (1, 741)
[M::mem_pestat] skip orientation FF
[M::mem_pestat] skip orientation RR
[M::mem_process_seqs] Processed 135066 reads in 19.072 CPU sec, 9.642 real sec
[M::process] read 135062 sequences (20000212 bp)...
[M::mem_pestat] # candidate unique pairs for (FF, FR, RF, RR): (21, 54860, 0, 36)
[M::mem_pestat] analyzing insert size distribution for orientation FF...
[M::mem_pestat] (25, 50, 75) percentile: (178, 217, 283)
[M::mem_pestat] low and high boundaries for computing mean and std.dev: (1, 493)
[M::mem_pestat] mean and std.dev: (228.29, 72.75)
[M::mem_pestat] low and high boundaries for proper pairs: (1, 598)
[M::mem_pestat] analyzing insert size distribution for orientation FR...
[M::mem_pestat] (25, 50, 75) percentile: (263, 318, 374)
[M::mem_pestat] low and high boundaries for computing mean and std.dev: (41, 596)
[M::mem_pestat] mean and std.dev: (319.34, 82.01)
[M::mem_pestat] low and high boundaries for proper pairs: (1, 707)
[M::mem_pestat] skip orientation RF as there are not enough pairs
[M::mem_pestat] analyzing insert size distribution for orientation RR...
[M::mem_pestat] (25, 50, 75) percentile: (196, 257, 326)
[M::mem_pestat] low and high boundaries for computing mean and std.dev: (1, 586)
[M::mem_pestat] mean and std.dev: (253.65, 81.26)
[M::mem_pestat] low and high boundaries for proper pairs: (1, 716)
[M::mem_pestat] skip orientation FF
[M::mem_pestat] skip orientation RR
[M::mem_process_seqs] Processed 135084 reads in 19.425 CPU sec, 9.815 real sec
[M::process] read 135036 sequences (20000204 bp)...
[M::mem_pestat] # candidate unique pairs for (FF, FR, RF, RR): (26, 54743, 1, 40)
[M::mem_pestat] analyzing insert size distribution for orientation FF...
[M::mem_pestat] (25, 50, 75) percentile: (171, 230, 290)
[M::mem_pestat] low and high boundaries for computing mean and std.dev: (1, 528)
[M::mem_pestat] mean and std.dev: (229.92, 73.49)
[M::mem_pestat] low and high boundaries for proper pairs: (1, 647)
[M::mem_pestat] analyzing insert size distribution for orientation FR...
[M::mem_pestat] (25, 50, 75) percentile: (263, 318, 373)
[M::mem_pestat] low and high boundaries for computing mean and std.dev: (43, 593)
[M::mem_pestat] mean and std.dev: (319.01, 81.47)
[M::mem_pestat] low and high boundaries for proper pairs: (1, 703)
[M::mem_pestat] skip orientation RF as there are not enough pairs
[M::mem_pestat] analyzing insert size distribution for orientation RR...
[M::mem_pestat] (25, 50, 75) percentile: (167, 211, 265)
[M::mem_pestat] low and high boundaries for computing mean and std.dev: (1, 461)
[M::mem_pestat] mean and std.dev: (213.05, 66.61)
[M::mem_pestat] low and high boundaries for proper pairs: (1, 559)
[M::mem_pestat] skip orientation FF
[M::mem_pestat] skip orientation RR
[M::mem_process_seqs] Processed 135062 reads in 19.246 CPU sec, 9.725 real sec
[M::process] read 135032 sequences (20000137 bp)...
[M::mem_pestat] # candidate unique pairs for (FF, FR, RF, RR): (25, 54959, 0, 48)
[M::mem_pestat] analyzing insert size distribution for orientation FF...
[M::mem_pestat] (25, 50, 75) percentile: (215, 261, 323)
[M::mem_pestat] low and high boundaries for computing mean and std.dev: (1, 539)
[M::mem_pestat] mean and std.dev: (255.80, 71.40)
[M::mem_pestat] low and high boundaries for proper pairs: (1, 647)
[M::mem_pestat] analyzing insert size distribution for orientation FR...
[M::mem_pestat] (25, 50, 75) percentile: (262, 317, 373)
[M::mem_pestat] low and high boundaries for computing mean and std.dev: (40, 595)
[M::mem_pestat] mean and std.dev: (318.97, 81.72)
[M::mem_pestat] low and high boundaries for proper pairs: (1, 706)
[M::mem_pestat] skip orientation RF as there are not enough pairs
[M::mem_pestat] analyzing insert size distribution for orientation RR...
[M::mem_pestat] (25, 50, 75) percentile: (199, 246, 306)
[M::mem_pestat] low and high boundaries for computing mean and std.dev: (1, 520)
[M::mem_pestat] mean and std.dev: (255.30, 80.35)
[M::mem_pestat] low and high boundaries for proper pairs: (1, 627)
[M::mem_pestat] skip orientation FF
[M::mem_pestat] skip orientation RR
[M::mem_process_seqs] Processed 135036 reads in 18.912 CPU sec, 9.560 real sec
[M::process] read 135170 sequences (20000123 bp)...
[M::mem_pestat] # candidate unique pairs for (FF, FR, RF, RR): (25, 54915, 2, 45)
[M::mem_pestat] analyzing insert size distribution for orientation FF...
[M::mem_pestat] (25, 50, 75) percentile: (177, 239, 294)
[M::mem_pestat] low and high boundaries for computing mean and std.dev: (1, 528)
[M::mem_pestat] mean and std.dev: (237.96, 70.24)
[M::mem_pestat] low and high boundaries for proper pairs: (1, 645)
[M::mem_pestat] analyzing insert size distribution for orientation FR...
[M::mem_pestat] (25, 50, 75) percentile: (264, 319, 374)
[M::mem_pestat] low and high boundaries for computing mean and std.dev: (44, 594)
[M::mem_pestat] mean and std.dev: (320.49, 81.54)
[M::mem_pestat] low and high boundaries for proper pairs: (1, 704)
[M::mem_pestat] skip orientation RF as there are not enough pairs
[M::mem_pestat] analyzing insert size distribution for orientation RR...
[M::mem_pestat] (25, 50, 75) percentile: (209, 282, 359)
[M::mem_pestat] low and high boundaries for computing mean and std.dev: (1, 659)
[M::mem_pestat] mean and std.dev: (256.52, 83.68)
[M::mem_pestat] low and high boundaries for proper pairs: (1, 809)
[M::mem_pestat] skip orientation FF
[M::mem_pestat] skip orientation RR
[M::mem_process_seqs] Processed 135032 reads in 19.324 CPU sec, 9.765 real sec
[M::process] read 135204 sequences (20000263 bp)...
[M::mem_pestat] # candidate unique pairs for (FF, FR, RF, RR): (36, 54896, 2, 40)
[M::mem_pestat] analyzing insert size distribution for orientation FF...
[M::mem_pestat] (25, 50, 75) percentile: (194, 238, 298)
[M::mem_pestat] low and high boundaries for computing mean and std.dev: (1, 506)
[M::mem_pestat] mean and std.dev: (246.06, 81.05)
[M::mem_pestat] low and high boundaries for proper pairs: (1, 610)
[M::mem_pestat] analyzing insert size distribution for orientation FR...
[M::mem_pestat] (25, 50, 75) percentile: (265, 320, 375)
[M::mem_pestat] low and high boundaries for computing mean and std.dev: (45, 595)
[M::mem_pestat] mean and std.dev: (321.09, 81.17)
[M::mem_pestat] low and high boundaries for proper pairs: (1, 705)
[M::mem_pestat] skip orientation RF as there are not enough pairs
[M::mem_pestat] analyzing insert size distribution for orientation RR...
[M::mem_pestat] (25, 50, 75) percentile: (178, 269, 311)
[M::mem_pestat] low and high boundaries for computing mean and std.dev: (1, 577)
[M::mem_pestat] mean and std.dev: (245.57, 99.34)
[M::mem_pestat] low and high boundaries for proper pairs: (1, 710)
[M::mem_pestat] skip orientation FF
[M::mem_pestat] skip orientation RR
[M::mem_process_seqs] Processed 135170 reads in 19.183 CPU sec, 9.692 real sec
[M::process] read 135308 sequences (20000267 bp)...
[M::mem_pestat] # candidate unique pairs for (FF, FR, RF, RR): (36, 55022, 1, 45)
[M::mem_pestat] analyzing insert size distribution for orientation FF...
[M::mem_pestat] (25, 50, 75) percentile: (190, 271, 324)
[M::mem_pestat] low and high boundaries for computing mean and std.dev: (1, 592)
[M::mem_pestat] mean and std.dev: (264.33, 95.63)
[M::mem_pestat] low and high boundaries for proper pairs: (1, 726)
[M::mem_pestat] analyzing insert size distribution for orientation FR...
[M::mem_pestat] (25, 50, 75) percentile: (265, 320, 376)
[M::mem_pestat] low and high boundaries for computing mean and std.dev: (43, 598)
[M::mem_pestat] mean and std.dev: (321.67, 81.72)
[M::mem_pestat] low and high boundaries for proper pairs: (1, 709)
[M::mem_pestat] skip orientation RF as there are not enough pairs
[M::mem_pestat] analyzing insert size distribution for orientation RR...
[M::mem_pestat] (25, 50, 75) percentile: (200, 239, 333)
[M::mem_pestat] low and high boundaries for computing mean and std.dev: (1, 599)
[M::mem_pestat] mean and std.dev: (242.21, 83.62)
[M::mem_pestat] low and high boundaries for proper pairs: (1, 732)
[M::mem_pestat] skip orientation FF
[M::mem_pestat] skip orientation RR
[M::mem_process_seqs] Processed 135204 reads in 19.019 CPU sec, 9.610 real sec
[M::process] read 135370 sequences (20000181 bp)...
[M::mem_pestat] # candidate unique pairs for (FF, FR, RF, RR): (23, 55258, 3, 30)
[M::mem_pestat] analyzing insert size distribution for orientation FF...
[M::mem_pestat] (25, 50, 75) percentile: (191, 225, 331)
[M::mem_pestat] low and high boundaries for computing mean and std.dev: (1, 611)
[M::mem_pestat] mean and std.dev: (259.57, 102.19)
[M::mem_pestat] low and high boundaries for proper pairs: (1, 751)
[M::mem_pestat] analyzing insert size distribution for orientation FR...
[M::mem_pestat] (25, 50, 75) percentile: (265, 320, 375)
[M::mem_pestat] low and high boundaries for computing mean and std.dev: (45, 595)
[M::mem_pestat] mean and std.dev: (321.32, 81.41)
[M::mem_pestat] low and high boundaries for proper pairs: (1, 705)
[M::mem_pestat] skip orientation RF as there are not enough pairs
[M::mem_pestat] analyzing insert size distribution for orientation RR...
[M::mem_pestat] (25, 50, 75) percentile: (154, 259, 296)
[M::mem_pestat] low and high boundaries for computing mean and std.dev: (1, 580)
[M::mem_pestat] mean and std.dev: (238.38, 100.99)
[M::mem_pestat] low and high boundaries for proper pairs: (1, 722)
[M::mem_pestat] skip orientation FF
[M::mem_pestat] skip orientation RR
[M::mem_process_seqs] Processed 135308 reads in 19.037 CPU sec, 9.617 real sec
[M::process] read 135656 sequences (20000163 bp)...
[M::mem_pestat] # candidate unique pairs for (FF, FR, RF, RR): (24, 55091, 3, 30)
[M::mem_pestat] analyzing insert size distribution for orientation FF...
[M::mem_pestat] (25, 50, 75) percentile: (186, 264, 310)
[M::mem_pestat] low and high boundaries for computing mean and std.dev: (1, 558)
[M::mem_pestat] mean and std.dev: (251.08, 93.57)
[M::mem_pestat] low and high boundaries for proper pairs: (1, 682)
[M::mem_pestat] analyzing insert size distribution for orientation FR...
[M::mem_pestat] (25, 50, 75) percentile: (265, 320, 375)
[M::mem_pestat] low and high boundaries for computing mean and std.dev: (45, 595)
[M::mem_pestat] mean and std.dev: (321.24, 81.14)
[M::mem_pestat] low and high boundaries for proper pairs: (1, 705)
[M::mem_pestat] skip orientation RF as there are not enough pairs
[M::mem_pestat] analyzing insert size distribution for orientation RR...
[M::mem_pestat] (25, 50, 75) percentile: (159, 225, 263)
[M::mem_pestat] low and high boundaries for computing mean and std.dev: (1, 471)
[M::mem_pestat] mean and std.dev: (222.25, 102.29)
[M::mem_pestat] low and high boundaries for proper pairs: (1, 631)
[M::mem_pestat] skip orientation FF
[M::mem_pestat] skip orientation RR
[M::mem_process_seqs] Processed 135370 reads in 19.208 CPU sec, 9.701 real sec
[M::process] read 135918 sequences (20000000 bp)...
[M::mem_pestat] # candidate unique pairs for (FF, FR, RF, RR): (27, 55424, 6, 30)
[M::mem_pestat] analyzing insert size distribution for orientation FF...
[M::mem_pestat] (25, 50, 75) percentile: (197, 250, 329)
[M::mem_pestat] low and high boundaries for computing mean and std.dev: (1, 593)
[M::mem_pestat] mean and std.dev: (258.68, 91.89)
[M::mem_pestat] low and high boundaries for proper pairs: (1, 725)
[M::mem_pestat] analyzing insert size distribution for orientation FR...
[M::mem_pestat] (25, 50, 75) percentile: (264, 319, 374)
[M::mem_pestat] low and high boundaries for computing mean and std.dev: (44, 594)
[M::mem_pestat] mean and std.dev: (320.26, 80.95)
[M::mem_pestat] low and high boundaries for proper pairs: (1, 704)
[M::mem_pestat] skip orientation RF as there are not enough pairs
[M::mem_pestat] analyzing insert size distribution for orientation RR...
[M::mem_pestat] (25, 50, 75) percentile: (162, 257, 286)
[M::mem_pestat] low and high boundaries for computing mean and std.dev: (1, 534)
[M::mem_pestat] mean and std.dev: (224.43, 69.98)
[M::mem_pestat] low and high boundaries for proper pairs: (1, 658)
[M::mem_pestat] skip orientation FF
[M::mem_pestat] skip orientation RR
[M::mem_process_seqs] Processed 135656 reads in 19.519 CPU sec, 9.867 real sec
[M::process] read 136172 sequences (20000212 bp)...
[M::mem_pestat] # candidate unique pairs for (FF, FR, RF, RR): (24, 55293, 3, 40)
[M::mem_pestat] analyzing insert size distribution for orientation FF...
[M::mem_pestat] (25, 50, 75) percentile: (153, 242, 327)
[M::mem_pestat] low and high boundaries for computing mean and std.dev: (1, 675)
[M::mem_pestat] mean and std.dev: (240.79, 91.54)
[M::mem_pestat] low and high boundaries for proper pairs: (1, 849)
[M::mem_pestat] analyzing insert size distribution for orientation FR...
[M::mem_pestat] (25, 50, 75) percentile: (264, 318, 373)
[M::mem_pestat] low and high boundaries for computing mean and std.dev: (46, 591)
[M::mem_pestat] mean and std.dev: (319.90, 80.90)
[M::mem_pestat] low and high boundaries for proper pairs: (1, 700)
[M::mem_pestat] skip orientation RF as there are not enough pairs
[M::mem_pestat] analyzing insert size distribution for orientation RR...
[M::mem_pestat] (25, 50, 75) percentile: (201, 273, 350)
[M::mem_pestat] low and high boundaries for computing mean and std.dev: (1, 648)
[M::mem_pestat] mean and std.dev: (257.84, 92.40)
[M::mem_pestat] low and high boundaries for proper pairs: (1, 797)
[M::mem_pestat] skip orientation FF
[M::mem_pestat] skip orientation RR
[M::mem_process_seqs] Processed 135918 reads in 19.685 CPU sec, 9.943 real sec
[M::process] read 136552 sequences (20000246 bp)...
[M::mem_pestat] # candidate unique pairs for (FF, FR, RF, RR): (29, 55525, 3, 41)
[M::mem_pestat] analyzing insert size distribution for orientation FF...
[M::mem_pestat] (25, 50, 75) percentile: (126, 191, 309)
[M::mem_pestat] low and high boundaries for computing mean and std.dev: (1, 675)
[M::mem_pestat] mean and std.dev: (205.63, 94.73)
[M::mem_pestat] low and high boundaries for proper pairs: (1, 858)
[M::mem_pestat] analyzing insert size distribution for orientation FR...
[M::mem_pestat] (25, 50, 75) percentile: (264, 319, 373)
[M::mem_pestat] low and high boundaries for computing mean and std.dev: (46, 591)
[M::mem_pestat] mean and std.dev: (319.83, 80.65)
[M::mem_pestat] low and high boundaries for proper pairs: (1, 700)
[M::mem_pestat] skip orientation RF as there are not enough pairs
[M::mem_pestat] analyzing insert size distribution for orientation RR...
[M::mem_pestat] (25, 50, 75) percentile: (170, 225, 281)
[M::mem_pestat] low and high boundaries for computing mean and std.dev: (1, 503)
[M::mem_pestat] mean and std.dev: (218.46, 66.86)
[M::mem_pestat] low and high boundaries for proper pairs: (1, 614)
[M::mem_pestat] skip orientation FF
[M::mem_pestat] skip orientation RR
[M::mem_process_seqs] Processed 136172 reads in 19.713 CPU sec, 9.958 real sec
[M::process] read 136274 sequences (20000045 bp)...
[M::mem_pestat] # candidate unique pairs for (FF, FR, RF, RR): (43, 55741, 1, 33)
[M::mem_pestat] analyzing insert size distribution for orientation FF...
[M::mem_pestat] (25, 50, 75) percentile: (201, 251, 307)
[M::mem_pestat] low and high boundaries for computing mean and std.dev: (1, 519)
[M::mem_pestat] mean and std.dev: (243.24, 68.96)
[M::mem_pestat] low and high boundaries for proper pairs: (1, 625)
[M::mem_pestat] analyzing insert size distribution for orientation FR...
[M::mem_pestat] (25, 50, 75) percentile: (263, 318, 373)
[M::mem_pestat] low and high boundaries for computing mean and std.dev: (43, 593)
[M::mem_pestat] mean and std.dev: (319.44, 80.65)
[M::mem_pestat] low and high boundaries for proper pairs: (1, 703)
[M::mem_pestat] skip orientation RF as there are not enough pairs
[M::mem_pestat] analyzing insert size distribution for orientation RR...
[M::mem_pestat] (25, 50, 75) percentile: (207, 259, 308)
[M::mem_pestat] low and high boundaries for computing mean and std.dev: (5, 510)
[M::mem_pestat] mean and std.dev: (249.22, 74.26)
[M::mem_pestat] low and high boundaries for proper pairs: (1, 611)
[M::mem_pestat] skip orientation FF
[M::mem_pestat] skip orientation RR
[M::mem_process_seqs] Processed 136552 reads in 19.491 CPU sec, 9.852 real sec
[M::process] read 135906 sequences (20000153 bp)...
[M::mem_pestat] # candidate unique pairs for (FF, FR, RF, RR): (39, 55587, 2, 37)
[M::mem_pestat] analyzing insert size distribution for orientation FF...
[M::mem_pestat] (25, 50, 75) percentile: (141, 192, 274)
[M::mem_pestat] low and high boundaries for computing mean and std.dev: (1, 540)
[M::mem_pestat] mean and std.dev: (203.16, 98.18)
[M::mem_pestat] low and high boundaries for proper pairs: (1, 673)
[M::mem_pestat] analyzing insert size distribution for orientation FR...
[M::mem_pestat] (25, 50, 75) percentile: (263, 318, 372)
[M::mem_pestat] low and high boundaries for computing mean and std.dev: (45, 590)
[M::mem_pestat] mean and std.dev: (319.31, 80.63)
[M::mem_pestat] low and high boundaries for proper pairs: (1, 699)
[M::mem_pestat] skip orientation RF as there are not enough pairs
[M::mem_pestat] analyzing insert size distribution for orientation RR...
[M::mem_pestat] (25, 50, 75) percentile: (201, 239, 317)
[M::mem_pestat] low and high boundaries for computing mean and std.dev: (1, 549)
[M::mem_pestat] mean and std.dev: (245.75, 77.80)
[M::mem_pestat] low and high boundaries for proper pairs: (1, 665)
[M::mem_pestat] skip orientation FF
[M::mem_pestat] skip orientation RR
[M::mem_process_seqs] Processed 136274 reads in 20.395 CPU sec, 10.303 real sec
[M::process] read 135504 sequences (20000254 bp)...
[M::mem_pestat] # candidate unique pairs for (FF, FR, RF, RR): (21, 55210, 3, 49)
[M::mem_pestat] analyzing insert size distribution for orientation FF...
[M::mem_pestat] (25, 50, 75) percentile: (219, 262, 339)
[M::mem_pestat] low and high boundaries for computing mean and std.dev: (1, 579)
[M::mem_pestat] mean and std.dev: (274.81, 76.73)
[M::mem_pestat] low and high boundaries for proper pairs: (1, 699)
[M::mem_pestat] analyzing insert size distribution for orientation FR...
[M::mem_pestat] (25, 50, 75) percentile: (265, 320, 375)
[M::mem_pestat] low and high boundaries for computing mean and std.dev: (45, 595)
[M::mem_pestat] mean and std.dev: (321.22, 81.32)
[M::mem_pestat] low and high boundaries for proper pairs: (1, 705)
[M::mem_pestat] skip orientation RF as there are not enough pairs
[M::mem_pestat] analyzing insert size distribution for orientation RR...
[M::mem_pestat] (25, 50, 75) percentile: (186, 265, 312)
[M::mem_pestat] low and high boundaries for computing mean and std.dev: (1, 564)
[M::mem_pestat] mean and std.dev: (261.33, 84.72)
[M::mem_pestat] low and high boundaries for proper pairs: (1, 690)
[M::mem_pestat] skip orientation FF
[M::mem_pestat] skip orientation RR
[M::mem_process_seqs] Processed 135906 reads in 19.411 CPU sec, 9.805 real sec
[M::process] read 135366 sequences (20000186 bp)...
[M::mem_pestat] # candidate unique pairs for (FF, FR, RF, RR): (25, 55095, 0, 56)
[M::mem_pestat] analyzing insert size distribution for orientation FF...
[M::mem_pestat] (25, 50, 75) percentile: (190, 219, 272)
[M::mem_pestat] low and high boundaries for computing mean and std.dev: (26, 436)
[M::mem_pestat] mean and std.dev: (218.09, 59.60)
[M::mem_pestat] low and high boundaries for proper pairs: (1, 518)
[M::mem_pestat] analyzing insert size distribution for orientation FR...
[M::mem_pestat] (25, 50, 75) percentile: (266, 321, 376)
[M::mem_pestat] low and high boundaries for computing mean and std.dev: (46, 596)
[M::mem_pestat] mean and std.dev: (322.27, 81.53)
[M::mem_pestat] low and high boundaries for proper pairs: (1, 706)
[M::mem_pestat] skip orientation RF as there are not enough pairs
[M::mem_pestat] analyzing insert size distribution for orientation RR...
[M::mem_pestat] (25, 50, 75) percentile: (173, 246, 290)
[M::mem_pestat] low and high boundaries for computing mean and std.dev: (1, 524)
[M::mem_pestat] mean and std.dev: (233.57, 71.91)
[M::mem_pestat] low and high boundaries for proper pairs: (1, 641)
[M::mem_pestat] skip orientation FF
[M::mem_pestat] skip orientation RR
[M::mem_process_seqs] Processed 135504 reads in 19.315 CPU sec, 9.761 real sec
[M::process] read 135186 sequences (20000013 bp)...
[M::mem_pestat] # candidate unique pairs for (FF, FR, RF, RR): (43, 55112, 2, 35)
[M::mem_pestat] analyzing insert size distribution for orientation FF...
[M::mem_pestat] (25, 50, 75) percentile: (220, 283, 312)
[M::mem_pestat] low and high boundaries for computing mean and std.dev: (36, 496)
[M::mem_pestat] mean and std.dev: (254.67, 76.88)
[M::mem_pestat] low and high boundaries for proper pairs: (1, 588)
[M::mem_pestat] analyzing insert size distribution for orientation FR...
[M::mem_pestat] (25, 50, 75) percentile: (266, 321, 376)
[M::mem_pestat] low and high boundaries for computing mean and std.dev: (46, 596)
[M::mem_pestat] mean and std.dev: (322.46, 81.56)
[M::mem_pestat] low and high boundaries for proper pairs: (1, 706)
[M::mem_pestat] skip orientation RF as there are not enough pairs
[M::mem_pestat] analyzing insert size distribution for orientation RR...
[M::mem_pestat] (25, 50, 75) percentile: (182, 217, 332)
[M::mem_pestat] low and high boundaries for computing mean and std.dev: (1, 632)
[M::mem_pestat] mean and std.dev: (249.29, 98.55)
[M::mem_pestat] low and high boundaries for proper pairs: (1, 782)
[M::mem_pestat] skip orientation FF
[M::mem_pestat] skip orientation RR
[M::mem_process_seqs] Processed 135366 reads in 19.830 CPU sec, 13.772 real sec
[M::process] read 135152 sequences (20000241 bp)...
[M::mem_pestat] # candidate unique pairs for (FF, FR, RF, RR): (28, 54960, 0, 30)
[M::mem_pestat] analyzing insert size distribution for orientation FF...
[M::mem_pestat] (25, 50, 75) percentile: (164, 218, 303)
[M::mem_pestat] low and high boundaries for computing mean and std.dev: (1, 581)
[M::mem_pestat] mean and std.dev: (222.04, 88.77)
[M::mem_pestat] low and high boundaries for proper pairs: (1, 720)
[M::mem_pestat] analyzing insert size distribution for orientation FR...
[M::mem_pestat] (25, 50, 75) percentile: (265, 319, 375)
[M::mem_pestat] low and high boundaries for computing mean and std.dev: (45, 595)
[M::mem_pestat] mean and std.dev: (320.67, 81.42)
[M::mem_pestat] low and high boundaries for proper pairs: (1, 705)
[M::mem_pestat] skip orientation RF as there are not enough pairs
[M::mem_pestat] analyzing insert size distribution for orientation RR...
[M::mem_pestat] (25, 50, 75) percentile: (203, 257, 338)
[M::mem_pestat] low and high boundaries for computing mean and std.dev: (1, 608)
[M::mem_pestat] mean and std.dev: (270.17, 85.47)
[M::mem_pestat] low and high boundaries for proper pairs: (1, 743)
[M::mem_pestat] skip orientation FF
[M::mem_pestat] skip orientation RR
[M::mem_process_seqs] Processed 135186 reads in 19.080 CPU sec, 9.635 real sec
[M::process] read 135106 sequences (20000184 bp)...
[M::mem_pestat] # candidate unique pairs for (FF, FR, RF, RR): (25, 54976, 2, 31)
[M::mem_pestat] analyzing insert size distribution for orientation FF...
[M::mem_pestat] (25, 50, 75) percentile: (144, 213, 275)
[M::mem_pestat] low and high boundaries for computing mean and std.dev: (1, 537)
[M::mem_pestat] mean and std.dev: (211.21, 88.51)
[M::mem_pestat] low and high boundaries for proper pairs: (1, 668)
[M::mem_pestat] analyzing insert size distribution for orientation FR...
[M::mem_pestat] (25, 50, 75) percentile: (264, 319, 374)
[M::mem_pestat] low and high boundaries for computing mean and std.dev: (44, 594)
[M::mem_pestat] mean and std.dev: (319.85, 81.41)
[M::mem_pestat] low and high boundaries for proper pairs: (1, 704)
[M::mem_pestat] skip orientation RF as there are not enough pairs
[M::mem_pestat] analyzing insert size distribution for orientation RR...
[M::mem_pestat] (25, 50, 75) percentile: (167, 212, 299)
[M::mem_pestat] low and high boundaries for computing mean and std.dev: (1, 563)
[M::mem_pestat] mean and std.dev: (222.10, 85.51)
[M::mem_pestat] low and high boundaries for proper pairs: (1, 695)
[M::mem_pestat] skip orientation FF
[M::mem_pestat] skip orientation RR
[M::mem_process_seqs] Processed 135152 reads in 19.170 CPU sec, 9.686 real sec
[M::process] read 135144 sequences (20000245 bp)...
[M::mem_pestat] # candidate unique pairs for (FF, FR, RF, RR): (46, 54906, 2, 26)
[M::mem_pestat] analyzing insert size distribution for orientation FF...
[M::mem_pestat] (25, 50, 75) percentile: (150, 216, 283)
[M::mem_pestat] low and high boundaries for computing mean and std.dev: (1, 549)
[M::mem_pestat] mean and std.dev: (212.47, 80.05)
[M::mem_pestat] low and high boundaries for proper pairs: (1, 682)
[M::mem_pestat] analyzing insert size distribution for orientation FR...
[M::mem_pestat] (25, 50, 75) percentile: (263, 318, 374)
[M::mem_pestat] low and high boundaries for computing mean and std.dev: (41, 596)
[M::mem_pestat] mean and std.dev: (320.06, 82.07)
[M::mem_pestat] low and high boundaries for proper pairs: (1, 707)
[M::mem_pestat] skip orientation RF as there are not enough pairs
[M::mem_pestat] analyzing insert size distribution for orientation RR...
[M::mem_pestat] (25, 50, 75) percentile: (176, 235, 271)
[M::mem_pestat] low and high boundaries for computing mean and std.dev: (1, 461)
[M::mem_pestat] mean and std.dev: (225.62, 72.63)
[M::mem_pestat] low and high boundaries for proper pairs: (1, 556)
[M::mem_pestat] skip orientation FF
[M::mem_pestat] skip orientation RR
[M::mem_process_seqs] Processed 135106 reads in 19.092 CPU sec, 9.641 real sec
[M::process] read 135162 sequences (20000215 bp)...
[M::mem_pestat] # candidate unique pairs for (FF, FR, RF, RR): (30, 54889, 0, 33)
[M::mem_pestat] analyzing insert size distribution for orientation FF...
[M::mem_pestat] (25, 50, 75) percentile: (183, 235, 317)
[M::mem_pestat] low and high boundaries for computing mean and std.dev: (1, 585)
[M::mem_pestat] mean and std.dev: (257.77, 112.37)
[M::mem_pestat] low and high boundaries for proper pairs: (1, 719)
[M::mem_pestat] analyzing insert size distribution for orientation FR...
[M::mem_pestat] (25, 50, 75) percentile: (263, 318, 375)
[M::mem_pestat] low and high boundaries for computing mean and std.dev: (39, 599)
[M::mem_pestat] mean and std.dev: (320.13, 82.38)
[M::mem_pestat] low and high boundaries for proper pairs: (1, 711)
[M::mem_pestat] skip orientation RF as there are not enough pairs
[M::mem_pestat] analyzing insert size distribution for orientation RR...
[M::mem_pestat] (25, 50, 75) percentile: (188, 239, 295)
[M::mem_pestat] low and high boundaries for computing mean and std.dev: (1, 509)
[M::mem_pestat] mean and std.dev: (239.38, 69.06)
[M::mem_pestat] low and high boundaries for proper pairs: (1, 616)
[M::mem_pestat] skip orientation FF
[M::mem_pestat] skip orientation RR
[M::mem_process_seqs] Processed 135144 reads in 19.294 CPU sec, 9.742 real sec
[M::process] read 135148 sequences (20000173 bp)...
[M::mem_pestat] # candidate unique pairs for (FF, FR, RF, RR): (39, 54918, 1, 40)
[M::mem_pestat] analyzing insert size distribution for orientation FF...
[M::mem_pestat] (25, 50, 75) percentile: (197, 230, 269)
[M::mem_pestat] low and high boundaries for computing mean and std.dev: (53, 413)
[M::mem_pestat] mean and std.dev: (224.68, 57.94)
[M::mem_pestat] low and high boundaries for proper pairs: (1, 485)
[M::mem_pestat] analyzing insert size distribution for orientation FR...
[M::mem_pestat] (25, 50, 75) percentile: (264, 319, 374)
[M::mem_pestat] low and high boundaries for computing mean and std.dev: (44, 594)
[M::mem_pestat] mean and std.dev: (319.92, 81.49)
[M::mem_pestat] low and high boundaries for proper pairs: (1, 704)
[M::mem_pestat] skip orientation RF as there are not enough pairs
[M::mem_pestat] analyzing insert size distribution for orientation RR...
[M::mem_pestat] (25, 50, 75) percentile: (173, 241, 336)
[M::mem_pestat] low and high boundaries for computing mean and std.dev: (1, 662)
[M::mem_pestat] mean and std.dev: (239.47, 90.60)
[M::mem_pestat] low and high boundaries for proper pairs: (1, 825)
[M::mem_pestat] skip orientation FF
[M::mem_pestat] skip orientation RR
[M::mem_process_seqs] Processed 135162 reads in 19.227 CPU sec, 9.716 real sec
[M::process] read 135134 sequences (20000210 bp)...
[M::mem_pestat] # candidate unique pairs for (FF, FR, RF, RR): (35, 55000, 1, 44)
[M::mem_pestat] analyzing insert size distribution for orientation FF...
[M::mem_pestat] (25, 50, 75) percentile: (191, 226, 294)
[M::mem_pestat] low and high boundaries for computing mean and std.dev: (1, 500)
[M::mem_pestat] mean and std.dev: (243.79, 79.80)
[M::mem_pestat] low and high boundaries for proper pairs: (1, 603)
[M::mem_pestat] analyzing insert size distribution for orientation FR...
[M::mem_pestat] (25, 50, 75) percentile: (263, 319, 374)
[M::mem_pestat] low and high boundaries for computing mean and std.dev: (41, 596)
[M::mem_pestat] mean and std.dev: (319.90, 81.62)
[M::mem_pestat] low and high boundaries for proper pairs: (1, 707)
[M::mem_pestat] skip orientation RF as there are not enough pairs
[M::mem_pestat] analyzing insert size distribution for orientation RR...
[M::mem_pestat] (25, 50, 75) percentile: (184, 234, 293)
[M::mem_pestat] low and high boundaries for computing mean and std.dev: (1, 511)
[M::mem_pestat] mean and std.dev: (232.00, 82.91)
[M::mem_pestat] low and high boundaries for proper pairs: (1, 620)
[M::mem_pestat] skip orientation FF
[M::mem_pestat] skip orientation RR
[M::mem_process_seqs] Processed 135148 reads in 19.398 CPU sec, 9.797 real sec
[M::process] read 135140 sequences (20000294 bp)...
[M::mem_pestat] # candidate unique pairs for (FF, FR, RF, RR): (26, 54976, 2, 42)
[M::mem_pestat] analyzing insert size distribution for orientation FF...
[M::mem_pestat] (25, 50, 75) percentile: (177, 248, 383)
[M::mem_pestat] low and high boundaries for computing mean and std.dev: (1, 795)
[M::mem_pestat] mean and std.dev: (234.68, 92.36)
[M::mem_pestat] low and high boundaries for proper pairs: (1, 1001)
[M::mem_pestat] analyzing insert size distribution for orientation FR...
[M::mem_pestat] (25, 50, 75) percentile: (263, 318, 374)
[M::mem_pestat] low and high boundaries for computing mean and std.dev: (41, 596)
[M::mem_pestat] mean and std.dev: (320.02, 81.67)
[M::mem_pestat] low and high boundaries for proper pairs: (1, 707)
[M::mem_pestat] skip orientation RF as there are not enough pairs
[M::mem_pestat] analyzing insert size distribution for orientation RR...
[M::mem_pestat] (25, 50, 75) percentile: (199, 243, 353)
[M::mem_pestat] low and high boundaries for computing mean and std.dev: (1, 661)
[M::mem_pestat] mean and std.dev: (250.90, 84.51)
[M::mem_pestat] low and high boundaries for proper pairs: (1, 815)
[M::mem_pestat] skip orientation FF
[M::mem_pestat] skip orientation RR
[M::mem_process_seqs] Processed 135134 reads in 19.489 CPU sec, 9.845 real sec
[M::process] read 135090 sequences (20000295 bp)...
[M::mem_pestat] # candidate unique pairs for (FF, FR, RF, RR): (39, 54961, 2, 32)
[M::mem_pestat] analyzing insert size distribution for orientation FF...
[M::mem_pestat] (25, 50, 75) percentile: (168, 230, 322)
[M::mem_pestat] low and high boundaries for computing mean and std.dev: (1, 630)
[M::mem_pestat] mean and std.dev: (232.57, 105.03)
[M::mem_pestat] low and high boundaries for proper pairs: (1, 784)
[M::mem_pestat] analyzing insert size distribution for orientation FR...
[M::mem_pestat] (25, 50, 75) percentile: (263, 318, 374)
[M::mem_pestat] low and high boundaries for computing mean and std.dev: (41, 596)
[M::mem_pestat] mean and std.dev: (319.60, 82.04)
[M::mem_pestat] low and high boundaries for proper pairs: (1, 707)
[M::mem_pestat] skip orientation RF as there are not enough pairs
[M::mem_pestat] analyzing insert size distribution for orientation RR...
[M::mem_pestat] (25, 50, 75) percentile: (199, 263, 299)
[M::mem_pestat] low and high boundaries for computing mean and std.dev: (1, 499)
[M::mem_pestat] mean and std.dev: (254.16, 76.16)
[M::mem_pestat] low and high boundaries for proper pairs: (1, 599)
[M::mem_pestat] skip orientation FF
[M::mem_pestat] skip orientation RR
[M::mem_process_seqs] Processed 135140 reads in 19.033 CPU sec, 9.621 real sec
[M::process] read 135118 sequences (20000160 bp)...
[M::mem_pestat] # candidate unique pairs for (FF, FR, RF, RR): (28, 55162, 1, 42)
[M::mem_pestat] analyzing insert size distribution for orientation FF...
[M::mem_pestat] (25, 50, 75) percentile: (179, 232, 301)
[M::mem_pestat] low and high boundaries for computing mean and std.dev: (1, 545)
[M::mem_pestat] mean and std.dev: (224.64, 83.85)
[M::mem_pestat] low and high boundaries for proper pairs: (1, 667)
[M::mem_pestat] analyzing insert size distribution for orientation FR...
[M::mem_pestat] (25, 50, 75) percentile: (263, 319, 374)
[M::mem_pestat] low and high boundaries for computing mean and std.dev: (41, 596)
[M::mem_pestat] mean and std.dev: (319.67, 81.79)
[M::mem_pestat] low and high boundaries for proper pairs: (1, 707)
[M::mem_pestat] skip orientation RF as there are not enough pairs
[M::mem_pestat] analyzing insert size distribution for orientation RR...
[M::mem_pestat] (25, 50, 75) percentile: (237, 265, 327)
[M::mem_pestat] low and high boundaries for computing mean and std.dev: (57, 507)
[M::mem_pestat] mean and std.dev: (268.85, 80.29)
[M::mem_pestat] low and high boundaries for proper pairs: (1, 597)
[M::mem_pestat] skip orientation FF
[M::mem_pestat] skip orientation RR
[M::mem_process_seqs] Processed 135090 reads in 19.063 CPU sec, 9.636 real sec
[M::process] read 135106 sequences (20000044 bp)...
[M::mem_pestat] # candidate unique pairs for (FF, FR, RF, RR): (36, 54986, 3, 31)
[M::mem_pestat] analyzing insert size distribution for orientation FF...
[M::mem_pestat] (25, 50, 75) percentile: (207, 248, 292)
[M::mem_pestat] low and high boundaries for computing mean and std.dev: (37, 462)
[M::mem_pestat] mean and std.dev: (249.72, 67.05)
[M::mem_pestat] low and high boundaries for proper pairs: (1, 547)
[M::mem_pestat] analyzing insert size distribution for orientation FR...
[M::mem_pestat] (25, 50, 75) percentile: (263, 319, 375)
[M::mem_pestat] low and high boundaries for computing mean and std.dev: (39, 599)
[M::mem_pestat] mean and std.dev: (320.40, 82.10)
[M::mem_pestat] low and high boundaries for proper pairs: (1, 711)
[M::mem_pestat] skip orientation RF as there are not enough pairs
[M::mem_pestat] analyzing insert size distribution for orientation RR...
[M::mem_pestat] (25, 50, 75) percentile: (155, 228, 336)
[M::mem_pestat] low and high boundaries for computing mean and std.dev: (1, 698)
[M::mem_pestat] mean and std.dev: (234.60, 124.52)
[M::mem_pestat] low and high boundaries for proper pairs: (1, 879)
[M::mem_pestat] skip orientation FF
[M::mem_pestat] skip orientation RR
[M::mem_process_seqs] Processed 135118 reads in 19.315 CPU sec, 9.758 real sec
[M::process] read 135078 sequences (20000041 bp)...
[M::mem_pestat] # candidate unique pairs for (FF, FR, RF, RR): (33, 54840, 1, 54)
[M::mem_pestat] analyzing insert size distribution for orientation FF...
[M::mem_pestat] (25, 50, 75) percentile: (204, 266, 331)
[M::mem_pestat] low and high boundaries for computing mean and std.dev: (1, 585)
[M::mem_pestat] mean and std.dev: (268.64, 78.87)
[M::mem_pestat] low and high boundaries for proper pairs: (1, 712)
[M::mem_pestat] analyzing insert size distribution for orientation FR...
[M::mem_pestat] (25, 50, 75) percentile: (264, 318, 374)
[M::mem_pestat] low and high boundaries for computing mean and std.dev: (44, 594)
[M::mem_pestat] mean and std.dev: (319.82, 81.25)
[M::mem_pestat] low and high boundaries for proper pairs: (1, 704)
[M::mem_pestat] skip orientation RF as there are not enough pairs
[M::mem_pestat] analyzing insert size distribution for orientation RR...
[M::mem_pestat] (25, 50, 75) percentile: (192, 274, 413)
[M::mem_pestat] low and high boundaries for computing mean and std.dev: (1, 855)
[M::mem_pestat] mean and std.dev: (281.06, 114.37)
[M::mem_pestat] low and high boundaries for proper pairs: (1, 1076)
[M::mem_pestat] skip orientation FF
[M::mem_pestat] skip orientation RR
[M::mem_process_seqs] Processed 135106 reads in 19.076 CPU sec, 9.640 real sec
[M::process] read 135062 sequences (20000160 bp)...
[M::mem_pestat] # candidate unique pairs for (FF, FR, RF, RR): (39, 55017, 1, 43)
[M::mem_pestat] analyzing insert size distribution for orientation FF...
[M::mem_pestat] (25, 50, 75) percentile: (184, 253, 307)
[M::mem_pestat] low and high boundaries for computing mean and std.dev: (1, 553)
[M::mem_pestat] mean and std.dev: (237.78, 73.97)
[M::mem_pestat] low and high boundaries for proper pairs: (1, 676)
[M::mem_pestat] analyzing insert size distribution for orientation FR...
[M::mem_pestat] (25, 50, 75) percentile: (264, 319, 375)
[M::mem_pestat] low and high boundaries for computing mean and std.dev: (42, 597)
[M::mem_pestat] mean and std.dev: (320.72, 81.63)
[M::mem_pestat] low and high boundaries for proper pairs: (1, 708)
[M::mem_pestat] skip orientation RF as there are not enough pairs
[M::mem_pestat] analyzing insert size distribution for orientation RR...
[M::mem_pestat] (25, 50, 75) percentile: (234, 275, 309)
[M::mem_pestat] low and high boundaries for computing mean and std.dev: (84, 459)
[M::mem_pestat] mean and std.dev: (270.62, 80.06)
[M::mem_pestat] low and high boundaries for proper pairs: (1, 591)
[M::mem_pestat] skip orientation FF
[M::mem_pestat] skip orientation RR
[M::mem_process_seqs] Processed 135078 reads in 18.996 CPU sec, 9.594 real sec
[M::process] read 135010 sequences (20000150 bp)...
[M::mem_pestat] # candidate unique pairs for (FF, FR, RF, RR): (31, 54718, 2, 48)
[M::mem_pestat] analyzing insert size distribution for orientation FF...
[M::mem_pestat] (25, 50, 75) percentile: (187, 269, 301)
[M::mem_pestat] low and high boundaries for computing mean and std.dev: (1, 529)
[M::mem_pestat] mean and std.dev: (243.58, 71.68)
[M::mem_pestat] low and high boundaries for proper pairs: (1, 643)
[M::mem_pestat] analyzing insert size distribution for orientation FR...
[M::mem_pestat] (25, 50, 75) percentile: (264, 318, 375)
[M::mem_pestat] low and high boundaries for computing mean and std.dev: (42, 597)
[M::mem_pestat] mean and std.dev: (320.18, 81.52)
[M::mem_pestat] low and high boundaries for proper pairs: (1, 708)
[M::mem_pestat] skip orientation RF as there are not enough pairs
[M::mem_pestat] analyzing insert size distribution for orientation RR...
[M::mem_pestat] (25, 50, 75) percentile: (226, 274, 337)
[M::mem_pestat] low and high boundaries for computing mean and std.dev: (4, 559)
[M::mem_pestat] mean and std.dev: (269.51, 74.44)
[M::mem_pestat] low and high boundaries for proper pairs: (1, 670)
[M::mem_pestat] skip orientation FF
[M::mem_pestat] skip orientation RR
[M::mem_process_seqs] Processed 135062 reads in 19.255 CPU sec, 9.727 real sec
[M::process] read 135180 sequences (20000257 bp)...
[M::mem_pestat] # candidate unique pairs for (FF, FR, RF, RR): (28, 54730, 3, 35)
[M::mem_pestat] analyzing insert size distribution for orientation FF...
[M::mem_pestat] (25, 50, 75) percentile: (162, 203, 292)
[M::mem_pestat] low and high boundaries for computing mean and std.dev: (1, 552)
[M::mem_pestat] mean and std.dev: (219.68, 67.18)
[M::mem_pestat] low and high boundaries for proper pairs: (1, 682)
[M::mem_pestat] analyzing insert size distribution for orientation FR...
[M::mem_pestat] (25, 50, 75) percentile: (265, 320, 375)
[M::mem_pestat] low and high boundaries for computing mean and std.dev: (45, 595)
[M::mem_pestat] mean and std.dev: (321.31, 81.75)
[M::mem_pestat] low and high boundaries for proper pairs: (1, 705)
[M::mem_pestat] skip orientation RF as there are not enough pairs
[M::mem_pestat] analyzing insert size distribution for orientation RR...
[M::mem_pestat] (25, 50, 75) percentile: (184, 261, 334)
[M::mem_pestat] low and high boundaries for computing mean and std.dev: (1, 634)
[M::mem_pestat] mean and std.dev: (247.79, 92.88)
[M::mem_pestat] low and high boundaries for proper pairs: (1, 784)
[M::mem_pestat] skip orientation FF
[M::mem_pestat] skip orientation RR
[M::mem_process_seqs] Processed 135010 reads in 19.420 CPU sec, 9.812 real sec
[M::process] read 135282 sequences (20000014 bp)...
[M::mem_pestat] # candidate unique pairs for (FF, FR, RF, RR): (37, 55021, 3, 43)
[M::mem_pestat] analyzing insert size distribution for orientation FF...
[M::mem_pestat] (25, 50, 75) percentile: (161, 245, 323)
[M::mem_pestat] low and high boundaries for computing mean and std.dev: (1, 647)
[M::mem_pestat] mean and std.dev: (241.83, 94.83)
[M::mem_pestat] low and high boundaries for proper pairs: (1, 809)
[M::mem_pestat] analyzing insert size distribution for orientation FR...
[M::mem_pestat] (25, 50, 75) percentile: (265, 321, 376)
[M::mem_pestat] low and high boundaries for computing mean and std.dev: (43, 598)
[M::mem_pestat] mean and std.dev: (321.94, 81.91)
[M::mem_pestat] low and high boundaries for proper pairs: (1, 709)
[M::mem_pestat] skip orientation RF as there are not enough pairs
[M::mem_pestat] analyzing insert size distribution for orientation RR...
[M::mem_pestat] (25, 50, 75) percentile: (210, 284, 321)
[M::mem_pestat] low and high boundaries for computing mean and std.dev: (1, 543)
[M::mem_pestat] mean and std.dev: (264.52, 91.96)
[M::mem_pestat] low and high boundaries for proper pairs: (1, 654)
[M::mem_pestat] skip orientation FF
[M::mem_pestat] skip orientation RR
[M::mem_process_seqs] Processed 135180 reads in 19.353 CPU sec, 9.771 real sec
[M::process] read 135434 sequences (20000204 bp)...
[M::mem_pestat] # candidate unique pairs for (FF, FR, RF, RR): (36, 54739, 2, 41)
[M::mem_pestat] analyzing insert size distribution for orientation FF...
[M::mem_pestat] (25, 50, 75) percentile: (189, 249, 330)
[M::mem_pestat] low and high boundaries for computing mean and std.dev: (1, 612)
[M::mem_pestat] mean and std.dev: (240.38, 89.87)
[M::mem_pestat] low and high boundaries for proper pairs: (1, 753)
[M::mem_pestat] analyzing insert size distribution for orientation FR...
[M::mem_pestat] (25, 50, 75) percentile: (266, 320, 375)
[M::mem_pestat] low and high boundaries for computing mean and std.dev: (48, 593)
[M::mem_pestat] mean and std.dev: (321.73, 81.26)
[M::mem_pestat] low and high boundaries for proper pairs: (1, 702)
[M::mem_pestat] skip orientation RF as there are not enough pairs
[M::mem_pestat] analyzing insert size distribution for orientation RR...
[M::mem_pestat] (25, 50, 75) percentile: (173, 261, 326)
[M::mem_pestat] low and high boundaries for computing mean and std.dev: (1, 632)
[M::mem_pestat] mean and std.dev: (264.57, 100.42)
[M::mem_pestat] low and high boundaries for proper pairs: (1, 785)
[M::mem_pestat] skip orientation FF
[M::mem_pestat] skip orientation RR
[M::mem_process_seqs] Processed 135282 reads in 19.580 CPU sec, 9.890 real sec
[M::process] read 135550 sequences (20000268 bp)...
[M::mem_pestat] # candidate unique pairs for (FF, FR, RF, RR): (41, 55265, 1, 37)
[M::mem_pestat] analyzing insert size distribution for orientation FF...
[M::mem_pestat] (25, 50, 75) percentile: (186, 256, 298)
[M::mem_pestat] low and high boundaries for computing mean and std.dev: (1, 522)
[M::mem_pestat] mean and std.dev: (243.76, 79.29)
[M::mem_pestat] low and high boundaries for proper pairs: (1, 634)
[M::mem_pestat] analyzing insert size distribution for orientation FR...
[M::mem_pestat] (25, 50, 75) percentile: (266, 321, 377)
[M::mem_pestat] low and high boundaries for computing mean and std.dev: (44, 599)
[M::mem_pestat] mean and std.dev: (322.54, 81.85)
[M::mem_pestat] low and high boundaries for proper pairs: (1, 710)
[M::mem_pestat] skip orientation RF as there are not enough pairs
[M::mem_pestat] analyzing insert size distribution for orientation RR...
[M::mem_pestat] (25, 50, 75) percentile: (158, 224, 282)
[M::mem_pestat] low and high boundaries for computing mean and std.dev: (1, 530)
[M::mem_pestat] mean and std.dev: (235.54, 101.49)
[M::mem_pestat] low and high boundaries for proper pairs: (1, 654)
[M::mem_pestat] skip orientation FF
[M::mem_pestat] skip orientation RR
[M::mem_process_seqs] Processed 135434 reads in 19.458 CPU sec, 9.831 real sec
[M::process] read 135836 sequences (20000025 bp)...
[M::mem_pestat] # candidate unique pairs for (FF, FR, RF, RR): (27, 55216, 2, 51)
[M::mem_pestat] analyzing insert size distribution for orientation FF...
[M::mem_pestat] (25, 50, 75) percentile: (224, 264, 302)
[M::mem_pestat] low and high boundaries for computing mean and std.dev: (68, 458)
[M::mem_pestat] mean and std.dev: (262.83, 79.21)
[M::mem_pestat] low and high boundaries for proper pairs: (1, 580)
[M::mem_pestat] analyzing insert size distribution for orientation FR...
[M::mem_pestat] (25, 50, 75) percentile: (265, 319, 374)
[M::mem_pestat] low and high boundaries for computing mean and std.dev: (47, 592)
[M::mem_pestat] mean and std.dev: (320.61, 81.09)
[M::mem_pestat] low and high boundaries for proper pairs: (1, 701)
[M::mem_pestat] skip orientation RF as there are not enough pairs
[M::mem_pestat] analyzing insert size distribution for orientation RR...
[M::mem_pestat] (25, 50, 75) percentile: (181, 244, 281)
[M::mem_pestat] low and high boundaries for computing mean and std.dev: (1, 481)
[M::mem_pestat] mean and std.dev: (237.86, 73.53)
[M::mem_pestat] low and high boundaries for proper pairs: (1, 581)
[M::mem_pestat] skip orientation FF
[M::mem_pestat] skip orientation RR
[M::mem_process_seqs] Processed 135550 reads in 19.659 CPU sec, 9.928 real sec
[M::process] read 135942 sequences (20000163 bp)...
[M::mem_pestat] # candidate unique pairs for (FF, FR, RF, RR): (35, 55537, 1, 47)
[M::mem_pestat] analyzing insert size distribution for orientation FF...
[M::mem_pestat] (25, 50, 75) percentile: (205, 240, 326)
[M::mem_pestat] low and high boundaries for computing mean and std.dev: (1, 568)
[M::mem_pestat] mean and std.dev: (255.39, 79.03)
[M::mem_pestat] low and high boundaries for proper pairs: (1, 689)
[M::mem_pestat] analyzing insert size distribution for orientation FR...
[M::mem_pestat] (25, 50, 75) percentile: (265, 319, 374)
[M::mem_pestat] low and high boundaries for computing mean and std.dev: (47, 592)
[M::mem_pestat] mean and std.dev: (320.69, 80.53)
[M::mem_pestat] low and high boundaries for proper pairs: (1, 701)
[M::mem_pestat] skip orientation RF as there are not enough pairs
[M::mem_pestat] analyzing insert size distribution for orientation RR...
[M::mem_pestat] (25, 50, 75) percentile: (181, 235, 304)
[M::mem_pestat] low and high boundaries for computing mean and std.dev: (1, 550)
[M::mem_pestat] mean and std.dev: (242.00, 86.81)
[M::mem_pestat] low and high boundaries for proper pairs: (1, 673)
[M::mem_pestat] skip orientation FF
[M::mem_pestat] skip orientation RR
[M::mem_process_seqs] Processed 135836 reads in 19.560 CPU sec, 9.880 real sec
[M::process] read 136168 sequences (20000244 bp)...
[M::mem_pestat] # candidate unique pairs for (FF, FR, RF, RR): (31, 55244, 1, 25)
[M::mem_pestat] analyzing insert size distribution for orientation FF...
[M::mem_pestat] (25, 50, 75) percentile: (195, 236, 334)
[M::mem_pestat] low and high boundaries for computing mean and std.dev: (1, 612)
[M::mem_pestat] mean and std.dev: (253.63, 109.43)
[M::mem_pestat] low and high boundaries for proper pairs: (1, 751)
[M::mem_pestat] analyzing insert size distribution for orientation FR...
[M::mem_pestat] (25, 50, 75) percentile: (265, 319, 373)
[M::mem_pestat] low and high boundaries for computing mean and std.dev: (49, 589)
[M::mem_pestat] mean and std.dev: (320.14, 80.87)
[M::mem_pestat] low and high boundaries for proper pairs: (1, 697)
[M::mem_pestat] skip orientation RF as there are not enough pairs
[M::mem_pestat] analyzing insert size distribution for orientation RR...
[M::mem_pestat] (25, 50, 75) percentile: (156, 246, 353)
[M::mem_pestat] low and high boundaries for computing mean and std.dev: (1, 747)
[M::mem_pestat] mean and std.dev: (238.67, 89.20)
[M::mem_pestat] low and high boundaries for proper pairs: (1, 944)
[M::mem_pestat] skip orientation FF
[M::mem_pestat] skip orientation RR
[M::mem_process_seqs] Processed 135942 reads in 19.471 CPU sec, 9.832 real sec
[M::process] read 136358 sequences (20000102 bp)...
[M::mem_pestat] # candidate unique pairs for (FF, FR, RF, RR): (26, 55466, 2, 50)
[M::mem_pestat] analyzing insert size distribution for orientation FF...
[M::mem_pestat] (25, 50, 75) percentile: (190, 252, 347)
[M::mem_pestat] low and high boundaries for computing mean and std.dev: (1, 661)
[M::mem_pestat] mean and std.dev: (246.83, 97.34)
[M::mem_pestat] low and high boundaries for proper pairs: (1, 818)
[M::mem_pestat] analyzing insert size distribution for orientation FR...
[M::mem_pestat] (25, 50, 75) percentile: (264, 318, 373)
[M::mem_pestat] low and high boundaries for computing mean and std.dev: (46, 591)
[M::mem_pestat] mean and std.dev: (319.83, 80.52)
[M::mem_pestat] low and high boundaries for proper pairs: (1, 700)
[M::mem_pestat] skip orientation RF as there are not enough pairs
[M::mem_pestat] analyzing insert size distribution for orientation RR...
[M::mem_pestat] (25, 50, 75) percentile: (192, 261, 329)
[M::mem_pestat] low and high boundaries for computing mean and std.dev: (1, 603)
[M::mem_pestat] mean and std.dev: (256.02, 81.26)
[M::mem_pestat] low and high boundaries for proper pairs: (1, 740)
[M::mem_pestat] skip orientation FF
[M::mem_pestat] skip orientation RR
[M::mem_process_seqs] Processed 136168 reads in 19.905 CPU sec, 10.050 real sec
[M::process] read 136130 sequences (20000166 bp)...
[M::mem_pestat] # candidate unique pairs for (FF, FR, RF, RR): (27, 55676, 0, 35)
[M::mem_pestat] analyzing insert size distribution for orientation FF...
[M::mem_pestat] (25, 50, 75) percentile: (249, 263, 310)
[M::mem_pestat] low and high boundaries for computing mean and std.dev: (127, 432)
[M::mem_pestat] mean and std.dev: (270.67, 64.56)
[M::mem_pestat] low and high boundaries for proper pairs: (12, 529)
[M::mem_pestat] analyzing insert size distribution for orientation FR...
[M::mem_pestat] (25, 50, 75) percentile: (264, 318, 373)
[M::mem_pestat] low and high boundaries for computing mean and std.dev: (46, 591)
[M::mem_pestat] mean and std.dev: (319.70, 80.12)
[M::mem_pestat] low and high boundaries for proper pairs: (1, 700)
[M::mem_pestat] skip orientation RF as there are not enough pairs
[M::mem_pestat] analyzing insert size distribution for orientation RR...
[M::mem_pestat] (25, 50, 75) percentile: (190, 239, 325)
[M::mem_pestat] low and high boundaries for computing mean and std.dev: (1, 595)
[M::mem_pestat] mean and std.dev: (243.20, 92.68)
[M::mem_pestat] low and high boundaries for proper pairs: (1, 730)
[M::mem_pestat] skip orientation FF
[M::mem_pestat] skip orientation RR
[M::mem_process_seqs] Processed 136358 reads in 19.865 CPU sec, 10.028 real sec
[M::process] read 135696 sequences (20000031 bp)...
[M::mem_pestat] # candidate unique pairs for (FF, FR, RF, RR): (24, 55600, 3, 41)
[M::mem_pestat] analyzing insert size distribution for orientation FF...
[M::mem_pestat] (25, 50, 75) percentile: (184, 222, 288)
[M::mem_pestat] low and high boundaries for computing mean and std.dev: (1, 496)
[M::mem_pestat] mean and std.dev: (221.96, 69.08)
[M::mem_pestat] low and high boundaries for proper pairs: (1, 600)
[M::mem_pestat] analyzing insert size distribution for orientation FR...
[M::mem_pestat] (25, 50, 75) percentile: (265, 319, 375)
[M::mem_pestat] low and high boundaries for computing mean and std.dev: (45, 595)
[M::mem_pestat] mean and std.dev: (320.70, 81.02)
[M::mem_pestat] low and high boundaries for proper pairs: (1, 705)
[M::mem_pestat] skip orientation RF as there are not enough pairs
[M::mem_pestat] analyzing insert size distribution for orientation RR...
[M::mem_pestat] (25, 50, 75) percentile: (202, 254, 293)
[M::mem_pestat] low and high boundaries for computing mean and std.dev: (20, 475)
[M::mem_pestat] mean and std.dev: (247.57, 74.28)
[M::mem_pestat] low and high boundaries for proper pairs: (1, 566)
[M::mem_pestat] skip orientation FF
[M::mem_pestat] skip orientation RR
[M::mem_process_seqs] Processed 136130 reads in 19.656 CPU sec, 9.932 real sec
[M::process] read 135382 sequences (20000004 bp)...
[M::mem_pestat] # candidate unique pairs for (FF, FR, RF, RR): (30, 55126, 2, 39)
[M::mem_pestat] analyzing insert size distribution for orientation FF...
[M::mem_pestat] (25, 50, 75) percentile: (167, 229, 316)
[M::mem_pestat] low and high boundaries for computing mean and std.dev: (1, 614)
[M::mem_pestat] mean and std.dev: (227.28, 82.89)
[M::mem_pestat] low and high boundaries for proper pairs: (1, 763)
[M::mem_pestat] analyzing insert size distribution for orientation FR...
[M::mem_pestat] (25, 50, 75) percentile: (267, 321, 376)
[M::mem_pestat] low and high boundaries for computing mean and std.dev: (49, 594)
[M::mem_pestat] mean and std.dev: (322.17, 80.58)
[M::mem_pestat] low and high boundaries for proper pairs: (1, 703)
[M::mem_pestat] skip orientation RF as there are not enough pairs
[M::mem_pestat] analyzing insert size distribution for orientation RR...
[M::mem_pestat] (25, 50, 75) percentile: (172, 267, 295)
[M::mem_pestat] low and high boundaries for computing mean and std.dev: (1, 541)
[M::mem_pestat] mean and std.dev: (242.08, 97.23)
[M::mem_pestat] low and high boundaries for proper pairs: (1, 664)
[M::mem_pestat] skip orientation FF
[M::mem_pestat] skip orientation RR
[M::mem_process_seqs] Processed 135696 reads in 19.871 CPU sec, 10.038 real sec
[M::process] read 135262 sequences (20000265 bp)...
[M::mem_pestat] # candidate unique pairs for (FF, FR, RF, RR): (26, 55034, 8, 41)
[M::mem_pestat] analyzing insert size distribution for orientation FF...
[M::mem_pestat] (25, 50, 75) percentile: (219, 276, 322)
[M::mem_pestat] low and high boundaries for computing mean and std.dev: (13, 528)
[M::mem_pestat] mean and std.dev: (271.48, 61.66)
[M::mem_pestat] low and high boundaries for proper pairs: (1, 631)
[M::mem_pestat] analyzing insert size distribution for orientation FR...
[M::mem_pestat] (25, 50, 75) percentile: (267, 321, 376)
[M::mem_pestat] low and high boundaries for computing mean and std.dev: (49, 594)
[M::mem_pestat] mean and std.dev: (322.67, 80.84)
[M::mem_pestat] low and high boundaries for proper pairs: (1, 703)
[M::mem_pestat] skip orientation RF as there are not enough pairs
[M::mem_pestat] analyzing insert size distribution for orientation RR...
[M::mem_pestat] (25, 50, 75) percentile: (203, 291, 356)
[M::mem_pestat] low and high boundaries for computing mean and std.dev: (1, 662)
[M::mem_pestat] mean and std.dev: (263.27, 99.99)
[M::mem_pestat] low and high boundaries for proper pairs: (1, 815)
[M::mem_pestat] skip orientation FF
[M::mem_pestat] skip orientation RR
[M::mem_process_seqs] Processed 135382 reads in 19.395 CPU sec, 9.799 real sec
[M::process] read 135160 sequences (20000141 bp)...
[M::mem_pestat] # candidate unique pairs for (FF, FR, RF, RR): (25, 55202, 0, 32)
[M::mem_pestat] analyzing insert size distribution for orientation FF...
[M::mem_pestat] (25, 50, 75) percentile: (141, 236, 292)
[M::mem_pestat] low and high boundaries for computing mean and std.dev: (1, 594)
[M::mem_pestat] mean and std.dev: (214.80, 104.34)
[M::mem_pestat] low and high boundaries for proper pairs: (1, 745)
[M::mem_pestat] analyzing insert size distribution for orientation FR...
[M::mem_pestat] (25, 50, 75) percentile: (266, 321, 376)
[M::mem_pestat] low and high boundaries for computing mean and std.dev: (46, 596)
[M::mem_pestat] mean and std.dev: (322.03, 81.45)
[M::mem_pestat] low and high boundaries for proper pairs: (1, 706)
[M::mem_pestat] skip orientation RF as there are not enough pairs
[M::mem_pestat] analyzing insert size distribution for orientation RR...
[M::mem_pestat] (25, 50, 75) percentile: (222, 259, 304)
[M::mem_pestat] low and high boundaries for computing mean and std.dev: (58, 468)
[M::mem_pestat] mean and std.dev: (258.81, 76.78)
[M::mem_pestat] low and high boundaries for proper pairs: (1, 566)
[M::mem_pestat] skip orientation FF
[M::mem_pestat] skip orientation RR
[M::mem_process_seqs] Processed 135262 reads in 19.441 CPU sec, 9.824 real sec
[M::process] read 135174 sequences (20000163 bp)...
[M::mem_pestat] # candidate unique pairs for (FF, FR, RF, RR): (35, 54959, 2, 37)
[M::mem_pestat] analyzing insert size distribution for orientation FF...
[M::mem_pestat] (25, 50, 75) percentile: (172, 251, 320)
[M::mem_pestat] low and high boundaries for computing mean and std.dev: (1, 616)
[M::mem_pestat] mean and std.dev: (243.94, 100.48)
[M::mem_pestat] low and high boundaries for proper pairs: (1, 764)
[M::mem_pestat] analyzing insert size distribution for orientation FR...
[M::mem_pestat] (25, 50, 75) percentile: (264, 319, 374)
[M::mem_pestat] low and high boundaries for computing mean and std.dev: (44, 594)
[M::mem_pestat] mean and std.dev: (320.31, 81.50)
[M::mem_pestat] low and high boundaries for proper pairs: (1, 704)
[M::mem_pestat] skip orientation RF as there are not enough pairs
[M::mem_pestat] analyzing insert size distribution for orientation RR...
[M::mem_pestat] (25, 50, 75) percentile: (198, 233, 311)
[M::mem_pestat] low and high boundaries for computing mean and std.dev: (1, 537)
[M::mem_pestat] mean and std.dev: (248.95, 72.90)
[M::mem_pestat] low and high boundaries for proper pairs: (1, 650)
[M::mem_pestat] skip orientation FF
[M::mem_pestat] skip orientation RR
[M::mem_process_seqs] Processed 135160 reads in 19.466 CPU sec, 9.838 real sec
[M::process] read 135080 sequences (20000114 bp)...
[M::mem_pestat] # candidate unique pairs for (FF, FR, RF, RR): (38, 54816, 0, 44)
[M::mem_pestat] analyzing insert size distribution for orientation FF...
[M::mem_pestat] (25, 50, 75) percentile: (171, 236, 322)
[M::mem_pestat] low and high boundaries for computing mean and std.dev: (1, 624)
[M::mem_pestat] mean and std.dev: (239.70, 94.54)
[M::mem_pestat] low and high boundaries for proper pairs: (1, 775)
[M::mem_pestat] analyzing insert size distribution for orientation FR...
[M::mem_pestat] (25, 50, 75) percentile: (264, 319, 374)
[M::mem_pestat] low and high boundaries for computing mean and std.dev: (44, 594)
[M::mem_pestat] mean and std.dev: (320.56, 81.52)
[M::mem_pestat] low and high boundaries for proper pairs: (1, 704)
[M::mem_pestat] skip orientation RF as there are not enough pairs
[M::mem_pestat] analyzing insert size distribution for orientation RR...
[M::mem_pestat] (25, 50, 75) percentile: (214, 277, 325)
[M::mem_pestat] low and high boundaries for computing mean and std.dev: (1, 547)
[M::mem_pestat] mean and std.dev: (271.12, 92.11)
[M::mem_pestat] low and high boundaries for proper pairs: (1, 658)
[M::mem_pestat] skip orientation FF
[M::mem_pestat] skip orientation RR
[M::mem_process_seqs] Processed 135174 reads in 19.169 CPU sec, 9.683 real sec
[M::process] read 135142 sequences (20000158 bp)...
[M::mem_pestat] # candidate unique pairs for (FF, FR, RF, RR): (27, 54823, 0, 43)
[M::mem_pestat] analyzing insert size distribution for orientation FF...
[M::mem_pestat] (25, 50, 75) percentile: (187, 269, 333)
[M::mem_pestat] low and high boundaries for computing mean and std.dev: (1, 625)
[M::mem_pestat] mean and std.dev: (257.44, 97.51)
[M::mem_pestat] low and high boundaries for proper pairs: (1, 771)
[M::mem_pestat] analyzing insert size distribution for orientation FR...
[M::mem_pestat] (25, 50, 75) percentile: (264, 318, 374)
[M::mem_pestat] low and high boundaries for computing mean and std.dev: (44, 594)
[M::mem_pestat] mean and std.dev: (319.67, 81.56)
[M::mem_pestat] low and high boundaries for proper pairs: (1, 704)
[M::mem_pestat] skip orientation RF as there are not enough pairs
[M::mem_pestat] analyzing insert size distribution for orientation RR...
[M::mem_pestat] (25, 50, 75) percentile: (195, 241, 289)
[M::mem_pestat] low and high boundaries for computing mean and std.dev: (7, 477)
[M::mem_pestat] mean and std.dev: (235.12, 80.31)
[M::mem_pestat] low and high boundaries for proper pairs: (1, 571)
[M::mem_pestat] skip orientation FF
[M::mem_pestat] skip orientation RR
[M::mem_process_seqs] Processed 135080 reads in 19.621 CPU sec, 9.908 real sec
[M::process] read 135098 sequences (20000113 bp)...
[M::mem_pestat] # candidate unique pairs for (FF, FR, RF, RR): (40, 54723, 5, 24)
[M::mem_pestat] analyzing insert size distribution for orientation FF...
[M::mem_pestat] (25, 50, 75) percentile: (160, 256, 299)
[M::mem_pestat] low and high boundaries for computing mean and std.dev: (1, 577)
[M::mem_pestat] mean and std.dev: (225.75, 88.73)
[M::mem_pestat] low and high boundaries for proper pairs: (1, 716)
[M::mem_pestat] analyzing insert size distribution for orientation FR...
[M::mem_pestat] (25, 50, 75) percentile: (264, 319, 375)
[M::mem_pestat] low and high boundaries for computing mean and std.dev: (42, 597)
[M::mem_pestat] mean and std.dev: (320.32, 81.91)
[M::mem_pestat] low and high boundaries for proper pairs: (1, 708)
[M::mem_pestat] skip orientation RF as there are not enough pairs
[M::mem_pestat] analyzing insert size distribution for orientation RR...
[M::mem_pestat] (25, 50, 75) percentile: (212, 254, 348)
[M::mem_pestat] low and high boundaries for computing mean and std.dev: (1, 620)
[M::mem_pestat] mean and std.dev: (258.96, 89.90)
[M::mem_pestat] low and high boundaries for proper pairs: (1, 756)
[M::mem_pestat] skip orientation FF
[M::mem_pestat] skip orientation RR
[M::mem_process_seqs] Processed 135142 reads in 20.084 CPU sec, 13.902 real sec
[M::process] read 135050 sequences (20000124 bp)...
[M::mem_pestat] # candidate unique pairs for (FF, FR, RF, RR): (33, 54971, 1, 32)
[M::mem_pestat] analyzing insert size distribution for orientation FF...
[M::mem_pestat] (25, 50, 75) percentile: (171, 244, 297)
[M::mem_pestat] low and high boundaries for computing mean and std.dev: (1, 549)
[M::mem_pestat] mean and std.dev: (232.52, 80.88)
[M::mem_pestat] low and high boundaries for proper pairs: (1, 675)
[M::mem_pestat] analyzing insert size distribution for orientation FR...
[M::mem_pestat] (25, 50, 75) percentile: (264, 319, 375)
[M::mem_pestat] low and high boundaries for computing mean and std.dev: (42, 597)
[M::mem_pestat] mean and std.dev: (320.81, 82.23)
[M::mem_pestat] low and high boundaries for proper pairs: (1, 708)
[M::mem_pestat] skip orientation RF as there are not enough pairs
[M::mem_pestat] analyzing insert size distribution for orientation RR...
[M::mem_pestat] (25, 50, 75) percentile: (165, 249, 332)
[M::mem_pestat] low and high boundaries for computing mean and std.dev: (1, 666)
[M::mem_pestat] mean and std.dev: (250.16, 97.26)
[M::mem_pestat] low and high boundaries for proper pairs: (1, 833)
[M::mem_pestat] skip orientation FF
[M::mem_pestat] skip orientation RR
[M::mem_process_seqs] Processed 135098 reads in 19.276 CPU sec, 9.737 real sec
[M::process] read 135148 sequences (20000131 bp)...
[M::mem_pestat] # candidate unique pairs for (FF, FR, RF, RR): (23, 55069, 0, 41)
[M::mem_pestat] analyzing insert size distribution for orientation FF...
[M::mem_pestat] (25, 50, 75) percentile: (225, 287, 337)
[M::mem_pestat] low and high boundaries for computing mean and std.dev: (1, 561)
[M::mem_pestat] mean and std.dev: (262.00, 108.78)
[M::mem_pestat] low and high boundaries for proper pairs: (1, 697)
[M::mem_pestat] analyzing insert size distribution for orientation FR...
[M::mem_pestat] (25, 50, 75) percentile: (264, 318, 374)
[M::mem_pestat] low and high boundaries for computing mean and std.dev: (44, 594)
[M::mem_pestat] mean and std.dev: (320.06, 81.91)
[M::mem_pestat] low and high boundaries for proper pairs: (1, 704)
[M::mem_pestat] skip orientation RF as there are not enough pairs
[M::mem_pestat] analyzing insert size distribution for orientation RR...
[M::mem_pestat] (25, 50, 75) percentile: (196, 240, 297)
[M::mem_pestat] low and high boundaries for computing mean and std.dev: (1, 499)
[M::mem_pestat] mean and std.dev: (236.53, 67.01)
[M::mem_pestat] low and high boundaries for proper pairs: (1, 600)
[M::mem_pestat] skip orientation FF
[M::mem_pestat] skip orientation RR
[M::mem_process_seqs] Processed 135050 reads in 19.306 CPU sec, 9.758 real sec
[M::process] read 135130 sequences (20000149 bp)...
[M::mem_pestat] # candidate unique pairs for (FF, FR, RF, RR): (25, 55023, 1, 44)
[M::mem_pestat] analyzing insert size distribution for orientation FF...
[M::mem_pestat] (25, 50, 75) percentile: (180, 247, 312)
[M::mem_pestat] low and high boundaries for computing mean and std.dev: (1, 576)
[M::mem_pestat] mean and std.dev: (233.41, 67.61)
[M::mem_pestat] low and high boundaries for proper pairs: (1, 708)
[M::mem_pestat] analyzing insert size distribution for orientation FR...
[M::mem_pestat] (25, 50, 75) percentile: (265, 319, 375)
[M::mem_pestat] low and high boundaries for computing mean and std.dev: (45, 595)
[M::mem_pestat] mean and std.dev: (321.01, 81.68)
[M::mem_pestat] low and high boundaries for proper pairs: (1, 705)
[M::mem_pestat] skip orientation RF as there are not enough pairs
[M::mem_pestat] analyzing insert size distribution for orientation RR...
[M::mem_pestat] (25, 50, 75) percentile: (216, 268, 313)
[M::mem_pestat] low and high boundaries for computing mean and std.dev: (22, 507)
[M::mem_pestat] mean and std.dev: (268.79, 77.02)
[M::mem_pestat] low and high boundaries for proper pairs: (1, 604)
[M::mem_pestat] skip orientation FF
[M::mem_pestat] skip orientation RR
[M::mem_process_seqs] Processed 135148 reads in 19.343 CPU sec, 9.769 real sec
[M::process] read 135102 sequences (20000039 bp)...
[M::mem_pestat] # candidate unique pairs for (FF, FR, RF, RR): (43, 54959, 1, 31)
[M::mem_pestat] analyzing insert size distribution for orientation FF...
[M::mem_pestat] (25, 50, 75) percentile: (176, 218, 319)
[M::mem_pestat] low and high boundaries for computing mean and std.dev: (1, 605)
[M::mem_pestat] mean and std.dev: (231.93, 96.09)
[M::mem_pestat] low and high boundaries for proper pairs: (1, 748)
[M::mem_pestat] analyzing insert size distribution for orientation FR...
[M::mem_pestat] (25, 50, 75) percentile: (263, 318, 373)
[M::mem_pestat] low and high boundaries for computing mean and std.dev: (43, 593)
[M::mem_pestat] mean and std.dev: (319.65, 81.69)
[M::mem_pestat] low and high boundaries for proper pairs: (1, 703)
[M::mem_pestat] skip orientation RF as there are not enough pairs
[M::mem_pestat] analyzing insert size distribution for orientation RR...
[M::mem_pestat] (25, 50, 75) percentile: (157, 250, 283)
[M::mem_pestat] low and high boundaries for computing mean and std.dev: (1, 535)
[M::mem_pestat] mean and std.dev: (234.26, 79.30)
[M::mem_pestat] low and high boundaries for proper pairs: (1, 661)
[M::mem_pestat] skip orientation FF
[M::mem_pestat] skip orientation RR
[M::mem_process_seqs] Processed 135130 reads in 19.289 CPU sec, 9.742 real sec
[M::process] read 135106 sequences (20000000 bp)...
[M::mem_pestat] # candidate unique pairs for (FF, FR, RF, RR): (40, 54896, 2, 32)
[M::mem_pestat] analyzing insert size distribution for orientation FF...
[M::mem_pestat] (25, 50, 75) percentile: (188, 264, 309)
[M::mem_pestat] low and high boundaries for computing mean and std.dev: (1, 551)
[M::mem_pestat] mean and std.dev: (257.51, 81.29)
[M::mem_pestat] low and high boundaries for proper pairs: (1, 672)
[M::mem_pestat] analyzing insert size distribution for orientation FR...
[M::mem_pestat] (25, 50, 75) percentile: (264, 319, 374)
[M::mem_pestat] low and high boundaries for computing mean and std.dev: (44, 594)
[M::mem_pestat] mean and std.dev: (320.40, 81.72)
[M::mem_pestat] low and high boundaries for proper pairs: (1, 704)
[M::mem_pestat] skip orientation RF as there are not enough pairs
[M::mem_pestat] analyzing insert size distribution for orientation RR...
[M::mem_pestat] (25, 50, 75) percentile: (194, 241, 324)
[M::mem_pestat] low and high boundaries for computing mean and std.dev: (1, 584)
[M::mem_pestat] mean and std.dev: (247.19, 87.74)
[M::mem_pestat] low and high boundaries for proper pairs: (1, 714)
[M::mem_pestat] skip orientation FF
[M::mem_pestat] skip orientation RR
[M::mem_process_seqs] Processed 135102 reads in 19.227 CPU sec, 9.711 real sec
[M::process] read 135022 sequences (20000256 bp)...
[M::mem_pestat] # candidate unique pairs for (FF, FR, RF, RR): (43, 54862, 2, 21)
[M::mem_pestat] analyzing insert size distribution for orientation FF...
[M::mem_pestat] (25, 50, 75) percentile: (181, 240, 332)
[M::mem_pestat] low and high boundaries for computing mean and std.dev: (1, 634)
[M::mem_pestat] mean and std.dev: (238.98, 100.20)
[M::mem_pestat] low and high boundaries for proper pairs: (1, 785)
[M::mem_pestat] analyzing insert size distribution for orientation FR...
[M::mem_pestat] (25, 50, 75) percentile: (265, 320, 375)
[M::mem_pestat] low and high boundaries for computing mean and std.dev: (45, 595)
[M::mem_pestat] mean and std.dev: (320.89, 81.48)
[M::mem_pestat] low and high boundaries for proper pairs: (1, 705)
[M::mem_pestat] skip orientation RF as there are not enough pairs
[M::mem_pestat] analyzing insert size distribution for orientation RR...
[M::mem_pestat] (25, 50, 75) percentile: (214, 261, 335)
[M::mem_pestat] low and high boundaries for computing mean and std.dev: (1, 577)
[M::mem_pestat] mean and std.dev: (261.62, 98.64)
[M::mem_pestat] low and high boundaries for proper pairs: (1, 698)
[M::mem_pestat] skip orientation FF
[M::mem_pestat] skip orientation RR
[M::mem_process_seqs] Processed 135106 reads in 19.313 CPU sec, 9.754 real sec
[M::process] read 135098 sequences (20000201 bp)...
[M::mem_pestat] # candidate unique pairs for (FF, FR, RF, RR): (31, 54782, 0, 33)
[M::mem_pestat] analyzing insert size distribution for orientation FF...
[M::mem_pestat] (25, 50, 75) percentile: (194, 249, 281)
[M::mem_pestat] low and high boundaries for computing mean and std.dev: (20, 455)
[M::mem_pestat] mean and std.dev: (243.00, 85.67)
[M::mem_pestat] low and high boundaries for proper pairs: (1, 586)
[M::mem_pestat] analyzing insert size distribution for orientation FR...
[M::mem_pestat] (25, 50, 75) percentile: (264, 319, 375)
[M::mem_pestat] low and high boundaries for computing mean and std.dev: (42, 597)
[M::mem_pestat] mean and std.dev: (320.75, 81.92)
[M::mem_pestat] low and high boundaries for proper pairs: (1, 708)
[M::mem_pestat] skip orientation RF as there are not enough pairs
[M::mem_pestat] analyzing insert size distribution for orientation RR...
[M::mem_pestat] (25, 50, 75) percentile: (223, 251, 327)
[M::mem_pestat] low and high boundaries for computing mean and std.dev: (15, 535)
[M::mem_pestat] mean and std.dev: (255.25, 72.72)
[M::mem_pestat] low and high boundaries for proper pairs: (1, 639)
[M::mem_pestat] skip orientation FF
[M::mem_pestat] skip orientation RR
[M::mem_process_seqs] Processed 135022 reads in 19.025 CPU sec, 9.610 real sec
[M::process] read 135028 sequences (20000265 bp)...
[M::mem_pestat] # candidate unique pairs for (FF, FR, RF, RR): (27, 54736, 0, 36)
[M::mem_pestat] analyzing insert size distribution for orientation FF...
[M::mem_pestat] (25, 50, 75) percentile: (161, 212, 289)
[M::mem_pestat] low and high boundaries for computing mean and std.dev: (1, 545)
[M::mem_pestat] mean and std.dev: (212.72, 76.98)
[M::mem_pestat] low and high boundaries for proper pairs: (1, 673)
[M::mem_pestat] analyzing insert size distribution for orientation FR...
[M::mem_pestat] (25, 50, 75) percentile: (264, 318, 373)
[M::mem_pestat] low and high boundaries for computing mean and std.dev: (46, 591)
[M::mem_pestat] mean and std.dev: (319.66, 81.60)
[M::mem_pestat] low and high boundaries for proper pairs: (1, 700)
[M::mem_pestat] skip orientation RF as there are not enough pairs
[M::mem_pestat] analyzing insert size distribution for orientation RR...
[M::mem_pestat] (25, 50, 75) percentile: (176, 228, 255)
[M::mem_pestat] low and high boundaries for computing mean and std.dev: (18, 413)
[M::mem_pestat] mean and std.dev: (230.80, 76.94)
[M::mem_pestat] low and high boundaries for proper pairs: (1, 539)
[M::mem_pestat] skip orientation FF
[M::mem_pestat] skip orientation RR
[M::mem_process_seqs] Processed 135098 reads in 19.420 CPU sec, 9.810 real sec
[M::process] read 135120 sequences (20000187 bp)...
[M::mem_pestat] # candidate unique pairs for (FF, FR, RF, RR): (31, 54969, 5, 34)
[M::mem_pestat] analyzing insert size distribution for orientation FF...
[M::mem_pestat] (25, 50, 75) percentile: (196, 263, 331)
[M::mem_pestat] low and high boundaries for computing mean and std.dev: (1, 601)
[M::mem_pestat] mean and std.dev: (263.86, 106.79)
[M::mem_pestat] low and high boundaries for proper pairs: (1, 736)
[M::mem_pestat] analyzing insert size distribution for orientation FR...
[M::mem_pestat] (25, 50, 75) percentile: (265, 318, 374)
[M::mem_pestat] low and high boundaries for computing mean and std.dev: (47, 592)
[M::mem_pestat] mean and std.dev: (320.35, 81.15)
[M::mem_pestat] low and high boundaries for proper pairs: (1, 701)
[M::mem_pestat] skip orientation RF as there are not enough pairs
[M::mem_pestat] analyzing insert size distribution for orientation RR...
[M::mem_pestat] (25, 50, 75) percentile: (166, 261, 334)
[M::mem_pestat] low and high boundaries for computing mean and std.dev: (1, 670)
[M::mem_pestat] mean and std.dev: (253.35, 100.39)
[M::mem_pestat] low and high boundaries for proper pairs: (1, 838)
[M::mem_pestat] skip orientation FF
[M::mem_pestat] skip orientation RR
[M::mem_process_seqs] Processed 135028 reads in 19.367 CPU sec, 9.782 real sec
[M::process] read 135226 sequences (20000039 bp)...
[M::mem_pestat] # candidate unique pairs for (FF, FR, RF, RR): (25, 54869, 1, 49)
[M::mem_pestat] analyzing insert size distribution for orientation FF...
[M::mem_pestat] (25, 50, 75) percentile: (222, 274, 315)
[M::mem_pestat] low and high boundaries for computing mean and std.dev: (36, 501)
[M::mem_pestat] mean and std.dev: (265.52, 68.64)
[M::mem_pestat] low and high boundaries for proper pairs: (1, 594)
[M::mem_pestat] analyzing insert size distribution for orientation FR...
[M::mem_pestat] (25, 50, 75) percentile: (265, 320, 375)
[M::mem_pestat] low and high boundaries for computing mean and std.dev: (45, 595)
[M::mem_pestat] mean and std.dev: (321.28, 81.95)
[M::mem_pestat] low and high boundaries for proper pairs: (1, 705)
[M::mem_pestat] skip orientation RF as there are not enough pairs
[M::mem_pestat] analyzing insert size distribution for orientation RR...
[M::mem_pestat] (25, 50, 75) percentile: (196, 235, 311)
[M::mem_pestat] low and high boundaries for computing mean and std.dev: (1, 541)
[M::mem_pestat] mean and std.dev: (253.27, 84.83)
[M::mem_pestat] low and high boundaries for proper pairs: (1, 656)
[M::mem_pestat] skip orientation FF
[M::mem_pestat] skip orientation RR
[M::mem_process_seqs] Processed 135120 reads in 19.434 CPU sec, 9.813 real sec
[M::process] read 135302 sequences (20000012 bp)...
[M::mem_pestat] # candidate unique pairs for (FF, FR, RF, RR): (33, 54998, 3, 34)
[M::mem_pestat] analyzing insert size distribution for orientation FF...
[M::mem_pestat] (25, 50, 75) percentile: (197, 264, 349)
[M::mem_pestat] low and high boundaries for computing mean and std.dev: (1, 653)
[M::mem_pestat] mean and std.dev: (266.29, 82.14)
[M::mem_pestat] low and high boundaries for proper pairs: (1, 805)
[M::mem_pestat] analyzing insert size distribution for orientation FR...
[M::mem_pestat] (25, 50, 75) percentile: (266, 321, 376)
[M::mem_pestat] low and high boundaries for computing mean and std.dev: (46, 596)
[M::mem_pestat] mean and std.dev: (322.36, 81.80)
[M::mem_pestat] low and high boundaries for proper pairs: (1, 706)
[M::mem_pestat] skip orientation RF as there are not enough pairs
[M::mem_pestat] analyzing insert size distribution for orientation RR...
[M::mem_pestat] (25, 50, 75) percentile: (184, 291, 345)
[M::mem_pestat] low and high boundaries for computing mean and std.dev: (1, 667)
[M::mem_pestat] mean and std.dev: (277.62, 113.81)
[M::mem_pestat] low and high boundaries for proper pairs: (1, 828)
[M::mem_pestat] skip orientation FF
[M::mem_pestat] skip orientation RR
[M::mem_process_seqs] Processed 135226 reads in 19.020 CPU sec, 9.610 real sec
[M::process] read 135458 sequences (20000267 bp)...
[M::mem_pestat] # candidate unique pairs for (FF, FR, RF, RR): (39, 55223, 2, 34)
[M::mem_pestat] analyzing insert size distribution for orientation FF...
[M::mem_pestat] (25, 50, 75) percentile: (214, 280, 343)
[M::mem_pestat] low and high boundaries for computing mean and std.dev: (1, 601)
[M::mem_pestat] mean and std.dev: (265.81, 91.30)
[M::mem_pestat] low and high boundaries for proper pairs: (1, 730)
[M::mem_pestat] analyzing insert size distribution for orientation FR...
[M::mem_pestat] (25, 50, 75) percentile: (266, 321, 376)
[M::mem_pestat] low and high boundaries for computing mean and std.dev: (46, 596)
[M::mem_pestat] mean and std.dev: (322.39, 81.51)
[M::mem_pestat] low and high boundaries for proper pairs: (1, 706)
[M::mem_pestat] skip orientation RF as there are not enough pairs
[M::mem_pestat] analyzing insert size distribution for orientation RR...
[M::mem_pestat] (25, 50, 75) percentile: (215, 294, 358)
[M::mem_pestat] low and high boundaries for computing mean and std.dev: (1, 644)
[M::mem_pestat] mean and std.dev: (273.37, 83.53)
[M::mem_pestat] low and high boundaries for proper pairs: (1, 787)
[M::mem_pestat] skip orientation FF
[M::mem_pestat] skip orientation RR
[M::mem_process_seqs] Processed 135302 reads in 19.558 CPU sec, 9.879 real sec
[M::process] read 135616 sequences (20000146 bp)...
[M::mem_pestat] # candidate unique pairs for (FF, FR, RF, RR): (34, 55064, 1, 36)
[M::mem_pestat] analyzing insert size distribution for orientation FF...
[M::mem_pestat] (25, 50, 75) percentile: (178, 226, 319)
[M::mem_pestat] low and high boundaries for computing mean and std.dev: (1, 601)
[M::mem_pestat] mean and std.dev: (243.21, 95.97)
[M::mem_pestat] low and high boundaries for proper pairs: (1, 742)
[M::mem_pestat] analyzing insert size distribution for orientation FR...
[M::mem_pestat] (25, 50, 75) percentile: (266, 321, 376)
[M::mem_pestat] low and high boundaries for computing mean and std.dev: (46, 596)
[M::mem_pestat] mean and std.dev: (322.10, 81.10)
[M::mem_pestat] low and high boundaries for proper pairs: (1, 706)
[M::mem_pestat] skip orientation RF as there are not enough pairs
[M::mem_pestat] analyzing insert size distribution for orientation RR...
[M::mem_pestat] (25, 50, 75) percentile: (189, 224, 292)
[M::mem_pestat] low and high boundaries for computing mean and std.dev: (1, 498)
[M::mem_pestat] mean and std.dev: (233.19, 85.84)
[M::mem_pestat] low and high boundaries for proper pairs: (1, 601)
[M::mem_pestat] skip orientation FF
[M::mem_pestat] skip orientation RR
[M::mem_process_seqs] Processed 135458 reads in 19.026 CPU sec, 9.608 real sec
[M::process] read 135860 sequences (20000100 bp)...
[M::mem_pestat] # candidate unique pairs for (FF, FR, RF, RR): (23, 55341, 1, 39)
[M::mem_pestat] analyzing insert size distribution for orientation FF...
[M::mem_pestat] (25, 50, 75) percentile: (196, 267, 328)
[M::mem_pestat] low and high boundaries for computing mean and std.dev: (1, 592)
[M::mem_pestat] mean and std.dev: (261.17, 104.03)
[M::mem_pestat] low and high boundaries for proper pairs: (1, 724)
[M::mem_pestat] analyzing insert size distribution for orientation FR...
[M::mem_pestat] (25, 50, 75) percentile: (265, 319, 375)
[M::mem_pestat] low and high boundaries for computing mean and std.dev: (45, 595)
[M::mem_pestat] mean and std.dev: (321.20, 81.45)
[M::mem_pestat] low and high boundaries for proper pairs: (1, 705)
[M::mem_pestat] skip orientation RF as there are not enough pairs
[M::mem_pestat] analyzing insert size distribution for orientation RR...
[M::mem_pestat] (25, 50, 75) percentile: (155, 218, 296)
[M::mem_pestat] low and high boundaries for computing mean and std.dev: (1, 578)
[M::mem_pestat] mean and std.dev: (221.36, 83.81)
[M::mem_pestat] low and high boundaries for proper pairs: (1, 719)
[M::mem_pestat] skip orientation FF
[M::mem_pestat] skip orientation RR
[M::mem_process_seqs] Processed 135616 reads in 19.381 CPU sec, 9.787 real sec
[M::process] read 136016 sequences (20000008 bp)...
[M::mem_pestat] # candidate unique pairs for (FF, FR, RF, RR): (21, 55287, 2, 39)
[M::mem_pestat] analyzing insert size distribution for orientation FF...
[M::mem_pestat] (25, 50, 75) percentile: (185, 229, 301)
[M::mem_pestat] low and high boundaries for computing mean and std.dev: (1, 533)
[M::mem_pestat] mean and std.dev: (236.52, 89.77)
[M::mem_pestat] low and high boundaries for proper pairs: (1, 649)
[M::mem_pestat] analyzing insert size distribution for orientation FR...
[M::mem_pestat] (25, 50, 75) percentile: (264, 318, 373)
[M::mem_pestat] low and high boundaries for computing mean and std.dev: (46, 591)
[M::mem_pestat] mean and std.dev: (319.99, 80.80)
[M::mem_pestat] low and high boundaries for proper pairs: (1, 700)
[M::mem_pestat] skip orientation RF as there are not enough pairs
[M::mem_pestat] analyzing insert size distribution for orientation RR...
[M::mem_pestat] (25, 50, 75) percentile: (210, 247, 296)
[M::mem_pestat] low and high boundaries for computing mean and std.dev: (38, 468)
[M::mem_pestat] mean and std.dev: (245.74, 70.74)
[M::mem_pestat] low and high boundaries for proper pairs: (1, 554)
[M::mem_pestat] skip orientation FF
[M::mem_pestat] skip orientation RR
[M::mem_process_seqs] Processed 135860 reads in 19.736 CPU sec, 9.968 real sec
[M::process] read 136534 sequences (20000166 bp)...
[M::mem_pestat] # candidate unique pairs for (FF, FR, RF, RR): (25, 55673, 5, 36)
[M::mem_pestat] analyzing insert size distribution for orientation FF...
[M::mem_pestat] (25, 50, 75) percentile: (209, 273, 321)
[M::mem_pestat] low and high boundaries for computing mean and std.dev: (1, 545)
[M::mem_pestat] mean and std.dev: (273.04, 83.33)
[M::mem_pestat] low and high boundaries for proper pairs: (1, 657)
[M::mem_pestat] analyzing insert size distribution for orientation FR...
[M::mem_pestat] (25, 50, 75) percentile: (264, 318, 373)
[M::mem_pestat] low and high boundaries for computing mean and std.dev: (46, 591)
[M::mem_pestat] mean and std.dev: (319.87, 80.46)
[M::mem_pestat] low and high boundaries for proper pairs: (1, 700)
[M::mem_pestat] skip orientation RF as there are not enough pairs
[M::mem_pestat] analyzing insert size distribution for orientation RR...
[M::mem_pestat] (25, 50, 75) percentile: (194, 247, 333)
[M::mem_pestat] low and high boundaries for computing mean and std.dev: (1, 611)
[M::mem_pestat] mean and std.dev: (257.20, 96.32)
[M::mem_pestat] low and high boundaries for proper pairs: (1, 750)
[M::mem_pestat] skip orientation FF
[M::mem_pestat] skip orientation RR
[M::mem_process_seqs] Processed 136016 reads in 19.607 CPU sec, 9.902 real sec
[M::process] read 136548 sequences (20000056 bp)...
[M::mem_pestat] # candidate unique pairs for (FF, FR, RF, RR): (27, 55559, 2, 46)
[M::mem_pestat] analyzing insert size distribution for orientation FF...
[M::mem_pestat] (25, 50, 75) percentile: (226, 277, 360)
[M::mem_pestat] low and high boundaries for computing mean and std.dev: (1, 628)
[M::mem_pestat] mean and std.dev: (280.96, 101.55)
[M::mem_pestat] low and high boundaries for proper pairs: (1, 762)
[M::mem_pestat] analyzing insert size distribution for orientation FR...
[M::mem_pestat] (25, 50, 75) percentile: (263, 317, 372)
[M::mem_pestat] low and high boundaries for computing mean and std.dev: (45, 590)
[M::mem_pestat] mean and std.dev: (318.48, 80.57)
[M::mem_pestat] low and high boundaries for proper pairs: (1, 699)
[M::mem_pestat] skip orientation RF as there are not enough pairs
[M::mem_pestat] analyzing insert size distribution for orientation RR...
[M::mem_pestat] (25, 50, 75) percentile: (228, 291, 339)
[M::mem_pestat] low and high boundaries for computing mean and std.dev: (6, 561)
[M::mem_pestat] mean and std.dev: (275.40, 76.13)
[M::mem_pestat] low and high boundaries for proper pairs: (1, 672)
[M::mem_pestat] skip orientation FF
[M::mem_pestat] skip orientation RR
[M::mem_process_seqs] Processed 136534 reads in 20.115 CPU sec, 10.158 real sec
[M::process] read 136070 sequences (20000025 bp)...
[M::mem_pestat] # candidate unique pairs for (FF, FR, RF, RR): (39, 55841, 0, 43)
[M::mem_pestat] analyzing insert size distribution for orientation FF...
[M::mem_pestat] (25, 50, 75) percentile: (215, 244, 316)
[M::mem_pestat] low and high boundaries for computing mean and std.dev: (13, 518)
[M::mem_pestat] mean and std.dev: (243.63, 74.31)
[M::mem_pestat] low and high boundaries for proper pairs: (1, 619)
[M::mem_pestat] analyzing insert size distribution for orientation FR...
[M::mem_pestat] (25, 50, 75) percentile: (264, 318, 372)
[M::mem_pestat] low and high boundaries for computing mean and std.dev: (48, 588)
[M::mem_pestat] mean and std.dev: (318.72, 80.28)
[M::mem_pestat] low and high boundaries for proper pairs: (1, 696)
[M::mem_pestat] skip orientation RF as there are not enough pairs
[M::mem_pestat] analyzing insert size distribution for orientation RR...
[M::mem_pestat] (25, 50, 75) percentile: (194, 249, 293)
[M::mem_pestat] low and high boundaries for computing mean and std.dev: (1, 491)
[M::mem_pestat] mean and std.dev: (240.59, 76.36)
[M::mem_pestat] low and high boundaries for proper pairs: (1, 590)
[M::mem_pestat] skip orientation FF
[M::mem_pestat] skip orientation RR
[M::mem_process_seqs] Processed 136548 reads in 19.815 CPU sec, 10.013 real sec
[M::process] read 135676 sequences (20000090 bp)...
[M::mem_pestat] # candidate unique pairs for (FF, FR, RF, RR): (38, 55155, 4, 36)
[M::mem_pestat] analyzing insert size distribution for orientation FF...
[M::mem_pestat] (25, 50, 75) percentile: (181, 289, 328)
[M::mem_pestat] low and high boundaries for computing mean and std.dev: (1, 622)
[M::mem_pestat] mean and std.dev: (273.22, 93.53)
[M::mem_pestat] low and high boundaries for proper pairs: (1, 769)
[M::mem_pestat] analyzing insert size distribution for orientation FR...
[M::mem_pestat] (25, 50, 75) percentile: (264, 319, 373)
[M::mem_pestat] low and high boundaries for computing mean and std.dev: (46, 591)
[M::mem_pestat] mean and std.dev: (319.81, 80.90)
[M::mem_pestat] low and high boundaries for proper pairs: (1, 700)
[M::mem_pestat] skip orientation RF as there are not enough pairs
[M::mem_pestat] analyzing insert size distribution for orientation RR...
[M::mem_pestat] (25, 50, 75) percentile: (185, 230, 281)
[M::mem_pestat] low and high boundaries for computing mean and std.dev: (1, 473)
[M::mem_pestat] mean and std.dev: (231.94, 69.89)
[M::mem_pestat] low and high boundaries for proper pairs: (1, 569)
[M::mem_pestat] skip orientation FF
[M::mem_pestat] skip orientation RR
[M::mem_process_seqs] Processed 136070 reads in 19.774 CPU sec, 9.986 real sec
[M::process] read 135450 sequences (20000126 bp)...
[M::mem_pestat] # candidate unique pairs for (FF, FR, RF, RR): (19, 55323, 3, 46)
[M::mem_pestat] analyzing insert size distribution for orientation FF...
[M::mem_pestat] (25, 50, 75) percentile: (180, 217, 297)
[M::mem_pestat] low and high boundaries for computing mean and std.dev: (1, 531)
[M::mem_pestat] mean and std.dev: (219.50, 75.66)
[M::mem_pestat] low and high boundaries for proper pairs: (1, 648)
[M::mem_pestat] analyzing insert size distribution for orientation FR...
[M::mem_pestat] (25, 50, 75) percentile: (265, 320, 375)
[M::mem_pestat] low and high boundaries for computing mean and std.dev: (45, 595)
[M::mem_pestat] mean and std.dev: (321.45, 80.85)
[M::mem_pestat] low and high boundaries for proper pairs: (1, 705)
[M::mem_pestat] skip orientation RF as there are not enough pairs
[M::mem_pestat] analyzing insert size distribution for orientation RR...
[M::mem_pestat] (25, 50, 75) percentile: (185, 245, 299)
[M::mem_pestat] low and high boundaries for computing mean and std.dev: (1, 527)
[M::mem_pestat] mean and std.dev: (240.53, 77.63)
[M::mem_pestat] low and high boundaries for proper pairs: (1, 641)
[M::mem_pestat] skip orientation FF
[M::mem_pestat] skip orientation RR
[M::mem_process_seqs] Processed 135676 reads in 19.396 CPU sec, 9.796 real sec
[M::process] read 135290 sequences (20000042 bp)...
[M::mem_pestat] # candidate unique pairs for (FF, FR, RF, RR): (21, 55264, 4, 42)
[M::mem_pestat] analyzing insert size distribution for orientation FF...
[M::mem_pestat] (25, 50, 75) percentile: (204, 250, 326)
[M::mem_pestat] low and high boundaries for computing mean and std.dev: (1, 570)
[M::mem_pestat] mean and std.dev: (249.38, 88.88)
[M::mem_pestat] low and high boundaries for proper pairs: (1, 692)
[M::mem_pestat] analyzing insert size distribution for orientation FR...
[M::mem_pestat] (25, 50, 75) percentile: (267, 321, 375)
[M::mem_pestat] low and high boundaries for computing mean and std.dev: (51, 591)
[M::mem_pestat] mean and std.dev: (322.48, 81.01)
[M::mem_pestat] low and high boundaries for proper pairs: (1, 699)
[M::mem_pestat] skip orientation RF as there are not enough pairs
[M::mem_pestat] analyzing insert size distribution for orientation RR...
[M::mem_pestat] (25, 50, 75) percentile: (185, 243, 304)
[M::mem_pestat] low and high boundaries for computing mean and std.dev: (1, 542)
[M::mem_pestat] mean and std.dev: (238.71, 77.62)
[M::mem_pestat] low and high boundaries for proper pairs: (1, 661)
[M::mem_pestat] skip orientation FF
[M::mem_pestat] skip orientation RR
[M::mem_process_seqs] Processed 135450 reads in 19.119 CPU sec, 9.664 real sec
[M::process] read 135214 sequences (20000140 bp)...
[M::mem_pestat] # candidate unique pairs for (FF, FR, RF, RR): (31, 54992, 2, 42)
[M::mem_pestat] analyzing insert size distribution for orientation FF...
[M::mem_pestat] (25, 50, 75) percentile: (169, 250, 289)
[M::mem_pestat] low and high boundaries for computing mean and std.dev: (1, 529)
[M::mem_pestat] mean and std.dev: (221.66, 84.35)
[M::mem_pestat] low and high boundaries for proper pairs: (1, 649)
[M::mem_pestat] analyzing insert size distribution for orientation FR...
[M::mem_pestat] (25, 50, 75) percentile: (266, 321, 376)
[M::mem_pestat] low and high boundaries for computing mean and std.dev: (46, 596)
[M::mem_pestat] mean and std.dev: (322.02, 81.91)
[M::mem_pestat] low and high boundaries for proper pairs: (1, 706)
[M::mem_pestat] skip orientation RF as there are not enough pairs
[M::mem_pestat] analyzing insert size distribution for orientation RR...
[M::mem_pestat] (25, 50, 75) percentile: (186, 248, 273)
[M::mem_pestat] low and high boundaries for computing mean and std.dev: (12, 447)
[M::mem_pestat] mean and std.dev: (236.78, 79.02)
[M::mem_pestat] low and high boundaries for proper pairs: (1, 553)
[M::mem_pestat] skip orientation FF
[M::mem_pestat] skip orientation RR
[M::mem_process_seqs] Processed 135290 reads in 19.222 CPU sec, 9.708 real sec
[M::process] read 135182 sequences (20000146 bp)...
[M::mem_pestat] # candidate unique pairs for (FF, FR, RF, RR): (27, 54926, 2, 40)
[M::mem_pestat] analyzing insert size distribution for orientation FF...
[M::mem_pestat] (25, 50, 75) percentile: (198, 256, 302)
[M::mem_pestat] low and high boundaries for computing mean and std.dev: (1, 510)
[M::mem_pestat] mean and std.dev: (250.96, 76.23)
[M::mem_pestat] low and high boundaries for proper pairs: (1, 614)
[M::mem_pestat] analyzing insert size distribution for orientation FR...
[M::mem_pestat] (25, 50, 75) percentile: (264, 318, 374)
[M::mem_pestat] low and high boundaries for computing mean and std.dev: (44, 594)
[M::mem_pestat] mean and std.dev: (319.91, 81.50)
[M::mem_pestat] low and high boundaries for proper pairs: (1, 704)
[M::mem_pestat] skip orientation RF as there are not enough pairs
[M::mem_pestat] analyzing insert size distribution for orientation RR...
[M::mem_pestat] (25, 50, 75) percentile: (209, 257, 319)
[M::mem_pestat] low and high boundaries for computing mean and std.dev: (1, 539)
[M::mem_pestat] mean and std.dev: (263.77, 88.30)
[M::mem_pestat] low and high boundaries for proper pairs: (1, 649)
[M::mem_pestat] skip orientation FF
[M::mem_pestat] skip orientation RR
[M::mem_process_seqs] Processed 135214 reads in 19.348 CPU sec, 9.776 real sec
[M::process] read 135154 sequences (20000268 bp)...
[M::mem_pestat] # candidate unique pairs for (FF, FR, RF, RR): (27, 54876, 1, 45)
[M::mem_pestat] analyzing insert size distribution for orientation FF...
[M::mem_pestat] (25, 50, 75) percentile: (202, 260, 311)
[M::mem_pestat] low and high boundaries for computing mean and std.dev: (1, 529)
[M::mem_pestat] mean and std.dev: (252.27, 70.35)
[M::mem_pestat] low and high boundaries for proper pairs: (1, 638)
[M::mem_pestat] analyzing insert size distribution for orientation FR...
[M::mem_pestat] (25, 50, 75) percentile: (264, 319, 374)
[M::mem_pestat] low and high boundaries for computing mean and std.dev: (44, 594)
[M::mem_pestat] mean and std.dev: (320.30, 81.83)
[M::mem_pestat] low and high boundaries for proper pairs: (1, 704)
[M::mem_pestat] skip orientation RF as there are not enough pairs
[M::mem_pestat] analyzing insert size distribution for orientation RR...
[M::mem_pestat] (25, 50, 75) percentile: (210, 258, 301)
[M::mem_pestat] low and high boundaries for computing mean and std.dev: (28, 483)
[M::mem_pestat] mean and std.dev: (243.91, 75.84)
[M::mem_pestat] low and high boundaries for proper pairs: (1, 574)
[M::mem_pestat] skip orientation FF
[M::mem_pestat] skip orientation RR
[M::mem_process_seqs] Processed 135182 reads in 19.374 CPU sec, 9.792 real sec
[M::process] read 135184 sequences (20000270 bp)...
[M::mem_pestat] # candidate unique pairs for (FF, FR, RF, RR): (28, 54959, 0, 46)
[M::mem_pestat] analyzing insert size distribution for orientation FF...
[M::mem_pestat] (25, 50, 75) percentile: (176, 219, 284)
[M::mem_pestat] low and high boundaries for computing mean and std.dev: (1, 500)
[M::mem_pestat] mean and std.dev: (213.33, 71.33)
[M::mem_pestat] low and high boundaries for proper pairs: (1, 608)
[M::mem_pestat] analyzing insert size distribution for orientation FR...
[M::mem_pestat] (25, 50, 75) percentile: (264, 318, 374)
[M::mem_pestat] low and high boundaries for computing mean and std.dev: (44, 594)
[M::mem_pestat] mean and std.dev: (320.14, 81.33)
[M::mem_pestat] low and high boundaries for proper pairs: (1, 704)
[M::mem_pestat] skip orientation RF as there are not enough pairs
[M::mem_pestat] analyzing insert size distribution for orientation RR...
[M::mem_pestat] (25, 50, 75) percentile: (180, 220, 316)
[M::mem_pestat] low and high boundaries for computing mean and std.dev: (1, 588)
[M::mem_pestat] mean and std.dev: (242.43, 89.16)
[M::mem_pestat] low and high boundaries for proper pairs: (1, 724)
[M::mem_pestat] skip orientation FF
[M::mem_pestat] skip orientation RR
[M::mem_process_seqs] Processed 135154 reads in 19.245 CPU sec, 9.720 real sec
[M::process] read 135176 sequences (20000194 bp)...
[M::mem_pestat] # candidate unique pairs for (FF, FR, RF, RR): (35, 55008, 1, 36)
[M::mem_pestat] analyzing insert size distribution for orientation FF...
[M::mem_pestat] (25, 50, 75) percentile: (192, 257, 295)
[M::mem_pestat] low and high boundaries for computing mean and std.dev: (1, 501)
[M::mem_pestat] mean and std.dev: (246.38, 69.69)
[M::mem_pestat] low and high boundaries for proper pairs: (1, 604)
[M::mem_pestat] analyzing insert size distribution for orientation FR...
[M::mem_pestat] (25, 50, 75) percentile: (263, 319, 374)
[M::mem_pestat] low and high boundaries for computing mean and std.dev: (41, 596)
[M::mem_pestat] mean and std.dev: (320.01, 81.99)
[M::mem_pestat] low and high boundaries for proper pairs: (1, 707)
[M::mem_pestat] skip orientation RF as there are not enough pairs
[M::mem_pestat] analyzing insert size distribution for orientation RR...
[M::mem_pestat] (25, 50, 75) percentile: (180, 276, 296)
[M::mem_pestat] low and high boundaries for computing mean and std.dev: (1, 528)
[M::mem_pestat] mean and std.dev: (249.11, 90.62)
[M::mem_pestat] low and high boundaries for proper pairs: (1, 644)
[M::mem_pestat] skip orientation FF
[M::mem_pestat] skip orientation RR
[M::mem_process_seqs] Processed 135184 reads in 19.267 CPU sec, 9.732 real sec
[M::process] read 135068 sequences (20000290 bp)...
[M::mem_pestat] # candidate unique pairs for (FF, FR, RF, RR): (26, 55025, 1, 33)
[M::mem_pestat] analyzing insert size distribution for orientation FF...
[M::mem_pestat] (25, 50, 75) percentile: (266, 303, 363)
[M::mem_pestat] low and high boundaries for computing mean and std.dev: (72, 557)
[M::mem_pestat] mean and std.dev: (298.12, 73.32)
[M::mem_pestat] low and high boundaries for proper pairs: (1, 654)
[M::mem_pestat] analyzing insert size distribution for orientation FR...
[M::mem_pestat] (25, 50, 75) percentile: (264, 319, 375)
[M::mem_pestat] low and high boundaries for computing mean and std.dev: (42, 597)
[M::mem_pestat] mean and std.dev: (320.64, 81.77)
[M::mem_pestat] low and high boundaries for proper pairs: (1, 708)
[M::mem_pestat] skip orientation RF as there are not enough pairs
[M::mem_pestat] analyzing insert size distribution for orientation RR...
[M::mem_pestat] (25, 50, 75) percentile: (210, 235, 276)
[M::mem_pestat] low and high boundaries for computing mean and std.dev: (78, 408)
[M::mem_pestat] mean and std.dev: (239.97, 55.67)
[M::mem_pestat] low and high boundaries for proper pairs: (12, 474)
[M::mem_pestat] skip orientation FF
[M::mem_pestat] skip orientation RR
[M::mem_process_seqs] Processed 135176 reads in 19.331 CPU sec, 9.763 real sec
[M::process] read 135068 sequences (20000201 bp)...
[M::mem_pestat] # candidate unique pairs for (FF, FR, RF, RR): (25, 54912, 2, 38)
[M::mem_pestat] analyzing insert size distribution for orientation FF...
[M::mem_pestat] (25, 50, 75) percentile: (161, 224, 298)
[M::mem_pestat] low and high boundaries for computing mean and std.dev: (1, 572)
[M::mem_pestat] mean and std.dev: (240.36, 106.86)
[M::mem_pestat] low and high boundaries for proper pairs: (1, 709)
[M::mem_pestat] analyzing insert size distribution for orientation FR...
[M::mem_pestat] (25, 50, 75) percentile: (265, 319, 375)
[M::mem_pestat] low and high boundaries for computing mean and std.dev: (45, 595)
[M::mem_pestat] mean and std.dev: (320.85, 81.55)
[M::mem_pestat] low and high boundaries for proper pairs: (1, 705)
[M::mem_pestat] skip orientation RF as there are not enough pairs
[M::mem_pestat] analyzing insert size distribution for orientation RR...
[M::mem_pestat] (25, 50, 75) percentile: (208, 260, 294)
[M::mem_pestat] low and high boundaries for computing mean and std.dev: (36, 466)
[M::mem_pestat] mean and std.dev: (247.32, 73.49)
[M::mem_pestat] low and high boundaries for proper pairs: (1, 552)
[M::mem_pestat] skip orientation FF
[M::mem_pestat] skip orientation RR
[M::mem_process_seqs] Processed 135068 reads in 19.181 CPU sec, 9.685 real sec
[M::process] read 135080 sequences (20000195 bp)...
[M::mem_pestat] # candidate unique pairs for (FF, FR, RF, RR): (24, 54908, 3, 35)
[M::mem_pestat] analyzing insert size distribution for orientation FF...
[M::mem_pestat] (25, 50, 75) percentile: (217, 265, 346)
[M::mem_pestat] low and high boundaries for computing mean and std.dev: (1, 604)
[M::mem_pestat] mean and std.dev: (268.67, 71.22)
[M::mem_pestat] low and high boundaries for proper pairs: (1, 733)
[M::mem_pestat] analyzing insert size distribution for orientation FR...
[M::mem_pestat] (25, 50, 75) percentile: (264, 319, 374)
[M::mem_pestat] low and high boundaries for computing mean and std.dev: (44, 594)
[M::mem_pestat] mean and std.dev: (320.15, 81.50)
[M::mem_pestat] low and high boundaries for proper pairs: (1, 704)
[M::mem_pestat] skip orientation RF as there are not enough pairs
[M::mem_pestat] analyzing insert size distribution for orientation RR...
[M::mem_pestat] (25, 50, 75) percentile: (183, 255, 337)
[M::mem_pestat] low and high boundaries for computing mean and std.dev: (1, 645)
[M::mem_pestat] mean and std.dev: (258.29, 102.60)
[M::mem_pestat] low and high boundaries for proper pairs: (1, 799)
[M::mem_pestat] skip orientation FF
[M::mem_pestat] skip orientation RR
[M::mem_process_seqs] Processed 135068 reads in 19.885 CPU sec, 13.820 real sec
[M::process] read 135126 sequences (20000160 bp)...
[M::mem_pestat] # candidate unique pairs for (FF, FR, RF, RR): (28, 54827, 1, 34)
[M::mem_pestat] analyzing insert size distribution for orientation FF...
[M::mem_pestat] (25, 50, 75) percentile: (234, 269, 337)
[M::mem_pestat] low and high boundaries for computing mean and std.dev: (28, 543)
[M::mem_pestat] mean and std.dev: (269.00, 87.50)
[M::mem_pestat] low and high boundaries for proper pairs: (1, 646)
[M::mem_pestat] analyzing insert size distribution for orientation FR...
[M::mem_pestat] (25, 50, 75) percentile: (264, 318, 374)
[M::mem_pestat] low and high boundaries for computing mean and std.dev: (44, 594)
[M::mem_pestat] mean and std.dev: (319.93, 81.85)
[M::mem_pestat] low and high boundaries for proper pairs: (1, 704)
[M::mem_pestat] skip orientation RF as there are not enough pairs
[M::mem_pestat] analyzing insert size distribution for orientation RR...
[M::mem_pestat] (25, 50, 75) percentile: (149, 242, 254)
[M::mem_pestat] low and high boundaries for computing mean and std.dev: (1, 464)
[M::mem_pestat] mean and std.dev: (206.32, 80.55)
[M::mem_pestat] low and high boundaries for proper pairs: (1, 569)
[M::mem_pestat] skip orientation FF
[M::mem_pestat] skip orientation RR
[M::mem_process_seqs] Processed 135080 reads in 19.647 CPU sec, 9.923 real sec
[M::process] read 135114 sequences (20000039 bp)...
[M::mem_pestat] # candidate unique pairs for (FF, FR, RF, RR): (28, 54944, 2, 33)
[M::mem_pestat] analyzing insert size distribution for orientation FF...
[M::mem_pestat] (25, 50, 75) percentile: (156, 227, 309)
[M::mem_pestat] low and high boundaries for computing mean and std.dev: (1, 615)
[M::mem_pestat] mean and std.dev: (243.46, 111.58)
[M::mem_pestat] low and high boundaries for proper pairs: (1, 768)
[M::mem_pestat] analyzing insert size distribution for orientation FR...
[M::mem_pestat] (25, 50, 75) percentile: (264, 319, 374)
[M::mem_pestat] low and high boundaries for computing mean and std.dev: (44, 594)
[M::mem_pestat] mean and std.dev: (320.24, 81.96)
[M::mem_pestat] low and high boundaries for proper pairs: (1, 704)
[M::mem_pestat] skip orientation RF as there are not enough pairs
[M::mem_pestat] analyzing insert size distribution for orientation RR...
[M::mem_pestat] (25, 50, 75) percentile: (178, 211, 294)
[M::mem_pestat] low and high boundaries for computing mean and std.dev: (1, 526)
[M::mem_pestat] mean and std.dev: (230.30, 78.50)
[M::mem_pestat] low and high boundaries for proper pairs: (1, 642)
[M::mem_pestat] skip orientation FF
[M::mem_pestat] skip orientation RR
[M::mem_process_seqs] Processed 135126 reads in 19.286 CPU sec, 9.739 real sec
[M::process] read 135090 sequences (20000091 bp)...
[M::mem_pestat] # candidate unique pairs for (FF, FR, RF, RR): (34, 54957, 4, 37)
[M::mem_pestat] analyzing insert size distribution for orientation FF...
[M::mem_pestat] (25, 50, 75) percentile: (188, 275, 322)
[M::mem_pestat] low and high boundaries for computing mean and std.dev: (1, 590)
[M::mem_pestat] mean and std.dev: (256.78, 72.60)
[M::mem_pestat] low and high boundaries for proper pairs: (1, 724)
[M::mem_pestat] analyzing insert size distribution for orientation FR...
[M::mem_pestat] (25, 50, 75) percentile: (263, 318, 374)
[M::mem_pestat] low and high boundaries for computing mean and std.dev: (41, 596)
[M::mem_pestat] mean and std.dev: (320.08, 82.37)
[M::mem_pestat] low and high boundaries for proper pairs: (1, 707)
[M::mem_pestat] skip orientation RF as there are not enough pairs
[M::mem_pestat] analyzing insert size distribution for orientation RR...
[M::mem_pestat] (25, 50, 75) percentile: (191, 246, 328)
[M::mem_pestat] low and high boundaries for computing mean and std.dev: (1, 602)
[M::mem_pestat] mean and std.dev: (243.92, 87.14)
[M::mem_pestat] low and high boundaries for proper pairs: (1, 739)
[M::mem_pestat] skip orientation FF
[M::mem_pestat] skip orientation RR
[M::mem_process_seqs] Processed 135114 reads in 19.081 CPU sec, 9.643 real sec
[M::process] read 135058 sequences (20000077 bp)...
[M::mem_pestat] # candidate unique pairs for (FF, FR, RF, RR): (29, 54935, 1, 47)
[M::mem_pestat] analyzing insert size distribution for orientation FF...
[M::mem_pestat] (25, 50, 75) percentile: (228, 284, 336)
[M::mem_pestat] low and high boundaries for computing mean and std.dev: (12, 552)
[M::mem_pestat] mean and std.dev: (274.34, 80.01)
[M::mem_pestat] low and high boundaries for proper pairs: (1, 660)
[M::mem_pestat] analyzing insert size distribution for orientation FR...
[M::mem_pestat] (25, 50, 75) percentile: (263, 319, 375)
[M::mem_pestat] low and high boundaries for computing mean and std.dev: (39, 599)
[M::mem_pestat] mean and std.dev: (320.69, 82.53)
[M::mem_pestat] low and high boundaries for proper pairs: (1, 711)
[M::mem_pestat] skip orientation RF as there are not enough pairs
[M::mem_pestat] analyzing insert size distribution for orientation RR...
[M::mem_pestat] (25, 50, 75) percentile: (167, 236, 296)
[M::mem_pestat] low and high boundaries for computing mean and std.dev: (1, 554)
[M::mem_pestat] mean and std.dev: (232.17, 90.59)
[M::mem_pestat] low and high boundaries for proper pairs: (1, 683)
[M::mem_pestat] skip orientation FF
[M::mem_pestat] skip orientation RR
[M::mem_process_seqs] Processed 135090 reads in 19.520 CPU sec, 9.860 real sec
[M::process] read 135064 sequences (20000000 bp)...
[M::mem_pestat] # candidate unique pairs for (FF, FR, RF, RR): (29, 54826, 1, 47)
[M::mem_pestat] analyzing insert size distribution for orientation FF...
[M::mem_pestat] (25, 50, 75) percentile: (230, 284, 339)
[M::mem_pestat] low and high boundaries for computing mean and std.dev: (12, 557)
[M::mem_pestat] mean and std.dev: (255.50, 91.64)
[M::mem_pestat] low and high boundaries for proper pairs: (1, 666)
[M::mem_pestat] analyzing insert size distribution for orientation FR...
[M::mem_pestat] (25, 50, 75) percentile: (265, 319, 374)
[M::mem_pestat] low and high boundaries for computing mean and std.dev: (47, 592)
[M::mem_pestat] mean and std.dev: (320.41, 81.45)
[M::mem_pestat] low and high boundaries for proper pairs: (1, 701)
[M::mem_pestat] skip orientation RF as there are not enough pairs
[M::mem_pestat] analyzing insert size distribution for orientation RR...
[M::mem_pestat] (25, 50, 75) percentile: (218, 259, 353)
[M::mem_pestat] low and high boundaries for computing mean and std.dev: (1, 623)
[M::mem_pestat] mean and std.dev: (272.84, 96.81)
[M::mem_pestat] low and high boundaries for proper pairs: (1, 758)
[M::mem_pestat] skip orientation FF
[M::mem_pestat] skip orientation RR
[M::mem_process_seqs] Processed 135058 reads in 19.268 CPU sec, 9.728 real sec
[M::process] read 135142 sequences (20000264 bp)...
[M::mem_pestat] # candidate unique pairs for (FF, FR, RF, RR): (31, 54860, 2, 49)
[M::mem_pestat] analyzing insert size distribution for orientation FF...
[M::mem_pestat] (25, 50, 75) percentile: (168, 233, 303)
[M::mem_pestat] low and high boundaries for computing mean and std.dev: (1, 573)
[M::mem_pestat] mean and std.dev: (238.03, 101.42)
[M::mem_pestat] low and high boundaries for proper pairs: (1, 708)
[M::mem_pestat] analyzing insert size distribution for orientation FR...
[M::mem_pestat] (25, 50, 75) percentile: (264, 319, 375)
[M::mem_pestat] low and high boundaries for computing mean and std.dev: (42, 597)
[M::mem_pestat] mean and std.dev: (320.96, 82.06)
[M::mem_pestat] low and high boundaries for proper pairs: (1, 708)
[M::mem_pestat] skip orientation RF as there are not enough pairs
[M::mem_pestat] analyzing insert size distribution for orientation RR...
[M::mem_pestat] (25, 50, 75) percentile: (213, 261, 322)
[M::mem_pestat] low and high boundaries for computing mean and std.dev: (1, 540)
[M::mem_pestat] mean and std.dev: (256.04, 74.90)
[M::mem_pestat] low and high boundaries for proper pairs: (1, 649)
[M::mem_pestat] skip orientation FF
[M::mem_pestat] skip orientation RR
[M::mem_process_seqs] Processed 135064 reads in 19.210 CPU sec, 9.698 real sec
[M::process] read 135210 sequences (20000195 bp)...
[M::mem_pestat] # candidate unique pairs for (FF, FR, RF, RR): (39, 54773, 3, 49)
[M::mem_pestat] analyzing insert size distribution for orientation FF...
[M::mem_pestat] (25, 50, 75) percentile: (183, 220, 300)
[M::mem_pestat] low and high boundaries for computing mean and std.dev: (1, 534)
[M::mem_pestat] mean and std.dev: (226.81, 90.95)
[M::mem_pestat] low and high boundaries for proper pairs: (1, 651)
[M::mem_pestat] analyzing insert size distribution for orientation FR...
[M::mem_pestat] (25, 50, 75) percentile: (266, 321, 377)
[M::mem_pestat] low and high boundaries for computing mean and std.dev: (44, 599)
[M::mem_pestat] mean and std.dev: (322.50, 81.84)
[M::mem_pestat] low and high boundaries for proper pairs: (1, 710)
[M::mem_pestat] skip orientation RF as there are not enough pairs
[M::mem_pestat] analyzing insert size distribution for orientation RR...
[M::mem_pestat] (25, 50, 75) percentile: (204, 252, 290)
[M::mem_pestat] low and high boundaries for computing mean and std.dev: (32, 462)
[M::mem_pestat] mean and std.dev: (245.50, 81.34)
[M::mem_pestat] low and high boundaries for proper pairs: (1, 571)
[M::mem_pestat] skip orientation FF
[M::mem_pestat] skip orientation RR
[M::mem_process_seqs] Processed 135142 reads in 19.420 CPU sec, 9.812 real sec
[M::process] read 135390 sequences (20000173 bp)...
[M::mem_pestat] # candidate unique pairs for (FF, FR, RF, RR): (31, 54904, 1, 40)
[M::mem_pestat] analyzing insert size distribution for orientation FF...
[M::mem_pestat] (25, 50, 75) percentile: (192, 237, 290)
[M::mem_pestat] low and high boundaries for computing mean and std.dev: (1, 486)
[M::mem_pestat] mean and std.dev: (243.07, 82.61)
[M::mem_pestat] low and high boundaries for proper pairs: (1, 584)
[M::mem_pestat] analyzing insert size distribution for orientation FR...
[M::mem_pestat] (25, 50, 75) percentile: (267, 322, 377)
[M::mem_pestat] low and high boundaries for computing mean and std.dev: (47, 597)
[M::mem_pestat] mean and std.dev: (323.22, 81.58)
[M::mem_pestat] low and high boundaries for proper pairs: (1, 707)
[M::mem_pestat] skip orientation RF as there are not enough pairs
[M::mem_pestat] analyzing insert size distribution for orientation RR...
[M::mem_pestat] (25, 50, 75) percentile: (204, 247, 318)
[M::mem_pestat] low and high boundaries for computing mean and std.dev: (1, 546)
[M::mem_pestat] mean and std.dev: (256.85, 81.11)
[M::mem_pestat] low and high boundaries for proper pairs: (1, 660)
[M::mem_pestat] skip orientation FF
[M::mem_pestat] skip orientation RR
[M::mem_process_seqs] Processed 135210 reads in 19.468 CPU sec, 9.835 real sec
[M::process] read 135520 sequences (20000268 bp)...
[M::mem_pestat] # candidate unique pairs for (FF, FR, RF, RR): (32, 54989, 3, 30)
[M::mem_pestat] analyzing insert size distribution for orientation FF...
[M::mem_pestat] (25, 50, 75) percentile: (206, 233, 308)
[M::mem_pestat] low and high boundaries for computing mean and std.dev: (2, 512)
[M::mem_pestat] mean and std.dev: (233.43, 85.24)
[M::mem_pestat] low and high boundaries for proper pairs: (1, 614)
[M::mem_pestat] analyzing insert size distribution for orientation FR...
[M::mem_pestat] (25, 50, 75) percentile: (266, 321, 376)
[M::mem_pestat] low and high boundaries for computing mean and std.dev: (46, 596)
[M::mem_pestat] mean and std.dev: (322.24, 81.33)
[M::mem_pestat] low and high boundaries for proper pairs: (1, 706)
[M::mem_pestat] skip orientation RF as there are not enough pairs
[M::mem_pestat] analyzing insert size distribution for orientation RR...
[M::mem_pestat] (25, 50, 75) percentile: (161, 284, 333)
[M::mem_pestat] low and high boundaries for computing mean and std.dev: (1, 677)
[M::mem_pestat] mean and std.dev: (253.66, 91.75)
[M::mem_pestat] low and high boundaries for proper pairs: (1, 849)
[M::mem_pestat] skip orientation FF
[M::mem_pestat] skip orientation RR
[M::mem_process_seqs] Processed 135390 reads in 19.557 CPU sec, 9.877 real sec
[M::process] read 135762 sequences (20000143 bp)...
[M::mem_pestat] # candidate unique pairs for (FF, FR, RF, RR): (24, 55302, 1, 53)
[M::mem_pestat] analyzing insert size distribution for orientation FF...
[M::mem_pestat] (25, 50, 75) percentile: (177, 228, 308)
[M::mem_pestat] low and high boundaries for computing mean and std.dev: (1, 570)
[M::mem_pestat] mean and std.dev: (221.64, 77.52)
[M::mem_pestat] low and high boundaries for proper pairs: (1, 701)
[M::mem_pestat] analyzing insert size distribution for orientation FR...
[M::mem_pestat] (25, 50, 75) percentile: (267, 321, 376)
[M::mem_pestat] low and high boundaries for computing mean and std.dev: (49, 594)
[M::mem_pestat] mean and std.dev: (322.79, 81.42)
[M::mem_pestat] low and high boundaries for proper pairs: (1, 703)
[M::mem_pestat] skip orientation RF as there are not enough pairs
[M::mem_pestat] analyzing insert size distribution for orientation RR...
[M::mem_pestat] (25, 50, 75) percentile: (202, 239, 337)
[M::mem_pestat] low and high boundaries for computing mean and std.dev: (1, 607)
[M::mem_pestat] mean and std.dev: (253.59, 81.10)
[M::mem_pestat] low and high boundaries for proper pairs: (1, 742)
[M::mem_pestat] skip orientation FF
[M::mem_pestat] skip orientation RR
[M::mem_process_seqs] Processed 135520 reads in 19.401 CPU sec, 9.803 real sec
[M::process] read 135886 sequences (20000110 bp)...
[M::mem_pestat] # candidate unique pairs for (FF, FR, RF, RR): (32, 55370, 3, 41)
[M::mem_pestat] analyzing insert size distribution for orientation FF...
[M::mem_pestat] (25, 50, 75) percentile: (161, 242, 327)
[M::mem_pestat] low and high boundaries for computing mean and std.dev: (1, 659)
[M::mem_pestat] mean and std.dev: (235.33, 107.37)
[M::mem_pestat] low and high boundaries for proper pairs: (1, 825)
[M::mem_pestat] analyzing insert size distribution for orientation FR...
[M::mem_pestat] (25, 50, 75) percentile: (266, 320, 376)
[M::mem_pestat] low and high boundaries for computing mean and std.dev: (46, 596)
[M::mem_pestat] mean and std.dev: (321.96, 81.18)
[M::mem_pestat] low and high boundaries for proper pairs: (1, 706)
[M::mem_pestat] skip orientation RF as there are not enough pairs
[M::mem_pestat] analyzing insert size distribution for orientation RR...
[M::mem_pestat] (25, 50, 75) percentile: (205, 260, 332)
[M::mem_pestat] low and high boundaries for computing mean and std.dev: (1, 586)
[M::mem_pestat] mean and std.dev: (247.29, 76.55)
[M::mem_pestat] low and high boundaries for proper pairs: (1, 713)
[M::mem_pestat] skip orientation FF
[M::mem_pestat] skip orientation RR
[M::mem_process_seqs] Processed 135762 reads in 19.525 CPU sec, 9.858 real sec
[M::process] read 136044 sequences (20000276 bp)...
[M::mem_pestat] # candidate unique pairs for (FF, FR, RF, RR): (27, 55402, 4, 31)
[M::mem_pestat] analyzing insert size distribution for orientation FF...
[M::mem_pestat] (25, 50, 75) percentile: (141, 204, 307)
[M::mem_pestat] low and high boundaries for computing mean and std.dev: (1, 639)
[M::mem_pestat] mean and std.dev: (223.41, 117.52)
[M::mem_pestat] low and high boundaries for proper pairs: (1, 805)
[M::mem_pestat] analyzing insert size distribution for orientation FR...
[M::mem_pestat] (25, 50, 75) percentile: (264, 319, 373)
[M::mem_pestat] low and high boundaries for computing mean and std.dev: (46, 591)
[M::mem_pestat] mean and std.dev: (319.97, 80.98)
[M::mem_pestat] low and high boundaries for proper pairs: (1, 700)
[M::mem_pestat] skip orientation RF as there are not enough pairs
[M::mem_pestat] analyzing insert size distribution for orientation RR...
[M::mem_pestat] (25, 50, 75) percentile: (181, 263, 353)
[M::mem_pestat] low and high boundaries for computing mean and std.dev: (1, 697)
[M::mem_pestat] mean and std.dev: (267.03, 105.22)
[M::mem_pestat] low and high boundaries for proper pairs: (1, 869)
[M::mem_pestat] skip orientation FF
[M::mem_pestat] skip orientation RR
[M::mem_process_seqs] Processed 135886 reads in 19.522 CPU sec, 9.861 real sec
[M::process] read 136596 sequences (20000291 bp)...
[M::mem_pestat] # candidate unique pairs for (FF, FR, RF, RR): (22, 55407, 1, 44)
[M::mem_pestat] analyzing insert size distribution for orientation FF...
[M::mem_pestat] (25, 50, 75) percentile: (207, 269, 346)
[M::mem_pestat] low and high boundaries for computing mean and std.dev: (1, 624)
[M::mem_pestat] mean and std.dev: (256.11, 74.65)
[M::mem_pestat] low and high boundaries for proper pairs: (1, 763)
[M::mem_pestat] analyzing insert size distribution for orientation FR...
[M::mem_pestat] (25, 50, 75) percentile: (265, 318, 374)
[M::mem_pestat] low and high boundaries for computing mean and std.dev: (47, 592)
[M::mem_pestat] mean and std.dev: (320.29, 81.05)
[M::mem_pestat] low and high boundaries for proper pairs: (1, 701)
[M::mem_pestat] skip orientation RF as there are not enough pairs
[M::mem_pestat] analyzing insert size distribution for orientation RR...
[M::mem_pestat] (25, 50, 75) percentile: (166, 256, 313)
[M::mem_pestat] low and high boundaries for computing mean and std.dev: (1, 607)
[M::mem_pestat] mean and std.dev: (242.28, 99.27)
[M::mem_pestat] low and high boundaries for proper pairs: (1, 754)
[M::mem_pestat] skip orientation FF
[M::mem_pestat] skip orientation RR
[M::mem_process_seqs] Processed 136044 reads in 19.562 CPU sec, 9.881 real sec
[M::process] read 136514 sequences (20000296 bp)...
[M::mem_pestat] # candidate unique pairs for (FF, FR, RF, RR): (19, 55905, 2, 34)
[M::mem_pestat] analyzing insert size distribution for orientation FF...
[M::mem_pestat] (25, 50, 75) percentile: (221, 255, 281)
[M::mem_pestat] low and high boundaries for computing mean and std.dev: (101, 401)
[M::mem_pestat] mean and std.dev: (230.47, 53.79)
[M::mem_pestat] low and high boundaries for proper pairs: (15, 461)
[M::mem_pestat] analyzing insert size distribution for orientation FR...
[M::mem_pestat] (25, 50, 75) percentile: (262, 316, 372)
[M::mem_pestat] low and high boundaries for computing mean and std.dev: (42, 592)
[M::mem_pestat] mean and std.dev: (318.38, 80.67)
[M::mem_pestat] low and high boundaries for proper pairs: (1, 702)
[M::mem_pestat] skip orientation RF as there are not enough pairs
[M::mem_pestat] analyzing insert size distribution for orientation RR...
[M::mem_pestat] (25, 50, 75) percentile: (190, 272, 366)
[M::mem_pestat] low and high boundaries for computing mean and std.dev: (1, 718)
[M::mem_pestat] mean and std.dev: (269.50, 102.96)
[M::mem_pestat] low and high boundaries for proper pairs: (1, 894)
[M::mem_pestat] skip orientation FF
[M::mem_pestat] skip orientation RR
[M::mem_process_seqs] Processed 136596 reads in 19.858 CPU sec, 10.028 real sec
[M::process] read 135918 sequences (20000287 bp)...
[M::mem_pestat] # candidate unique pairs for (FF, FR, RF, RR): (47, 55635, 2, 23)
[M::mem_pestat] analyzing insert size distribution for orientation FF...
[M::mem_pestat] (25, 50, 75) percentile: (168, 222, 307)
[M::mem_pestat] low and high boundaries for computing mean and std.dev: (1, 585)
[M::mem_pestat] mean and std.dev: (225.98, 90.40)
[M::mem_pestat] low and high boundaries for proper pairs: (1, 724)
[M::mem_pestat] analyzing insert size distribution for orientation FR...
[M::mem_pestat] (25, 50, 75) percentile: (264, 318, 373)
[M::mem_pestat] low and high boundaries for computing mean and std.dev: (46, 591)
[M::mem_pestat] mean and std.dev: (319.34, 80.74)
[M::mem_pestat] low and high boundaries for proper pairs: (1, 700)
[M::mem_pestat] skip orientation RF as there are not enough pairs
[M::mem_pestat] analyzing insert size distribution for orientation RR...
[M::mem_pestat] (25, 50, 75) percentile: (208, 242, 330)
[M::mem_pestat] low and high boundaries for computing mean and std.dev: (1, 574)
[M::mem_pestat] mean and std.dev: (246.87, 88.04)
[M::mem_pestat] low and high boundaries for proper pairs: (1, 696)
[M::mem_pestat] skip orientation FF
[M::mem_pestat] skip orientation RR
[M::mem_process_seqs] Processed 136514 reads in 19.752 CPU sec, 9.972 real sec
[M::process] read 135692 sequences (20000118 bp)...
[M::mem_pestat] # candidate unique pairs for (FF, FR, RF, RR): (31, 55353, 4, 42)
[M::mem_pestat] analyzing insert size distribution for orientation FF...
[M::mem_pestat] (25, 50, 75) percentile: (154, 217, 316)
[M::mem_pestat] low and high boundaries for computing mean and std.dev: (1, 640)
[M::mem_pestat] mean and std.dev: (222.55, 88.26)
[M::mem_pestat] low and high boundaries for proper pairs: (1, 802)
[M::mem_pestat] analyzing insert size distribution for orientation FR...
[M::mem_pestat] (25, 50, 75) percentile: (265, 319, 374)
[M::mem_pestat] low and high boundaries for computing mean and std.dev: (47, 592)
[M::mem_pestat] mean and std.dev: (320.24, 80.84)
[M::mem_pestat] low and high boundaries for proper pairs: (1, 701)
[M::mem_pestat] skip orientation RF as there are not enough pairs
[M::mem_pestat] analyzing insert size distribution for orientation RR...
[M::mem_pestat] (25, 50, 75) percentile: (158, 263, 304)
[M::mem_pestat] low and high boundaries for computing mean and std.dev: (1, 596)
[M::mem_pestat] mean and std.dev: (240.19, 82.09)
[M::mem_pestat] low and high boundaries for proper pairs: (1, 742)
[M::mem_pestat] skip orientation FF
[M::mem_pestat] skip orientation RR
[M::mem_process_seqs] Processed 135918 reads in 19.561 CPU sec, 9.884 real sec
[M::process] read 135366 sequences (20000105 bp)...
[M::mem_pestat] # candidate unique pairs for (FF, FR, RF, RR): (25, 55345, 1, 39)
[M::mem_pestat] analyzing insert size distribution for orientation FF...
[M::mem_pestat] (25, 50, 75) percentile: (167, 227, 273)
[M::mem_pestat] low and high boundaries for computing mean and std.dev: (1, 485)
[M::mem_pestat] mean and std.dev: (209.30, 65.52)
[M::mem_pestat] low and high boundaries for proper pairs: (1, 591)
[M::mem_pestat] analyzing insert size distribution for orientation FR...
[M::mem_pestat] (25, 50, 75) percentile: (265, 320, 376)
[M::mem_pestat] low and high boundaries for computing mean and std.dev: (43, 598)
[M::mem_pestat] mean and std.dev: (321.72, 81.01)
[M::mem_pestat] low and high boundaries for proper pairs: (1, 709)
[M::mem_pestat] skip orientation RF as there are not enough pairs
[M::mem_pestat] analyzing insert size distribution for orientation RR...
[M::mem_pestat] (25, 50, 75) percentile: (167, 226, 295)
[M::mem_pestat] low and high boundaries for computing mean and std.dev: (1, 551)
[M::mem_pestat] mean and std.dev: (226.41, 86.90)
[M::mem_pestat] low and high boundaries for proper pairs: (1, 679)
[M::mem_pestat] skip orientation FF
[M::mem_pestat] skip orientation RR
[M::mem_process_seqs] Processed 135692 reads in 19.525 CPU sec, 9.856 real sec
[M::process] read 135190 sequences (20000140 bp)...
[M::mem_pestat] # candidate unique pairs for (FF, FR, RF, RR): (31, 55005, 2, 48)
[M::mem_pestat] analyzing insert size distribution for orientation FF...
[M::mem_pestat] (25, 50, 75) percentile: (197, 248, 317)
[M::mem_pestat] low and high boundaries for computing mean and std.dev: (1, 557)
[M::mem_pestat] mean and std.dev: (247.39, 76.87)
[M::mem_pestat] low and high boundaries for proper pairs: (1, 677)
[M::mem_pestat] analyzing insert size distribution for orientation FR...
[M::mem_pestat] (25, 50, 75) percentile: (266, 320, 375)
[M::mem_pestat] low and high boundaries for computing mean and std.dev: (48, 593)
[M::mem_pestat] mean and std.dev: (321.75, 81.09)
[M::mem_pestat] low and high boundaries for proper pairs: (1, 702)
[M::mem_pestat] skip orientation RF as there are not enough pairs
[M::mem_pestat] analyzing insert size distribution for orientation RR...
[M::mem_pestat] (25, 50, 75) percentile: (209, 257, 331)
[M::mem_pestat] low and high boundaries for computing mean and std.dev: (1, 575)
[M::mem_pestat] mean and std.dev: (260.94, 77.77)
[M::mem_pestat] low and high boundaries for proper pairs: (1, 697)
[M::mem_pestat] skip orientation FF
[M::mem_pestat] skip orientation RR
[M::mem_process_seqs] Processed 135366 reads in 19.258 CPU sec, 9.721 real sec
[M::process] read 135218 sequences (20000235 bp)...
[M::mem_pestat] # candidate unique pairs for (FF, FR, RF, RR): (32, 54915, 1, 51)
[M::mem_pestat] analyzing insert size distribution for orientation FF...
[M::mem_pestat] (25, 50, 75) percentile: (183, 257, 323)
[M::mem_pestat] low and high boundaries for computing mean and std.dev: (1, 603)
[M::mem_pestat] mean and std.dev: (258.78, 98.22)
[M::mem_pestat] low and high boundaries for proper pairs: (1, 743)
[M::mem_pestat] analyzing insert size distribution for orientation FR...
[M::mem_pestat] (25, 50, 75) percentile: (264, 319, 375)
[M::mem_pestat] low and high boundaries for computing mean and std.dev: (42, 597)
[M::mem_pestat] mean and std.dev: (320.66, 82.02)
[M::mem_pestat] low and high boundaries for proper pairs: (1, 708)
[M::mem_pestat] skip orientation RF as there are not enough pairs
[M::mem_pestat] analyzing insert size distribution for orientation RR...
[M::mem_pestat] (25, 50, 75) percentile: (203, 247, 318)
[M::mem_pestat] low and high boundaries for computing mean and std.dev: (1, 548)
[M::mem_pestat] mean and std.dev: (248.51, 79.96)
[M::mem_pestat] low and high boundaries for proper pairs: (1, 663)
[M::mem_pestat] skip orientation FF
[M::mem_pestat] skip orientation RR
[M::mem_process_seqs] Processed 135190 reads in 19.308 CPU sec, 9.750 real sec
[M::process] read 135222 sequences (20000261 bp)...
[M::mem_pestat] # candidate unique pairs for (FF, FR, RF, RR): (25, 54919, 1, 34)
[M::mem_pestat] analyzing insert size distribution for orientation FF...
[M::mem_pestat] (25, 50, 75) percentile: (171, 231, 361)
[M::mem_pestat] low and high boundaries for computing mean and std.dev: (1, 741)
[M::mem_pestat] mean and std.dev: (248.62, 93.81)
[M::mem_pestat] low and high boundaries for proper pairs: (1, 931)
[M::mem_pestat] analyzing insert size distribution for orientation FR...
[M::mem_pestat] (25, 50, 75) percentile: (264, 319, 374)
[M::mem_pestat] low and high boundaries for computing mean and std.dev: (44, 594)
[M::mem_pestat] mean and std.dev: (319.82, 81.40)
[M::mem_pestat] low and high boundaries for proper pairs: (1, 704)
[M::mem_pestat] skip orientation RF as there are not enough pairs
[M::mem_pestat] analyzing insert size distribution for orientation RR...
[M::mem_pestat] (25, 50, 75) percentile: (191, 256, 344)
[M::mem_pestat] low and high boundaries for computing mean and std.dev: (1, 650)
[M::mem_pestat] mean and std.dev: (256.33, 88.80)
[M::mem_pestat] low and high boundaries for proper pairs: (1, 803)
[M::mem_pestat] skip orientation FF
[M::mem_pestat] skip orientation RR
[M::mem_process_seqs] Processed 135218 reads in 19.289 CPU sec, 9.737 real sec
[M::process] read 135244 sequences (20000057 bp)...
[M::mem_pestat] # candidate unique pairs for (FF, FR, RF, RR): (26, 54877, 1, 38)
[M::mem_pestat] analyzing insert size distribution for orientation FF...
[M::mem_pestat] (25, 50, 75) percentile: (221, 274, 327)
[M::mem_pestat] low and high boundaries for computing mean and std.dev: (9, 539)
[M::mem_pestat] mean and std.dev: (271.35, 81.27)
[M::mem_pestat] low and high boundaries for proper pairs: (1, 645)
[M::mem_pestat] analyzing insert size distribution for orientation FR...
[M::mem_pestat] (25, 50, 75) percentile: (264, 319, 374)
[M::mem_pestat] low and high boundaries for computing mean and std.dev: (44, 594)
[M::mem_pestat] mean and std.dev: (319.98, 81.20)
[M::mem_pestat] low and high boundaries for proper pairs: (1, 704)
[M::mem_pestat] skip orientation RF as there are not enough pairs
[M::mem_pestat] analyzing insert size distribution for orientation RR...
[M::mem_pestat] (25, 50, 75) percentile: (191, 253, 317)
[M::mem_pestat] low and high boundaries for computing mean and std.dev: (1, 569)
[M::mem_pestat] mean and std.dev: (247.66, 99.03)
[M::mem_pestat] low and high boundaries for proper pairs: (1, 695)
[M::mem_pestat] skip orientation FF
[M::mem_pestat] skip orientation RR
[M::mem_process_seqs] Processed 135222 reads in 19.399 CPU sec, 9.792 real sec
[M::process] read 135134 sequences (20000154 bp)...
[M::mem_pestat] # candidate unique pairs for (FF, FR, RF, RR): (28, 55010, 2, 30)
[M::mem_pestat] analyzing insert size distribution for orientation FF...
[M::mem_pestat] (25, 50, 75) percentile: (155, 231, 311)
[M::mem_pestat] low and high boundaries for computing mean and std.dev: (1, 623)
[M::mem_pestat] mean and std.dev: (229.96, 79.08)
[M::mem_pestat] low and high boundaries for proper pairs: (1, 779)
[M::mem_pestat] analyzing insert size distribution for orientation FR...
[M::mem_pestat] (25, 50, 75) percentile: (264, 319, 375)
[M::mem_pestat] low and high boundaries for computing mean and std.dev: (42, 597)
[M::mem_pestat] mean and std.dev: (320.57, 82.10)
[M::mem_pestat] low and high boundaries for proper pairs: (1, 708)
[M::mem_pestat] skip orientation RF as there are not enough pairs
[M::mem_pestat] analyzing insert size distribution for orientation RR...
[M::mem_pestat] (25, 50, 75) percentile: (184, 292, 334)
[M::mem_pestat] low and high boundaries for computing mean and std.dev: (1, 634)
[M::mem_pestat] mean and std.dev: (258.63, 93.14)
[M::mem_pestat] low and high boundaries for proper pairs: (1, 784)
[M::mem_pestat] skip orientation FF
[M::mem_pestat] skip orientation RR
[M::mem_process_seqs] Processed 135244 reads in 19.371 CPU sec, 9.786 real sec
[M::process] read 135120 sequences (20000150 bp)...
[M::mem_pestat] # candidate unique pairs for (FF, FR, RF, RR): (28, 55128, 0, 41)
[M::mem_pestat] analyzing insert size distribution for orientation FF...
[M::mem_pestat] (25, 50, 75) percentile: (168, 218, 273)
[M::mem_pestat] low and high boundaries for computing mean and std.dev: (1, 483)
[M::mem_pestat] mean and std.dev: (223.57, 86.74)
[M::mem_pestat] low and high boundaries for proper pairs: (1, 588)
[M::mem_pestat] analyzing insert size distribution for orientation FR...
[M::mem_pestat] (25, 50, 75) percentile: (263, 318, 374)
[M::mem_pestat] low and high boundaries for computing mean and std.dev: (41, 596)
[M::mem_pestat] mean and std.dev: (319.60, 81.68)
[M::mem_pestat] low and high boundaries for proper pairs: (1, 707)
[M::mem_pestat] skip orientation RF as there are not enough pairs
[M::mem_pestat] analyzing insert size distribution for orientation RR...
[M::mem_pestat] (25, 50, 75) percentile: (177, 240, 342)
[M::mem_pestat] low and high boundaries for computing mean and std.dev: (1, 672)
[M::mem_pestat] mean and std.dev: (252.66, 104.16)
[M::mem_pestat] low and high boundaries for proper pairs: (1, 837)
[M::mem_pestat] skip orientation FF
[M::mem_pestat] skip orientation RR
[M::mem_process_seqs] Processed 135134 reads in 19.277 CPU sec, 9.734 real sec
[M::process] read 135166 sequences (20000183 bp)...
[M::mem_pestat] # candidate unique pairs for (FF, FR, RF, RR): (30, 54874, 1, 30)
[M::mem_pestat] analyzing insert size distribution for orientation FF...
[M::mem_pestat] (25, 50, 75) percentile: (194, 244, 319)
[M::mem_pestat] low and high boundaries for computing mean and std.dev: (1, 569)
[M::mem_pestat] mean and std.dev: (238.41, 84.96)
[M::mem_pestat] low and high boundaries for proper pairs: (1, 694)
[M::mem_pestat] analyzing insert size distribution for orientation FR...
[M::mem_pestat] (25, 50, 75) percentile: (263, 318, 374)
[M::mem_pestat] low and high boundaries for computing mean and std.dev: (41, 596)
[M::mem_pestat] mean and std.dev: (319.75, 81.38)
[M::mem_pestat] low and high boundaries for proper pairs: (1, 707)
[M::mem_pestat] skip orientation RF as there are not enough pairs
[M::mem_pestat] analyzing insert size distribution for orientation RR...
[M::mem_pestat] (25, 50, 75) percentile: (199, 264, 293)
[M::mem_pestat] low and high boundaries for computing mean and std.dev: (11, 481)
[M::mem_pestat] mean and std.dev: (253.83, 75.62)
[M::mem_pestat] low and high boundaries for proper pairs: (1, 575)
[M::mem_pestat] skip orientation FF
[M::mem_pestat] skip orientation RR
[M::mem_process_seqs] Processed 135120 reads in 19.143 CPU sec, 9.661 real sec
[M::process] read 135200 sequences (20000173 bp)...
[M::mem_pestat] # candidate unique pairs for (FF, FR, RF, RR): (21, 54950, 0, 52)
[M::mem_pestat] analyzing insert size distribution for orientation FF...
[M::mem_pestat] (25, 50, 75) percentile: (165, 265, 367)
[M::mem_pestat] low and high boundaries for computing mean and std.dev: (1, 771)
[M::mem_pestat] mean and std.dev: (234.47, 107.30)
[M::mem_pestat] low and high boundaries for proper pairs: (1, 973)
[M::mem_pestat] analyzing insert size distribution for orientation FR...
[M::mem_pestat] (25, 50, 75) percentile: (264, 319, 375)
[M::mem_pestat] low and high boundaries for computing mean and std.dev: (42, 597)
[M::mem_pestat] mean and std.dev: (320.65, 81.50)
[M::mem_pestat] low and high boundaries for proper pairs: (1, 708)
[M::mem_pestat] skip orientation RF as there are not enough pairs
[M::mem_pestat] analyzing insert size distribution for orientation RR...
[M::mem_pestat] (25, 50, 75) percentile: (220, 259, 317)
[M::mem_pestat] low and high boundaries for computing mean and std.dev: (26, 511)
[M::mem_pestat] mean and std.dev: (249.02, 79.90)
[M::mem_pestat] low and high boundaries for proper pairs: (1, 608)
[M::mem_pestat] skip orientation FF
[M::mem_pestat] skip orientation RR
[M::mem_process_seqs] Processed 135166 reads in 18.912 CPU sec, 9.554 real sec
[M::process] read 135130 sequences (20000108 bp)...
[M::mem_pestat] # candidate unique pairs for (FF, FR, RF, RR): (31, 54767, 3, 55)
[M::mem_pestat] analyzing insert size distribution for orientation FF...
[M::mem_pestat] (25, 50, 75) percentile: (209, 268, 281)
[M::mem_pestat] low and high boundaries for computing mean and std.dev: (65, 425)
[M::mem_pestat] mean and std.dev: (250.63, 60.84)
[M::mem_pestat] low and high boundaries for proper pairs: (1, 497)
[M::mem_pestat] analyzing insert size distribution for orientation FR...
[M::mem_pestat] (25, 50, 75) percentile: (263, 318, 373)
[M::mem_pestat] low and high boundaries for computing mean and std.dev: (43, 593)
[M::mem_pestat] mean and std.dev: (319.40, 81.31)
[M::mem_pestat] low and high boundaries for proper pairs: (1, 703)
[M::mem_pestat] skip orientation RF as there are not enough pairs
[M::mem_pestat] analyzing insert size distribution for orientation RR...
[M::mem_pestat] (25, 50, 75) percentile: (220, 256, 323)
[M::mem_pestat] low and high boundaries for computing mean and std.dev: (14, 529)
[M::mem_pestat] mean and std.dev: (270.18, 79.88)
[M::mem_pestat] low and high boundaries for proper pairs: (1, 632)
[M::mem_pestat] skip orientation FF
[M::mem_pestat] skip orientation RR
[M::mem_process_seqs] Processed 135200 reads in 19.427 CPU sec, 9.809 real sec
[M::process] read 135124 sequences (20000118 bp)...
[M::mem_pestat] # candidate unique pairs for (FF, FR, RF, RR): (34, 54766, 2, 35)
[M::mem_pestat] analyzing insert size distribution for orientation FF...
[M::mem_pestat] (25, 50, 75) percentile: (233, 265, 321)
[M::mem_pestat] low and high boundaries for computing mean and std.dev: (57, 497)
[M::mem_pestat] mean and std.dev: (261.47, 61.31)
[M::mem_pestat] low and high boundaries for proper pairs: (1, 585)
[M::mem_pestat] analyzing insert size distribution for orientation FR...
[M::mem_pestat] (25, 50, 75) percentile: (264, 319, 374)
[M::mem_pestat] low and high boundaries for computing mean and std.dev: (44, 594)
[M::mem_pestat] mean and std.dev: (320.36, 81.76)
[M::mem_pestat] low and high boundaries for proper pairs: (1, 704)
[M::mem_pestat] skip orientation RF as there are not enough pairs
[M::mem_pestat] analyzing insert size distribution for orientation RR...
[M::mem_pestat] (25, 50, 75) percentile: (167, 209, 291)
[M::mem_pestat] low and high boundaries for computing mean and std.dev: (1, 539)
[M::mem_pestat] mean and std.dev: (235.00, 94.64)
[M::mem_pestat] low and high boundaries for proper pairs: (1, 663)
[M::mem_pestat] skip orientation FF
[M::mem_pestat] skip orientation RR
[M::mem_process_seqs] Processed 135130 reads in 19.345 CPU sec, 9.770 real sec
[M::process] read 135144 sequences (20000182 bp)...
[M::mem_pestat] # candidate unique pairs for (FF, FR, RF, RR): (25, 54928, 2, 37)
[M::mem_pestat] analyzing insert size distribution for orientation FF...
[M::mem_pestat] (25, 50, 75) percentile: (233, 308, 355)
[M::mem_pestat] low and high boundaries for computing mean and std.dev: (1, 599)
[M::mem_pestat] mean and std.dev: (290.57, 96.35)
[M::mem_pestat] low and high boundaries for proper pairs: (1, 721)
[M::mem_pestat] analyzing insert size distribution for orientation FR...
[M::mem_pestat] (25, 50, 75) percentile: (265, 319, 375)
[M::mem_pestat] low and high boundaries for computing mean and std.dev: (45, 595)
[M::mem_pestat] mean and std.dev: (320.83, 81.94)
[M::mem_pestat] low and high boundaries for proper pairs: (1, 705)
[M::mem_pestat] skip orientation RF as there are not enough pairs
[M::mem_pestat] analyzing insert size distribution for orientation RR...
[M::mem_pestat] (25, 50, 75) percentile: (242, 266, 307)
[M::mem_pestat] low and high boundaries for computing mean and std.dev: (112, 437)
[M::mem_pestat] mean and std.dev: (267.69, 56.13)
[M::mem_pestat] low and high boundaries for proper pairs: (43, 502)
[M::mem_pestat] skip orientation FF
[M::mem_pestat] skip orientation RR
[M::mem_process_seqs] Processed 135124 reads in 19.346 CPU sec, 9.775 real sec
[M::process] read 134996 sequences (20000133 bp)...
[M::mem_pestat] # candidate unique pairs for (FF, FR, RF, RR): (31, 55022, 0, 33)
[M::mem_pestat] analyzing insert size distribution for orientation FF...
[M::mem_pestat] (25, 50, 75) percentile: (168, 254, 328)
[M::mem_pestat] low and high boundaries for computing mean and std.dev: (1, 648)
[M::mem_pestat] mean and std.dev: (237.70, 90.26)
[M::mem_pestat] low and high boundaries for proper pairs: (1, 808)
[M::mem_pestat] analyzing insert size distribution for orientation FR...
[M::mem_pestat] (25, 50, 75) percentile: (264, 320, 375)
[M::mem_pestat] low and high boundaries for computing mean and std.dev: (42, 597)
[M::mem_pestat] mean and std.dev: (320.92, 81.53)
[M::mem_pestat] low and high boundaries for proper pairs: (1, 708)
[M::mem_pestat] skip orientation RF as there are not enough pairs
[M::mem_pestat] analyzing insert size distribution for orientation RR...
[M::mem_pestat] (25, 50, 75) percentile: (188, 248, 294)
[M::mem_pestat] low and high boundaries for computing mean and std.dev: (1, 506)
[M::mem_pestat] mean and std.dev: (237.42, 83.86)
[M::mem_pestat] low and high boundaries for proper pairs: (1, 612)
[M::mem_pestat] skip orientation FF
[M::mem_pestat] skip orientation RR
[M::mem_process_seqs] Processed 135144 reads in 18.906 CPU sec, 9.544 real sec
[M::process] read 135010 sequences (20000234 bp)...
[M::mem_pestat] # candidate unique pairs for (FF, FR, RF, RR): (34, 54989, 2, 36)
[M::mem_pestat] analyzing insert size distribution for orientation FF...
[M::mem_pestat] (25, 50, 75) percentile: (210, 280, 327)
[M::mem_pestat] low and high boundaries for computing mean and std.dev: (1, 561)
[M::mem_pestat] mean and std.dev: (261.79, 90.68)
[M::mem_pestat] low and high boundaries for proper pairs: (1, 678)
[M::mem_pestat] analyzing insert size distribution for orientation FR...
[M::mem_pestat] (25, 50, 75) percentile: (264, 319, 374)
[M::mem_pestat] low and high boundaries for computing mean and std.dev: (44, 594)
[M::mem_pestat] mean and std.dev: (320.13, 81.40)
[M::mem_pestat] low and high boundaries for proper pairs: (1, 704)
[M::mem_pestat] skip orientation RF as there are not enough pairs
[M::mem_pestat] analyzing insert size distribution for orientation RR...
[M::mem_pestat] (25, 50, 75) percentile: (196, 230, 309)
[M::mem_pestat] low and high boundaries for computing mean and std.dev: (1, 535)
[M::mem_pestat] mean and std.dev: (241.72, 68.87)
[M::mem_pestat] low and high boundaries for proper pairs: (1, 648)
[M::mem_pestat] skip orientation FF
[M::mem_pestat] skip orientation RR
[M::mem_process_seqs] Processed 134996 reads in 19.664 CPU sec, 13.691 real sec
[M::process] read 135096 sequences (20000245 bp)...
[M::mem_pestat] # candidate unique pairs for (FF, FR, RF, RR): (31, 54901, 0, 25)
[M::mem_pestat] analyzing insert size distribution for orientation FF...
[M::mem_pestat] (25, 50, 75) percentile: (155, 239, 290)
[M::mem_pestat] low and high boundaries for computing mean and std.dev: (1, 560)
[M::mem_pestat] mean and std.dev: (229.60, 108.50)
[M::mem_pestat] low and high boundaries for proper pairs: (1, 695)
[M::mem_pestat] analyzing insert size distribution for orientation FR...
[M::mem_pestat] (25, 50, 75) percentile: (265, 320, 375)
[M::mem_pestat] low and high boundaries for computing mean and std.dev: (45, 595)
[M::mem_pestat] mean and std.dev: (321.05, 81.43)
[M::mem_pestat] low and high boundaries for proper pairs: (1, 705)
[M::mem_pestat] skip orientation RF as there are not enough pairs
[M::mem_pestat] analyzing insert size distribution for orientation RR...
[M::mem_pestat] (25, 50, 75) percentile: (187, 203, 277)
[M::mem_pestat] low and high boundaries for computing mean and std.dev: (7, 457)
[M::mem_pestat] mean and std.dev: (218.56, 68.73)
[M::mem_pestat] low and high boundaries for proper pairs: (1, 547)
[M::mem_pestat] skip orientation FF
[M::mem_pestat] skip orientation RR
[M::mem_process_seqs] Processed 135010 reads in 19.246 CPU sec, 9.721 real sec
[M::process] read 135106 sequences (20000196 bp)...
[M::mem_pestat] # candidate unique pairs for (FF, FR, RF, RR): (29, 54855, 1, 30)
[M::mem_pestat] analyzing insert size distribution for orientation FF...
[M::mem_pestat] (25, 50, 75) percentile: (178, 251, 328)
[M::mem_pestat] low and high boundaries for computing mean and std.dev: (1, 628)
[M::mem_pestat] mean and std.dev: (234.00, 86.34)
[M::mem_pestat] low and high boundaries for proper pairs: (1, 778)
[M::mem_pestat] analyzing insert size distribution for orientation FR...
[M::mem_pestat] (25, 50, 75) percentile: (265, 320, 374)
[M::mem_pestat] low and high boundaries for computing mean and std.dev: (47, 592)
[M::mem_pestat] mean and std.dev: (320.75, 81.54)
[M::mem_pestat] low and high boundaries for proper pairs: (1, 701)
[M::mem_pestat] skip orientation RF as there are not enough pairs
[M::mem_pestat] analyzing insert size distribution for orientation RR...
[M::mem_pestat] (25, 50, 75) percentile: (206, 243, 310)
[M::mem_pestat] low and high boundaries for computing mean and std.dev: (1, 518)
[M::mem_pestat] mean and std.dev: (261.30, 99.55)
[M::mem_pestat] low and high boundaries for proper pairs: (1, 659)
[M::mem_pestat] skip orientation FF
[M::mem_pestat] skip orientation RR
[M::mem_process_seqs] Processed 135096 reads in 19.187 CPU sec, 9.692 real sec
[M::process] read 135282 sequences (20000266 bp)...
[M::mem_pestat] # candidate unique pairs for (FF, FR, RF, RR): (31, 55056, 1, 38)
[M::mem_pestat] analyzing insert size distribution for orientation FF...
[M::mem_pestat] (25, 50, 75) percentile: (148, 207, 317)
[M::mem_pestat] low and high boundaries for computing mean and std.dev: (1, 655)
[M::mem_pestat] mean and std.dev: (213.32, 82.67)
[M::mem_pestat] low and high boundaries for proper pairs: (1, 824)
[M::mem_pestat] analyzing insert size distribution for orientation FR...
[M::mem_pestat] (25, 50, 75) percentile: (266, 321, 376)
[M::mem_pestat] low and high boundaries for computing mean and std.dev: (46, 596)
[M::mem_pestat] mean and std.dev: (322.35, 81.41)
[M::mem_pestat] low and high boundaries for proper pairs: (1, 706)
[M::mem_pestat] skip orientation RF as there are not enough pairs
[M::mem_pestat] analyzing insert size distribution for orientation RR...
[M::mem_pestat] (25, 50, 75) percentile: (209, 223, 290)
[M::mem_pestat] low and high boundaries for computing mean and std.dev: (47, 452)
[M::mem_pestat] mean and std.dev: (241.00, 75.29)
[M::mem_pestat] low and high boundaries for proper pairs: (1, 542)
[M::mem_pestat] skip orientation FF
[M::mem_pestat] skip orientation RR
[M::mem_process_seqs] Processed 135106 reads in 19.268 CPU sec, 9.728 real sec
[M::process] read 135354 sequences (20000163 bp)...
[M::mem_pestat] # candidate unique pairs for (FF, FR, RF, RR): (30, 55132, 2, 30)
[M::mem_pestat] analyzing insert size distribution for orientation FF...
[M::mem_pestat] (25, 50, 75) percentile: (177, 216, 289)
[M::mem_pestat] low and high boundaries for computing mean and std.dev: (1, 513)
[M::mem_pestat] mean and std.dev: (229.90, 85.60)
[M::mem_pestat] low and high boundaries for proper pairs: (1, 625)
[M::mem_pestat] analyzing insert size distribution for orientation FR...
[M::mem_pestat] (25, 50, 75) percentile: (266, 321, 376)
[M::mem_pestat] low and high boundaries for computing mean and std.dev: (46, 596)
[M::mem_pestat] mean and std.dev: (322.47, 81.97)
[M::mem_pestat] low and high boundaries for proper pairs: (1, 706)
[M::mem_pestat] skip orientation RF as there are not enough pairs
[M::mem_pestat] analyzing insert size distribution for orientation RR...
[M::mem_pestat] (25, 50, 75) percentile: (160, 248, 295)
[M::mem_pestat] low and high boundaries for computing mean and std.dev: (1, 565)
[M::mem_pestat] mean and std.dev: (238.40, 97.58)
[M::mem_pestat] low and high boundaries for proper pairs: (1, 700)
[M::mem_pestat] skip orientation FF
[M::mem_pestat] skip orientation RR
[M::mem_process_seqs] Processed 135282 reads in 19.351 CPU sec, 9.779 real sec
[M::process] read 135494 sequences (20000216 bp)...
[M::mem_pestat] # candidate unique pairs for (FF, FR, RF, RR): (27, 54979, 0, 32)
[M::mem_pestat] analyzing insert size distribution for orientation FF...
[M::mem_pestat] (25, 50, 75) percentile: (219, 284, 340)
[M::mem_pestat] low and high boundaries for computing mean and std.dev: (1, 582)
[M::mem_pestat] mean and std.dev: (278.81, 97.05)
[M::mem_pestat] low and high boundaries for proper pairs: (1, 703)
[M::mem_pestat] analyzing insert size distribution for orientation FR...
[M::mem_pestat] (25, 50, 75) percentile: (266, 320, 376)
[M::mem_pestat] low and high boundaries for computing mean and std.dev: (46, 596)
[M::mem_pestat] mean and std.dev: (322.19, 81.60)
[M::mem_pestat] low and high boundaries for proper pairs: (1, 706)
[M::mem_pestat] skip orientation RF as there are not enough pairs
[M::mem_pestat] analyzing insert size distribution for orientation RR...
[M::mem_pestat] (25, 50, 75) percentile: (195, 297, 375)
[M::mem_pestat] low and high boundaries for computing mean and std.dev: (1, 735)
[M::mem_pestat] mean and std.dev: (281.84, 115.76)
[M::mem_pestat] low and high boundaries for proper pairs: (1, 915)
[M::mem_pestat] skip orientation FF
[M::mem_pestat] skip orientation RR
[M::mem_process_seqs] Processed 135354 reads in 19.516 CPU sec, 9.854 real sec
[M::process] read 135712 sequences (20000114 bp)...
[M::mem_pestat] # candidate unique pairs for (FF, FR, RF, RR): (28, 55308, 3, 39)
[M::mem_pestat] analyzing insert size distribution for orientation FF...
[M::mem_pestat] (25, 50, 75) percentile: (204, 279, 335)
[M::mem_pestat] low and high boundaries for computing mean and std.dev: (1, 597)
[M::mem_pestat] mean and std.dev: (263.37, 114.36)
[M::mem_pestat] low and high boundaries for proper pairs: (1, 728)
[M::mem_pestat] analyzing insert size distribution for orientation FR...
[M::mem_pestat] (25, 50, 75) percentile: (266, 321, 376)
[M::mem_pestat] low and high boundaries for computing mean and std.dev: (46, 596)
[M::mem_pestat] mean and std.dev: (321.95, 81.23)
[M::mem_pestat] low and high boundaries for proper pairs: (1, 706)
[M::mem_pestat] skip orientation RF as there are not enough pairs
[M::mem_pestat] analyzing insert size distribution for orientation RR...
[M::mem_pestat] (25, 50, 75) percentile: (211, 261, 297)
[M::mem_pestat] low and high boundaries for computing mean and std.dev: (39, 469)
[M::mem_pestat] mean and std.dev: (248.23, 65.89)
[M::mem_pestat] low and high boundaries for proper pairs: (1, 555)
[M::mem_pestat] skip orientation FF
[M::mem_pestat] skip orientation RR
[M::mem_process_seqs] Processed 135494 reads in 19.208 CPU sec, 9.704 real sec
[M::process] read 135926 sequences (20000078 bp)...
[M::mem_pestat] # candidate unique pairs for (FF, FR, RF, RR): (30, 55270, 1, 53)
[M::mem_pestat] analyzing insert size distribution for orientation FF...
[M::mem_pestat] (25, 50, 75) percentile: (167, 236, 283)
[M::mem_pestat] low and high boundaries for computing mean and std.dev: (1, 515)
[M::mem_pestat] mean and std.dev: (219.96, 79.64)
[M::mem_pestat] low and high boundaries for proper pairs: (1, 631)
[M::mem_pestat] analyzing insert size distribution for orientation FR...
[M::mem_pestat] (25, 50, 75) percentile: (264, 319, 375)
[M::mem_pestat] low and high boundaries for computing mean and std.dev: (42, 597)
[M::mem_pestat] mean and std.dev: (321.12, 81.69)
[M::mem_pestat] low and high boundaries for proper pairs: (1, 708)
[M::mem_pestat] skip orientation RF as there are not enough pairs
[M::mem_pestat] analyzing insert size distribution for orientation RR...
[M::mem_pestat] (25, 50, 75) percentile: (166, 220, 307)
[M::mem_pestat] low and high boundaries for computing mean and std.dev: (1, 589)
[M::mem_pestat] mean and std.dev: (231.23, 92.44)
[M::mem_pestat] low and high boundaries for proper pairs: (1, 730)
[M::mem_pestat] skip orientation FF
[M::mem_pestat] skip orientation RR
[M::mem_process_seqs] Processed 135712 reads in 19.410 CPU sec, 9.808 real sec
[M::process] read 136092 sequences (20000254 bp)...
[M::mem_pestat] # candidate unique pairs for (FF, FR, RF, RR): (32, 55432, 0, 37)
[M::mem_pestat] analyzing insert size distribution for orientation FF...
[M::mem_pestat] (25, 50, 75) percentile: (154, 225, 314)
[M::mem_pestat] low and high boundaries for computing mean and std.dev: (1, 634)
[M::mem_pestat] mean and std.dev: (238.60, 105.38)
[M::mem_pestat] low and high boundaries for proper pairs: (1, 794)
[M::mem_pestat] analyzing insert size distribution for orientation FR...
[M::mem_pestat] (25, 50, 75) percentile: (264, 319, 374)
[M::mem_pestat] low and high boundaries for computing mean and std.dev: (44, 594)
[M::mem_pestat] mean and std.dev: (319.95, 80.68)
[M::mem_pestat] low and high boundaries for proper pairs: (1, 704)
[M::mem_pestat] skip orientation RF as there are not enough pairs
[M::mem_pestat] analyzing insert size distribution for orientation RR...
[M::mem_pestat] (25, 50, 75) percentile: (202, 233, 288)
[M::mem_pestat] low and high boundaries for computing mean and std.dev: (30, 460)
[M::mem_pestat] mean and std.dev: (223.82, 60.33)
[M::mem_pestat] low and high boundaries for proper pairs: (1, 546)
[M::mem_pestat] skip orientation FF
[M::mem_pestat] skip orientation RR
[M::mem_process_seqs] Processed 135926 reads in 19.534 CPU sec, 9.860 real sec
[M::process] read 136580 sequences (20000183 bp)...
[M::mem_pestat] # candidate unique pairs for (FF, FR, RF, RR): (26, 55348, 2, 44)
[M::mem_pestat] analyzing insert size distribution for orientation FF...
[M::mem_pestat] (25, 50, 75) percentile: (193, 239, 294)
[M::mem_pestat] low and high boundaries for computing mean and std.dev: (1, 496)
[M::mem_pestat] mean and std.dev: (249.00, 83.71)
[M::mem_pestat] low and high boundaries for proper pairs: (1, 597)
[M::mem_pestat] analyzing insert size distribution for orientation FR...
[M::mem_pestat] (25, 50, 75) percentile: (263, 318, 372)
[M::mem_pestat] low and high boundaries for computing mean and std.dev: (45, 590)
[M::mem_pestat] mean and std.dev: (319.22, 80.72)
[M::mem_pestat] low and high boundaries for proper pairs: (1, 699)
[M::mem_pestat] skip orientation RF as there are not enough pairs
[M::mem_pestat] analyzing insert size distribution for orientation RR...
[M::mem_pestat] (25, 50, 75) percentile: (190, 283, 326)
[M::mem_pestat] low and high boundaries for computing mean and std.dev: (1, 598)
[M::mem_pestat] mean and std.dev: (254.83, 85.47)
[M::mem_pestat] low and high boundaries for proper pairs: (1, 734)
[M::mem_pestat] skip orientation FF
[M::mem_pestat] skip orientation RR
[M::mem_process_seqs] Processed 136092 reads in 19.604 CPU sec, 9.899 real sec
[M::process] read 136328 sequences (20000028 bp)...
[M::mem_pestat] # candidate unique pairs for (FF, FR, RF, RR): (33, 55632, 3, 35)
[M::mem_pestat] analyzing insert size distribution for orientation FF...
[M::mem_pestat] (25, 50, 75) percentile: (166, 240, 340)
[M::mem_pestat] low and high boundaries for computing mean and std.dev: (1, 688)
[M::mem_pestat] mean and std.dev: (242.29, 97.87)
[M::mem_pestat] low and high boundaries for proper pairs: (1, 862)
[M::mem_pestat] analyzing insert size distribution for orientation FR...
[M::mem_pestat] (25, 50, 75) percentile: (263, 316, 371)
[M::mem_pestat] low and high boundaries for computing mean and std.dev: (47, 587)
[M::mem_pestat] mean and std.dev: (317.97, 80.00)
[M::mem_pestat] low and high boundaries for proper pairs: (1, 695)
[M::mem_pestat] skip orientation RF as there are not enough pairs
[M::mem_pestat] analyzing insert size distribution for orientation RR...
[M::mem_pestat] (25, 50, 75) percentile: (187, 216, 292)
[M::mem_pestat] low and high boundaries for computing mean and std.dev: (1, 502)
[M::mem_pestat] mean and std.dev: (233.83, 79.50)
[M::mem_pestat] low and high boundaries for proper pairs: (1, 607)
[M::mem_pestat] skip orientation FF
[M::mem_pestat] skip orientation RR
[M::mem_process_seqs] Processed 136580 reads in 19.916 CPU sec, 10.056 real sec
[M::process] read 135818 sequences (20000249 bp)...
[M::mem_pestat] # candidate unique pairs for (FF, FR, RF, RR): (32, 55825, 0, 37)
[M::mem_pestat] analyzing insert size distribution for orientation FF...
[M::mem_pestat] (25, 50, 75) percentile: (231, 280, 334)
[M::mem_pestat] low and high boundaries for computing mean and std.dev: (25, 540)
[M::mem_pestat] mean and std.dev: (279.94, 83.32)
[M::mem_pestat] low and high boundaries for proper pairs: (1, 643)
[M::mem_pestat] analyzing insert size distribution for orientation FR...
[M::mem_pestat] (25, 50, 75) percentile: (263, 317, 371)
[M::mem_pestat] low and high boundaries for computing mean and std.dev: (47, 587)
[M::mem_pestat] mean and std.dev: (318.25, 80.21)
[M::mem_pestat] low and high boundaries for proper pairs: (1, 695)
[M::mem_pestat] skip orientation RF as there are not enough pairs
[M::mem_pestat] analyzing insert size distribution for orientation RR...
[M::mem_pestat] (25, 50, 75) percentile: (204, 255, 358)
[M::mem_pestat] low and high boundaries for computing mean and std.dev: (1, 666)
[M::mem_pestat] mean and std.dev: (264.14, 103.17)
[M::mem_pestat] low and high boundaries for proper pairs: (1, 820)
[M::mem_pestat] skip orientation FF
[M::mem_pestat] skip orientation RR
[M::mem_process_seqs] Processed 136328 reads in 19.639 CPU sec, 9.921 real sec
[M::process] read 135552 sequences (20000291 bp)...
[M::mem_pestat] # candidate unique pairs for (FF, FR, RF, RR): (20, 55301, 1, 40)
[M::mem_pestat] analyzing insert size distribution for orientation FF...
[M::mem_pestat] (25, 50, 75) percentile: (178, 219, 318)
[M::mem_pestat] low and high boundaries for computing mean and std.dev: (1, 598)
[M::mem_pestat] mean and std.dev: (237.65, 82.96)
[M::mem_pestat] low and high boundaries for proper pairs: (1, 738)
[M::mem_pestat] analyzing insert size distribution for orientation FR...
[M::mem_pestat] (25, 50, 75) percentile: (265, 319, 373)
[M::mem_pestat] low and high boundaries for computing mean and std.dev: (49, 589)
[M::mem_pestat] mean and std.dev: (320.00, 80.41)
[M::mem_pestat] low and high boundaries for proper pairs: (1, 697)
[M::mem_pestat] skip orientation RF as there are not enough pairs
[M::mem_pestat] analyzing insert size distribution for orientation RR...
[M::mem_pestat] (25, 50, 75) percentile: (194, 288, 331)
[M::mem_pestat] low and high boundaries for computing mean and std.dev: (1, 605)
[M::mem_pestat] mean and std.dev: (272.92, 86.78)
[M::mem_pestat] low and high boundaries for proper pairs: (1, 742)
[M::mem_pestat] skip orientation FF
[M::mem_pestat] skip orientation RR
[M::mem_process_seqs] Processed 135818 reads in 19.544 CPU sec, 9.870 real sec
[M::process] read 135372 sequences (20000042 bp)...
[M::mem_pestat] # candidate unique pairs for (FF, FR, RF, RR): (36, 55204, 5, 35)
[M::mem_pestat] analyzing insert size distribution for orientation FF...
[M::mem_pestat] (25, 50, 75) percentile: (206, 255, 332)
[M::mem_pestat] low and high boundaries for computing mean and std.dev: (1, 584)
[M::mem_pestat] mean and std.dev: (265.64, 86.93)
[M::mem_pestat] low and high boundaries for proper pairs: (1, 710)
[M::mem_pestat] analyzing insert size distribution for orientation FR...
[M::mem_pestat] (25, 50, 75) percentile: (264, 319, 375)
[M::mem_pestat] low and high boundaries for computing mean and std.dev: (42, 597)
[M::mem_pestat] mean and std.dev: (320.95, 81.33)
[M::mem_pestat] low and high boundaries for proper pairs: (1, 708)
[M::mem_pestat] skip orientation RF as there are not enough pairs
[M::mem_pestat] analyzing insert size distribution for orientation RR...
[M::mem_pestat] (25, 50, 75) percentile: (186, 251, 328)
[M::mem_pestat] low and high boundaries for computing mean and std.dev: (1, 612)
[M::mem_pestat] mean and std.dev: (256.74, 112.46)
[M::mem_pestat] low and high boundaries for proper pairs: (1, 754)
[M::mem_pestat] skip orientation FF
[M::mem_pestat] skip orientation RR
[M::mem_process_seqs] Processed 135552 reads in 19.473 CPU sec, 9.851 real sec
[M::process] read 135260 sequences (20000277 bp)...
[M::mem_pestat] # candidate unique pairs for (FF, FR, RF, RR): (36, 55053, 1, 44)
[M::mem_pestat] analyzing insert size distribution for orientation FF...
[M::mem_pestat] (25, 50, 75) percentile: (181, 258, 320)
[M::mem_pestat] low and high boundaries for computing mean and std.dev: (1, 598)
[M::mem_pestat] mean and std.dev: (254.49, 92.65)
[M::mem_pestat] low and high boundaries for proper pairs: (1, 737)
[M::mem_pestat] analyzing insert size distribution for orientation FR...
[M::mem_pestat] (25, 50, 75) percentile: (264, 319, 374)
[M::mem_pestat] low and high boundaries for computing mean and std.dev: (44, 594)
[M::mem_pestat] mean and std.dev: (320.55, 81.28)
[M::mem_pestat] low and high boundaries for proper pairs: (1, 704)
[M::mem_pestat] skip orientation RF as there are not enough pairs
[M::mem_pestat] analyzing insert size distribution for orientation RR...
[M::mem_pestat] (25, 50, 75) percentile: (191, 283, 342)
[M::mem_pestat] low and high boundaries for computing mean and std.dev: (1, 644)
[M::mem_pestat] mean and std.dev: (255.02, 96.73)
[M::mem_pestat] low and high boundaries for proper pairs: (1, 795)
[M::mem_pestat] skip orientation FF
[M::mem_pestat] skip orientation RR
[M::mem_process_seqs] Processed 135372 reads in 19.211 CPU sec, 9.701 real sec
[M::process] read 135264 sequences (20000000 bp)...
[M::mem_pestat] # candidate unique pairs for (FF, FR, RF, RR): (31, 54903, 1, 34)
[M::mem_pestat] analyzing insert size distribution for orientation FF...
[M::mem_pestat] (25, 50, 75) percentile: (166, 224, 317)
[M::mem_pestat] low and high boundaries for computing mean and std.dev: (1, 619)
[M::mem_pestat] mean and std.dev: (235.58, 104.73)
[M::mem_pestat] low and high boundaries for proper pairs: (1, 770)
[M::mem_pestat] analyzing insert size distribution for orientation FR...
[M::mem_pestat] (25, 50, 75) percentile: (263, 317, 373)
[M::mem_pestat] low and high boundaries for computing mean and std.dev: (43, 593)
[M::mem_pestat] mean and std.dev: (318.98, 81.68)
[M::mem_pestat] low and high boundaries for proper pairs: (1, 703)
[M::mem_pestat] skip orientation RF as there are not enough pairs
[M::mem_pestat] analyzing insert size distribution for orientation RR...
[M::mem_pestat] (25, 50, 75) percentile: (187, 241, 281)
[M::mem_pestat] low and high boundaries for computing mean and std.dev: (1, 469)
[M::mem_pestat] mean and std.dev: (226.91, 67.34)
[M::mem_pestat] low and high boundaries for proper pairs: (1, 563)
[M::mem_pestat] skip orientation FF
[M::mem_pestat] skip orientation RR
[M::mem_process_seqs] Processed 135260 reads in 19.344 CPU sec, 9.762 real sec
[M::process] read 135208 sequences (20000255 bp)...
[M::mem_pestat] # candidate unique pairs for (FF, FR, RF, RR): (23, 54938, 2, 30)
[M::mem_pestat] analyzing insert size distribution for orientation FF...
[M::mem_pestat] (25, 50, 75) percentile: (216, 261, 361)
[M::mem_pestat] low and high boundaries for computing mean and std.dev: (1, 651)
[M::mem_pestat] mean and std.dev: (254.73, 84.01)
[M::mem_pestat] low and high boundaries for proper pairs: (1, 796)
[M::mem_pestat] analyzing insert size distribution for orientation FR...
[M::mem_pestat] (25, 50, 75) percentile: (263, 317, 372)
[M::mem_pestat] low and high boundaries for computing mean and std.dev: (45, 590)
[M::mem_pestat] mean and std.dev: (318.65, 81.39)
[M::mem_pestat] low and high boundaries for proper pairs: (1, 699)
[M::mem_pestat] skip orientation RF as there are not enough pairs
[M::mem_pestat] analyzing insert size distribution for orientation RR...
[M::mem_pestat] (25, 50, 75) percentile: (201, 262, 297)
[M::mem_pestat] low and high boundaries for computing mean and std.dev: (9, 489)
[M::mem_pestat] mean and std.dev: (260.63, 72.66)
[M::mem_pestat] low and high boundaries for proper pairs: (1, 585)
[M::mem_pestat] skip orientation FF
[M::mem_pestat] skip orientation RR
[M::mem_process_seqs] Processed 135264 reads in 19.159 CPU sec, 9.676 real sec
[M::process] read 135244 sequences (20000254 bp)...
[M::mem_pestat] # candidate unique pairs for (FF, FR, RF, RR): (22, 54936, 1, 32)
[M::mem_pestat] analyzing insert size distribution for orientation FF...
[M::mem_pestat] (25, 50, 75) percentile: (208, 255, 318)
[M::mem_pestat] low and high boundaries for computing mean and std.dev: (1, 538)
[M::mem_pestat] mean and std.dev: (254.40, 70.06)
[M::mem_pestat] low and high boundaries for proper pairs: (1, 648)
[M::mem_pestat] analyzing insert size distribution for orientation FR...
[M::mem_pestat] (25, 50, 75) percentile: (263, 317, 373)
[M::mem_pestat] low and high boundaries for computing mean and std.dev: (43, 593)
[M::mem_pestat] mean and std.dev: (318.77, 81.80)
[M::mem_pestat] low and high boundaries for proper pairs: (1, 703)
[M::mem_pestat] skip orientation RF as there are not enough pairs
[M::mem_pestat] analyzing insert size distribution for orientation RR...
[M::mem_pestat] (25, 50, 75) percentile: (211, 292, 367)
[M::mem_pestat] low and high boundaries for computing mean and std.dev: (1, 679)
[M::mem_pestat] mean and std.dev: (268.55, 100.61)
[M::mem_pestat] low and high boundaries for proper pairs: (1, 835)
[M::mem_pestat] skip orientation FF
[M::mem_pestat] skip orientation RR
[M::mem_process_seqs] Processed 135208 reads in 19.244 CPU sec, 9.717 real sec
[M::process] read 135190 sequences (20000116 bp)...
[M::mem_pestat] # candidate unique pairs for (FF, FR, RF, RR): (27, 54959, 1, 44)
[M::mem_pestat] analyzing insert size distribution for orientation FF...
[M::mem_pestat] (25, 50, 75) percentile: (155, 218, 299)
[M::mem_pestat] low and high boundaries for computing mean and std.dev: (1, 587)
[M::mem_pestat] mean and std.dev: (229.63, 84.12)
[M::mem_pestat] low and high boundaries for proper pairs: (1, 731)
[M::mem_pestat] analyzing insert size distribution for orientation FR...
[M::mem_pestat] (25, 50, 75) percentile: (263, 318, 373)
[M::mem_pestat] low and high boundaries for computing mean and std.dev: (43, 593)
[M::mem_pestat] mean and std.dev: (319.12, 81.25)
[M::mem_pestat] low and high boundaries for proper pairs: (1, 703)
[M::mem_pestat] skip orientation RF as there are not enough pairs
[M::mem_pestat] analyzing insert size distribution for orientation RR...
[M::mem_pestat] (25, 50, 75) percentile: (200, 255, 331)
[M::mem_pestat] low and high boundaries for computing mean and std.dev: (1, 593)
[M::mem_pestat] mean and std.dev: (256.10, 83.49)
[M::mem_pestat] low and high boundaries for proper pairs: (1, 724)
[M::mem_pestat] skip orientation FF
[M::mem_pestat] skip orientation RR
[M::mem_process_seqs] Processed 135244 reads in 19.185 CPU sec, 9.687 real sec
[M::process] read 135170 sequences (20000077 bp)...
[M::mem_pestat] # candidate unique pairs for (FF, FR, RF, RR): (31, 54789, 4, 27)
[M::mem_pestat] analyzing insert size distribution for orientation FF...
[M::mem_pestat] (25, 50, 75) percentile: (190, 245, 322)
[M::mem_pestat] low and high boundaries for computing mean and std.dev: (1, 586)
[M::mem_pestat] mean and std.dev: (259.45, 92.20)
[M::mem_pestat] low and high boundaries for proper pairs: (1, 718)
[M::mem_pestat] analyzing insert size distribution for orientation FR...
[M::mem_pestat] (25, 50, 75) percentile: (263, 317, 373)
[M::mem_pestat] low and high boundaries for computing mean and std.dev: (43, 593)
[M::mem_pestat] mean and std.dev: (318.80, 81.19)
[M::mem_pestat] low and high boundaries for proper pairs: (1, 703)
[M::mem_pestat] skip orientation RF as there are not enough pairs
[M::mem_pestat] analyzing insert size distribution for orientation RR...
[M::mem_pestat] (25, 50, 75) percentile: (226, 257, 314)
[M::mem_pestat] low and high boundaries for computing mean and std.dev: (50, 490)
[M::mem_pestat] mean and std.dev: (263.00, 95.10)
[M::mem_pestat] low and high boundaries for proper pairs: (1, 643)
[M::mem_pestat] skip orientation FF
[M::mem_pestat] skip orientation RR
[M::mem_process_seqs] Processed 135190 reads in 19.232 CPU sec, 9.717 real sec
[M::process] read 135180 sequences (20000270 bp)...
[M::mem_pestat] # candidate unique pairs for (FF, FR, RF, RR): (29, 54911, 1, 31)
[M::mem_pestat] analyzing insert size distribution for orientation FF...
[M::mem_pestat] (25, 50, 75) percentile: (200, 260, 332)
[M::mem_pestat] low and high boundaries for computing mean and std.dev: (1, 596)
[M::mem_pestat] mean and std.dev: (254.61, 95.99)
[M::mem_pestat] low and high boundaries for proper pairs: (1, 728)
[M::mem_pestat] analyzing insert size distribution for orientation FR...
[M::mem_pestat] (25, 50, 75) percentile: (262, 318, 373)
[M::mem_pestat] low and high boundaries for computing mean and std.dev: (40, 595)
[M::mem_pestat] mean and std.dev: (319.42, 82.01)
[M::mem_pestat] low and high boundaries for proper pairs: (1, 706)
[M::mem_pestat] skip orientation RF as there are not enough pairs
[M::mem_pestat] analyzing insert size distribution for orientation RR...
[M::mem_pestat] (25, 50, 75) percentile: (185, 235, 310)
[M::mem_pestat] low and high boundaries for computing mean and std.dev: (1, 560)
[M::mem_pestat] mean and std.dev: (254.26, 93.09)
[M::mem_pestat] low and high boundaries for proper pairs: (1, 685)
[M::mem_pestat] skip orientation FF
[M::mem_pestat] skip orientation RR
[M::mem_process_seqs] Processed 135170 reads in 19.199 CPU sec, 9.700 real sec
[M::process] read 135166 sequences (20000163 bp)...
[M::mem_pestat] # candidate unique pairs for (FF, FR, RF, RR): (29, 54913, 0, 43)
[M::mem_pestat] analyzing insert size distribution for orientation FF...
[M::mem_pestat] (25, 50, 75) percentile: (189, 262, 327)
[M::mem_pestat] low and high boundaries for computing mean and std.dev: (1, 603)
[M::mem_pestat] mean and std.dev: (252.64, 84.83)
[M::mem_pestat] low and high boundaries for proper pairs: (1, 741)
[M::mem_pestat] analyzing insert size distribution for orientation FR...
[M::mem_pestat] (25, 50, 75) percentile: (263, 317, 373)
[M::mem_pestat] low and high boundaries for computing mean and std.dev: (43, 593)
[M::mem_pestat] mean and std.dev: (318.76, 81.59)
[M::mem_pestat] low and high boundaries for proper pairs: (1, 703)
[M::mem_pestat] skip orientation RF as there are not enough pairs
[M::mem_pestat] analyzing insert size distribution for orientation RR...
[M::mem_pestat] (25, 50, 75) percentile: (197, 231, 300)
[M::mem_pestat] low and high boundaries for computing mean and std.dev: (1, 506)
[M::mem_pestat] mean and std.dev: (229.28, 88.91)
[M::mem_pestat] low and high boundaries for proper pairs: (1, 609)
[M::mem_pestat] skip orientation FF
[M::mem_pestat] skip orientation RR
[M::mem_process_seqs] Processed 135180 reads in 19.333 CPU sec, 9.765 real sec
[M::process] read 135190 sequences (20000224 bp)...
[M::mem_pestat] # candidate unique pairs for (FF, FR, RF, RR): (31, 54963, 0, 42)
[M::mem_pestat] analyzing insert size distribution for orientation FF...
[M::mem_pestat] (25, 50, 75) percentile: (164, 218, 300)
[M::mem_pestat] low and high boundaries for computing mean and std.dev: (1, 572)
[M::mem_pestat] mean and std.dev: (226.32, 69.46)
[M::mem_pestat] low and high boundaries for proper pairs: (1, 708)
[M::mem_pestat] analyzing insert size distribution for orientation FR...
[M::mem_pestat] (25, 50, 75) percentile: (263, 319, 374)
[M::mem_pestat] low and high boundaries for computing mean and std.dev: (41, 596)
[M::mem_pestat] mean and std.dev: (319.73, 81.65)
[M::mem_pestat] low and high boundaries for proper pairs: (1, 707)
[M::mem_pestat] skip orientation RF as there are not enough pairs
[M::mem_pestat] analyzing insert size distribution for orientation RR...
[M::mem_pestat] (25, 50, 75) percentile: (184, 246, 283)
[M::mem_pestat] low and high boundaries for computing mean and std.dev: (1, 481)
[M::mem_pestat] mean and std.dev: (232.93, 74.70)
[M::mem_pestat] low and high boundaries for proper pairs: (1, 580)
[M::mem_pestat] skip orientation FF
[M::mem_pestat] skip orientation RR
[M::mem_process_seqs] Processed 135166 reads in 19.067 CPU sec, 9.631 real sec
[M::process] read 135126 sequences (20000042 bp)...
[M::mem_pestat] # candidate unique pairs for (FF, FR, RF, RR): (30, 54975, 1, 51)
[M::mem_pestat] analyzing insert size distribution for orientation FF...
[M::mem_pestat] (25, 50, 75) percentile: (156, 220, 270)
[M::mem_pestat] low and high boundaries for computing mean and std.dev: (1, 498)
[M::mem_pestat] mean and std.dev: (216.62, 89.40)
[M::mem_pestat] low and high boundaries for proper pairs: (1, 612)
[M::mem_pestat] analyzing insert size distribution for orientation FR...
[M::mem_pestat] (25, 50, 75) percentile: (263, 318, 373)
[M::mem_pestat] low and high boundaries for computing mean and std.dev: (43, 593)
[M::mem_pestat] mean and std.dev: (319.15, 81.36)
[M::mem_pestat] low and high boundaries for proper pairs: (1, 703)
[M::mem_pestat] skip orientation RF as there are not enough pairs
[M::mem_pestat] analyzing insert size distribution for orientation RR...
[M::mem_pestat] (25, 50, 75) percentile: (198, 268, 339)
[M::mem_pestat] low and high boundaries for computing mean and std.dev: (1, 621)
[M::mem_pestat] mean and std.dev: (262.49, 92.86)
[M::mem_pestat] low and high boundaries for proper pairs: (1, 762)
[M::mem_pestat] skip orientation FF
[M::mem_pestat] skip orientation RR
[M::mem_process_seqs] Processed 135190 reads in 19.380 CPU sec, 9.794 real sec
[M::process] read 135104 sequences (20000010 bp)...
[M::mem_pestat] # candidate unique pairs for (FF, FR, RF, RR): (22, 54901, 1, 32)
[M::mem_pestat] analyzing insert size distribution for orientation FF...
[M::mem_pestat] (25, 50, 75) percentile: (183, 269, 320)
[M::mem_pestat] low and high boundaries for computing mean and std.dev: (1, 594)
[M::mem_pestat] mean and std.dev: (256.70, 98.92)
[M::mem_pestat] low and high boundaries for proper pairs: (1, 731)
[M::mem_pestat] analyzing insert size distribution for orientation FR...
[M::mem_pestat] (25, 50, 75) percentile: (263, 318, 374)
[M::mem_pestat] low and high boundaries for computing mean and std.dev: (41, 596)
[M::mem_pestat] mean and std.dev: (319.65, 81.46)
[M::mem_pestat] low and high boundaries for proper pairs: (1, 707)
[M::mem_pestat] skip orientation RF as there are not enough pairs
[M::mem_pestat] analyzing insert size distribution for orientation RR...
[M::mem_pestat] (25, 50, 75) percentile: (184, 249, 301)
[M::mem_pestat] low and high boundaries for computing mean and std.dev: (1, 535)
[M::mem_pestat] mean and std.dev: (248.94, 84.59)
[M::mem_pestat] low and high boundaries for proper pairs: (1, 652)
[M::mem_pestat] skip orientation FF
[M::mem_pestat] skip orientation RR
[M::mem_process_seqs] Processed 135126 reads in 19.216 CPU sec, 9.705 real sec
[M::process] read 135042 sequences (20000104 bp)...
[M::mem_pestat] # candidate unique pairs for (FF, FR, RF, RR): (25, 54659, 2, 42)
[M::mem_pestat] analyzing insert size distribution for orientation FF...
[M::mem_pestat] (25, 50, 75) percentile: (154, 263, 321)
[M::mem_pestat] low and high boundaries for computing mean and std.dev: (1, 655)
[M::mem_pestat] mean and std.dev: (249.68, 98.26)
[M::mem_pestat] low and high boundaries for proper pairs: (1, 822)
[M::mem_pestat] analyzing insert size distribution for orientation FR...
[M::mem_pestat] (25, 50, 75) percentile: (263, 318, 374)
[M::mem_pestat] low and high boundaries for computing mean and std.dev: (41, 596)
[M::mem_pestat] mean and std.dev: (319.45, 81.17)
[M::mem_pestat] low and high boundaries for proper pairs: (1, 707)
[M::mem_pestat] skip orientation RF as there are not enough pairs
[M::mem_pestat] analyzing insert size distribution for orientation RR...
[M::mem_pestat] (25, 50, 75) percentile: (185, 245, 297)
[M::mem_pestat] low and high boundaries for computing mean and std.dev: (1, 521)
[M::mem_pestat] mean and std.dev: (238.67, 79.36)
[M::mem_pestat] low and high boundaries for proper pairs: (1, 633)
[M::mem_pestat] skip orientation FF
[M::mem_pestat] skip orientation RR
[M::mem_process_seqs] Processed 135104 reads in 19.378 CPU sec, 9.789 real sec
[M::process] read 135096 sequences (20000154 bp)...
[M::mem_pestat] # candidate unique pairs for (FF, FR, RF, RR): (27, 54929, 1, 36)
[M::mem_pestat] analyzing insert size distribution for orientation FF...
[M::mem_pestat] (25, 50, 75) percentile: (186, 240, 338)
[M::mem_pestat] low and high boundaries for computing mean and std.dev: (1, 642)
[M::mem_pestat] mean and std.dev: (252.41, 81.31)
[M::mem_pestat] low and high boundaries for proper pairs: (1, 794)
[M::mem_pestat] analyzing insert size distribution for orientation FR...
[M::mem_pestat] (25, 50, 75) percentile: (263, 318, 373)
[M::mem_pestat] low and high boundaries for computing mean and std.dev: (43, 593)
[M::mem_pestat] mean and std.dev: (319.43, 81.64)
[M::mem_pestat] low and high boundaries for proper pairs: (1, 703)
[M::mem_pestat] skip orientation RF as there are not enough pairs
[M::mem_pestat] analyzing insert size distribution for orientation RR...
[M::mem_pestat] (25, 50, 75) percentile: (178, 264, 349)
[M::mem_pestat] low and high boundaries for computing mean and std.dev: (1, 691)
[M::mem_pestat] mean and std.dev: (269.14, 95.83)
[M::mem_pestat] low and high boundaries for proper pairs: (1, 862)
[M::mem_pestat] skip orientation FF
[M::mem_pestat] skip orientation RR
[M::mem_process_seqs] Processed 135042 reads in 19.403 CPU sec, 9.798 real sec
[M::process] read 135034 sequences (20000099 bp)...
[M::mem_pestat] # candidate unique pairs for (FF, FR, RF, RR): (32, 54952, 3, 35)
[M::mem_pestat] analyzing insert size distribution for orientation FF...
[M::mem_pestat] (25, 50, 75) percentile: (171, 224, 322)
[M::mem_pestat] low and high boundaries for computing mean and std.dev: (1, 624)
[M::mem_pestat] mean and std.dev: (226.74, 83.09)
[M::mem_pestat] low and high boundaries for proper pairs: (1, 775)
[M::mem_pestat] analyzing insert size distribution for orientation FR...
[M::mem_pestat] (25, 50, 75) percentile: (263, 318, 373)
[M::mem_pestat] low and high boundaries for computing mean and std.dev: (43, 593)
[M::mem_pestat] mean and std.dev: (319.34, 81.68)
[M::mem_pestat] low and high boundaries for proper pairs: (1, 703)
[M::mem_pestat] skip orientation RF as there are not enough pairs
[M::mem_pestat] analyzing insert size distribution for orientation RR...
[M::mem_pestat] (25, 50, 75) percentile: (152, 206, 302)
[M::mem_pestat] low and high boundaries for computing mean and std.dev: (1, 602)
[M::mem_pestat] mean and std.dev: (228.11, 102.22)
[M::mem_pestat] low and high boundaries for proper pairs: (1, 752)
[M::mem_pestat] skip orientation FF
[M::mem_pestat] skip orientation RR
[M::mem_process_seqs] Processed 135096 reads in 19.343 CPU sec, 9.768 real sec
[M::process] read 135226 sequences (20000046 bp)...
[M::mem_pestat] # candidate unique pairs for (FF, FR, RF, RR): (46, 55044, 2, 32)
[M::mem_pestat] analyzing insert size distribution for orientation FF...
[M::mem_pestat] (25, 50, 75) percentile: (176, 249, 333)
[M::mem_pestat] low and high boundaries for computing mean and std.dev: (1, 647)
[M::mem_pestat] mean and std.dev: (259.33, 93.54)
[M::mem_pestat] low and high boundaries for proper pairs: (1, 804)
[M::mem_pestat] analyzing insert size distribution for orientation FR...
[M::mem_pestat] (25, 50, 75) percentile: (264, 318, 374)
[M::mem_pestat] low and high boundaries for computing mean and std.dev: (44, 594)
[M::mem_pestat] mean and std.dev: (320.03, 81.46)
[M::mem_pestat] low and high boundaries for proper pairs: (1, 704)
[M::mem_pestat] skip orientation RF as there are not enough pairs
[M::mem_pestat] analyzing insert size distribution for orientation RR...
[M::mem_pestat] (25, 50, 75) percentile: (179, 230, 296)
[M::mem_pestat] low and high boundaries for computing mean and std.dev: (1, 530)
[M::mem_pestat] mean and std.dev: (228.10, 70.28)
[M::mem_pestat] low and high boundaries for proper pairs: (1, 647)
[M::mem_pestat] skip orientation FF
[M::mem_pestat] skip orientation RR
[M::mem_process_seqs] Processed 135034 reads in 19.317 CPU sec, 9.760 real sec
[M::process] read 135312 sequences (20000276 bp)...
[M::mem_pestat] # candidate unique pairs for (FF, FR, RF, RR): (34, 55012, 2, 53)
[M::mem_pestat] analyzing insert size distribution for orientation FF...
[M::mem_pestat] (25, 50, 75) percentile: (173, 230, 280)
[M::mem_pestat] low and high boundaries for computing mean and std.dev: (1, 494)
[M::mem_pestat] mean and std.dev: (229.71, 78.80)
[M::mem_pestat] low and high boundaries for proper pairs: (1, 601)
[M::mem_pestat] analyzing insert size distribution for orientation FR...
[M::mem_pestat] (25, 50, 75) percentile: (265, 320, 374)
[M::mem_pestat] low and high boundaries for computing mean and std.dev: (47, 592)
[M::mem_pestat] mean and std.dev: (321.44, 81.14)
[M::mem_pestat] low and high boundaries for proper pairs: (1, 701)
[M::mem_pestat] skip orientation RF as there are not enough pairs
[M::mem_pestat] analyzing insert size distribution for orientation RR...
[M::mem_pestat] (25, 50, 75) percentile: (178, 274, 332)
[M::mem_pestat] low and high boundaries for computing mean and std.dev: (1, 640)
[M::mem_pestat] mean and std.dev: (263.69, 95.59)
[M::mem_pestat] low and high boundaries for proper pairs: (1, 794)
[M::mem_pestat] skip orientation FF
[M::mem_pestat] skip orientation RR
[M::mem_process_seqs] Processed 135226 reads in 19.831 CPU sec, 13.770 real sec
[M::process] read 135372 sequences (20000097 bp)...
[M::mem_pestat] # candidate unique pairs for (FF, FR, RF, RR): (41, 54881, 1, 36)
[M::mem_pestat] analyzing insert size distribution for orientation FF...
[M::mem_pestat] (25, 50, 75) percentile: (185, 257, 334)
[M::mem_pestat] low and high boundaries for computing mean and std.dev: (1, 632)
[M::mem_pestat] mean and std.dev: (249.66, 96.50)
[M::mem_pestat] low and high boundaries for proper pairs: (1, 781)
[M::mem_pestat] analyzing insert size distribution for orientation FR...
[M::mem_pestat] (25, 50, 75) percentile: (266, 320, 376)
[M::mem_pestat] low and high boundaries for computing mean and std.dev: (46, 596)
[M::mem_pestat] mean and std.dev: (321.69, 81.60)
[M::mem_pestat] low and high boundaries for proper pairs: (1, 706)
[M::mem_pestat] skip orientation RF as there are not enough pairs
[M::mem_pestat] analyzing insert size distribution for orientation RR...
[M::mem_pestat] (25, 50, 75) percentile: (208, 253, 319)
[M::mem_pestat] low and high boundaries for computing mean and std.dev: (1, 541)
[M::mem_pestat] mean and std.dev: (261.31, 84.46)
[M::mem_pestat] low and high boundaries for proper pairs: (1, 652)
[M::mem_pestat] skip orientation FF
[M::mem_pestat] skip orientation RR
[M::mem_process_seqs] Processed 135312 reads in 19.404 CPU sec, 9.797 real sec
[M::process] read 135482 sequences (20000078 bp)...
[M::mem_pestat] # candidate unique pairs for (FF, FR, RF, RR): (34, 55118, 2, 37)
[M::mem_pestat] analyzing insert size distribution for orientation FF...
[M::mem_pestat] (25, 50, 75) percentile: (175, 222, 312)
[M::mem_pestat] low and high boundaries for computing mean and std.dev: (1, 586)
[M::mem_pestat] mean and std.dev: (240.18, 94.93)
[M::mem_pestat] low and high boundaries for proper pairs: (1, 723)
[M::mem_pestat] analyzing insert size distribution for orientation FR...
[M::mem_pestat] (25, 50, 75) percentile: (266, 320, 376)
[M::mem_pestat] low and high boundaries for computing mean and std.dev: (46, 596)
[M::mem_pestat] mean and std.dev: (322.30, 81.43)
[M::mem_pestat] low and high boundaries for proper pairs: (1, 706)
[M::mem_pestat] skip orientation RF as there are not enough pairs
[M::mem_pestat] analyzing insert size distribution for orientation RR...
[M::mem_pestat] (25, 50, 75) percentile: (207, 269, 361)
[M::mem_pestat] low and high boundaries for computing mean and std.dev: (1, 669)
[M::mem_pestat] mean and std.dev: (274.69, 97.77)
[M::mem_pestat] low and high boundaries for proper pairs: (1, 823)
[M::mem_pestat] skip orientation FF
[M::mem_pestat] skip orientation RR
[M::mem_process_seqs] Processed 135372 reads in 19.521 CPU sec, 9.860 real sec
[M::process] read 135728 sequences (20000222 bp)...
[M::mem_pestat] # candidate unique pairs for (FF, FR, RF, RR): (31, 54944, 1, 32)
[M::mem_pestat] analyzing insert size distribution for orientation FF...
[M::mem_pestat] (25, 50, 75) percentile: (185, 227, 331)
[M::mem_pestat] low and high boundaries for computing mean and std.dev: (1, 623)
[M::mem_pestat] mean and std.dev: (243.97, 90.50)
[M::mem_pestat] low and high boundaries for proper pairs: (1, 769)
[M::mem_pestat] analyzing insert size distribution for orientation FR...
[M::mem_pestat] (25, 50, 75) percentile: (266, 320, 376)
[M::mem_pestat] low and high boundaries for computing mean and std.dev: (46, 596)
[M::mem_pestat] mean and std.dev: (321.83, 81.02)
[M::mem_pestat] low and high boundaries for proper pairs: (1, 706)
[M::mem_pestat] skip orientation RF as there are not enough pairs
[M::mem_pestat] analyzing insert size distribution for orientation RR...
[M::mem_pestat] (25, 50, 75) percentile: (184, 223, 296)
[M::mem_pestat] low and high boundaries for computing mean and std.dev: (1, 520)
[M::mem_pestat] mean and std.dev: (231.77, 73.25)
[M::mem_pestat] low and high boundaries for proper pairs: (1, 632)
[M::mem_pestat] skip orientation FF
[M::mem_pestat] skip orientation RR
[M::mem_process_seqs] Processed 135482 reads in 19.729 CPU sec, 9.961 real sec
[M::process] read 135848 sequences (20000196 bp)...
[M::mem_pestat] # candidate unique pairs for (FF, FR, RF, RR): (35, 55158, 1, 28)
[M::mem_pestat] analyzing insert size distribution for orientation FF...
[M::mem_pestat] (25, 50, 75) percentile: (164, 264, 341)
[M::mem_pestat] low and high boundaries for computing mean and std.dev: (1, 695)
[M::mem_pestat] mean and std.dev: (248.21, 104.35)
[M::mem_pestat] low and high boundaries for proper pairs: (1, 872)
[M::mem_pestat] analyzing insert size distribution for orientation FR...
[M::mem_pestat] (25, 50, 75) percentile: (265, 319, 375)
[M::mem_pestat] low and high boundaries for computing mean and std.dev: (45, 595)
[M::mem_pestat] mean and std.dev: (320.97, 81.08)
[M::mem_pestat] low and high boundaries for proper pairs: (1, 705)
[M::mem_pestat] skip orientation RF as there are not enough pairs
[M::mem_pestat] analyzing insert size distribution for orientation RR...
[M::mem_pestat] (25, 50, 75) percentile: (182, 250, 318)
[M::mem_pestat] low and high boundaries for computing mean and std.dev: (1, 590)
[M::mem_pestat] mean and std.dev: (247.67, 82.56)
[M::mem_pestat] low and high boundaries for proper pairs: (1, 726)
[M::mem_pestat] skip orientation FF
[M::mem_pestat] skip orientation RR
[M::mem_process_seqs] Processed 135728 reads in 19.604 CPU sec, 9.901 real sec
[M::process] read 136320 sequences (20000242 bp)...
[M::mem_pestat] # candidate unique pairs for (FF, FR, RF, RR): (31, 55497, 2, 38)
[M::mem_pestat] analyzing insert size distribution for orientation FF...
[M::mem_pestat] (25, 50, 75) percentile: (192, 261, 308)
[M::mem_pestat] low and high boundaries for computing mean and std.dev: (1, 540)
[M::mem_pestat] mean and std.dev: (254.42, 69.08)
[M::mem_pestat] low and high boundaries for proper pairs: (1, 656)
[M::mem_pestat] analyzing insert size distribution for orientation FR...
[M::mem_pestat] (25, 50, 75) percentile: (264, 318, 372)
[M::mem_pestat] low and high boundaries for computing mean and std.dev: (48, 588)
[M::mem_pestat] mean and std.dev: (319.58, 80.66)
[M::mem_pestat] low and high boundaries for proper pairs: (1, 696)
[M::mem_pestat] skip orientation RF as there are not enough pairs
[M::mem_pestat] analyzing insert size distribution for orientation RR...
[M::mem_pestat] (25, 50, 75) percentile: (209, 277, 315)
[M::mem_pestat] low and high boundaries for computing mean and std.dev: (1, 527)
[M::mem_pestat] mean and std.dev: (260.33, 80.39)
[M::mem_pestat] low and high boundaries for proper pairs: (1, 633)
[M::mem_pestat] skip orientation FF
[M::mem_pestat] skip orientation RR
[M::mem_process_seqs] Processed 135848 reads in 19.570 CPU sec, 9.884 real sec
[M::process] read 136642 sequences (20000103 bp)...
[M::mem_pestat] # candidate unique pairs for (FF, FR, RF, RR): (32, 55644, 0, 41)
[M::mem_pestat] analyzing insert size distribution for orientation FF...
[M::mem_pestat] (25, 50, 75) percentile: (148, 216, 256)
[M::mem_pestat] low and high boundaries for computing mean and std.dev: (1, 472)
[M::mem_pestat] mean and std.dev: (198.13, 85.53)
[M::mem_pestat] low and high boundaries for proper pairs: (1, 580)
[M::mem_pestat] analyzing insert size distribution for orientation FR...
[M::mem_pestat] (25, 50, 75) percentile: (265, 319, 373)
[M::mem_pestat] low and high boundaries for computing mean and std.dev: (49, 589)
[M::mem_pestat] mean and std.dev: (320.19, 80.57)
[M::mem_pestat] low and high boundaries for proper pairs: (1, 697)
[M::mem_pestat] skip orientation RF as there are not enough pairs
[M::mem_pestat] analyzing insert size distribution for orientation RR...
[M::mem_pestat] (25, 50, 75) percentile: (183, 270, 369)
[M::mem_pestat] low and high boundaries for computing mean and std.dev: (1, 741)
[M::mem_pestat] mean and std.dev: (260.41, 95.29)
[M::mem_pestat] low and high boundaries for proper pairs: (1, 927)
[M::mem_pestat] skip orientation FF
[M::mem_pestat] skip orientation RR
[M::mem_process_seqs] Processed 136320 reads in 19.787 CPU sec, 9.997 real sec
[M::process] read 136266 sequences (20000014 bp)...
[M::mem_pestat] # candidate unique pairs for (FF, FR, RF, RR): (36, 55743, 1, 42)
[M::mem_pestat] analyzing insert size distribution for orientation FF...
[M::mem_pestat] (25, 50, 75) percentile: (152, 206, 262)
[M::mem_pestat] low and high boundaries for computing mean and std.dev: (1, 482)
[M::mem_pestat] mean and std.dev: (211.72, 97.18)
[M::mem_pestat] low and high boundaries for proper pairs: (1, 600)
[M::mem_pestat] analyzing insert size distribution for orientation FR...
[M::mem_pestat] (25, 50, 75) percentile: (265, 319, 374)
[M::mem_pestat] low and high boundaries for computing mean and std.dev: (47, 592)
[M::mem_pestat] mean and std.dev: (320.96, 80.76)
[M::mem_pestat] low and high boundaries for proper pairs: (1, 701)
[M::mem_pestat] skip orientation RF as there are not enough pairs
[M::mem_pestat] analyzing insert size distribution for orientation RR...
[M::mem_pestat] (25, 50, 75) percentile: (187, 227, 288)
[M::mem_pestat] low and high boundaries for computing mean and std.dev: (1, 490)
[M::mem_pestat] mean and std.dev: (234.75, 81.15)
[M::mem_pestat] low and high boundaries for proper pairs: (1, 591)
[M::mem_pestat] skip orientation FF
[M::mem_pestat] skip orientation RR
[M::mem_process_seqs] Processed 136642 reads in 19.899 CPU sec, 10.049 real sec
[M::process] read 135860 sequences (20000096 bp)...
[M::mem_pestat] # candidate unique pairs for (FF, FR, RF, RR): (21, 55673, 2, 40)
[M::mem_pestat] analyzing insert size distribution for orientation FF...
[M::mem_pestat] (25, 50, 75) percentile: (158, 213, 312)
[M::mem_pestat] low and high boundaries for computing mean and std.dev: (1, 620)
[M::mem_pestat] mean and std.dev: (217.10, 89.30)
[M::mem_pestat] low and high boundaries for proper pairs: (1, 774)
[M::mem_pestat] analyzing insert size distribution for orientation FR...
[M::mem_pestat] (25, 50, 75) percentile: (266, 320, 375)
[M::mem_pestat] low and high boundaries for computing mean and std.dev: (48, 593)
[M::mem_pestat] mean and std.dev: (321.72, 80.94)
[M::mem_pestat] low and high boundaries for proper pairs: (1, 702)
[M::mem_pestat] skip orientation RF as there are not enough pairs
[M::mem_pestat] analyzing insert size distribution for orientation RR...
[M::mem_pestat] (25, 50, 75) percentile: (157, 209, 274)
[M::mem_pestat] low and high boundaries for computing mean and std.dev: (1, 508)
[M::mem_pestat] mean and std.dev: (222.74, 95.79)
[M::mem_pestat] low and high boundaries for proper pairs: (1, 625)
[M::mem_pestat] skip orientation FF
[M::mem_pestat] skip orientation RR
[M::mem_process_seqs] Processed 136266 reads in 19.706 CPU sec, 9.955 real sec
[M::process] read 135438 sequences (20000246 bp)...
[M::mem_pestat] # candidate unique pairs for (FF, FR, RF, RR): (34, 55404, 3, 24)
[M::mem_pestat] analyzing insert size distribution for orientation FF...
[M::mem_pestat] (25, 50, 75) percentile: (196, 237, 275)
[M::mem_pestat] low and high boundaries for computing mean and std.dev: (38, 433)
[M::mem_pestat] mean and std.dev: (227.16, 65.01)
[M::mem_pestat] low and high boundaries for proper pairs: (1, 512)
[M::mem_pestat] analyzing insert size distribution for orientation FR...
[M::mem_pestat] (25, 50, 75) percentile: (266, 321, 377)
[M::mem_pestat] low and high boundaries for computing mean and std.dev: (44, 599)
[M::mem_pestat] mean and std.dev: (322.75, 81.48)
[M::mem_pestat] low and high boundaries for proper pairs: (1, 710)
[M::mem_pestat] skip orientation RF as there are not enough pairs
[M::mem_pestat] analyzing insert size distribution for orientation RR...
[M::mem_pestat] (25, 50, 75) percentile: (152, 271, 384)
[M::mem_pestat] low and high boundaries for computing mean and std.dev: (1, 848)
[M::mem_pestat] mean and std.dev: (281.67, 140.91)
[M::mem_pestat] low and high boundaries for proper pairs: (1, 1080)
[M::mem_pestat] skip orientation FF
[M::mem_pestat] skip orientation RR
[M::mem_process_seqs] Processed 135860 reads in 19.264 CPU sec, 9.729 real sec
[M::process] read 135158 sequences (20000225 bp)...
[M::mem_pestat] # candidate unique pairs for (FF, FR, RF, RR): (29, 55176, 1, 33)
[M::mem_pestat] analyzing insert size distribution for orientation FF...
[M::mem_pestat] (25, 50, 75) percentile: (186, 221, 310)
[M::mem_pestat] low and high boundaries for computing mean and std.dev: (1, 558)
[M::mem_pestat] mean and std.dev: (244.07, 84.34)
[M::mem_pestat] low and high boundaries for proper pairs: (1, 682)
[M::mem_pestat] analyzing insert size distribution for orientation FR...
[M::mem_pestat] (25, 50, 75) percentile: (267, 322, 378)
[M::mem_pestat] low and high boundaries for computing mean and std.dev: (45, 600)
[M::mem_pestat] mean and std.dev: (323.30, 82.29)
[M::mem_pestat] low and high boundaries for proper pairs: (1, 711)
[M::mem_pestat] skip orientation RF as there are not enough pairs
[M::mem_pestat] analyzing insert size distribution for orientation RR...
[M::mem_pestat] (25, 50, 75) percentile: (195, 230, 333)
[M::mem_pestat] low and high boundaries for computing mean and std.dev: (1, 609)
[M::mem_pestat] mean and std.dev: (257.38, 92.68)
[M::mem_pestat] low and high boundaries for proper pairs: (1, 747)
[M::mem_pestat] skip orientation FF
[M::mem_pestat] skip orientation RR
[M::mem_process_seqs] Processed 135438 reads in 19.395 CPU sec, 9.798 real sec
[M::process] read 135066 sequences (20000131 bp)...
[M::mem_pestat] # candidate unique pairs for (FF, FR, RF, RR): (23, 54994, 3, 23)
[M::mem_pestat] analyzing insert size distribution for orientation FF...
[M::mem_pestat] (25, 50, 75) percentile: (191, 235, 317)
[M::mem_pestat] low and high boundaries for computing mean and std.dev: (1, 569)
[M::mem_pestat] mean and std.dev: (247.26, 78.41)
[M::mem_pestat] low and high boundaries for proper pairs: (1, 695)
[M::mem_pestat] analyzing insert size distribution for orientation FR...
[M::mem_pestat] (25, 50, 75) percentile: (265, 321, 376)
[M::mem_pestat] low and high boundaries for computing mean and std.dev: (43, 598)
[M::mem_pestat] mean and std.dev: (321.97, 81.97)
[M::mem_pestat] low and high boundaries for proper pairs: (1, 709)
[M::mem_pestat] skip orientation RF as there are not enough pairs
[M::mem_pestat] analyzing insert size distribution for orientation RR...
[M::mem_pestat] (25, 50, 75) percentile: (145, 201, 288)
[M::mem_pestat] low and high boundaries for computing mean and std.dev: (1, 574)
[M::mem_pestat] mean and std.dev: (209.82, 95.63)
[M::mem_pestat] low and high boundaries for proper pairs: (1, 717)
[M::mem_pestat] skip orientation FF
[M::mem_pestat] skip orientation RR
[M::mem_process_seqs] Processed 135158 reads in 19.246 CPU sec, 9.726 real sec
[M::process] read 135024 sequences (20000210 bp)...
[M::mem_pestat] # candidate unique pairs for (FF, FR, RF, RR): (23, 55011, 1, 37)
[M::mem_pestat] analyzing insert size distribution for orientation FF...
[M::mem_pestat] (25, 50, 75) percentile: (173, 246, 265)
[M::mem_pestat] low and high boundaries for computing mean and std.dev: (1, 449)
[M::mem_pestat] mean and std.dev: (227.26, 66.17)
[M::mem_pestat] low and high boundaries for proper pairs: (1, 541)
[M::mem_pestat] analyzing insert size distribution for orientation FR...
[M::mem_pestat] (25, 50, 75) percentile: (264, 319, 375)
[M::mem_pestat] low and high boundaries for computing mean and std.dev: (42, 597)
[M::mem_pestat] mean and std.dev: (320.84, 82.15)
[M::mem_pestat] low and high boundaries for proper pairs: (1, 708)
[M::mem_pestat] skip orientation RF as there are not enough pairs
[M::mem_pestat] analyzing insert size distribution for orientation RR...
[M::mem_pestat] (25, 50, 75) percentile: (166, 233, 298)
[M::mem_pestat] low and high boundaries for computing mean and std.dev: (1, 562)
[M::mem_pestat] mean and std.dev: (222.58, 82.84)
[M::mem_pestat] low and high boundaries for proper pairs: (1, 694)
[M::mem_pestat] skip orientation FF
[M::mem_pestat] skip orientation RR
[M::mem_process_seqs] Processed 135066 reads in 19.259 CPU sec, 9.729 real sec
[M::process] read 135072 sequences (20000061 bp)...
[M::mem_pestat] # candidate unique pairs for (FF, FR, RF, RR): (48, 54767, 1, 42)
[M::mem_pestat] analyzing insert size distribution for orientation FF...
[M::mem_pestat] (25, 50, 75) percentile: (166, 257, 337)
[M::mem_pestat] low and high boundaries for computing mean and std.dev: (1, 679)
[M::mem_pestat] mean and std.dev: (245.89, 96.58)
[M::mem_pestat] low and high boundaries for proper pairs: (1, 850)
[M::mem_pestat] analyzing insert size distribution for orientation FR...
[M::mem_pestat] (25, 50, 75) percentile: (265, 319, 374)
[M::mem_pestat] low and high boundaries for computing mean and std.dev: (47, 592)
[M::mem_pestat] mean and std.dev: (320.35, 81.74)
[M::mem_pestat] low and high boundaries for proper pairs: (1, 701)
[M::mem_pestat] skip orientation RF as there are not enough pairs
[M::mem_pestat] analyzing insert size distribution for orientation RR...
[M::mem_pestat] (25, 50, 75) percentile: (184, 283, 316)
[M::mem_pestat] low and high boundaries for computing mean and std.dev: (1, 580)
[M::mem_pestat] mean and std.dev: (250.42, 84.65)
[M::mem_pestat] low and high boundaries for proper pairs: (1, 712)
[M::mem_pestat] skip orientation FF
[M::mem_pestat] skip orientation RR
[M::mem_process_seqs] Processed 135024 reads in 18.938 CPU sec, 9.564 real sec
[M::process] read 135136 sequences (20000188 bp)...
[M::mem_pestat] # candidate unique pairs for (FF, FR, RF, RR): (40, 54903, 1, 42)
[M::mem_pestat] analyzing insert size distribution for orientation FF...
[M::mem_pestat] (25, 50, 75) percentile: (205, 266, 301)
[M::mem_pestat] low and high boundaries for computing mean and std.dev: (13, 493)
[M::mem_pestat] mean and std.dev: (259.73, 91.76)
[M::mem_pestat] low and high boundaries for proper pairs: (1, 627)
[M::mem_pestat] analyzing insert size distribution for orientation FR...
[M::mem_pestat] (25, 50, 75) percentile: (264, 319, 375)
[M::mem_pestat] low and high boundaries for computing mean and std.dev: (42, 597)
[M::mem_pestat] mean and std.dev: (320.51, 82.09)
[M::mem_pestat] low and high boundaries for proper pairs: (1, 708)
[M::mem_pestat] skip orientation RF as there are not enough pairs
[M::mem_pestat] analyzing insert size distribution for orientation RR...
[M::mem_pestat] (25, 50, 75) percentile: (197, 263, 330)
[M::mem_pestat] low and high boundaries for computing mean and std.dev: (1, 596)
[M::mem_pestat] mean and std.dev: (255.44, 88.44)
[M::mem_pestat] low and high boundaries for proper pairs: (1, 729)
[M::mem_pestat] skip orientation FF
[M::mem_pestat] skip orientation RR
[M::mem_process_seqs] Processed 135072 reads in 19.394 CPU sec, 9.801 real sec
[M::process] read 135106 sequences (20000141 bp)...
[M::mem_pestat] # candidate unique pairs for (FF, FR, RF, RR): (23, 54942, 1, 41)
[M::mem_pestat] analyzing insert size distribution for orientation FF...
[M::mem_pestat] (25, 50, 75) percentile: (178, 259, 286)
[M::mem_pestat] low and high boundaries for computing mean and std.dev: (1, 502)
[M::mem_pestat] mean and std.dev: (224.10, 89.82)
[M::mem_pestat] low and high boundaries for proper pairs: (1, 610)
[M::mem_pestat] analyzing insert size distribution for orientation FR...
[M::mem_pestat] (25, 50, 75) percentile: (264, 319, 375)
[M::mem_pestat] low and high boundaries for computing mean and std.dev: (42, 597)
[M::mem_pestat] mean and std.dev: (320.28, 81.67)
[M::mem_pestat] low and high boundaries for proper pairs: (1, 708)
[M::mem_pestat] skip orientation RF as there are not enough pairs
[M::mem_pestat] analyzing insert size distribution for orientation RR...
[M::mem_pestat] (25, 50, 75) percentile: (194, 233, 300)
[M::mem_pestat] low and high boundaries for computing mean and std.dev: (1, 512)
[M::mem_pestat] mean and std.dev: (241.71, 84.80)
[M::mem_pestat] low and high boundaries for proper pairs: (1, 618)
[M::mem_pestat] skip orientation FF
[M::mem_pestat] skip orientation RR
[M::mem_process_seqs] Processed 135136 reads in 19.044 CPU sec, 9.620 real sec
[M::process] read 135050 sequences (20000175 bp)...
[M::mem_pestat] # candidate unique pairs for (FF, FR, RF, RR): (30, 54842, 2, 44)
[M::mem_pestat] analyzing insert size distribution for orientation FF...
[M::mem_pestat] (25, 50, 75) percentile: (197, 259, 322)
[M::mem_pestat] low and high boundaries for computing mean and std.dev: (1, 572)
[M::mem_pestat] mean and std.dev: (256.97, 87.43)
[M::mem_pestat] low and high boundaries for proper pairs: (1, 697)
[M::mem_pestat] analyzing insert size distribution for orientation FR...
[M::mem_pestat] (25, 50, 75) percentile: (264, 319, 375)
[M::mem_pestat] low and high boundaries for computing mean and std.dev: (42, 597)
[M::mem_pestat] mean and std.dev: (320.61, 81.78)
[M::mem_pestat] low and high boundaries for proper pairs: (1, 708)
[M::mem_pestat] skip orientation RF as there are not enough pairs
[M::mem_pestat] analyzing insert size distribution for orientation RR...
[M::mem_pestat] (25, 50, 75) percentile: (175, 254, 298)
[M::mem_pestat] low and high boundaries for computing mean and std.dev: (1, 544)
[M::mem_pestat] mean and std.dev: (234.16, 96.82)
[M::mem_pestat] low and high boundaries for proper pairs: (1, 667)
[M::mem_pestat] skip orientation FF
[M::mem_pestat] skip orientation RR
[M::mem_process_seqs] Processed 135106 reads in 19.289 CPU sec, 9.744 real sec
[M::process] read 135108 sequences (20000035 bp)...
[M::mem_pestat] # candidate unique pairs for (FF, FR, RF, RR): (24, 54761, 2, 35)
[M::mem_pestat] analyzing insert size distribution for orientation FF...
[M::mem_pestat] (25, 50, 75) percentile: (197, 244, 331)
[M::mem_pestat] low and high boundaries for computing mean and std.dev: (1, 599)
[M::mem_pestat] mean and std.dev: (256.33, 96.62)
[M::mem_pestat] low and high boundaries for proper pairs: (1, 733)
[M::mem_pestat] analyzing insert size distribution for orientation FR...
[M::mem_pestat] (25, 50, 75) percentile: (265, 319, 375)
[M::mem_pestat] low and high boundaries for computing mean and std.dev: (45, 595)
[M::mem_pestat] mean and std.dev: (321.02, 81.98)
[M::mem_pestat] low and high boundaries for proper pairs: (1, 705)
[M::mem_pestat] skip orientation RF as there are not enough pairs
[M::mem_pestat] analyzing insert size distribution for orientation RR...
[M::mem_pestat] (25, 50, 75) percentile: (197, 245, 275)
[M::mem_pestat] low and high boundaries for computing mean and std.dev: (41, 431)
[M::mem_pestat] mean and std.dev: (233.45, 72.64)
[M::mem_pestat] low and high boundaries for proper pairs: (1, 524)
[M::mem_pestat] skip orientation FF
[M::mem_pestat] skip orientation RR
[M::mem_process_seqs] Processed 135050 reads in 19.228 CPU sec, 9.712 real sec
[M::process] read 135084 sequences (20000098 bp)...
[M::mem_pestat] # candidate unique pairs for (FF, FR, RF, RR): (27, 54777, 2, 38)
[M::mem_pestat] analyzing insert size distribution for orientation FF...
[M::mem_pestat] (25, 50, 75) percentile: (143, 234, 310)
[M::mem_pestat] low and high boundaries for computing mean and std.dev: (1, 644)
[M::mem_pestat] mean and std.dev: (221.92, 100.79)
[M::mem_pestat] low and high boundaries for proper pairs: (1, 811)
[M::mem_pestat] analyzing insert size distribution for orientation FR...
[M::mem_pestat] (25, 50, 75) percentile: (265, 319, 376)
[M::mem_pestat] low and high boundaries for computing mean and std.dev: (43, 598)
[M::mem_pestat] mean and std.dev: (321.19, 81.83)
[M::mem_pestat] low and high boundaries for proper pairs: (1, 709)
[M::mem_pestat] skip orientation RF as there are not enough pairs
[M::mem_pestat] analyzing insert size distribution for orientation RR...
[M::mem_pestat] (25, 50, 75) percentile: (168, 255, 342)
[M::mem_pestat] low and high boundaries for computing mean and std.dev: (1, 690)
[M::mem_pestat] mean and std.dev: (263.39, 108.26)
[M::mem_pestat] low and high boundaries for proper pairs: (1, 864)
[M::mem_pestat] skip orientation FF
[M::mem_pestat] skip orientation RR
[M::mem_process_seqs] Processed 135108 reads in 19.257 CPU sec, 9.725 real sec
[M::process] read 135098 sequences (20000163 bp)...
[M::mem_pestat] # candidate unique pairs for (FF, FR, RF, RR): (30, 54985, 1, 25)
[M::mem_pestat] analyzing insert size distribution for orientation FF...
[M::mem_pestat] (25, 50, 75) percentile: (186, 223, 339)
[M::mem_pestat] low and high boundaries for computing mean and std.dev: (1, 645)
[M::mem_pestat] mean and std.dev: (237.87, 103.10)
[M::mem_pestat] low and high boundaries for proper pairs: (1, 798)
[M::mem_pestat] analyzing insert size distribution for orientation FR...
[M::mem_pestat] (25, 50, 75) percentile: (263, 319, 375)
[M::mem_pestat] low and high boundaries for computing mean and std.dev: (39, 599)
[M::mem_pestat] mean and std.dev: (320.19, 82.17)
[M::mem_pestat] low and high boundaries for proper pairs: (1, 711)
[M::mem_pestat] skip orientation RF as there are not enough pairs
[M::mem_pestat] analyzing insert size distribution for orientation RR...
[M::mem_pestat] (25, 50, 75) percentile: (176, 223, 328)
[M::mem_pestat] low and high boundaries for computing mean and std.dev: (1, 632)
[M::mem_pestat] mean and std.dev: (210.78, 84.00)
[M::mem_pestat] low and high boundaries for proper pairs: (1, 784)
[M::mem_pestat] skip orientation FF
[M::mem_pestat] skip orientation RR
[M::mem_process_seqs] Processed 135084 reads in 19.178 CPU sec, 9.691 real sec
[M::process] read 135036 sequences (20000134 bp)...
[M::mem_pestat] # candidate unique pairs for (FF, FR, RF, RR): (32, 54793, 2, 41)
[M::mem_pestat] analyzing insert size distribution for orientation FF...
[M::mem_pestat] (25, 50, 75) percentile: (201, 287, 328)
[M::mem_pestat] low and high boundaries for computing mean and std.dev: (1, 582)
[M::mem_pestat] mean and std.dev: (258.81, 80.73)
[M::mem_pestat] low and high boundaries for proper pairs: (1, 709)
[M::mem_pestat] analyzing insert size distribution for orientation FR...
[M::mem_pestat] (25, 50, 75) percentile: (264, 319, 375)
[M::mem_pestat] low and high boundaries for computing mean and std.dev: (42, 597)
[M::mem_pestat] mean and std.dev: (320.54, 81.94)
[M::mem_pestat] low and high boundaries for proper pairs: (1, 708)
[M::mem_pestat] skip orientation RF as there are not enough pairs
[M::mem_pestat] analyzing insert size distribution for orientation RR...
[M::mem_pestat] (25, 50, 75) percentile: (198, 246, 322)
[M::mem_pestat] low and high boundaries for computing mean and std.dev: (1, 570)
[M::mem_pestat] mean and std.dev: (243.67, 72.13)
[M::mem_pestat] low and high boundaries for proper pairs: (1, 694)
[M::mem_pestat] skip orientation FF
[M::mem_pestat] skip orientation RR
[M::mem_process_seqs] Processed 135098 reads in 19.028 CPU sec, 9.614 real sec
[M::process] read 135096 sequences (20000189 bp)...
[M::mem_pestat] # candidate unique pairs for (FF, FR, RF, RR): (23, 54961, 2, 36)
[M::mem_pestat] analyzing insert size distribution for orientation FF...
[M::mem_pestat] (25, 50, 75) percentile: (220, 266, 336)
[M::mem_pestat] low and high boundaries for computing mean and std.dev: (1, 568)
[M::mem_pestat] mean and std.dev: (268.43, 87.26)
[M::mem_pestat] low and high boundaries for proper pairs: (1, 684)
[M::mem_pestat] analyzing insert size distribution for orientation FR...
[M::mem_pestat] (25, 50, 75) percentile: (263, 318, 374)
[M::mem_pestat] low and high boundaries for computing mean and std.dev: (41, 596)
[M::mem_pestat] mean and std.dev: (320.27, 82.51)
[M::mem_pestat] low and high boundaries for proper pairs: (1, 707)
[M::mem_pestat] skip orientation RF as there are not enough pairs
[M::mem_pestat] analyzing insert size distribution for orientation RR...
[M::mem_pestat] (25, 50, 75) percentile: (234, 271, 342)
[M::mem_pestat] low and high boundaries for computing mean and std.dev: (18, 558)
[M::mem_pestat] mean and std.dev: (264.24, 77.60)
[M::mem_pestat] low and high boundaries for proper pairs: (1, 666)
[M::mem_pestat] skip orientation FF
[M::mem_pestat] skip orientation RR
[M::mem_process_seqs] Processed 135036 reads in 19.106 CPU sec, 9.651 real sec
[M::process] read 135078 sequences (20000020 bp)...
[M::mem_pestat] # candidate unique pairs for (FF, FR, RF, RR): (27, 54799, 0, 35)
[M::mem_pestat] analyzing insert size distribution for orientation FF...
[M::mem_pestat] (25, 50, 75) percentile: (183, 215, 266)
[M::mem_pestat] low and high boundaries for computing mean and std.dev: (17, 432)
[M::mem_pestat] mean and std.dev: (213.81, 68.36)
[M::mem_pestat] low and high boundaries for proper pairs: (1, 515)
[M::mem_pestat] analyzing insert size distribution for orientation FR...
[M::mem_pestat] (25, 50, 75) percentile: (264, 319, 375)
[M::mem_pestat] low and high boundaries for computing mean and std.dev: (42, 597)
[M::mem_pestat] mean and std.dev: (320.61, 81.80)
[M::mem_pestat] low and high boundaries for proper pairs: (1, 708)
[M::mem_pestat] skip orientation RF as there are not enough pairs
[M::mem_pestat] analyzing insert size distribution for orientation RR...
[M::mem_pestat] (25, 50, 75) percentile: (170, 232, 274)
[M::mem_pestat] low and high boundaries for computing mean and std.dev: (1, 482)
[M::mem_pestat] mean and std.dev: (234.71, 80.62)
[M::mem_pestat] low and high boundaries for proper pairs: (1, 586)
[M::mem_pestat] skip orientation FF
[M::mem_pestat] skip orientation RR
[M::mem_process_seqs] Processed 135096 reads in 19.236 CPU sec, 9.719 real sec
[M::process] read 135046 sequences (20000037 bp)...
[M::mem_pestat] # candidate unique pairs for (FF, FR, RF, RR): (26, 54937, 5, 32)
[M::mem_pestat] analyzing insert size distribution for orientation FF...
[M::mem_pestat] (25, 50, 75) percentile: (205, 245, 279)
[M::mem_pestat] low and high boundaries for computing mean and std.dev: (57, 427)
[M::mem_pestat] mean and std.dev: (246.81, 76.36)
[M::mem_pestat] low and high boundaries for proper pairs: (1, 552)
[M::mem_pestat] analyzing insert size distribution for orientation FR...
[M::mem_pestat] (25, 50, 75) percentile: (265, 319, 375)
[M::mem_pestat] low and high boundaries for computing mean and std.dev: (45, 595)
[M::mem_pestat] mean and std.dev: (320.91, 82.21)
[M::mem_pestat] low and high boundaries for proper pairs: (1, 705)
[M::mem_pestat] skip orientation RF as there are not enough pairs
[M::mem_pestat] analyzing insert size distribution for orientation RR...
[M::mem_pestat] (25, 50, 75) percentile: (161, 199, 244)
[M::mem_pestat] low and high boundaries for computing mean and std.dev: (1, 410)
[M::mem_pestat] mean and std.dev: (203.35, 59.89)
[M::mem_pestat] low and high boundaries for proper pairs: (1, 493)
[M::mem_pestat] skip orientation FF
[M::mem_pestat] skip orientation RR
[M::mem_process_seqs] Processed 135078 reads in 18.971 CPU sec, 9.584 real sec
[M::process] read 135176 sequences (20000020 bp)...
[M::mem_pestat] # candidate unique pairs for (FF, FR, RF, RR): (31, 54892, 2, 30)
[M::mem_pestat] analyzing insert size distribution for orientation FF...
[M::mem_pestat] (25, 50, 75) percentile: (173, 227, 275)
[M::mem_pestat] low and high boundaries for computing mean and std.dev: (1, 479)
[M::mem_pestat] mean and std.dev: (227.07, 78.52)
[M::mem_pestat] low and high boundaries for proper pairs: (1, 581)
[M::mem_pestat] analyzing insert size distribution for orientation FR...
[M::mem_pestat] (25, 50, 75) percentile: (265, 319, 374)
[M::mem_pestat] low and high boundaries for computing mean and std.dev: (47, 592)
[M::mem_pestat] mean and std.dev: (320.65, 81.72)
[M::mem_pestat] low and high boundaries for proper pairs: (1, 701)
[M::mem_pestat] skip orientation RF as there are not enough pairs
[M::mem_pestat] analyzing insert size distribution for orientation RR...
[M::mem_pestat] (25, 50, 75) percentile: (191, 224, 291)
[M::mem_pestat] low and high boundaries for computing mean and std.dev: (1, 491)
[M::mem_pestat] mean and std.dev: (243.97, 79.17)
[M::mem_pestat] low and high boundaries for proper pairs: (1, 591)
[M::mem_pestat] skip orientation FF
[M::mem_pestat] skip orientation RR
[M::mem_process_seqs] Processed 135046 reads in 19.216 CPU sec, 9.708 real sec
[M::process] read 135380 sequences (20000245 bp)...
[M::mem_pestat] # candidate unique pairs for (FF, FR, RF, RR): (31, 54970, 2, 40)
[M::mem_pestat] analyzing insert size distribution for orientation FF...
[M::mem_pestat] (25, 50, 75) percentile: (157, 197, 336)
[M::mem_pestat] low and high boundaries for computing mean and std.dev: (1, 694)
[M::mem_pestat] mean and std.dev: (212.10, 106.60)
[M::mem_pestat] low and high boundaries for proper pairs: (1, 873)
[M::mem_pestat] analyzing insert size distribution for orientation FR...
[M::mem_pestat] (25, 50, 75) percentile: (266, 321, 377)
[M::mem_pestat] low and high boundaries for computing mean and std.dev: (44, 599)
[M::mem_pestat] mean and std.dev: (322.45, 81.52)
[M::mem_pestat] low and high boundaries for proper pairs: (1, 710)
[M::mem_pestat] skip orientation RF as there are not enough pairs
[M::mem_pestat] analyzing insert size distribution for orientation RR...
[M::mem_pestat] (25, 50, 75) percentile: (186, 227, 274)
[M::mem_pestat] low and high boundaries for computing mean and std.dev: (10, 450)
[M::mem_pestat] mean and std.dev: (221.46, 68.21)
[M::mem_pestat] low and high boundaries for proper pairs: (1, 538)
[M::mem_pestat] skip orientation FF
[M::mem_pestat] skip orientation RR
[M::mem_process_seqs] Processed 135176 reads in 19.250 CPU sec, 9.721 real sec
[M::process] read 135544 sequences (20000029 bp)...
[M::mem_pestat] # candidate unique pairs for (FF, FR, RF, RR): (23, 55152, 1, 34)
[M::mem_pestat] analyzing insert size distribution for orientation FF...
[M::mem_pestat] (25, 50, 75) percentile: (167, 224, 283)
[M::mem_pestat] low and high boundaries for computing mean and std.dev: (1, 515)
[M::mem_pestat] mean and std.dev: (223.70, 77.20)
[M::mem_pestat] low and high boundaries for proper pairs: (1, 631)
[M::mem_pestat] analyzing insert size distribution for orientation FR...
[M::mem_pestat] (25, 50, 75) percentile: (267, 321, 376)
[M::mem_pestat] low and high boundaries for computing mean and std.dev: (49, 594)
[M::mem_pestat] mean and std.dev: (322.52, 81.29)
[M::mem_pestat] low and high boundaries for proper pairs: (1, 703)
[M::mem_pestat] skip orientation RF as there are not enough pairs
[M::mem_pestat] analyzing insert size distribution for orientation RR...
[M::mem_pestat] (25, 50, 75) percentile: (174, 270, 294)
[M::mem_pestat] low and high boundaries for computing mean and std.dev: (1, 534)
[M::mem_pestat] mean and std.dev: (239.47, 84.01)
[M::mem_pestat] low and high boundaries for proper pairs: (1, 654)
[M::mem_pestat] skip orientation FF
[M::mem_pestat] skip orientation RR
[M::mem_process_seqs] Processed 135380 reads in 19.294 CPU sec, 9.748 real sec
[M::process] read 135658 sequences (20000107 bp)...
[M::mem_pestat] # candidate unique pairs for (FF, FR, RF, RR): (37, 55122, 0, 33)
[M::mem_pestat] analyzing insert size distribution for orientation FF...
[M::mem_pestat] (25, 50, 75) percentile: (170, 252, 319)
[M::mem_pestat] low and high boundaries for computing mean and std.dev: (1, 617)
[M::mem_pestat] mean and std.dev: (238.80, 95.07)
[M::mem_pestat] low and high boundaries for proper pairs: (1, 766)
[M::mem_pestat] analyzing insert size distribution for orientation FR...
[M::mem_pestat] (25, 50, 75) percentile: (266, 321, 375)
[M::mem_pestat] low and high boundaries for computing mean and std.dev: (48, 593)
[M::mem_pestat] mean and std.dev: (322.18, 81.03)
[M::mem_pestat] low and high boundaries for proper pairs: (1, 702)
[M::mem_pestat] skip orientation RF as there are not enough pairs
[M::mem_pestat] analyzing insert size distribution for orientation RR...
[M::mem_pestat] (25, 50, 75) percentile: (190, 257, 310)
[M::mem_pestat] low and high boundaries for computing mean and std.dev: (1, 550)
[M::mem_pestat] mean and std.dev: (252.33, 91.79)
[M::mem_pestat] low and high boundaries for proper pairs: (1, 670)
[M::mem_pestat] skip orientation FF
[M::mem_pestat] skip orientation RR
[M::mem_process_seqs] Processed 135544 reads in 19.594 CPU sec, 9.898 real sec
[M::process] read 135830 sequences (20000031 bp)...
[M::mem_pestat] # candidate unique pairs for (FF, FR, RF, RR): (25, 55423, 4, 41)
[M::mem_pestat] analyzing insert size distribution for orientation FF...
[M::mem_pestat] (25, 50, 75) percentile: (194, 250, 331)
[M::mem_pestat] low and high boundaries for computing mean and std.dev: (1, 605)
[M::mem_pestat] mean and std.dev: (255.92, 80.20)
[M::mem_pestat] low and high boundaries for proper pairs: (1, 742)
[M::mem_pestat] analyzing insert size distribution for orientation FR...
[M::mem_pestat] (25, 50, 75) percentile: (268, 321, 377)
[M::mem_pestat] low and high boundaries for computing mean and std.dev: (50, 595)
[M::mem_pestat] mean and std.dev: (322.85, 80.57)
[M::mem_pestat] low and high boundaries for proper pairs: (1, 704)
[M::mem_pestat] skip orientation RF as there are not enough pairs
[M::mem_pestat] analyzing insert size distribution for orientation RR...
[M::mem_pestat] (25, 50, 75) percentile: (180, 238, 315)
[M::mem_pestat] low and high boundaries for computing mean and std.dev: (1, 585)
[M::mem_pestat] mean and std.dev: (237.39, 86.63)
[M::mem_pestat] low and high boundaries for proper pairs: (1, 720)
[M::mem_pestat] skip orientation FF
[M::mem_pestat] skip orientation RR
[M::mem_process_seqs] Processed 135658 reads in 19.272 CPU sec, 9.733 real sec
[M::process] read 136038 sequences (20000250 bp)...
[M::mem_pestat] # candidate unique pairs for (FF, FR, RF, RR): (20, 55281, 0, 49)
[M::mem_pestat] analyzing insert size distribution for orientation FF...
[M::mem_pestat] (25, 50, 75) percentile: (246, 297, 358)
[M::mem_pestat] low and high boundaries for computing mean and std.dev: (22, 582)
[M::mem_pestat] mean and std.dev: (289.21, 94.92)
[M::mem_pestat] low and high boundaries for proper pairs: (1, 694)
[M::mem_pestat] analyzing insert size distribution for orientation FR...
[M::mem_pestat] (25, 50, 75) percentile: (266, 320, 375)
[M::mem_pestat] low and high boundaries for computing mean and std.dev: (48, 593)
[M::mem_pestat] mean and std.dev: (321.71, 80.96)
[M::mem_pestat] low and high boundaries for proper pairs: (1, 702)
[M::mem_pestat] skip orientation RF as there are not enough pairs
[M::mem_pestat] analyzing insert size distribution for orientation RR...
[M::mem_pestat] (25, 50, 75) percentile: (191, 233, 303)
[M::mem_pestat] low and high boundaries for computing mean and std.dev: (1, 527)
[M::mem_pestat] mean and std.dev: (238.60, 82.77)
[M::mem_pestat] low and high boundaries for proper pairs: (1, 639)
[M::mem_pestat] skip orientation FF
[M::mem_pestat] skip orientation RR
[M::mem_process_seqs] Processed 135830 reads in 19.579 CPU sec, 9.888 real sec
[M::process] read 136354 sequences (20000212 bp)...
[M::mem_pestat] # candidate unique pairs for (FF, FR, RF, RR): (33, 55490, 3, 38)
[M::mem_pestat] analyzing insert size distribution for orientation FF...
[M::mem_pestat] (25, 50, 75) percentile: (204, 246, 336)
[M::mem_pestat] low and high boundaries for computing mean and std.dev: (1, 600)
[M::mem_pestat] mean and std.dev: (249.70, 75.24)
[M::mem_pestat] low and high boundaries for proper pairs: (1, 732)
[M::mem_pestat] analyzing insert size distribution for orientation FR...
[M::mem_pestat] (25, 50, 75) percentile: (266, 319, 374)
[M::mem_pestat] low and high boundaries for computing mean and std.dev: (50, 590)
[M::mem_pestat] mean and std.dev: (321.37, 80.75)
[M::mem_pestat] low and high boundaries for proper pairs: (1, 698)
[M::mem_pestat] skip orientation RF as there are not enough pairs
[M::mem_pestat] analyzing insert size distribution for orientation RR...
[M::mem_pestat] (25, 50, 75) percentile: (189, 264, 327)
[M::mem_pestat] low and high boundaries for computing mean and std.dev: (1, 603)
[M::mem_pestat] mean and std.dev: (267.79, 102.02)
[M::mem_pestat] low and high boundaries for proper pairs: (1, 741)
[M::mem_pestat] skip orientation FF
[M::mem_pestat] skip orientation RR
[M::mem_process_seqs] Processed 136038 reads in 19.973 CPU sec, 13.860 real sec
[M::process] read 136554 sequences (20000188 bp)...
[M::mem_pestat] # candidate unique pairs for (FF, FR, RF, RR): (22, 55815, 1, 40)
[M::mem_pestat] analyzing insert size distribution for orientation FF...
[M::mem_pestat] (25, 50, 75) percentile: (155, 270, 288)
[M::mem_pestat] low and high boundaries for computing mean and std.dev: (1, 554)
[M::mem_pestat] mean and std.dev: (243.52, 87.97)
[M::mem_pestat] low and high boundaries for proper pairs: (1, 687)
[M::mem_pestat] analyzing insert size distribution for orientation FR...
[M::mem_pestat] (25, 50, 75) percentile: (266, 320, 375)
[M::mem_pestat] low and high boundaries for computing mean and std.dev: (48, 593)
[M::mem_pestat] mean and std.dev: (321.81, 80.41)
[M::mem_pestat] low and high boundaries for proper pairs: (1, 702)
[M::mem_pestat] skip orientation RF as there are not enough pairs
[M::mem_pestat] analyzing insert size distribution for orientation RR...
[M::mem_pestat] (25, 50, 75) percentile: (194, 269, 316)
[M::mem_pestat] low and high boundaries for computing mean and std.dev: (1, 560)
[M::mem_pestat] mean and std.dev: (250.56, 81.83)
[M::mem_pestat] low and high boundaries for proper pairs: (1, 682)
[M::mem_pestat] skip orientation FF
[M::mem_pestat] skip orientation RR
[M::mem_process_seqs] Processed 136354 reads in 19.445 CPU sec, 9.824 real sec
[M::process] read 136332 sequences (20000015 bp)...
[M::mem_pestat] # candidate unique pairs for (FF, FR, RF, RR): (28, 55823, 2, 56)
[M::mem_pestat] analyzing insert size distribution for orientation FF...
[M::mem_pestat] (25, 50, 75) percentile: (152, 258, 318)
[M::mem_pestat] low and high boundaries for computing mean and std.dev: (1, 650)
[M::mem_pestat] mean and std.dev: (249.54, 90.74)
[M::mem_pestat] low and high boundaries for proper pairs: (1, 816)
[M::mem_pestat] analyzing insert size distribution for orientation FR...
[M::mem_pestat] (25, 50, 75) percentile: (266, 319, 373)
[M::mem_pestat] low and high boundaries for computing mean and std.dev: (52, 587)
[M::mem_pestat] mean and std.dev: (320.36, 79.92)
[M::mem_pestat] low and high boundaries for proper pairs: (1, 694)
[M::mem_pestat] skip orientation RF as there are not enough pairs
[M::mem_pestat] analyzing insert size distribution for orientation RR...
[M::mem_pestat] (25, 50, 75) percentile: (161, 225, 339)
[M::mem_pestat] low and high boundaries for computing mean and std.dev: (1, 695)
[M::mem_pestat] mean and std.dev: (237.85, 112.80)
[M::mem_pestat] low and high boundaries for proper pairs: (1, 873)
[M::mem_pestat] skip orientation FF
[M::mem_pestat] skip orientation RR
[M::mem_process_seqs] Processed 136554 reads in 19.448 CPU sec, 9.825 real sec
[M::process] read 135920 sequences (20000245 bp)...
[M::mem_pestat] # candidate unique pairs for (FF, FR, RF, RR): (36, 55969, 1, 41)
[M::mem_pestat] analyzing insert size distribution for orientation FF...
[M::mem_pestat] (25, 50, 75) percentile: (219, 253, 325)
[M::mem_pestat] low and high boundaries for computing mean and std.dev: (7, 537)
[M::mem_pestat] mean and std.dev: (266.31, 69.53)
[M::mem_pestat] low and high boundaries for proper pairs: (1, 643)
[M::mem_pestat] analyzing insert size distribution for orientation FR...
[M::mem_pestat] (25, 50, 75) percentile: (266, 320, 375)
[M::mem_pestat] low and high boundaries for computing mean and std.dev: (48, 593)
[M::mem_pestat] mean and std.dev: (321.54, 80.87)
[M::mem_pestat] low and high boundaries for proper pairs: (1, 702)
[M::mem_pestat] skip orientation RF as there are not enough pairs
[M::mem_pestat] analyzing insert size distribution for orientation RR...
[M::mem_pestat] (25, 50, 75) percentile: (192, 272, 332)
[M::mem_pestat] low and high boundaries for computing mean and std.dev: (1, 612)
[M::mem_pestat] mean and std.dev: (264.46, 92.41)
[M::mem_pestat] low and high boundaries for proper pairs: (1, 752)
[M::mem_pestat] skip orientation FF
[M::mem_pestat] skip orientation RR
[M::mem_process_seqs] Processed 136332 reads in 19.452 CPU sec, 9.825 real sec
[M::process] read 135530 sequences (20000280 bp)...
[M::mem_pestat] # candidate unique pairs for (FF, FR, RF, RR): (34, 55605, 2, 37)
[M::mem_pestat] analyzing insert size distribution for orientation FF...
[M::mem_pestat] (25, 50, 75) percentile: (199, 267, 341)
[M::mem_pestat] low and high boundaries for computing mean and std.dev: (1, 625)
[M::mem_pestat] mean and std.dev: (256.94, 113.56)
[M::mem_pestat] low and high boundaries for proper pairs: (1, 767)
[M::mem_pestat] analyzing insert size distribution for orientation FR...
[M::mem_pestat] (25, 50, 75) percentile: (267, 321, 376)
[M::mem_pestat] low and high boundaries for computing mean and std.dev: (49, 594)
[M::mem_pestat] mean and std.dev: (322.66, 81.08)
[M::mem_pestat] low and high boundaries for proper pairs: (1, 703)
[M::mem_pestat] skip orientation RF as there are not enough pairs
[M::mem_pestat] analyzing insert size distribution for orientation RR...
[M::mem_pestat] (25, 50, 75) percentile: (172, 230, 310)
[M::mem_pestat] low and high boundaries for computing mean and std.dev: (1, 586)
[M::mem_pestat] mean and std.dev: (239.00, 93.26)
[M::mem_pestat] low and high boundaries for proper pairs: (1, 724)
[M::mem_pestat] skip orientation FF
[M::mem_pestat] skip orientation RR
[M::mem_process_seqs] Processed 135920 reads in 19.316 CPU sec, 9.760 real sec
[M::process] read 135198 sequences (20000040 bp)...
[M::mem_pestat] # candidate unique pairs for (FF, FR, RF, RR): (23, 55055, 2, 41)
[M::mem_pestat] analyzing insert size distribution for orientation FF...
[M::mem_pestat] (25, 50, 75) percentile: (200, 240, 333)
[M::mem_pestat] low and high boundaries for computing mean and std.dev: (1, 599)
[M::mem_pestat] mean and std.dev: (266.78, 86.58)
[M::mem_pestat] low and high boundaries for proper pairs: (1, 732)
[M::mem_pestat] analyzing insert size distribution for orientation FR...
[M::mem_pestat] (25, 50, 75) percentile: (267, 321, 376)
[M::mem_pestat] low and high boundaries for computing mean and std.dev: (49, 594)
[M::mem_pestat] mean and std.dev: (322.90, 81.58)
[M::mem_pestat] low and high boundaries for proper pairs: (1, 703)
[M::mem_pestat] skip orientation RF as there are not enough pairs
[M::mem_pestat] analyzing insert size distribution for orientation RR...
[M::mem_pestat] (25, 50, 75) percentile: (184, 266, 335)
[M::mem_pestat] low and high boundaries for computing mean and std.dev: (1, 637)
[M::mem_pestat] mean and std.dev: (262.85, 77.86)
[M::mem_pestat] low and high boundaries for proper pairs: (1, 788)
[M::mem_pestat] skip orientation FF
[M::mem_pestat] skip orientation RR
[M::mem_process_seqs] Processed 135530 reads in 19.414 CPU sec, 9.814 real sec
[M::process] read 135190 sequences (20000165 bp)...
[M::mem_pestat] # candidate unique pairs for (FF, FR, RF, RR): (25, 54930, 2, 38)
[M::mem_pestat] analyzing insert size distribution for orientation FF...
[M::mem_pestat] (25, 50, 75) percentile: (208, 269, 331)
[M::mem_pestat] low and high boundaries for computing mean and std.dev: (1, 577)
[M::mem_pestat] mean and std.dev: (253.76, 85.60)
[M::mem_pestat] low and high boundaries for proper pairs: (1, 700)
[M::mem_pestat] analyzing insert size distribution for orientation FR...
[M::mem_pestat] (25, 50, 75) percentile: (266, 321, 377)
[M::mem_pestat] low and high boundaries for computing mean and std.dev: (44, 599)
[M::mem_pestat] mean and std.dev: (322.53, 81.88)
[M::mem_pestat] low and high boundaries for proper pairs: (1, 710)
[M::mem_pestat] skip orientation RF as there are not enough pairs
[M::mem_pestat] analyzing insert size distribution for orientation RR...
[M::mem_pestat] (25, 50, 75) percentile: (187, 230, 312)
[M::mem_pestat] low and high boundaries for computing mean and std.dev: (1, 562)
[M::mem_pestat] mean and std.dev: (250.16, 94.84)
[M::mem_pestat] low and high boundaries for proper pairs: (1, 687)
[M::mem_pestat] skip orientation FF
[M::mem_pestat] skip orientation RR
[M::mem_process_seqs] Processed 135198 reads in 19.051 CPU sec, 9.621 real sec
[M::process] read 135174 sequences (20000107 bp)...
[M::mem_pestat] # candidate unique pairs for (FF, FR, RF, RR): (26, 54935, 1, 47)
[M::mem_pestat] analyzing insert size distribution for orientation FF...
[M::mem_pestat] (25, 50, 75) percentile: (175, 242, 349)
[M::mem_pestat] low and high boundaries for computing mean and std.dev: (1, 697)
[M::mem_pestat] mean and std.dev: (258.79, 109.45)
[M::mem_pestat] low and high boundaries for proper pairs: (1, 871)
[M::mem_pestat] analyzing insert size distribution for orientation FR...
[M::mem_pestat] (25, 50, 75) percentile: (265, 320, 376)
[M::mem_pestat] low and high boundaries for computing mean and std.dev: (43, 598)
[M::mem_pestat] mean and std.dev: (322.03, 82.33)
[M::mem_pestat] low and high boundaries for proper pairs: (1, 709)
[M::mem_pestat] skip orientation RF as there are not enough pairs
[M::mem_pestat] analyzing insert size distribution for orientation RR...
[M::mem_pestat] (25, 50, 75) percentile: (191, 252, 323)
[M::mem_pestat] low and high boundaries for computing mean and std.dev: (1, 587)
[M::mem_pestat] mean and std.dev: (261.93, 81.12)
[M::mem_pestat] low and high boundaries for proper pairs: (1, 719)
[M::mem_pestat] skip orientation FF
[M::mem_pestat] skip orientation RR
[M::mem_process_seqs] Processed 135190 reads in 19.165 CPU sec, 9.684 real sec
[M::process] read 135102 sequences (20000085 bp)...
[M::mem_pestat] # candidate unique pairs for (FF, FR, RF, RR): (21, 55033, 0, 39)
[M::mem_pestat] analyzing insert size distribution for orientation FF...
[M::mem_pestat] (25, 50, 75) percentile: (175, 245, 300)
[M::mem_pestat] low and high boundaries for computing mean and std.dev: (1, 550)
[M::mem_pestat] mean and std.dev: (242.43, 80.21)
[M::mem_pestat] low and high boundaries for proper pairs: (1, 675)
[M::mem_pestat] analyzing insert size distribution for orientation FR...
[M::mem_pestat] (25, 50, 75) percentile: (265, 320, 377)
[M::mem_pestat] low and high boundaries for computing mean and std.dev: (41, 601)
[M::mem_pestat] mean and std.dev: (321.90, 82.63)
[M::mem_pestat] low and high boundaries for proper pairs: (1, 713)
[M::mem_pestat] skip orientation RF as there are not enough pairs
[M::mem_pestat] analyzing insert size distribution for orientation RR...
[M::mem_pestat] (25, 50, 75) percentile: (190, 244, 327)
[M::mem_pestat] low and high boundaries for computing mean and std.dev: (1, 601)
[M::mem_pestat] mean and std.dev: (240.03, 87.38)
[M::mem_pestat] low and high boundaries for proper pairs: (1, 738)
[M::mem_pestat] skip orientation FF
[M::mem_pestat] skip orientation RR
[M::mem_process_seqs] Processed 135174 reads in 19.170 CPU sec, 9.685 real sec
[M::process] read 135142 sequences (20000162 bp)...
[M::mem_pestat] # candidate unique pairs for (FF, FR, RF, RR): (28, 54992, 3, 35)
[M::mem_pestat] analyzing insert size distribution for orientation FF...
[M::mem_pestat] (25, 50, 75) percentile: (155, 279, 331)
[M::mem_pestat] low and high boundaries for computing mean and std.dev: (1, 683)
[M::mem_pestat] mean and std.dev: (249.36, 97.95)
[M::mem_pestat] low and high boundaries for proper pairs: (1, 859)
[M::mem_pestat] analyzing insert size distribution for orientation FR...
[M::mem_pestat] (25, 50, 75) percentile: (264, 319, 375)
[M::mem_pestat] low and high boundaries for computing mean and std.dev: (42, 597)
[M::mem_pestat] mean and std.dev: (320.70, 82.10)
[M::mem_pestat] low and high boundaries for proper pairs: (1, 708)
[M::mem_pestat] skip orientation RF as there are not enough pairs
[M::mem_pestat] analyzing insert size distribution for orientation RR...
[M::mem_pestat] (25, 50, 75) percentile: (182, 255, 308)
[M::mem_pestat] low and high boundaries for computing mean and std.dev: (1, 560)
[M::mem_pestat] mean and std.dev: (255.37, 99.44)
[M::mem_pestat] low and high boundaries for proper pairs: (1, 686)
[M::mem_pestat] skip orientation FF
[M::mem_pestat] skip orientation RR
[M::mem_process_seqs] Processed 135102 reads in 19.141 CPU sec, 9.668 real sec
[M::process] read 135080 sequences (20000177 bp)...
[M::mem_pestat] # candidate unique pairs for (FF, FR, RF, RR): (37, 54662, 3, 42)
[M::mem_pestat] analyzing insert size distribution for orientation FF...
[M::mem_pestat] (25, 50, 75) percentile: (172, 268, 340)
[M::mem_pestat] low and high boundaries for computing mean and std.dev: (1, 676)
[M::mem_pestat] mean and std.dev: (247.20, 108.75)
[M::mem_pestat] low and high boundaries for proper pairs: (1, 844)
[M::mem_pestat] analyzing insert size distribution for orientation FR...
[M::mem_pestat] (25, 50, 75) percentile: (264, 320, 375)
[M::mem_pestat] low and high boundaries for computing mean and std.dev: (42, 597)
[M::mem_pestat] mean and std.dev: (320.95, 81.65)
[M::mem_pestat] low and high boundaries for proper pairs: (1, 708)
[M::mem_pestat] skip orientation RF as there are not enough pairs
[M::mem_pestat] analyzing insert size distribution for orientation RR...
[M::mem_pestat] (25, 50, 75) percentile: (180, 256, 368)
[M::mem_pestat] low and high boundaries for computing mean and std.dev: (1, 744)
[M::mem_pestat] mean and std.dev: (262.20, 130.05)
[M::mem_pestat] low and high boundaries for proper pairs: (1, 932)
[M::mem_pestat] skip orientation FF
[M::mem_pestat] skip orientation RR
[M::mem_process_seqs] Processed 135142 reads in 19.132 CPU sec, 9.664 real sec
[M::process] read 135020 sequences (20000252 bp)...
[M::mem_pestat] # candidate unique pairs for (FF, FR, RF, RR): (33, 55069, 1, 47)
[M::mem_pestat] analyzing insert size distribution for orientation FF...
[M::mem_pestat] (25, 50, 75) percentile: (200, 235, 309)
[M::mem_pestat] low and high boundaries for computing mean and std.dev: (1, 527)
[M::mem_pestat] mean and std.dev: (235.60, 72.72)
[M::mem_pestat] low and high boundaries for proper pairs: (1, 636)
[M::mem_pestat] analyzing insert size distribution for orientation FR...
[M::mem_pestat] (25, 50, 75) percentile: (265, 319, 376)
[M::mem_pestat] low and high boundaries for computing mean and std.dev: (43, 598)
[M::mem_pestat] mean and std.dev: (321.08, 82.29)
[M::mem_pestat] low and high boundaries for proper pairs: (1, 709)
[M::mem_pestat] skip orientation RF as there are not enough pairs
[M::mem_pestat] analyzing insert size distribution for orientation RR...
[M::mem_pestat] (25, 50, 75) percentile: (173, 226, 299)
[M::mem_pestat] low and high boundaries for computing mean and std.dev: (1, 551)
[M::mem_pestat] mean and std.dev: (233.78, 88.34)
[M::mem_pestat] low and high boundaries for proper pairs: (1, 677)
[M::mem_pestat] skip orientation FF
[M::mem_pestat] skip orientation RR
[M::mem_process_seqs] Processed 135080 reads in 19.046 CPU sec, 9.629 real sec
[M::process] read 135034 sequences (20000040 bp)...
[M::mem_pestat] # candidate unique pairs for (FF, FR, RF, RR): (34, 54764, 2, 33)
[M::mem_pestat] analyzing insert size distribution for orientation FF...
[M::mem_pestat] (25, 50, 75) percentile: (147, 233, 276)
[M::mem_pestat] low and high boundaries for computing mean and std.dev: (1, 534)
[M::mem_pestat] mean and std.dev: (209.78, 94.41)
[M::mem_pestat] low and high boundaries for proper pairs: (1, 663)
[M::mem_pestat] analyzing insert size distribution for orientation FR...
[M::mem_pestat] (25, 50, 75) percentile: (263, 319, 376)
[M::mem_pestat] low and high boundaries for computing mean and std.dev: (37, 602)
[M::mem_pestat] mean and std.dev: (320.77, 82.53)
[M::mem_pestat] low and high boundaries for proper pairs: (1, 715)
[M::mem_pestat] skip orientation RF as there are not enough pairs
[M::mem_pestat] analyzing insert size distribution for orientation RR...
[M::mem_pestat] (25, 50, 75) percentile: (193, 235, 290)
[M::mem_pestat] low and high boundaries for computing mean and std.dev: (1, 484)
[M::mem_pestat] mean and std.dev: (229.24, 85.05)
[M::mem_pestat] low and high boundaries for proper pairs: (1, 581)
[M::mem_pestat] skip orientation FF
[M::mem_pestat] skip orientation RR
[M::mem_process_seqs] Processed 135020 reads in 19.139 CPU sec, 9.665 real sec
[M::process] read 135112 sequences (20000245 bp)...
[M::mem_pestat] # candidate unique pairs for (FF, FR, RF, RR): (31, 54871, 4, 44)
[M::mem_pestat] analyzing insert size distribution for orientation FF...
[M::mem_pestat] (25, 50, 75) percentile: (183, 204, 271)
[M::mem_pestat] low and high boundaries for computing mean and std.dev: (7, 447)
[M::mem_pestat] mean and std.dev: (223.40, 67.93)
[M::mem_pestat] low and high boundaries for proper pairs: (1, 535)
[M::mem_pestat] analyzing insert size distribution for orientation FR...
[M::mem_pestat] (25, 50, 75) percentile: (265, 320, 375)
[M::mem_pestat] low and high boundaries for computing mean and std.dev: (45, 595)
[M::mem_pestat] mean and std.dev: (321.33, 81.87)
[M::mem_pestat] low and high boundaries for proper pairs: (1, 705)
[M::mem_pestat] skip orientation RF as there are not enough pairs
[M::mem_pestat] analyzing insert size distribution for orientation RR...
[M::mem_pestat] (25, 50, 75) percentile: (179, 261, 306)
[M::mem_pestat] low and high boundaries for computing mean and std.dev: (1, 560)
[M::mem_pestat] mean and std.dev: (238.43, 78.91)
[M::mem_pestat] low and high boundaries for proper pairs: (1, 687)
[M::mem_pestat] skip orientation FF
[M::mem_pestat] skip orientation RR
[M::mem_process_seqs] Processed 135034 reads in 18.944 CPU sec, 9.568 real sec
[M::process] read 135098 sequences (20000048 bp)...
[M::mem_pestat] # candidate unique pairs for (FF, FR, RF, RR): (22, 54834, 4, 51)
[M::mem_pestat] analyzing insert size distribution for orientation FF...
[M::mem_pestat] (25, 50, 75) percentile: (154, 245, 282)
[M::mem_pestat] low and high boundaries for computing mean and std.dev: (1, 538)
[M::mem_pestat] mean and std.dev: (232.82, 91.40)
[M::mem_pestat] low and high boundaries for proper pairs: (1, 666)
[M::mem_pestat] analyzing insert size distribution for orientation FR...
[M::mem_pestat] (25, 50, 75) percentile: (265, 319, 375)
[M::mem_pestat] low and high boundaries for computing mean and std.dev: (45, 595)
[M::mem_pestat] mean and std.dev: (321.25, 81.55)
[M::mem_pestat] low and high boundaries for proper pairs: (1, 705)
[M::mem_pestat] skip orientation RF as there are not enough pairs
[M::mem_pestat] analyzing insert size distribution for orientation RR...
[M::mem_pestat] (25, 50, 75) percentile: (225, 266, 305)
[M::mem_pestat] low and high boundaries for computing mean and std.dev: (65, 465)
[M::mem_pestat] mean and std.dev: (264.80, 78.36)
[M::mem_pestat] low and high boundaries for proper pairs: (1, 578)
[M::mem_pestat] skip orientation FF
[M::mem_pestat] skip orientation RR
[M::mem_process_seqs] Processed 135112 reads in 19.132 CPU sec, 9.669 real sec
[M::process] read 135064 sequences (20000090 bp)...
[M::mem_pestat] # candidate unique pairs for (FF, FR, RF, RR): (30, 54896, 1, 35)
[M::mem_pestat] analyzing insert size distribution for orientation FF...
[M::mem_pestat] (25, 50, 75) percentile: (197, 260, 324)
[M::mem_pestat] low and high boundaries for computing mean and std.dev: (1, 578)
[M::mem_pestat] mean and std.dev: (257.57, 91.64)
[M::mem_pestat] low and high boundaries for proper pairs: (1, 705)
[M::mem_pestat] analyzing insert size distribution for orientation FR...
[M::mem_pestat] (25, 50, 75) percentile: (264, 320, 376)
[M::mem_pestat] low and high boundaries for computing mean and std.dev: (40, 600)
[M::mem_pestat] mean and std.dev: (321.33, 82.75)
[M::mem_pestat] low and high boundaries for proper pairs: (1, 712)
[M::mem_pestat] skip orientation RF as there are not enough pairs
[M::mem_pestat] analyzing insert size distribution for orientation RR...
[M::mem_pestat] (25, 50, 75) percentile: (166, 223, 313)
[M::mem_pestat] low and high boundaries for computing mean and std.dev: (1, 607)
[M::mem_pestat] mean and std.dev: (234.97, 97.77)
[M::mem_pestat] low and high boundaries for proper pairs: (1, 754)
[M::mem_pestat] skip orientation FF
[M::mem_pestat] skip orientation RR
[M::mem_process_seqs] Processed 135098 reads in 19.074 CPU sec, 9.636 real sec
[M::process] read 135004 sequences (20000122 bp)...
[M::mem_pestat] # candidate unique pairs for (FF, FR, RF, RR): (29, 54857, 2, 32)
[M::mem_pestat] analyzing insert size distribution for orientation FF...
[M::mem_pestat] (25, 50, 75) percentile: (167, 233, 318)
[M::mem_pestat] low and high boundaries for computing mean and std.dev: (1, 620)
[M::mem_pestat] mean and std.dev: (241.39, 83.95)
[M::mem_pestat] low and high boundaries for proper pairs: (1, 771)
[M::mem_pestat] analyzing insert size distribution for orientation FR...
[M::mem_pestat] (25, 50, 75) percentile: (264, 319, 374)
[M::mem_pestat] low and high boundaries for computing mean and std.dev: (44, 594)
[M::mem_pestat] mean and std.dev: (319.98, 81.86)
[M::mem_pestat] low and high boundaries for proper pairs: (1, 704)
[M::mem_pestat] skip orientation RF as there are not enough pairs
[M::mem_pestat] analyzing insert size distribution for orientation RR...
[M::mem_pestat] (25, 50, 75) percentile: (207, 265, 316)
[M::mem_pestat] low and high boundaries for computing mean and std.dev: (1, 534)
[M::mem_pestat] mean and std.dev: (255.47, 84.23)
[M::mem_pestat] low and high boundaries for proper pairs: (1, 643)
[M::mem_pestat] skip orientation FF
[M::mem_pestat] skip orientation RR
[M::mem_process_seqs] Processed 135064 reads in 19.171 CPU sec, 9.684 real sec
[M::process] read 135036 sequences (20000076 bp)...
[M::mem_pestat] # candidate unique pairs for (FF, FR, RF, RR): (17, 54765, 3, 41)
[M::mem_pestat] analyzing insert size distribution for orientation FF...
[M::mem_pestat] (25, 50, 75) percentile: (83, 182, 262)
[M::mem_pestat] low and high boundaries for computing mean and std.dev: (1, 620)
[M::mem_pestat] mean and std.dev: (163.12, 84.19)
[M::mem_pestat] low and high boundaries for proper pairs: (1, 799)
[M::mem_pestat] analyzing insert size distribution for orientation FR...
[M::mem_pestat] (25, 50, 75) percentile: (265, 320, 376)
[M::mem_pestat] low and high boundaries for computing mean and std.dev: (43, 598)
[M::mem_pestat] mean and std.dev: (321.35, 81.97)
[M::mem_pestat] low and high boundaries for proper pairs: (1, 709)
[M::mem_pestat] skip orientation RF as there are not enough pairs
[M::mem_pestat] analyzing insert size distribution for orientation RR...
[M::mem_pestat] (25, 50, 75) percentile: (215, 268, 296)
[M::mem_pestat] low and high boundaries for computing mean and std.dev: (53, 458)
[M::mem_pestat] mean and std.dev: (253.46, 70.53)
[M::mem_pestat] low and high boundaries for proper pairs: (1, 539)
[M::mem_pestat] skip orientation FF
[M::mem_pestat] skip orientation RR
[M::mem_process_seqs] Processed 135004 reads in 19.159 CPU sec, 9.679 real sec
[M::process] read 135020 sequences (20000135 bp)...
[M::mem_pestat] # candidate unique pairs for (FF, FR, RF, RR): (35, 54719, 5, 50)
[M::mem_pestat] analyzing insert size distribution for orientation FF...
[M::mem_pestat] (25, 50, 75) percentile: (212, 244, 358)
[M::mem_pestat] low and high boundaries for computing mean and std.dev: (1, 650)
[M::mem_pestat] mean and std.dev: (259.23, 113.49)
[M::mem_pestat] low and high boundaries for proper pairs: (1, 796)
[M::mem_pestat] analyzing insert size distribution for orientation FR...
[M::mem_pestat] (25, 50, 75) percentile: (265, 319, 375)
[M::mem_pestat] low and high boundaries for computing mean and std.dev: (45, 595)
[M::mem_pestat] mean and std.dev: (321.23, 81.38)
[M::mem_pestat] low and high boundaries for proper pairs: (1, 705)
[M::mem_pestat] skip orientation RF as there are not enough pairs
[M::mem_pestat] analyzing insert size distribution for orientation RR...
[M::mem_pestat] (25, 50, 75) percentile: (208, 269, 357)
[M::mem_pestat] low and high boundaries for computing mean and std.dev: (1, 655)
[M::mem_pestat] mean and std.dev: (272.35, 114.84)
[M::mem_pestat] low and high boundaries for proper pairs: (1, 804)
[M::mem_pestat] skip orientation FF
[M::mem_pestat] skip orientation RR
[M::mem_process_seqs] Processed 135036 reads in 19.247 CPU sec, 9.723 real sec
[M::process] read 135128 sequences (20000116 bp)...
[M::mem_pestat] # candidate unique pairs for (FF, FR, RF, RR): (26, 54890, 0, 38)
[M::mem_pestat] analyzing insert size distribution for orientation FF...
[M::mem_pestat] (25, 50, 75) percentile: (143, 196, 227)
[M::mem_pestat] low and high boundaries for computing mean and std.dev: (1, 395)
[M::mem_pestat] mean and std.dev: (206.08, 72.83)
[M::mem_pestat] low and high boundaries for proper pairs: (1, 497)
[M::mem_pestat] analyzing insert size distribution for orientation FR...
[M::mem_pestat] (25, 50, 75) percentile: (265, 320, 376)
[M::mem_pestat] low and high boundaries for computing mean and std.dev: (43, 598)
[M::mem_pestat] mean and std.dev: (321.70, 82.18)
[M::mem_pestat] low and high boundaries for proper pairs: (1, 709)
[M::mem_pestat] skip orientation RF as there are not enough pairs
[M::mem_pestat] analyzing insert size distribution for orientation RR...
[M::mem_pestat] (25, 50, 75) percentile: (184, 258, 319)
[M::mem_pestat] low and high boundaries for computing mean and std.dev: (1, 589)
[M::mem_pestat] mean and std.dev: (249.40, 87.53)
[M::mem_pestat] low and high boundaries for proper pairs: (1, 724)
[M::mem_pestat] skip orientation FF
[M::mem_pestat] skip orientation RR
[M::mem_process_seqs] Processed 135020 reads in 19.179 CPU sec, 9.687 real sec
[M::process] read 135278 sequences (20000048 bp)...
[M::mem_pestat] # candidate unique pairs for (FF, FR, RF, RR): (36, 55081, 0, 31)
[M::mem_pestat] analyzing insert size distribution for orientation FF...
[M::mem_pestat] (25, 50, 75) percentile: (180, 257, 311)
[M::mem_pestat] low and high boundaries for computing mean and std.dev: (1, 573)
[M::mem_pestat] mean and std.dev: (251.25, 86.03)
[M::mem_pestat] low and high boundaries for proper pairs: (1, 704)
[M::mem_pestat] analyzing insert size distribution for orientation FR...
[M::mem_pestat] (25, 50, 75) percentile: (266, 320, 377)
[M::mem_pestat] low and high boundaries for computing mean and std.dev: (44, 599)
[M::mem_pestat] mean and std.dev: (322.45, 81.99)
[M::mem_pestat] low and high boundaries for proper pairs: (1, 710)
[M::mem_pestat] skip orientation RF as there are not enough pairs
[M::mem_pestat] analyzing insert size distribution for orientation RR...
[M::mem_pestat] (25, 50, 75) percentile: (194, 265, 324)
[M::mem_pestat] low and high boundaries for computing mean and std.dev: (1, 584)
[M::mem_pestat] mean and std.dev: (256.41, 86.02)
[M::mem_pestat] low and high boundaries for proper pairs: (1, 714)
[M::mem_pestat] skip orientation FF
[M::mem_pestat] skip orientation RR
[M::mem_process_seqs] Processed 135128 reads in 19.191 CPU sec, 9.692 real sec
[M::process] read 135446 sequences (20000270 bp)...
[M::mem_pestat] # candidate unique pairs for (FF, FR, RF, RR): (31, 54970, 3, 48)
[M::mem_pestat] analyzing insert size distribution for orientation FF...
[M::mem_pestat] (25, 50, 75) percentile: (208, 233, 284)
[M::mem_pestat] low and high boundaries for computing mean and std.dev: (56, 436)
[M::mem_pestat] mean and std.dev: (239.38, 62.69)
[M::mem_pestat] low and high boundaries for proper pairs: (1, 512)
[M::mem_pestat] analyzing insert size distribution for orientation FR...
[M::mem_pestat] (25, 50, 75) percentile: (267, 322, 376)
[M::mem_pestat] low and high boundaries for computing mean and std.dev: (49, 594)
[M::mem_pestat] mean and std.dev: (322.88, 81.23)
[M::mem_pestat] low and high boundaries for proper pairs: (1, 703)
[M::mem_pestat] skip orientation RF as there are not enough pairs
[M::mem_pestat] analyzing insert size distribution for orientation RR...
[M::mem_pestat] (25, 50, 75) percentile: (195, 234, 313)
[M::mem_pestat] low and high boundaries for computing mean and std.dev: (1, 549)
[M::mem_pestat] mean and std.dev: (252.27, 89.79)
[M::mem_pestat] low and high boundaries for proper pairs: (1, 667)
[M::mem_pestat] skip orientation FF
[M::mem_pestat] skip orientation RR
[M::mem_process_seqs] Processed 135278 reads in 19.390 CPU sec, 9.795 real sec
[M::process] read 135638 sequences (20000196 bp)...
[M::mem_pestat] # candidate unique pairs for (FF, FR, RF, RR): (36, 55045, 4, 31)
[M::mem_pestat] analyzing insert size distribution for orientation FF...
[M::mem_pestat] (25, 50, 75) percentile: (180, 246, 305)
[M::mem_pestat] low and high boundaries for computing mean and std.dev: (1, 555)
[M::mem_pestat] mean and std.dev: (241.64, 75.59)
[M::mem_pestat] low and high boundaries for proper pairs: (1, 680)
[M::mem_pestat] analyzing insert size distribution for orientation FR...
[M::mem_pestat] (25, 50, 75) percentile: (267, 321, 376)
[M::mem_pestat] low and high boundaries for computing mean and std.dev: (49, 594)
[M::mem_pestat] mean and std.dev: (322.81, 81.41)
[M::mem_pestat] low and high boundaries for proper pairs: (1, 703)
[M::mem_pestat] skip orientation RF as there are not enough pairs
[M::mem_pestat] analyzing insert size distribution for orientation RR...
[M::mem_pestat] (25, 50, 75) percentile: (185, 248, 299)
[M::mem_pestat] low and high boundaries for computing mean and std.dev: (1, 527)
[M::mem_pestat] mean and std.dev: (241.60, 86.82)
[M::mem_pestat] low and high boundaries for proper pairs: (1, 641)
[M::mem_pestat] skip orientation FF
[M::mem_pestat] skip orientation RR
[M::mem_process_seqs] Processed 135446 reads in 19.359 CPU sec, 9.777 real sec
[M::process] read 135872 sequences (20000010 bp)...
[M::mem_pestat] # candidate unique pairs for (FF, FR, RF, RR): (33, 55190, 0, 38)
[M::mem_pestat] analyzing insert size distribution for orientation FF...
[M::mem_pestat] (25, 50, 75) percentile: (153, 222, 332)
[M::mem_pestat] low and high boundaries for computing mean and std.dev: (1, 690)
[M::mem_pestat] mean and std.dev: (225.56, 99.18)
[M::mem_pestat] low and high boundaries for proper pairs: (1, 869)
[M::mem_pestat] analyzing insert size distribution for orientation FR...
[M::mem_pestat] (25, 50, 75) percentile: (268, 321, 376)
[M::mem_pestat] low and high boundaries for computing mean and std.dev: (52, 592)
[M::mem_pestat] mean and std.dev: (322.97, 80.98)
[M::mem_pestat] low and high boundaries for proper pairs: (1, 700)
[M::mem_pestat] skip orientation RF as there are not enough pairs
[M::mem_pestat] analyzing insert size distribution for orientation RR...
[M::mem_pestat] (25, 50, 75) percentile: (171, 255, 323)
[M::mem_pestat] low and high boundaries for computing mean and std.dev: (1, 627)
[M::mem_pestat] mean and std.dev: (231.84, 88.65)
[M::mem_pestat] low and high boundaries for proper pairs: (1, 779)
[M::mem_pestat] skip orientation FF
[M::mem_pestat] skip orientation RR
[M::mem_process_seqs] Processed 135638 reads in 19.311 CPU sec, 9.753 real sec
[M::process] read 135972 sequences (20000201 bp)...
[M::mem_pestat] # candidate unique pairs for (FF, FR, RF, RR): (38, 55142, 3, 38)
[M::mem_pestat] analyzing insert size distribution for orientation FF...
[M::mem_pestat] (25, 50, 75) percentile: (142, 222, 360)
[M::mem_pestat] low and high boundaries for computing mean and std.dev: (1, 796)
[M::mem_pestat] mean and std.dev: (235.31, 117.00)
[M::mem_pestat] low and high boundaries for proper pairs: (1, 1014)
[M::mem_pestat] analyzing insert size distribution for orientation FR...
[M::mem_pestat] (25, 50, 75) percentile: (267, 321, 376)
[M::mem_pestat] low and high boundaries for computing mean and std.dev: (49, 594)
[M::mem_pestat] mean and std.dev: (322.87, 80.96)
[M::mem_pestat] low and high boundaries for proper pairs: (1, 703)
[M::mem_pestat] skip orientation RF as there are not enough pairs
[M::mem_pestat] analyzing insert size distribution for orientation RR...
[M::mem_pestat] (25, 50, 75) percentile: (191, 257, 299)
[M::mem_pestat] low and high boundaries for computing mean and std.dev: (1, 515)
[M::mem_pestat] mean and std.dev: (255.05, 85.06)
[M::mem_pestat] low and high boundaries for proper pairs: (1, 623)
[M::mem_pestat] skip orientation FF
[M::mem_pestat] skip orientation RR
[M::mem_process_seqs] Processed 135872 reads in 19.501 CPU sec, 9.854 real sec
[M::process] read 136130 sequences (20000267 bp)...
[M::mem_pestat] # candidate unique pairs for (FF, FR, RF, RR): (35, 55418, 2, 31)
[M::mem_pestat] analyzing insert size distribution for orientation FF...
[M::mem_pestat] (25, 50, 75) percentile: (196, 252, 290)
[M::mem_pestat] low and high boundaries for computing mean and std.dev: (8, 478)
[M::mem_pestat] mean and std.dev: (244.49, 90.97)
[M::mem_pestat] low and high boundaries for proper pairs: (1, 608)
[M::mem_pestat] analyzing insert size distribution for orientation FR...
[M::mem_pestat] (25, 50, 75) percentile: (266, 321, 376)
[M::mem_pestat] low and high boundaries for computing mean and std.dev: (46, 596)
[M::mem_pestat] mean and std.dev: (321.82, 81.10)
[M::mem_pestat] low and high boundaries for proper pairs: (1, 706)
[M::mem_pestat] skip orientation RF as there are not enough pairs
[M::mem_pestat] analyzing insert size distribution for orientation RR...
[M::mem_pestat] (25, 50, 75) percentile: (191, 256, 375)
[M::mem_pestat] low and high boundaries for computing mean and std.dev: (1, 743)
[M::mem_pestat] mean and std.dev: (271.10, 108.39)
[M::mem_pestat] low and high boundaries for proper pairs: (1, 927)
[M::mem_pestat] skip orientation FF
[M::mem_pestat] skip orientation RR
[M::mem_process_seqs] Processed 135972 reads in 19.537 CPU sec, 9.869 real sec
[M::process] read 136716 sequences (20000162 bp)...
[M::mem_pestat] # candidate unique pairs for (FF, FR, RF, RR): (21, 55561, 2, 39)
[M::mem_pestat] analyzing insert size distribution for orientation FF...
[M::mem_pestat] (25, 50, 75) percentile: (202, 257, 310)
[M::mem_pestat] low and high boundaries for computing mean and std.dev: (1, 526)
[M::mem_pestat] mean and std.dev: (250.52, 70.64)
[M::mem_pestat] low and high boundaries for proper pairs: (1, 634)
[M::mem_pestat] analyzing insert size distribution for orientation FR...
[M::mem_pestat] (25, 50, 75) percentile: (266, 320, 375)
[M::mem_pestat] low and high boundaries for computing mean and std.dev: (48, 593)
[M::mem_pestat] mean and std.dev: (321.91, 80.86)
[M::mem_pestat] low and high boundaries for proper pairs: (1, 702)
[M::mem_pestat] skip orientation RF as there are not enough pairs
[M::mem_pestat] analyzing insert size distribution for orientation RR...
[M::mem_pestat] (25, 50, 75) percentile: (189, 242, 327)
[M::mem_pestat] low and high boundaries for computing mean and std.dev: (1, 603)
[M::mem_pestat] mean and std.dev: (252.24, 76.68)
[M::mem_pestat] low and high boundaries for proper pairs: (1, 741)
[M::mem_pestat] skip orientation FF
[M::mem_pestat] skip orientation RR
[M::mem_process_seqs] Processed 136130 reads in 19.690 CPU sec, 9.946 real sec
[M::process] read 136442 sequences (20000192 bp)...
[M::mem_pestat] # candidate unique pairs for (FF, FR, RF, RR): (24, 55918, 4, 34)
[M::mem_pestat] analyzing insert size distribution for orientation FF...
[M::mem_pestat] (25, 50, 75) percentile: (195, 259, 338)
[M::mem_pestat] low and high boundaries for computing mean and std.dev: (1, 624)
[M::mem_pestat] mean and std.dev: (263.88, 81.06)
[M::mem_pestat] low and high boundaries for proper pairs: (1, 767)
[M::mem_pestat] analyzing insert size distribution for orientation FR...
[M::mem_pestat] (25, 50, 75) percentile: (265, 319, 373)
[M::mem_pestat] low and high boundaries for computing mean and std.dev: (49, 589)
[M::mem_pestat] mean and std.dev: (320.72, 80.42)
[M::mem_pestat] low and high boundaries for proper pairs: (1, 697)
[M::mem_pestat] skip orientation RF as there are not enough pairs
[M::mem_pestat] analyzing insert size distribution for orientation RR...
[M::mem_pestat] (25, 50, 75) percentile: (163, 226, 373)
[M::mem_pestat] low and high boundaries for computing mean and std.dev: (1, 793)
[M::mem_pestat] mean and std.dev: (250.64, 105.11)
[M::mem_pestat] low and high boundaries for proper pairs: (1, 1003)
[M::mem_pestat] skip orientation FF
[M::mem_pestat] skip orientation RR
[M::mem_process_seqs] Processed 136716 reads in 19.575 CPU sec, 9.887 real sec
[M::process] read 136030 sequences (20000266 bp)...
[M::mem_pestat] # candidate unique pairs for (FF, FR, RF, RR): (44, 55740, 1, 48)
[M::mem_pestat] analyzing insert size distribution for orientation FF...
[M::mem_pestat] (25, 50, 75) percentile: (188, 253, 347)
[M::mem_pestat] low and high boundaries for computing mean and std.dev: (1, 665)
[M::mem_pestat] mean and std.dev: (249.14, 83.04)
[M::mem_pestat] low and high boundaries for proper pairs: (1, 824)
[M::mem_pestat] analyzing insert size distribution for orientation FR...
[M::mem_pestat] (25, 50, 75) percentile: (266, 320, 374)
[M::mem_pestat] low and high boundaries for computing mean and std.dev: (50, 590)
[M::mem_pestat] mean and std.dev: (320.99, 80.28)
[M::mem_pestat] low and high boundaries for proper pairs: (1, 698)
[M::mem_pestat] skip orientation RF as there are not enough pairs
[M::mem_pestat] analyzing insert size distribution for orientation RR...
[M::mem_pestat] (25, 50, 75) percentile: (190, 224, 264)
[M::mem_pestat] low and high boundaries for computing mean and std.dev: (42, 412)
[M::mem_pestat] mean and std.dev: (222.52, 69.07)
[M::mem_pestat] low and high boundaries for proper pairs: (1, 499)
[M::mem_pestat] skip orientation FF
[M::mem_pestat] skip orientation RR
[M::mem_process_seqs] Processed 136442 reads in 19.873 CPU sec, 10.036 real sec
[M::process] read 135568 sequences (20000073 bp)...
[M::mem_pestat] # candidate unique pairs for (FF, FR, RF, RR): (31, 55684, 1, 35)
[M::mem_pestat] analyzing insert size distribution for orientation FF...
[M::mem_pestat] (25, 50, 75) percentile: (220, 243, 294)
[M::mem_pestat] low and high boundaries for computing mean and std.dev: (72, 442)
[M::mem_pestat] mean and std.dev: (260.77, 81.97)
[M::mem_pestat] low and high boundaries for proper pairs: (1, 589)
[M::mem_pestat] analyzing insert size distribution for orientation FR...
[M::mem_pestat] (25, 50, 75) percentile: (267, 321, 376)
[M::mem_pestat] low and high boundaries for computing mean and std.dev: (49, 594)
[M::mem_pestat] mean and std.dev: (322.26, 80.89)
[M::mem_pestat] low and high boundaries for proper pairs: (1, 703)
[M::mem_pestat] skip orientation RF as there are not enough pairs
[M::mem_pestat] analyzing insert size distribution for orientation RR...
[M::mem_pestat] (25, 50, 75) percentile: (202, 245, 304)
[M::mem_pestat] low and high boundaries for computing mean and std.dev: (1, 508)
[M::mem_pestat] mean and std.dev: (243.77, 75.39)
[M::mem_pestat] low and high boundaries for proper pairs: (1, 610)
[M::mem_pestat] skip orientation FF
[M::mem_pestat] skip orientation RR
[M::mem_process_seqs] Processed 136030 reads in 19.838 CPU sec, 13.781 real sec
[M::process] read 135330 sequences (20000114 bp)...
[M::mem_pestat] # candidate unique pairs for (FF, FR, RF, RR): (22, 55318, 4, 34)
[M::mem_pestat] analyzing insert size distribution for orientation FF...
[M::mem_pestat] (25, 50, 75) percentile: (201, 221, 322)
[M::mem_pestat] low and high boundaries for computing mean and std.dev: (1, 564)
[M::mem_pestat] mean and std.dev: (249.38, 82.01)
[M::mem_pestat] low and high boundaries for proper pairs: (1, 685)
[M::mem_pestat] analyzing insert size distribution for orientation FR...
[M::mem_pestat] (25, 50, 75) percentile: (267, 322, 377)
[M::mem_pestat] low and high boundaries for computing mean and std.dev: (47, 597)
[M::mem_pestat] mean and std.dev: (323.03, 81.26)
[M::mem_pestat] low and high boundaries for proper pairs: (1, 707)
[M::mem_pestat] skip orientation RF as there are not enough pairs
[M::mem_pestat] analyzing insert size distribution for orientation RR...
[M::mem_pestat] (25, 50, 75) percentile: (159, 217, 306)
[M::mem_pestat] low and high boundaries for computing mean and std.dev: (1, 600)
[M::mem_pestat] mean and std.dev: (233.18, 100.92)
[M::mem_pestat] low and high boundaries for proper pairs: (1, 747)
[M::mem_pestat] skip orientation FF
[M::mem_pestat] skip orientation RR
[M::mem_process_seqs] Processed 135568 reads in 19.209 CPU sec, 9.706 real sec
[M::process] read 135226 sequences (20000036 bp)...
[M::mem_pestat] # candidate unique pairs for (FF, FR, RF, RR): (32, 55088, 0, 48)
[M::mem_pestat] analyzing insert size distribution for orientation FF...
[M::mem_pestat] (25, 50, 75) percentile: (198, 267, 353)
[M::mem_pestat] low and high boundaries for computing mean and std.dev: (1, 663)
[M::mem_pestat] mean and std.dev: (269.13, 109.42)
[M::mem_pestat] low and high boundaries for proper pairs: (1, 818)
[M::mem_pestat] analyzing insert size distribution for orientation FR...
[M::mem_pestat] (25, 50, 75) percentile: (267, 322, 377)
[M::mem_pestat] low and high boundaries for computing mean and std.dev: (47, 597)
[M::mem_pestat] mean and std.dev: (323.32, 81.48)
[M::mem_pestat] low and high boundaries for proper pairs: (1, 707)
[M::mem_pestat] skip orientation RF as there are not enough pairs
[M::mem_pestat] analyzing insert size distribution for orientation RR...
[M::mem_pestat] (25, 50, 75) percentile: (187, 242, 276)
[M::mem_pestat] low and high boundaries for computing mean and std.dev: (9, 454)
[M::mem_pestat] mean and std.dev: (237.96, 80.73)
[M::mem_pestat] low and high boundaries for proper pairs: (1, 561)
[M::mem_pestat] skip orientation FF
[M::mem_pestat] skip orientation RR
[M::mem_process_seqs] Processed 135330 reads in 19.313 CPU sec, 9.752 real sec
[M::process] read 135194 sequences (20000064 bp)...
[M::mem_pestat] # candidate unique pairs for (FF, FR, RF, RR): (24, 55044, 2, 31)
[M::mem_pestat] analyzing insert size distribution for orientation FF...
[M::mem_pestat] (25, 50, 75) percentile: (183, 311, 351)
[M::mem_pestat] low and high boundaries for computing mean and std.dev: (1, 687)
[M::mem_pestat] mean and std.dev: (267.79, 99.03)
[M::mem_pestat] low and high boundaries for proper pairs: (1, 855)
[M::mem_pestat] analyzing insert size distribution for orientation FR...
[M::mem_pestat] (25, 50, 75) percentile: (264, 319, 376)
[M::mem_pestat] low and high boundaries for computing mean and std.dev: (40, 600)
[M::mem_pestat] mean and std.dev: (321.31, 82.30)
[M::mem_pestat] low and high boundaries for proper pairs: (1, 712)
[M::mem_pestat] skip orientation RF as there are not enough pairs
[M::mem_pestat] analyzing insert size distribution for orientation RR...
[M::mem_pestat] (25, 50, 75) percentile: (211, 234, 286)
[M::mem_pestat] low and high boundaries for computing mean and std.dev: (61, 436)
[M::mem_pestat] mean and std.dev: (243.55, 54.90)
[M::mem_pestat] low and high boundaries for proper pairs: (1, 511)
[M::mem_pestat] skip orientation FF
[M::mem_pestat] skip orientation RR
[M::mem_process_seqs] Processed 135226 reads in 19.167 CPU sec, 9.679 real sec
[M::process] read 135170 sequences (20000265 bp)...
[M::mem_pestat] # candidate unique pairs for (FF, FR, RF, RR): (27, 54985, 0, 49)
[M::mem_pestat] analyzing insert size distribution for orientation FF...
[M::mem_pestat] (25, 50, 75) percentile: (214, 294, 414)
[M::mem_pestat] low and high boundaries for computing mean and std.dev: (1, 814)
[M::mem_pestat] mean and std.dev: (297.72, 108.31)
[M::mem_pestat] low and high boundaries for proper pairs: (1, 1014)
[M::mem_pestat] analyzing insert size distribution for orientation FR...
[M::mem_pestat] (25, 50, 75) percentile: (265, 321, 376)
[M::mem_pestat] low and high boundaries for computing mean and std.dev: (43, 598)
[M::mem_pestat] mean and std.dev: (321.87, 81.81)
[M::mem_pestat] low and high boundaries for proper pairs: (1, 709)
[M::mem_pestat] skip orientation RF as there are not enough pairs
[M::mem_pestat] analyzing insert size distribution for orientation RR...
[M::mem_pestat] (25, 50, 75) percentile: (247, 277, 389)
[M::mem_pestat] low and high boundaries for computing mean and std.dev: (1, 673)
[M::mem_pestat] mean and std.dev: (292.76, 95.37)
[M::mem_pestat] low and high boundaries for proper pairs: (1, 815)
[M::mem_pestat] skip orientation FF
[M::mem_pestat] skip orientation RR
[M::mem_process_seqs] Processed 135194 reads in 19.151 CPU sec, 9.674 real sec
[M::process] read 135214 sequences (20000289 bp)...
[M::mem_pestat] # candidate unique pairs for (FF, FR, RF, RR): (29, 55003, 4, 33)
[M::mem_pestat] analyzing insert size distribution for orientation FF...
[M::mem_pestat] (25, 50, 75) percentile: (211, 263, 314)
[M::mem_pestat] low and high boundaries for computing mean and std.dev: (5, 520)
[M::mem_pestat] mean and std.dev: (241.00, 84.62)
[M::mem_pestat] low and high boundaries for proper pairs: (1, 623)
[M::mem_pestat] analyzing insert size distribution for orientation FR...
[M::mem_pestat] (25, 50, 75) percentile: (266, 321, 376)
[M::mem_pestat] low and high boundaries for computing mean and std.dev: (46, 596)
[M::mem_pestat] mean and std.dev: (322.00, 82.11)
[M::mem_pestat] low and high boundaries for proper pairs: (1, 706)
[M::mem_pestat] skip orientation RF as there are not enough pairs
[M::mem_pestat] analyzing insert size distribution for orientation RR...
[M::mem_pestat] (25, 50, 75) percentile: (186, 290, 384)
[M::mem_pestat] low and high boundaries for computing mean and std.dev: (1, 780)
[M::mem_pestat] mean and std.dev: (262.07, 98.43)
[M::mem_pestat] low and high boundaries for proper pairs: (1, 978)
[M::mem_pestat] skip orientation FF
[M::mem_pestat] skip orientation RR
[M::mem_process_seqs] Processed 135170 reads in 19.206 CPU sec, 9.699 real sec
[M::process] read 135082 sequences (20000201 bp)...
[M::mem_pestat] # candidate unique pairs for (FF, FR, RF, RR): (25, 54761, 2, 34)
[M::mem_pestat] analyzing insert size distribution for orientation FF...
[M::mem_pestat] (25, 50, 75) percentile: (176, 234, 308)
[M::mem_pestat] low and high boundaries for computing mean and std.dev: (1, 572)
[M::mem_pestat] mean and std.dev: (240.58, 87.29)
[M::mem_pestat] low and high boundaries for proper pairs: (1, 704)
[M::mem_pestat] analyzing insert size distribution for orientation FR...
[M::mem_pestat] (25, 50, 75) percentile: (264, 320, 376)
[M::mem_pestat] low and high boundaries for computing mean and std.dev: (40, 600)
[M::mem_pestat] mean and std.dev: (321.18, 82.26)
[M::mem_pestat] low and high boundaries for proper pairs: (1, 712)
[M::mem_pestat] skip orientation RF as there are not enough pairs
[M::mem_pestat] analyzing insert size distribution for orientation RR...
[M::mem_pestat] (25, 50, 75) percentile: (187, 239, 297)
[M::mem_pestat] low and high boundaries for computing mean and std.dev: (1, 517)
[M::mem_pestat] mean and std.dev: (241.35, 83.02)
[M::mem_pestat] low and high boundaries for proper pairs: (1, 627)
[M::mem_pestat] skip orientation FF
[M::mem_pestat] skip orientation RR
[M::mem_process_seqs] Processed 135214 reads in 19.336 CPU sec, 9.764 real sec
[M::process] read 135102 sequences (20000180 bp)...
[M::mem_pestat] # candidate unique pairs for (FF, FR, RF, RR): (22, 54846, 7, 38)
[M::mem_pestat] analyzing insert size distribution for orientation FF...
[M::mem_pestat] (25, 50, 75) percentile: (174, 243, 265)
[M::mem_pestat] low and high boundaries for computing mean and std.dev: (1, 447)
[M::mem_pestat] mean and std.dev: (222.43, 80.52)
[M::mem_pestat] low and high boundaries for proper pairs: (1, 545)
[M::mem_pestat] analyzing insert size distribution for orientation FR...
[M::mem_pestat] (25, 50, 75) percentile: (265, 320, 375)
[M::mem_pestat] low and high boundaries for computing mean and std.dev: (45, 595)
[M::mem_pestat] mean and std.dev: (320.58, 81.40)
[M::mem_pestat] low and high boundaries for proper pairs: (1, 705)
[M::mem_pestat] skip orientation RF as there are not enough pairs
[M::mem_pestat] analyzing insert size distribution for orientation RR...
[M::mem_pestat] (25, 50, 75) percentile: (228, 275, 345)
[M::mem_pestat] low and high boundaries for computing mean and std.dev: (1, 579)
[M::mem_pestat] mean and std.dev: (262.12, 79.21)
[M::mem_pestat] low and high boundaries for proper pairs: (1, 696)
[M::mem_pestat] skip orientation FF
[M::mem_pestat] skip orientation RR
[M::mem_process_seqs] Processed 135082 reads in 19.068 CPU sec, 9.632 real sec
[M::process] read 135088 sequences (20000242 bp)...
[M::mem_pestat] # candidate unique pairs for (FF, FR, RF, RR): (29, 54839, 2, 44)
[M::mem_pestat] analyzing insert size distribution for orientation FF...
[M::mem_pestat] (25, 50, 75) percentile: (146, 249, 318)
[M::mem_pestat] low and high boundaries for computing mean and std.dev: (1, 662)
[M::mem_pestat] mean and std.dev: (215.96, 89.75)
[M::mem_pestat] low and high boundaries for proper pairs: (1, 834)
[M::mem_pestat] analyzing insert size distribution for orientation FR...
[M::mem_pestat] (25, 50, 75) percentile: (265, 320, 375)
[M::mem_pestat] low and high boundaries for computing mean and std.dev: (45, 595)
[M::mem_pestat] mean and std.dev: (321.15, 82.15)
[M::mem_pestat] low and high boundaries for proper pairs: (1, 705)
[M::mem_pestat] skip orientation RF as there are not enough pairs
[M::mem_pestat] analyzing insert size distribution for orientation RR...
[M::mem_pestat] (25, 50, 75) percentile: (196, 263, 312)
[M::mem_pestat] low and high boundaries for computing mean and std.dev: (1, 544)
[M::mem_pestat] mean and std.dev: (258.02, 90.54)
[M::mem_pestat] low and high boundaries for proper pairs: (1, 660)
[M::mem_pestat] skip orientation FF
[M::mem_pestat] skip orientation RR
[M::mem_process_seqs] Processed 135102 reads in 19.173 CPU sec, 9.683 real sec
[M::process] read 135158 sequences (20000042 bp)...
[M::mem_pestat] # candidate unique pairs for (FF, FR, RF, RR): (31, 55053, 3, 31)
[M::mem_pestat] analyzing insert size distribution for orientation FF...
[M::mem_pestat] (25, 50, 75) percentile: (201, 239, 300)
[M::mem_pestat] low and high boundaries for computing mean and std.dev: (3, 498)
[M::mem_pestat] mean and std.dev: (244.13, 83.22)
[M::mem_pestat] low and high boundaries for proper pairs: (1, 597)
[M::mem_pestat] analyzing insert size distribution for orientation FR...
[M::mem_pestat] (25, 50, 75) percentile: (265, 320, 375)
[M::mem_pestat] low and high boundaries for computing mean and std.dev: (45, 595)
[M::mem_pestat] mean and std.dev: (321.60, 81.63)
[M::mem_pestat] low and high boundaries for proper pairs: (1, 705)
[M::mem_pestat] skip orientation RF as there are not enough pairs
[M::mem_pestat] analyzing insert size distribution for orientation RR...
[M::mem_pestat] (25, 50, 75) percentile: (226, 236, 300)
[M::mem_pestat] low and high boundaries for computing mean and std.dev: (78, 448)
[M::mem_pestat] mean and std.dev: (249.93, 63.67)
[M::mem_pestat] low and high boundaries for proper pairs: (1, 522)
[M::mem_pestat] skip orientation FF
[M::mem_pestat] skip orientation RR
[M::mem_process_seqs] Processed 135088 reads in 19.017 CPU sec, 9.611 real sec
[M::process] read 135090 sequences (20000066 bp)...
[M::mem_pestat] # candidate unique pairs for (FF, FR, RF, RR): (47, 54845, 3, 39)
[M::mem_pestat] analyzing insert size distribution for orientation FF...
[M::mem_pestat] (25, 50, 75) percentile: (185, 234, 324)
[M::mem_pestat] low and high boundaries for computing mean and std.dev: (1, 602)
[M::mem_pestat] mean and std.dev: (243.11, 97.93)
[M::mem_pestat] low and high boundaries for proper pairs: (1, 741)
[M::mem_pestat] analyzing insert size distribution for orientation FR...
[M::mem_pestat] (25, 50, 75) percentile: (266, 320, 376)
[M::mem_pestat] low and high boundaries for computing mean and std.dev: (46, 596)
[M::mem_pestat] mean and std.dev: (321.77, 81.99)
[M::mem_pestat] low and high boundaries for proper pairs: (1, 706)
[M::mem_pestat] skip orientation RF as there are not enough pairs
[M::mem_pestat] analyzing insert size distribution for orientation RR...
[M::mem_pestat] (25, 50, 75) percentile: (186, 228, 308)
[M::mem_pestat] low and high boundaries for computing mean and std.dev: (1, 552)
[M::mem_pestat] mean and std.dev: (231.56, 78.84)
[M::mem_pestat] low and high boundaries for proper pairs: (1, 674)
[M::mem_pestat] skip orientation FF
[M::mem_pestat] skip orientation RR
[M::mem_process_seqs] Processed 135158 reads in 19.270 CPU sec, 9.736 real sec
[M::process] read 135074 sequences (20000170 bp)...
[M::mem_pestat] # candidate unique pairs for (FF, FR, RF, RR): (30, 54981, 1, 37)
[M::mem_pestat] analyzing insert size distribution for orientation FF...
[M::mem_pestat] (25, 50, 75) percentile: (134, 214, 286)
[M::mem_pestat] low and high boundaries for computing mean and std.dev: (1, 590)
[M::mem_pestat] mean and std.dev: (222.17, 87.97)
[M::mem_pestat] low and high boundaries for proper pairs: (1, 742)
[M::mem_pestat] analyzing insert size distribution for orientation FR...
[M::mem_pestat] (25, 50, 75) percentile: (265, 320, 376)
[M::mem_pestat] low and high boundaries for computing mean and std.dev: (43, 598)
[M::mem_pestat] mean and std.dev: (321.95, 82.17)
[M::mem_pestat] low and high boundaries for proper pairs: (1, 709)
[M::mem_pestat] skip orientation RF as there are not enough pairs
[M::mem_pestat] analyzing insert size distribution for orientation RR...
[M::mem_pestat] (25, 50, 75) percentile: (206, 249, 319)
[M::mem_pestat] low and high boundaries for computing mean and std.dev: (1, 545)
[M::mem_pestat] mean and std.dev: (244.49, 74.22)
[M::mem_pestat] low and high boundaries for proper pairs: (1, 658)
[M::mem_pestat] skip orientation FF
[M::mem_pestat] skip orientation RR
[M::mem_process_seqs] Processed 135090 reads in 19.351 CPU sec, 9.772 real sec
[M::process] read 135110 sequences (20000292 bp)...
[M::mem_pestat] # candidate unique pairs for (FF, FR, RF, RR): (40, 55009, 0, 45)
[M::mem_pestat] analyzing insert size distribution for orientation FF...
[M::mem_pestat] (25, 50, 75) percentile: (187, 246, 315)
[M::mem_pestat] low and high boundaries for computing mean and std.dev: (1, 571)
[M::mem_pestat] mean and std.dev: (243.24, 87.67)
[M::mem_pestat] low and high boundaries for proper pairs: (1, 699)
[M::mem_pestat] analyzing insert size distribution for orientation FR...
[M::mem_pestat] (25, 50, 75) percentile: (265, 320, 376)
[M::mem_pestat] low and high boundaries for computing mean and std.dev: (43, 598)
[M::mem_pestat] mean and std.dev: (321.48, 81.78)
[M::mem_pestat] low and high boundaries for proper pairs: (1, 709)
[M::mem_pestat] skip orientation RF as there are not enough pairs
[M::mem_pestat] analyzing insert size distribution for orientation RR...
[M::mem_pestat] (25, 50, 75) percentile: (190, 250, 324)
[M::mem_pestat] low and high boundaries for computing mean and std.dev: (1, 592)
[M::mem_pestat] mean and std.dev: (244.79, 87.17)
[M::mem_pestat] low and high boundaries for proper pairs: (1, 726)
[M::mem_pestat] skip orientation FF
[M::mem_pestat] skip orientation RR
[M::mem_process_seqs] Processed 135074 reads in 19.327 CPU sec, 9.761 real sec
[M::process] read 135108 sequences (20000036 bp)...
[M::mem_pestat] # candidate unique pairs for (FF, FR, RF, RR): (26, 54980, 5, 27)
[M::mem_pestat] analyzing insert size distribution for orientation FF...
[M::mem_pestat] (25, 50, 75) percentile: (122, 210, 299)
[M::mem_pestat] low and high boundaries for computing mean and std.dev: (1, 653)
[M::mem_pestat] mean and std.dev: (216.31, 95.08)
[M::mem_pestat] low and high boundaries for proper pairs: (1, 830)
[M::mem_pestat] analyzing insert size distribution for orientation FR...
[M::mem_pestat] (25, 50, 75) percentile: (265, 320, 375)
[M::mem_pestat] low and high boundaries for computing mean and std.dev: (45, 595)
[M::mem_pestat] mean and std.dev: (321.32, 81.00)
[M::mem_pestat] low and high boundaries for proper pairs: (1, 705)
[M::mem_pestat] skip orientation RF as there are not enough pairs
[M::mem_pestat] analyzing insert size distribution for orientation RR...
[M::mem_pestat] (25, 50, 75) percentile: (225, 269, 341)
[M::mem_pestat] low and high boundaries for computing mean and std.dev: (1, 573)
[M::mem_pestat] mean and std.dev: (268.96, 86.29)
[M::mem_pestat] low and high boundaries for proper pairs: (1, 689)
[M::mem_pestat] skip orientation FF
[M::mem_pestat] skip orientation RR
[M::mem_process_seqs] Processed 135110 reads in 18.960 CPU sec, 9.579 real sec
[M::process] read 134952 sequences (20000013 bp)...
[M::mem_pestat] # candidate unique pairs for (FF, FR, RF, RR): (28, 54846, 1, 38)
[M::mem_pestat] analyzing insert size distribution for orientation FF...
[M::mem_pestat] (25, 50, 75) percentile: (185, 231, 297)
[M::mem_pestat] low and high boundaries for computing mean and std.dev: (1, 521)
[M::mem_pestat] mean and std.dev: (225.82, 87.24)
[M::mem_pestat] low and high boundaries for proper pairs: (1, 633)
[M::mem_pestat] analyzing insert size distribution for orientation FR...
[M::mem_pestat] (25, 50, 75) percentile: (265, 320, 375)
[M::mem_pestat] low and high boundaries for computing mean and std.dev: (45, 595)
[M::mem_pestat] mean and std.dev: (321.36, 82.35)
[M::mem_pestat] low and high boundaries for proper pairs: (1, 705)
[M::mem_pestat] skip orientation RF as there are not enough pairs
[M::mem_pestat] analyzing insert size distribution for orientation RR...
[M::mem_pestat] (25, 50, 75) percentile: (205, 232, 334)
[M::mem_pestat] low and high boundaries for computing mean and std.dev: (1, 592)
[M::mem_pestat] mean and std.dev: (262.92, 99.39)
[M::mem_pestat] low and high boundaries for proper pairs: (1, 721)
[M::mem_pestat] skip orientation FF
[M::mem_pestat] skip orientation RR
[M::mem_process_seqs] Processed 135108 reads in 19.195 CPU sec, 9.694 real sec
[M::process] read 135070 sequences (20000254 bp)...
[M::mem_pestat] # candidate unique pairs for (FF, FR, RF, RR): (28, 54662, 0, 45)
[M::mem_pestat] analyzing insert size distribution for orientation FF...
[M::mem_pestat] (25, 50, 75) percentile: (181, 224, 334)
[M::mem_pestat] low and high boundaries for computing mean and std.dev: (1, 640)
[M::mem_pestat] mean and std.dev: (233.96, 100.68)
[M::mem_pestat] low and high boundaries for proper pairs: (1, 793)
[M::mem_pestat] analyzing insert size distribution for orientation FR...
[M::mem_pestat] (25, 50, 75) percentile: (265, 320, 376)
[M::mem_pestat] low and high boundaries for computing mean and std.dev: (43, 598)
[M::mem_pestat] mean and std.dev: (321.37, 82.14)
[M::mem_pestat] low and high boundaries for proper pairs: (1, 709)
[M::mem_pestat] skip orientation RF as there are not enough pairs
[M::mem_pestat] analyzing insert size distribution for orientation RR...
[M::mem_pestat] (25, 50, 75) percentile: (146, 227, 292)
[M::mem_pestat] low and high boundaries for computing mean and std.dev: (1, 584)
[M::mem_pestat] mean and std.dev: (228.04, 92.99)
[M::mem_pestat] low and high boundaries for proper pairs: (1, 730)
[M::mem_pestat] skip orientation FF
[M::mem_pestat] skip orientation RR
[M::mem_process_seqs] Processed 134952 reads in 19.345 CPU sec, 9.768 real sec
[M::process] read 135208 sequences (20000272 bp)...
[M::mem_pestat] # candidate unique pairs for (FF, FR, RF, RR): (26, 55206, 4, 32)
[M::mem_pestat] analyzing insert size distribution for orientation FF...
[M::mem_pestat] (25, 50, 75) percentile: (168, 207, 309)
[M::mem_pestat] low and high boundaries for computing mean and std.dev: (1, 591)
[M::mem_pestat] mean and std.dev: (225.28, 80.79)
[M::mem_pestat] low and high boundaries for proper pairs: (1, 732)
[M::mem_pestat] analyzing insert size distribution for orientation FR...
[M::mem_pestat] (25, 50, 75) percentile: (267, 321, 377)
[M::mem_pestat] low and high boundaries for computing mean and std.dev: (47, 597)
[M::mem_pestat] mean and std.dev: (322.94, 82.00)
[M::mem_pestat] low and high boundaries for proper pairs: (1, 707)
[M::mem_pestat] skip orientation RF as there are not enough pairs
[M::mem_pestat] analyzing insert size distribution for orientation RR...
[M::mem_pestat] (25, 50, 75) percentile: (173, 237, 294)
[M::mem_pestat] low and high boundaries for computing mean and std.dev: (1, 536)
[M::mem_pestat] mean and std.dev: (235.56, 84.85)
[M::mem_pestat] low and high boundaries for proper pairs: (1, 657)
[M::mem_pestat] skip orientation FF
[M::mem_pestat] skip orientation RR
[M::mem_process_seqs] Processed 135070 reads in 18.708 CPU sec, 9.454 real sec
[M::process] read 135392 sequences (20000143 bp)...
[M::mem_pestat] # candidate unique pairs for (FF, FR, RF, RR): (25, 55084, 0, 34)
[M::mem_pestat] analyzing insert size distribution for orientation FF...
[M::mem_pestat] (25, 50, 75) percentile: (204, 258, 321)
[M::mem_pestat] low and high boundaries for computing mean and std.dev: (1, 555)
[M::mem_pestat] mean and std.dev: (259.48, 74.98)
[M::mem_pestat] low and high boundaries for proper pairs: (1, 672)
[M::mem_pestat] analyzing insert size distribution for orientation FR...
[M::mem_pestat] (25, 50, 75) percentile: (267, 321, 376)
[M::mem_pestat] low and high boundaries for computing mean and std.dev: (49, 594)
[M::mem_pestat] mean and std.dev: (322.37, 81.35)
[M::mem_pestat] low and high boundaries for proper pairs: (1, 703)
[M::mem_pestat] skip orientation RF as there are not enough pairs
[M::mem_pestat] analyzing insert size distribution for orientation RR...
[M::mem_pestat] (25, 50, 75) percentile: (208, 256, 361)
[M::mem_pestat] low and high boundaries for computing mean and std.dev: (1, 667)
[M::mem_pestat] mean and std.dev: (268.76, 105.77)
[M::mem_pestat] low and high boundaries for proper pairs: (1, 820)
[M::mem_pestat] skip orientation FF
[M::mem_pestat] skip orientation RR
[M::mem_process_seqs] Processed 135208 reads in 18.991 CPU sec, 9.594 real sec
[M::process] read 135570 sequences (20000023 bp)...
[M::mem_pestat] # candidate unique pairs for (FF, FR, RF, RR): (20, 55161, 2, 43)
[M::mem_pestat] analyzing insert size distribution for orientation FF...
[M::mem_pestat] (25, 50, 75) percentile: (190, 242, 332)
[M::mem_pestat] low and high boundaries for computing mean and std.dev: (1, 616)
[M::mem_pestat] mean and std.dev: (248.65, 105.92)
[M::mem_pestat] low and high boundaries for proper pairs: (1, 758)
[M::mem_pestat] analyzing insert size distribution for orientation FR...
[M::mem_pestat] (25, 50, 75) percentile: (267, 321, 377)
[M::mem_pestat] low and high boundaries for computing mean and std.dev: (47, 597)
[M::mem_pestat] mean and std.dev: (322.94, 81.22)
[M::mem_pestat] low and high boundaries for proper pairs: (1, 707)
[M::mem_pestat] skip orientation RF as there are not enough pairs
[M::mem_pestat] analyzing insert size distribution for orientation RR...
[M::mem_pestat] (25, 50, 75) percentile: (197, 248, 326)
[M::mem_pestat] low and high boundaries for computing mean and std.dev: (1, 584)
[M::mem_pestat] mean and std.dev: (256.93, 86.70)
[M::mem_pestat] low and high boundaries for proper pairs: (1, 713)
[M::mem_pestat] skip orientation FF
[M::mem_pestat] skip orientation RR
[M::mem_process_seqs] Processed 135392 reads in 19.333 CPU sec, 9.767 real sec
[M::process] read 135856 sequences (20000044 bp)...
[M::mem_pestat] # candidate unique pairs for (FF, FR, RF, RR): (41, 55154, 3, 40)
[M::mem_pestat] analyzing insert size distribution for orientation FF...
[M::mem_pestat] (25, 50, 75) percentile: (180, 219, 336)
[M::mem_pestat] low and high boundaries for computing mean and std.dev: (1, 648)
[M::mem_pestat] mean and std.dev: (241.15, 114.11)
[M::mem_pestat] low and high boundaries for proper pairs: (1, 804)
[M::mem_pestat] analyzing insert size distribution for orientation FR...
[M::mem_pestat] (25, 50, 75) percentile: (267, 322, 376)
[M::mem_pestat] low and high boundaries for computing mean and std.dev: (49, 594)
[M::mem_pestat] mean and std.dev: (322.63, 80.74)
[M::mem_pestat] low and high boundaries for proper pairs: (1, 703)
[M::mem_pestat] skip orientation RF as there are not enough pairs
[M::mem_pestat] analyzing insert size distribution for orientation RR...
[M::mem_pestat] (25, 50, 75) percentile: (187, 267, 342)
[M::mem_pestat] low and high boundaries for computing mean and std.dev: (1, 652)
[M::mem_pestat] mean and std.dev: (262.73, 89.30)
[M::mem_pestat] low and high boundaries for proper pairs: (1, 807)
[M::mem_pestat] skip orientation FF
[M::mem_pestat] skip orientation RR
[M::mem_process_seqs] Processed 135570 reads in 19.544 CPU sec, 9.875 real sec
[M::process] read 135950 sequences (20000170 bp)...
[M::mem_pestat] # candidate unique pairs for (FF, FR, RF, RR): (24, 55404, 3, 39)
[M::mem_pestat] analyzing insert size distribution for orientation FF...
[M::mem_pestat] (25, 50, 75) percentile: (183, 228, 295)
[M::mem_pestat] low and high boundaries for computing mean and std.dev: (1, 519)
[M::mem_pestat] mean and std.dev: (229.71, 79.59)
[M::mem_pestat] low and high boundaries for proper pairs: (1, 631)
[M::mem_pestat] analyzing insert size distribution for orientation FR...
[M::mem_pestat] (25, 50, 75) percentile: (266, 321, 375)
[M::mem_pestat] low and high boundaries for computing mean and std.dev: (48, 593)
[M::mem_pestat] mean and std.dev: (322.11, 81.10)
[M::mem_pestat] low and high boundaries for proper pairs: (1, 702)
[M::mem_pestat] skip orientation RF as there are not enough pairs
[M::mem_pestat] analyzing insert size distribution for orientation RR...
[M::mem_pestat] (25, 50, 75) percentile: (186, 216, 270)
[M::mem_pestat] low and high boundaries for computing mean and std.dev: (18, 438)
[M::mem_pestat] mean and std.dev: (222.49, 66.65)
[M::mem_pestat] low and high boundaries for proper pairs: (1, 522)
[M::mem_pestat] skip orientation FF
[M::mem_pestat] skip orientation RR
[M::mem_process_seqs] Processed 135856 reads in 19.571 CPU sec, 9.883 real sec
[M::process] read 136028 sequences (20000264 bp)...
[M::mem_pestat] # candidate unique pairs for (FF, FR, RF, RR): (34, 55343, 2, 52)
[M::mem_pestat] analyzing insert size distribution for orientation FF...
[M::mem_pestat] (25, 50, 75) percentile: (207, 244, 360)
[M::mem_pestat] low and high boundaries for computing mean and std.dev: (1, 666)
[M::mem_pestat] mean and std.dev: (263.84, 92.02)
[M::mem_pestat] low and high boundaries for proper pairs: (1, 819)
[M::mem_pestat] analyzing insert size distribution for orientation FR...
[M::mem_pestat] (25, 50, 75) percentile: (267, 321, 376)
[M::mem_pestat] low and high boundaries for computing mean and std.dev: (49, 594)
[M::mem_pestat] mean and std.dev: (322.44, 80.53)
[M::mem_pestat] low and high boundaries for proper pairs: (1, 703)
[M::mem_pestat] skip orientation RF as there are not enough pairs
[M::mem_pestat] analyzing insert size distribution for orientation RR...
[M::mem_pestat] (25, 50, 75) percentile: (160, 253, 323)
[M::mem_pestat] low and high boundaries for computing mean and std.dev: (1, 649)
[M::mem_pestat] mean and std.dev: (242.15, 101.13)
[M::mem_pestat] low and high boundaries for proper pairs: (1, 812)
[M::mem_pestat] skip orientation FF
[M::mem_pestat] skip orientation RR
[M::mem_process_seqs] Processed 135950 reads in 19.640 CPU sec, 9.923 real sec
[M::process] read 136642 sequences (20000129 bp)...
[M::mem_pestat] # candidate unique pairs for (FF, FR, RF, RR): (19, 55432, 2, 51)
[M::mem_pestat] analyzing insert size distribution for orientation FF...
[M::mem_pestat] (25, 50, 75) percentile: (203, 248, 303)
[M::mem_pestat] low and high boundaries for computing mean and std.dev: (3, 503)
[M::mem_pestat] mean and std.dev: (256.68, 84.18)
[M::mem_pestat] low and high boundaries for proper pairs: (1, 603)
[M::mem_pestat] analyzing insert size distribution for orientation FR...
[M::mem_pestat] (25, 50, 75) percentile: (267, 321, 376)
[M::mem_pestat] low and high boundaries for computing mean and std.dev: (49, 594)
[M::mem_pestat] mean and std.dev: (322.92, 80.85)
[M::mem_pestat] low and high boundaries for proper pairs: (1, 703)
[M::mem_pestat] skip orientation RF as there are not enough pairs
[M::mem_pestat] analyzing insert size distribution for orientation RR...
[M::mem_pestat] (25, 50, 75) percentile: (183, 254, 328)
[M::mem_pestat] low and high boundaries for computing mean and std.dev: (1, 618)
[M::mem_pestat] mean and std.dev: (241.44, 94.98)
[M::mem_pestat] low and high boundaries for proper pairs: (1, 763)
[M::mem_pestat] skip orientation FF
[M::mem_pestat] skip orientation RR
[M::mem_process_seqs] Processed 136028 reads in 19.649 CPU sec, 9.924 real sec
[M::process] read 136570 sequences (20000196 bp)...
[M::mem_pestat] # candidate unique pairs for (FF, FR, RF, RR): (46, 56040, 3, 33)
[M::mem_pestat] analyzing insert size distribution for orientation FF...
[M::mem_pestat] (25, 50, 75) percentile: (160, 248, 292)
[M::mem_pestat] low and high boundaries for computing mean and std.dev: (1, 556)
[M::mem_pestat] mean and std.dev: (235.77, 83.25)
[M::mem_pestat] low and high boundaries for proper pairs: (1, 688)
[M::mem_pestat] analyzing insert size distribution for orientation FR...
[M::mem_pestat] (25, 50, 75) percentile: (265, 319, 374)
[M::mem_pestat] low and high boundaries for computing mean and std.dev: (47, 592)
[M::mem_pestat] mean and std.dev: (320.56, 80.44)
[M::mem_pestat] low and high boundaries for proper pairs: (1, 701)
[M::mem_pestat] skip orientation RF as there are not enough pairs
[M::mem_pestat] analyzing insert size distribution for orientation RR...
[M::mem_pestat] (25, 50, 75) percentile: (179, 259, 319)
[M::mem_pestat] low and high boundaries for computing mean and std.dev: (1, 599)
[M::mem_pestat] mean and std.dev: (257.82, 102.04)
[M::mem_pestat] low and high boundaries for proper pairs: (1, 739)
[M::mem_pestat] skip orientation FF
[M::mem_pestat] skip orientation RR
[M::mem_process_seqs] Processed 136642 reads in 19.615 CPU sec, 9.910 real sec
[M::process] read 136244 sequences (20000265 bp)...
[M::mem_pestat] # candidate unique pairs for (FF, FR, RF, RR): (34, 55552, 3, 44)
[M::mem_pestat] analyzing insert size distribution for orientation FF...
[M::mem_pestat] (25, 50, 75) percentile: (188, 246, 296)
[M::mem_pestat] low and high boundaries for computing mean and std.dev: (1, 512)
[M::mem_pestat] mean and std.dev: (236.70, 76.13)
[M::mem_pestat] low and high boundaries for proper pairs: (1, 620)
[M::mem_pestat] analyzing insert size distribution for orientation FR...
[M::mem_pestat] (25, 50, 75) percentile: (266, 320, 374)
[M::mem_pestat] low and high boundaries for computing mean and std.dev: (50, 590)
[M::mem_pestat] mean and std.dev: (321.01, 80.37)
[M::mem_pestat] low and high boundaries for proper pairs: (1, 698)
[M::mem_pestat] skip orientation RF as there are not enough pairs
[M::mem_pestat] analyzing insert size distribution for orientation RR...
[M::mem_pestat] (25, 50, 75) percentile: (195, 252, 293)
[M::mem_pestat] low and high boundaries for computing mean and std.dev: (1, 489)
[M::mem_pestat] mean and std.dev: (248.91, 84.26)
[M::mem_pestat] low and high boundaries for proper pairs: (1, 587)
[M::mem_pestat] skip orientation FF
[M::mem_pestat] skip orientation RR
[M::mem_process_seqs] Processed 136570 reads in 19.804 CPU sec, 10.003 real sec
[M::process] read 135708 sequences (20000282 bp)...
[M::mem_pestat] # candidate unique pairs for (FF, FR, RF, RR): (32, 55549, 1, 35)
[M::mem_pestat] analyzing insert size distribution for orientation FF...
[M::mem_pestat] (25, 50, 75) percentile: (186, 244, 285)
[M::mem_pestat] low and high boundaries for computing mean and std.dev: (1, 483)
[M::mem_pestat] mean and std.dev: (233.66, 69.97)
[M::mem_pestat] low and high boundaries for proper pairs: (1, 582)
[M::mem_pestat] analyzing insert size distribution for orientation FR...
[M::mem_pestat] (25, 50, 75) percentile: (266, 321, 375)
[M::mem_pestat] low and high boundaries for computing mean and std.dev: (48, 593)
[M::mem_pestat] mean and std.dev: (321.99, 80.71)
[M::mem_pestat] low and high boundaries for proper pairs: (1, 702)
[M::mem_pestat] skip orientation RF as there are not enough pairs
[M::mem_pestat] analyzing insert size distribution for orientation RR...
[M::mem_pestat] (25, 50, 75) percentile: (212, 262, 337)
[M::mem_pestat] low and high boundaries for computing mean and std.dev: (1, 587)
[M::mem_pestat] mean and std.dev: (281.17, 92.21)
[M::mem_pestat] low and high boundaries for proper pairs: (1, 712)
[M::mem_pestat] skip orientation FF
[M::mem_pestat] skip orientation RR
[M::mem_process_seqs] Processed 136244 reads in 19.610 CPU sec, 9.907 real sec
[M::process] read 135402 sequences (20000081 bp)...
[M::mem_pestat] # candidate unique pairs for (FF, FR, RF, RR): (28, 55194, 0, 34)
[M::mem_pestat] analyzing insert size distribution for orientation FF...
[M::mem_pestat] (25, 50, 75) percentile: (196, 251, 323)
[M::mem_pestat] low and high boundaries for computing mean and std.dev: (1, 577)
[M::mem_pestat] mean and std.dev: (253.96, 90.51)
[M::mem_pestat] low and high boundaries for proper pairs: (1, 704)
[M::mem_pestat] analyzing insert size distribution for orientation FR...
[M::mem_pestat] (25, 50, 75) percentile: (267, 320, 375)
[M::mem_pestat] low and high boundaries for computing mean and std.dev: (51, 591)
[M::mem_pestat] mean and std.dev: (322.11, 80.95)
[M::mem_pestat] low and high boundaries for proper pairs: (1, 699)
[M::mem_pestat] skip orientation RF as there are not enough pairs
[M::mem_pestat] analyzing insert size distribution for orientation RR...
[M::mem_pestat] (25, 50, 75) percentile: (181, 271, 325)
[M::mem_pestat] low and high boundaries for computing mean and std.dev: (1, 613)
[M::mem_pestat] mean and std.dev: (248.18, 93.67)
[M::mem_pestat] low and high boundaries for proper pairs: (1, 757)
[M::mem_pestat] skip orientation FF
[M::mem_pestat] skip orientation RR
[M::mem_process_seqs] Processed 135708 reads in 19.492 CPU sec, 9.845 real sec
[M::process] read 135226 sequences (20000277 bp)...
[M::mem_pestat] # candidate unique pairs for (FF, FR, RF, RR): (30, 54986, 1, 29)
[M::mem_pestat] analyzing insert size distribution for orientation FF...
[M::mem_pestat] (25, 50, 75) percentile: (191, 243, 378)
[M::mem_pestat] low and high boundaries for computing mean and std.dev: (1, 752)
[M::mem_pestat] mean and std.dev: (273.77, 150.12)
[M::mem_pestat] low and high boundaries for proper pairs: (1, 939)
[M::mem_pestat] analyzing insert size distribution for orientation FR...
[M::mem_pestat] (25, 50, 75) percentile: (267, 321, 377)
[M::mem_pestat] low and high boundaries for computing mean and std.dev: (47, 597)
[M::mem_pestat] mean and std.dev: (322.83, 81.63)
[M::mem_pestat] low and high boundaries for proper pairs: (1, 707)
[M::mem_pestat] skip orientation RF as there are not enough pairs
[M::mem_pestat] analyzing insert size distribution for orientation RR...
[M::mem_pestat] (25, 50, 75) percentile: (198, 243, 308)
[M::mem_pestat] low and high boundaries for computing mean and std.dev: (1, 528)
[M::mem_pestat] mean and std.dev: (247.45, 86.33)
[M::mem_pestat] low and high boundaries for proper pairs: (1, 638)
[M::mem_pestat] skip orientation FF
[M::mem_pestat] skip orientation RR
[M::mem_process_seqs] Processed 135402 reads in 19.383 CPU sec, 9.787 real sec
[M::process] read 135188 sequences (20000207 bp)...
[M::mem_pestat] # candidate unique pairs for (FF, FR, RF, RR): (28, 54947, 3, 33)
[M::mem_pestat] analyzing insert size distribution for orientation FF...
[M::mem_pestat] (25, 50, 75) percentile: (224, 272, 329)
[M::mem_pestat] low and high boundaries for computing mean and std.dev: (14, 539)
[M::mem_pestat] mean and std.dev: (270.75, 89.30)
[M::mem_pestat] low and high boundaries for proper pairs: (1, 644)
[M::mem_pestat] analyzing insert size distribution for orientation FR...
[M::mem_pestat] (25, 50, 75) percentile: (264, 320, 375)
[M::mem_pestat] low and high boundaries for computing mean and std.dev: (42, 597)
[M::mem_pestat] mean and std.dev: (321.15, 81.90)
[M::mem_pestat] low and high boundaries for proper pairs: (1, 708)
[M::mem_pestat] skip orientation RF as there are not enough pairs
[M::mem_pestat] analyzing insert size distribution for orientation RR...
[M::mem_pestat] (25, 50, 75) percentile: (195, 250, 293)
[M::mem_pestat] low and high boundaries for computing mean and std.dev: (1, 489)
[M::mem_pestat] mean and std.dev: (245.28, 72.92)
[M::mem_pestat] low and high boundaries for proper pairs: (1, 587)
[M::mem_pestat] skip orientation FF
[M::mem_pestat] skip orientation RR
[M::mem_process_seqs] Processed 135226 reads in 19.174 CPU sec, 9.689 real sec
[M::process] read 135174 sequences (20000104 bp)...
[M::mem_pestat] # candidate unique pairs for (FF, FR, RF, RR): (25, 54955, 4, 50)
[M::mem_pestat] analyzing insert size distribution for orientation FF...
[M::mem_pestat] (25, 50, 75) percentile: (145, 201, 287)
[M::mem_pestat] low and high boundaries for computing mean and std.dev: (1, 571)
[M::mem_pestat] mean and std.dev: (206.64, 81.81)
[M::mem_pestat] low and high boundaries for proper pairs: (1, 713)
[M::mem_pestat] analyzing insert size distribution for orientation FR...
[M::mem_pestat] (25, 50, 75) percentile: (266, 321, 376)
[M::mem_pestat] low and high boundaries for computing mean and std.dev: (46, 596)
[M::mem_pestat] mean and std.dev: (322.00, 81.91)
[M::mem_pestat] low and high boundaries for proper pairs: (1, 706)
[M::mem_pestat] skip orientation RF as there are not enough pairs
[M::mem_pestat] analyzing insert size distribution for orientation RR...
[M::mem_pestat] (25, 50, 75) percentile: (154, 219, 259)
[M::mem_pestat] low and high boundaries for computing mean and std.dev: (1, 469)
[M::mem_pestat] mean and std.dev: (214.49, 71.27)
[M::mem_pestat] low and high boundaries for proper pairs: (1, 574)
[M::mem_pestat] skip orientation FF
[M::mem_pestat] skip orientation RR
[M::mem_process_seqs] Processed 135188 reads in 19.097 CPU sec, 9.645 real sec
[M::process] read 135126 sequences (20000214 bp)...
[M::mem_pestat] # candidate unique pairs for (FF, FR, RF, RR): (26, 54940, 1, 39)
[M::mem_pestat] analyzing insert size distribution for orientation FF...
[M::mem_pestat] (25, 50, 75) percentile: (206, 260, 309)
[M::mem_pestat] low and high boundaries for computing mean and std.dev: (1, 515)
[M::mem_pestat] mean and std.dev: (239.80, 74.72)
[M::mem_pestat] low and high boundaries for proper pairs: (1, 618)
[M::mem_pestat] analyzing insert size distribution for orientation FR...
[M::mem_pestat] (25, 50, 75) percentile: (264, 319, 374)
[M::mem_pestat] low and high boundaries for computing mean and std.dev: (44, 594)
[M::mem_pestat] mean and std.dev: (320.41, 81.55)
[M::mem_pestat] low and high boundaries for proper pairs: (1, 704)
[M::mem_pestat] skip orientation RF as there are not enough pairs
[M::mem_pestat] analyzing insert size distribution for orientation RR...
[M::mem_pestat] (25, 50, 75) percentile: (168, 225, 307)
[M::mem_pestat] low and high boundaries for computing mean and std.dev: (1, 585)
[M::mem_pestat] mean and std.dev: (224.47, 74.28)
[M::mem_pestat] low and high boundaries for proper pairs: (1, 724)
[M::mem_pestat] skip orientation FF
[M::mem_pestat] skip orientation RR
[M::mem_process_seqs] Processed 135174 reads in 19.872 CPU sec, 13.817 real sec
[M::process] read 135166 sequences (20000102 bp)...
[M::mem_pestat] # candidate unique pairs for (FF, FR, RF, RR): (32, 54824, 2, 32)
[M::mem_pestat] analyzing insert size distribution for orientation FF...
[M::mem_pestat] (25, 50, 75) percentile: (216, 253, 343)
[M::mem_pestat] low and high boundaries for computing mean and std.dev: (1, 597)
[M::mem_pestat] mean and std.dev: (252.16, 91.48)
[M::mem_pestat] low and high boundaries for proper pairs: (1, 724)
[M::mem_pestat] analyzing insert size distribution for orientation FR...
[M::mem_pestat] (25, 50, 75) percentile: (264, 320, 376)
[M::mem_pestat] low and high boundaries for computing mean and std.dev: (40, 600)
[M::mem_pestat] mean and std.dev: (321.24, 82.31)
[M::mem_pestat] low and high boundaries for proper pairs: (1, 712)
[M::mem_pestat] skip orientation RF as there are not enough pairs
[M::mem_pestat] analyzing insert size distribution for orientation RR...
[M::mem_pestat] (25, 50, 75) percentile: (202, 247, 293)
[M::mem_pestat] low and high boundaries for computing mean and std.dev: (20, 475)
[M::mem_pestat] mean and std.dev: (242.84, 71.55)
[M::mem_pestat] low and high boundaries for proper pairs: (1, 566)
[M::mem_pestat] skip orientation FF
[M::mem_pestat] skip orientation RR
[M::mem_process_seqs] Processed 135126 reads in 19.200 CPU sec, 9.700 real sec
[M::process] read 135168 sequences (20000162 bp)...
[M::mem_pestat] # candidate unique pairs for (FF, FR, RF, RR): (28, 55046, 3, 38)
[M::mem_pestat] analyzing insert size distribution for orientation FF...
[M::mem_pestat] (25, 50, 75) percentile: (188, 259, 364)
[M::mem_pestat] low and high boundaries for computing mean and std.dev: (1, 716)
[M::mem_pestat] mean and std.dev: (261.89, 101.18)
[M::mem_pestat] low and high boundaries for proper pairs: (1, 892)
[M::mem_pestat] analyzing insert size distribution for orientation FR...
[M::mem_pestat] (25, 50, 75) percentile: (264, 319, 375)
[M::mem_pestat] low and high boundaries for computing mean and std.dev: (42, 597)
[M::mem_pestat] mean and std.dev: (320.83, 81.84)
[M::mem_pestat] low and high boundaries for proper pairs: (1, 708)
[M::mem_pestat] skip orientation RF as there are not enough pairs
[M::mem_pestat] analyzing insert size distribution for orientation RR...
[M::mem_pestat] (25, 50, 75) percentile: (211, 244, 332)
[M::mem_pestat] low and high boundaries for computing mean and std.dev: (1, 574)
[M::mem_pestat] mean and std.dev: (258.51, 77.85)
[M::mem_pestat] low and high boundaries for proper pairs: (1, 695)
[M::mem_pestat] skip orientation FF
[M::mem_pestat] skip orientation RR
[M::mem_process_seqs] Processed 135166 reads in 19.493 CPU sec, 9.842 real sec
[M::process] read 135154 sequences (20000126 bp)...
[M::mem_pestat] # candidate unique pairs for (FF, FR, RF, RR): (29, 54928, 1, 36)
[M::mem_pestat] analyzing insert size distribution for orientation FF...
[M::mem_pestat] (25, 50, 75) percentile: (154, 228, 284)
[M::mem_pestat] low and high boundaries for computing mean and std.dev: (1, 544)
[M::mem_pestat] mean and std.dev: (224.04, 74.66)
[M::mem_pestat] low and high boundaries for proper pairs: (1, 674)
[M::mem_pestat] analyzing insert size distribution for orientation FR...
[M::mem_pestat] (25, 50, 75) percentile: (265, 320, 376)
[M::mem_pestat] low and high boundaries for computing mean and std.dev: (43, 598)
[M::mem_pestat] mean and std.dev: (321.68, 81.92)
[M::mem_pestat] low and high boundaries for proper pairs: (1, 709)
[M::mem_pestat] skip orientation RF as there are not enough pairs
[M::mem_pestat] analyzing insert size distribution for orientation RR...
[M::mem_pestat] (25, 50, 75) percentile: (207, 251, 302)
[M::mem_pestat] low and high boundaries for computing mean and std.dev: (17, 492)
[M::mem_pestat] mean and std.dev: (255.80, 69.58)
[M::mem_pestat] low and high boundaries for proper pairs: (1, 587)
[M::mem_pestat] skip orientation FF
[M::mem_pestat] skip orientation RR
[M::mem_process_seqs] Processed 135168 reads in 19.146 CPU sec, 9.670 real sec
[M::process] read 135048 sequences (20000138 bp)...
[M::mem_pestat] # candidate unique pairs for (FF, FR, RF, RR): (36, 54889, 3, 38)
[M::mem_pestat] analyzing insert size distribution for orientation FF...
[M::mem_pestat] (25, 50, 75) percentile: (168, 198, 276)
[M::mem_pestat] low and high boundaries for computing mean and std.dev: (1, 492)
[M::mem_pestat] mean and std.dev: (215.97, 69.71)
[M::mem_pestat] low and high boundaries for proper pairs: (1, 600)
[M::mem_pestat] analyzing insert size distribution for orientation FR...
[M::mem_pestat] (25, 50, 75) percentile: (264, 319, 375)
[M::mem_pestat] low and high boundaries for computing mean and std.dev: (42, 597)
[M::mem_pestat] mean and std.dev: (321.13, 82.26)
[M::mem_pestat] low and high boundaries for proper pairs: (1, 708)
[M::mem_pestat] skip orientation RF as there are not enough pairs
[M::mem_pestat] analyzing insert size distribution for orientation RR...
[M::mem_pestat] (25, 50, 75) percentile: (154, 226, 322)
[M::mem_pestat] low and high boundaries for computing mean and std.dev: (1, 658)
[M::mem_pestat] mean and std.dev: (227.78, 81.37)
[M::mem_pestat] low and high boundaries for proper pairs: (1, 826)
[M::mem_pestat] skip orientation FF
[M::mem_pestat] skip orientation RR
[M::mem_process_seqs] Processed 135154 reads in 19.015 CPU sec, 9.611 real sec
[M::process] read 135138 sequences (20000231 bp)...
[M::mem_pestat] # candidate unique pairs for (FF, FR, RF, RR): (31, 54789, 0, 29)
[M::mem_pestat] analyzing insert size distribution for orientation FF...
[M::mem_pestat] (25, 50, 75) percentile: (178, 219, 270)
[M::mem_pestat] low and high boundaries for computing mean and std.dev: (1, 454)
[M::mem_pestat] mean and std.dev: (213.55, 79.70)
[M::mem_pestat] low and high boundaries for proper pairs: (1, 546)
[M::mem_pestat] analyzing insert size distribution for orientation FR...
[M::mem_pestat] (25, 50, 75) percentile: (264, 320, 375)
[M::mem_pestat] low and high boundaries for computing mean and std.dev: (42, 597)
[M::mem_pestat] mean and std.dev: (320.95, 81.98)
[M::mem_pestat] low and high boundaries for proper pairs: (1, 708)
[M::mem_pestat] skip orientation RF as there are not enough pairs
[M::mem_pestat] analyzing insert size distribution for orientation RR...
[M::mem_pestat] (25, 50, 75) percentile: (194, 245, 318)
[M::mem_pestat] low and high boundaries for computing mean and std.dev: (1, 566)
[M::mem_pestat] mean and std.dev: (236.19, 87.78)
[M::mem_pestat] low and high boundaries for proper pairs: (1, 690)
[M::mem_pestat] skip orientation FF
[M::mem_pestat] skip orientation RR
[M::mem_process_seqs] Processed 135048 reads in 19.339 CPU sec, 9.767 real sec
[M::process] read 135014 sequences (20000066 bp)...
[M::mem_pestat] # candidate unique pairs for (FF, FR, RF, RR): (31, 54824, 1, 45)
[M::mem_pestat] analyzing insert size distribution for orientation FF...
[M::mem_pestat] (25, 50, 75) percentile: (143, 206, 276)
[M::mem_pestat] low and high boundaries for computing mean and std.dev: (1, 542)
[M::mem_pestat] mean and std.dev: (210.00, 96.30)
[M::mem_pestat] low and high boundaries for proper pairs: (1, 675)
[M::mem_pestat] analyzing insert size distribution for orientation FR...
[M::mem_pestat] (25, 50, 75) percentile: (265, 320, 376)
[M::mem_pestat] low and high boundaries for computing mean and std.dev: (43, 598)
[M::mem_pestat] mean and std.dev: (321.71, 82.14)
[M::mem_pestat] low and high boundaries for proper pairs: (1, 709)
[M::mem_pestat] skip orientation RF as there are not enough pairs
[M::mem_pestat] analyzing insert size distribution for orientation RR...
[M::mem_pestat] (25, 50, 75) percentile: (206, 255, 288)
[M::mem_pestat] low and high boundaries for computing mean and std.dev: (42, 452)
[M::mem_pestat] mean and std.dev: (246.36, 64.41)
[M::mem_pestat] low and high boundaries for proper pairs: (1, 534)
[M::mem_pestat] skip orientation FF
[M::mem_pestat] skip orientation RR
[M::mem_process_seqs] Processed 135138 reads in 19.325 CPU sec, 9.756 real sec
[M::process] read 135114 sequences (20000171 bp)...
[M::mem_pestat] # candidate unique pairs for (FF, FR, RF, RR): (41, 54827, 3, 38)
[M::mem_pestat] analyzing insert size distribution for orientation FF...
[M::mem_pestat] (25, 50, 75) percentile: (164, 225, 277)
[M::mem_pestat] low and high boundaries for computing mean and std.dev: (1, 503)
[M::mem_pestat] mean and std.dev: (225.15, 65.44)
[M::mem_pestat] low and high boundaries for proper pairs: (1, 616)
[M::mem_pestat] analyzing insert size distribution for orientation FR...
[M::mem_pestat] (25, 50, 75) percentile: (265, 319, 375)
[M::mem_pestat] low and high boundaries for computing mean and std.dev: (45, 595)
[M::mem_pestat] mean and std.dev: (321.29, 82.30)
[M::mem_pestat] low and high boundaries for proper pairs: (1, 705)
[M::mem_pestat] skip orientation RF as there are not enough pairs
[M::mem_pestat] analyzing insert size distribution for orientation RR...
[M::mem_pestat] (25, 50, 75) percentile: (166, 244, 342)
[M::mem_pestat] low and high boundaries for computing mean and std.dev: (1, 694)
[M::mem_pestat] mean and std.dev: (255.70, 110.34)
[M::mem_pestat] low and high boundaries for proper pairs: (1, 870)
[M::mem_pestat] skip orientation FF
[M::mem_pestat] skip orientation RR
[M::mem_process_seqs] Processed 135014 reads in 19.134 CPU sec, 9.667 real sec
[M::process] read 135078 sequences (20000052 bp)...
[M::mem_pestat] # candidate unique pairs for (FF, FR, RF, RR): (26, 54989, 2, 36)
[M::mem_pestat] analyzing insert size distribution for orientation FF...
[M::mem_pestat] (25, 50, 75) percentile: (180, 226, 329)
[M::mem_pestat] low and high boundaries for computing mean and std.dev: (1, 627)
[M::mem_pestat] mean and std.dev: (254.27, 88.38)
[M::mem_pestat] low and high boundaries for proper pairs: (1, 776)
[M::mem_pestat] analyzing insert size distribution for orientation FR...
[M::mem_pestat] (25, 50, 75) percentile: (264, 319, 374)
[M::mem_pestat] low and high boundaries for computing mean and std.dev: (44, 594)
[M::mem_pestat] mean and std.dev: (320.48, 81.69)
[M::mem_pestat] low and high boundaries for proper pairs: (1, 704)
[M::mem_pestat] skip orientation RF as there are not enough pairs
[M::mem_pestat] analyzing insert size distribution for orientation RR...
[M::mem_pestat] (25, 50, 75) percentile: (181, 235, 309)
[M::mem_pestat] low and high boundaries for computing mean and std.dev: (1, 565)
[M::mem_pestat] mean and std.dev: (233.89, 93.11)
[M::mem_pestat] low and high boundaries for proper pairs: (1, 693)
[M::mem_pestat] skip orientation FF
[M::mem_pestat] skip orientation RR
[M::mem_process_seqs] Processed 135114 reads in 19.160 CPU sec, 9.683 real sec
[M::process] read 134988 sequences (20000287 bp)...
[M::mem_pestat] # candidate unique pairs for (FF, FR, RF, RR): (33, 54996, 1, 40)
[M::mem_pestat] analyzing insert size distribution for orientation FF...
[M::mem_pestat] (25, 50, 75) percentile: (179, 223, 393)
[M::mem_pestat] low and high boundaries for computing mean and std.dev: (1, 821)
[M::mem_pestat] mean and std.dev: (247.42, 109.23)
[M::mem_pestat] low and high boundaries for proper pairs: (1, 1035)
[M::mem_pestat] analyzing insert size distribution for orientation FR...
[M::mem_pestat] (25, 50, 75) percentile: (265, 319, 376)
[M::mem_pestat] low and high boundaries for computing mean and std.dev: (43, 598)
[M::mem_pestat] mean and std.dev: (321.41, 81.66)
[M::mem_pestat] low and high boundaries for proper pairs: (1, 709)
[M::mem_pestat] skip orientation RF as there are not enough pairs
[M::mem_pestat] analyzing insert size distribution for orientation RR...
[M::mem_pestat] (25, 50, 75) percentile: (198, 259, 341)
[M::mem_pestat] low and high boundaries for computing mean and std.dev: (1, 627)
[M::mem_pestat] mean and std.dev: (257.05, 83.09)
[M::mem_pestat] low and high boundaries for proper pairs: (1, 770)
[M::mem_pestat] skip orientation FF
[M::mem_pestat] skip orientation RR
[M::mem_process_seqs] Processed 135078 reads in 19.050 CPU sec, 9.625 real sec
[M::process] read 135026 sequences (20000210 bp)...
[M::mem_pestat] # candidate unique pairs for (FF, FR, RF, RR): (34, 54869, 0, 33)
[M::mem_pestat] analyzing insert size distribution for orientation FF...
[M::mem_pestat] (25, 50, 75) percentile: (216, 280, 342)
[M::mem_pestat] low and high boundaries for computing mean and std.dev: (1, 594)
[M::mem_pestat] mean and std.dev: (276.76, 97.10)
[M::mem_pestat] low and high boundaries for proper pairs: (1, 720)
[M::mem_pestat] analyzing insert size distribution for orientation FR...
[M::mem_pestat] (25, 50, 75) percentile: (265, 320, 376)
[M::mem_pestat] low and high boundaries for computing mean and std.dev: (43, 598)
[M::mem_pestat] mean and std.dev: (321.84, 82.26)
[M::mem_pestat] low and high boundaries for proper pairs: (1, 709)
[M::mem_pestat] skip orientation RF as there are not enough pairs
[M::mem_pestat] analyzing insert size distribution for orientation RR...
[M::mem_pestat] (25, 50, 75) percentile: (164, 216, 278)
[M::mem_pestat] low and high boundaries for computing mean and std.dev: (1, 506)
[M::mem_pestat] mean and std.dev: (230.97, 87.50)
[M::mem_pestat] low and high boundaries for proper pairs: (1, 620)
[M::mem_pestat] skip orientation FF
[M::mem_pestat] skip orientation RR
[M::mem_process_seqs] Processed 134988 reads in 19.089 CPU sec, 9.644 real sec
[M::process] read 135176 sequences (20000029 bp)...
[M::mem_pestat] # candidate unique pairs for (FF, FR, RF, RR): (39, 54872, 4, 41)
[M::mem_pestat] analyzing insert size distribution for orientation FF...
[M::mem_pestat] (25, 50, 75) percentile: (185, 258, 307)
[M::mem_pestat] low and high boundaries for computing mean and std.dev: (1, 551)
[M::mem_pestat] mean and std.dev: (252.95, 94.28)
[M::mem_pestat] low and high boundaries for proper pairs: (1, 673)
[M::mem_pestat] analyzing insert size distribution for orientation FR...
[M::mem_pestat] (25, 50, 75) percentile: (266, 321, 376)
[M::mem_pestat] low and high boundaries for computing mean and std.dev: (46, 596)
[M::mem_pestat] mean and std.dev: (322.21, 81.70)
[M::mem_pestat] low and high boundaries for proper pairs: (1, 706)
[M::mem_pestat] skip orientation RF as there are not enough pairs
[M::mem_pestat] analyzing insert size distribution for orientation RR...
[M::mem_pestat] (25, 50, 75) percentile: (182, 248, 335)
[M::mem_pestat] low and high boundaries for computing mean and std.dev: (1, 641)
[M::mem_pestat] mean and std.dev: (251.98, 98.55)
[M::mem_pestat] low and high boundaries for proper pairs: (1, 794)
[M::mem_pestat] skip orientation FF
[M::mem_pestat] skip orientation RR
[M::mem_process_seqs] Processed 135026 reads in 19.178 CPU sec, 9.689 real sec
[M::process] read 135344 sequences (20000228 bp)...
[M::mem_pestat] # candidate unique pairs for (FF, FR, RF, RR): (35, 54978, 1, 35)
[M::mem_pestat] analyzing insert size distribution for orientation FF...
[M::mem_pestat] (25, 50, 75) percentile: (195, 249, 364)
[M::mem_pestat] low and high boundaries for computing mean and std.dev: (1, 702)
[M::mem_pestat] mean and std.dev: (280.63, 122.81)
[M::mem_pestat] low and high boundaries for proper pairs: (1, 871)
[M::mem_pestat] analyzing insert size distribution for orientation FR...
[M::mem_pestat] (25, 50, 75) percentile: (268, 323, 378)
[M::mem_pestat] low and high boundaries for computing mean and std.dev: (48, 598)
[M::mem_pestat] mean and std.dev: (324.00, 81.38)
[M::mem_pestat] low and high boundaries for proper pairs: (1, 708)
[M::mem_pestat] skip orientation RF as there are not enough pairs
[M::mem_pestat] analyzing insert size distribution for orientation RR...
[M::mem_pestat] (25, 50, 75) percentile: (165, 271, 334)
[M::mem_pestat] low and high boundaries for computing mean and std.dev: (1, 672)
[M::mem_pestat] mean and std.dev: (259.94, 101.33)
[M::mem_pestat] low and high boundaries for proper pairs: (1, 841)
[M::mem_pestat] skip orientation FF
[M::mem_pestat] skip orientation RR
[M::mem_process_seqs] Processed 135176 reads in 19.107 CPU sec, 9.655 real sec
[M::process] read 135498 sequences (20000067 bp)...
[M::mem_pestat] # candidate unique pairs for (FF, FR, RF, RR): (23, 55019, 0, 43)
[M::mem_pestat] analyzing insert size distribution for orientation FF...
[M::mem_pestat] (25, 50, 75) percentile: (178, 217, 286)
[M::mem_pestat] low and high boundaries for computing mean and std.dev: (1, 502)
[M::mem_pestat] mean and std.dev: (220.18, 94.39)
[M::mem_pestat] low and high boundaries for proper pairs: (1, 610)
[M::mem_pestat] analyzing insert size distribution for orientation FR...
[M::mem_pestat] (25, 50, 75) percentile: (267, 321, 377)
[M::mem_pestat] low and high boundaries for computing mean and std.dev: (47, 597)
[M::mem_pestat] mean and std.dev: (323.30, 81.63)
[M::mem_pestat] low and high boundaries for proper pairs: (1, 707)
[M::mem_pestat] skip orientation RF as there are not enough pairs
[M::mem_pestat] analyzing insert size distribution for orientation RR...
[M::mem_pestat] (25, 50, 75) percentile: (178, 256, 333)
[M::mem_pestat] low and high boundaries for computing mean and std.dev: (1, 643)
[M::mem_pestat] mean and std.dev: (246.91, 87.57)
[M::mem_pestat] low and high boundaries for proper pairs: (1, 798)
[M::mem_pestat] skip orientation FF
[M::mem_pestat] skip orientation RR
[M::mem_process_seqs] Processed 135344 reads in 19.328 CPU sec, 9.768 real sec
[M::process] read 135704 sequences (20000282 bp)...
[M::mem_pestat] # candidate unique pairs for (FF, FR, RF, RR): (25, 55279, 2, 39)
[M::mem_pestat] analyzing insert size distribution for orientation FF...
[M::mem_pestat] (25, 50, 75) percentile: (164, 243, 312)
[M::mem_pestat] low and high boundaries for computing mean and std.dev: (1, 608)
[M::mem_pestat] mean and std.dev: (244.56, 97.26)
[M::mem_pestat] low and high boundaries for proper pairs: (1, 756)
[M::mem_pestat] analyzing insert size distribution for orientation FR...
[M::mem_pestat] (25, 50, 75) percentile: (268, 322, 377)
[M::mem_pestat] low and high boundaries for computing mean and std.dev: (50, 595)
[M::mem_pestat] mean and std.dev: (323.23, 81.01)
[M::mem_pestat] low and high boundaries for proper pairs: (1, 704)
[M::mem_pestat] skip orientation RF as there are not enough pairs
[M::mem_pestat] analyzing insert size distribution for orientation RR...
[M::mem_pestat] (25, 50, 75) percentile: (172, 230, 328)
[M::mem_pestat] low and high boundaries for computing mean and std.dev: (1, 640)
[M::mem_pestat] mean and std.dev: (241.14, 101.46)
[M::mem_pestat] low and high boundaries for proper pairs: (1, 796)
[M::mem_pestat] skip orientation FF
[M::mem_pestat] skip orientation RR
[M::mem_process_seqs] Processed 135498 reads in 19.050 CPU sec, 9.620 real sec
[M::process] read 135916 sequences (20000020 bp)...
[M::mem_pestat] # candidate unique pairs for (FF, FR, RF, RR): (23, 55422, 1, 47)
[M::mem_pestat] analyzing insert size distribution for orientation FF...
[M::mem_pestat] (25, 50, 75) percentile: (195, 215, 288)
[M::mem_pestat] low and high boundaries for computing mean and std.dev: (9, 474)
[M::mem_pestat] mean and std.dev: (225.09, 69.49)
[M::mem_pestat] low and high boundaries for proper pairs: (1, 567)
[M::mem_pestat] analyzing insert size distribution for orientation FR...
[M::mem_pestat] (25, 50, 75) percentile: (266, 321, 376)
[M::mem_pestat] low and high boundaries for computing mean and std.dev: (46, 596)
[M::mem_pestat] mean and std.dev: (322.08, 81.16)
[M::mem_pestat] low and high boundaries for proper pairs: (1, 706)
[M::mem_pestat] skip orientation RF as there are not enough pairs
[M::mem_pestat] analyzing insert size distribution for orientation RR...
[M::mem_pestat] (25, 50, 75) percentile: (191, 248, 281)
[M::mem_pestat] low and high boundaries for computing mean and std.dev: (11, 461)
[M::mem_pestat] mean and std.dev: (238.15, 61.43)
[M::mem_pestat] low and high boundaries for proper pairs: (1, 551)
[M::mem_pestat] skip orientation FF
[M::mem_pestat] skip orientation RR
[M::mem_process_seqs] Processed 135704 reads in 19.494 CPU sec, 9.845 real sec
[M::process] read 135992 sequences (20000237 bp)...
[M::mem_pestat] # candidate unique pairs for (FF, FR, RF, RR): (31, 55337, 3, 33)
[M::mem_pestat] analyzing insert size distribution for orientation FF...
[M::mem_pestat] (25, 50, 75) percentile: (201, 233, 299)
[M::mem_pestat] low and high boundaries for computing mean and std.dev: (5, 495)
[M::mem_pestat] mean and std.dev: (245.77, 83.76)
[M::mem_pestat] low and high boundaries for proper pairs: (1, 593)
[M::mem_pestat] analyzing insert size distribution for orientation FR...
[M::mem_pestat] (25, 50, 75) percentile: (267, 322, 376)
[M::mem_pestat] low and high boundaries for computing mean and std.dev: (49, 594)
[M::mem_pestat] mean and std.dev: (323.22, 81.10)
[M::mem_pestat] low and high boundaries for proper pairs: (1, 703)
[M::mem_pestat] skip orientation RF as there are not enough pairs
[M::mem_pestat] analyzing insert size distribution for orientation RR...
[M::mem_pestat] (25, 50, 75) percentile: (162, 238, 279)
[M::mem_pestat] low and high boundaries for computing mean and std.dev: (1, 513)
[M::mem_pestat] mean and std.dev: (233.42, 92.33)
[M::mem_pestat] low and high boundaries for proper pairs: (1, 630)
[M::mem_pestat] skip orientation FF
[M::mem_pestat] skip orientation RR
[M::mem_process_seqs] Processed 135916 reads in 19.205 CPU sec, 9.704 real sec
[M::process] read 136508 sequences (20000057 bp)...
[M::mem_pestat] # candidate unique pairs for (FF, FR, RF, RR): (32, 55532, 3, 44)
[M::mem_pestat] analyzing insert size distribution for orientation FF...
[M::mem_pestat] (25, 50, 75) percentile: (186, 232, 303)
[M::mem_pestat] low and high boundaries for computing mean and std.dev: (1, 537)
[M::mem_pestat] mean and std.dev: (236.83, 79.15)
[M::mem_pestat] low and high boundaries for proper pairs: (1, 654)
[M::mem_pestat] analyzing insert size distribution for orientation FR...
[M::mem_pestat] (25, 50, 75) percentile: (266, 320, 375)
[M::mem_pestat] low and high boundaries for computing mean and std.dev: (48, 593)
[M::mem_pestat] mean and std.dev: (321.69, 80.93)
[M::mem_pestat] low and high boundaries for proper pairs: (1, 702)
[M::mem_pestat] skip orientation RF as there are not enough pairs
[M::mem_pestat] analyzing insert size distribution for orientation RR...
[M::mem_pestat] (25, 50, 75) percentile: (181, 237, 344)
[M::mem_pestat] low and high boundaries for computing mean and std.dev: (1, 670)
[M::mem_pestat] mean and std.dev: (248.24, 88.87)
[M::mem_pestat] low and high boundaries for proper pairs: (1, 833)
[M::mem_pestat] skip orientation FF
[M::mem_pestat] skip orientation RR
[M::mem_process_seqs] Processed 135992 reads in 19.420 CPU sec, 9.806 real sec
[M::process] read 136636 sequences (20000090 bp)...
[M::mem_pestat] # candidate unique pairs for (FF, FR, RF, RR): (36, 55685, 2, 31)
[M::mem_pestat] analyzing insert size distribution for orientation FF...
[M::mem_pestat] (25, 50, 75) percentile: (195, 261, 343)
[M::mem_pestat] low and high boundaries for computing mean and std.dev: (1, 639)
[M::mem_pestat] mean and std.dev: (264.89, 87.89)
[M::mem_pestat] low and high boundaries for proper pairs: (1, 787)
[M::mem_pestat] analyzing insert size distribution for orientation FR...
[M::mem_pestat] (25, 50, 75) percentile: (264, 318, 373)
[M::mem_pestat] low and high boundaries for computing mean and std.dev: (46, 591)
[M::mem_pestat] mean and std.dev: (319.84, 80.70)
[M::mem_pestat] low and high boundaries for proper pairs: (1, 700)
[M::mem_pestat] skip orientation RF as there are not enough pairs
[M::mem_pestat] analyzing insert size distribution for orientation RR...
[M::mem_pestat] (25, 50, 75) percentile: (191, 257, 331)
[M::mem_pestat] low and high boundaries for computing mean and std.dev: (1, 611)
[M::mem_pestat] mean and std.dev: (261.03, 105.05)
[M::mem_pestat] low and high boundaries for proper pairs: (1, 751)
[M::mem_pestat] skip orientation FF
[M::mem_pestat] skip orientation RR
[M::mem_process_seqs] Processed 136508 reads in 19.376 CPU sec, 9.787 real sec
[M::process] read 136210 sequences (20000043 bp)...
[M::mem_pestat] # candidate unique pairs for (FF, FR, RF, RR): (28, 55515, 2, 40)
[M::mem_pestat] analyzing insert size distribution for orientation FF...
[M::mem_pestat] (25, 50, 75) percentile: (190, 228, 290)
[M::mem_pestat] low and high boundaries for computing mean and std.dev: (1, 490)
[M::mem_pestat] mean and std.dev: (231.11, 62.42)
[M::mem_pestat] low and high boundaries for proper pairs: (1, 590)
[M::mem_pestat] analyzing insert size distribution for orientation FR...
[M::mem_pestat] (25, 50, 75) percentile: (265, 318, 374)
[M::mem_pestat] low and high boundaries for computing mean and std.dev: (47, 592)
[M::mem_pestat] mean and std.dev: (320.19, 80.66)
[M::mem_pestat] low and high boundaries for proper pairs: (1, 701)
[M::mem_pestat] skip orientation RF as there are not enough pairs
[M::mem_pestat] analyzing insert size distribution for orientation RR...
[M::mem_pestat] (25, 50, 75) percentile: (184, 275, 335)
[M::mem_pestat] low and high boundaries for computing mean and std.dev: (1, 637)
[M::mem_pestat] mean and std.dev: (259.85, 88.62)
[M::mem_pestat] low and high boundaries for proper pairs: (1, 788)
[M::mem_pestat] skip orientation FF
[M::mem_pestat] skip orientation RR
[M::mem_process_seqs] Processed 136636 reads in 19.644 CPU sec, 9.925 real sec
[M::process] read 135898 sequences (20000006 bp)...
[M::mem_pestat] # candidate unique pairs for (FF, FR, RF, RR): (34, 55658, 1, 37)
[M::mem_pestat] analyzing insert size distribution for orientation FF...
[M::mem_pestat] (25, 50, 75) percentile: (194, 230, 329)
[M::mem_pestat] low and high boundaries for computing mean and std.dev: (1, 599)
[M::mem_pestat] mean and std.dev: (252.50, 96.01)
[M::mem_pestat] low and high boundaries for proper pairs: (1, 734)
[M::mem_pestat] analyzing insert size distribution for orientation FR...
[M::mem_pestat] (25, 50, 75) percentile: (266, 320, 374)
[M::mem_pestat] low and high boundaries for computing mean and std.dev: (50, 590)
[M::mem_pestat] mean and std.dev: (321.02, 80.36)
[M::mem_pestat] low and high boundaries for proper pairs: (1, 698)
[M::mem_pestat] skip orientation RF as there are not enough pairs
[M::mem_pestat] analyzing insert size distribution for orientation RR...
[M::mem_pestat] (25, 50, 75) percentile: (195, 255, 349)
[M::mem_pestat] low and high boundaries for computing mean and std.dev: (1, 657)
[M::mem_pestat] mean and std.dev: (258.46, 96.79)
[M::mem_pestat] low and high boundaries for proper pairs: (1, 811)
[M::mem_pestat] skip orientation FF
[M::mem_pestat] skip orientation RR
[M::mem_process_seqs] Processed 136210 reads in 19.266 CPU sec, 9.733 real sec
[M::process] read 135512 sequences (20000146 bp)...
[M::mem_pestat] # candidate unique pairs for (FF, FR, RF, RR): (42, 55420, 2, 49)
[M::mem_pestat] analyzing insert size distribution for orientation FF...
[M::mem_pestat] (25, 50, 75) percentile: (164, 266, 325)
[M::mem_pestat] low and high boundaries for computing mean and std.dev: (1, 647)
[M::mem_pestat] mean and std.dev: (237.73, 90.43)
[M::mem_pestat] low and high boundaries for proper pairs: (1, 808)
[M::mem_pestat] analyzing insert size distribution for orientation FR...
[M::mem_pestat] (25, 50, 75) percentile: (266, 320, 375)
[M::mem_pestat] low and high boundaries for computing mean and std.dev: (48, 593)
[M::mem_pestat] mean and std.dev: (321.59, 80.64)
[M::mem_pestat] low and high boundaries for proper pairs: (1, 702)
[M::mem_pestat] skip orientation RF as there are not enough pairs
[M::mem_pestat] analyzing insert size distribution for orientation RR...
[M::mem_pestat] (25, 50, 75) percentile: (201, 270, 352)
[M::mem_pestat] low and high boundaries for computing mean and std.dev: (1, 654)
[M::mem_pestat] mean and std.dev: (268.24, 90.35)
[M::mem_pestat] low and high boundaries for proper pairs: (1, 805)
[M::mem_pestat] skip orientation FF
[M::mem_pestat] skip orientation RR
[M::mem_process_seqs] Processed 135898 reads in 19.372 CPU sec, 9.786 real sec
[M::process] read 135202 sequences (20000297 bp)...
[M::mem_pestat] # candidate unique pairs for (FF, FR, RF, RR): (28, 55107, 2, 45)
[M::mem_pestat] analyzing insert size distribution for orientation FF...
[M::mem_pestat] (25, 50, 75) percentile: (186, 223, 282)
[M::mem_pestat] low and high boundaries for computing mean and std.dev: (1, 474)
[M::mem_pestat] mean and std.dev: (227.11, 73.03)
[M::mem_pestat] low and high boundaries for proper pairs: (1, 570)
[M::mem_pestat] analyzing insert size distribution for orientation FR...
[M::mem_pestat] (25, 50, 75) percentile: (267, 321, 375)
[M::mem_pestat] low and high boundaries for computing mean and std.dev: (51, 591)
[M::mem_pestat] mean and std.dev: (322.00, 80.94)
[M::mem_pestat] low and high boundaries for proper pairs: (1, 699)
[M::mem_pestat] skip orientation RF as there are not enough pairs
[M::mem_pestat] analyzing insert size distribution for orientation RR...
[M::mem_pestat] (25, 50, 75) percentile: (198, 245, 308)
[M::mem_pestat] low and high boundaries for computing mean and std.dev: (1, 528)
[M::mem_pestat] mean and std.dev: (242.34, 74.95)
[M::mem_pestat] low and high boundaries for proper pairs: (1, 638)
[M::mem_pestat] skip orientation FF
[M::mem_pestat] skip orientation RR
[M::mem_process_seqs] Processed 135512 reads in 19.150 CPU sec, 9.676 real sec
[M::process] read 135244 sequences (20000009 bp)...
[M::mem_pestat] # candidate unique pairs for (FF, FR, RF, RR): (36, 55052, 2, 33)
[M::mem_pestat] analyzing insert size distribution for orientation FF...
[M::mem_pestat] (25, 50, 75) percentile: (172, 274, 315)
[M::mem_pestat] low and high boundaries for computing mean and std.dev: (1, 601)
[M::mem_pestat] mean and std.dev: (244.71, 98.11)
[M::mem_pestat] low and high boundaries for proper pairs: (1, 744)
[M::mem_pestat] analyzing insert size distribution for orientation FR...
[M::mem_pestat] (25, 50, 75) percentile: (265, 320, 375)
[M::mem_pestat] low and high boundaries for computing mean and std.dev: (45, 595)
[M::mem_pestat] mean and std.dev: (321.20, 81.53)
[M::mem_pestat] low and high boundaries for proper pairs: (1, 705)
[M::mem_pestat] skip orientation RF as there are not enough pairs
[M::mem_pestat] analyzing insert size distribution for orientation RR...
[M::mem_pestat] (25, 50, 75) percentile: (162, 235, 278)
[M::mem_pestat] low and high boundaries for computing mean and std.dev: (1, 510)
[M::mem_pestat] mean and std.dev: (216.41, 82.68)
[M::mem_pestat] low and high boundaries for proper pairs: (1, 626)
[M::mem_pestat] skip orientation FF
[M::mem_pestat] skip orientation RR
[M::mem_process_seqs] Processed 135202 reads in 19.189 CPU sec, 9.693 real sec
[M::process] read 135146 sequences (20000024 bp)...
[M::mem_pestat] # candidate unique pairs for (FF, FR, RF, RR): (24, 54911, 2, 25)
[M::mem_pestat] analyzing insert size distribution for orientation FF...
[M::mem_pestat] (25, 50, 75) percentile: (225, 257, 303)
[M::mem_pestat] low and high boundaries for computing mean and std.dev: (69, 459)
[M::mem_pestat] mean and std.dev: (254.96, 70.82)
[M::mem_pestat] low and high boundaries for proper pairs: (1, 538)
[M::mem_pestat] analyzing insert size distribution for orientation FR...
[M::mem_pestat] (25, 50, 75) percentile: (264, 319, 374)
[M::mem_pestat] low and high boundaries for computing mean and std.dev: (44, 594)
[M::mem_pestat] mean and std.dev: (320.21, 81.63)
[M::mem_pestat] low and high boundaries for proper pairs: (1, 704)
[M::mem_pestat] skip orientation RF as there are not enough pairs
[M::mem_pestat] analyzing insert size distribution for orientation RR...
[M::mem_pestat] (25, 50, 75) percentile: (165, 221, 357)
[M::mem_pestat] low and high boundaries for computing mean and std.dev: (1, 741)
[M::mem_pestat] mean and std.dev: (243.24, 88.14)
[M::mem_pestat] low and high boundaries for proper pairs: (1, 933)
[M::mem_pestat] skip orientation FF
[M::mem_pestat] skip orientation RR
[M::mem_process_seqs] Processed 135244 reads in 19.263 CPU sec, 9.726 real sec
[M::process] read 135178 sequences (20000038 bp)...
[M::mem_pestat] # candidate unique pairs for (FF, FR, RF, RR): (32, 54933, 2, 39)
[M::mem_pestat] analyzing insert size distribution for orientation FF...
[M::mem_pestat] (25, 50, 75) percentile: (215, 255, 354)
[M::mem_pestat] low and high boundaries for computing mean and std.dev: (1, 632)
[M::mem_pestat] mean and std.dev: (267.83, 93.50)
[M::mem_pestat] low and high boundaries for proper pairs: (1, 771)
[M::mem_pestat] analyzing insert size distribution for orientation FR...
[M::mem_pestat] (25, 50, 75) percentile: (265, 319, 375)
[M::mem_pestat] low and high boundaries for computing mean and std.dev: (45, 595)
[M::mem_pestat] mean and std.dev: (320.79, 81.60)
[M::mem_pestat] low and high boundaries for proper pairs: (1, 705)
[M::mem_pestat] skip orientation RF as there are not enough pairs
[M::mem_pestat] analyzing insert size distribution for orientation RR...
[M::mem_pestat] (25, 50, 75) percentile: (204, 247, 361)
[M::mem_pestat] low and high boundaries for computing mean and std.dev: (1, 675)
[M::mem_pestat] mean and std.dev: (258.65, 111.71)
[M::mem_pestat] low and high boundaries for proper pairs: (1, 832)
[M::mem_pestat] skip orientation FF
[M::mem_pestat] skip orientation RR
[M::mem_process_seqs] Processed 135146 reads in 19.183 CPU sec, 9.685 real sec
[M::process] read 135170 sequences (20000098 bp)...
[M::mem_pestat] # candidate unique pairs for (FF, FR, RF, RR): (32, 54910, 2, 47)
[M::mem_pestat] analyzing insert size distribution for orientation FF...
[M::mem_pestat] (25, 50, 75) percentile: (167, 228, 335)
[M::mem_pestat] low and high boundaries for computing mean and std.dev: (1, 671)
[M::mem_pestat] mean and std.dev: (246.26, 90.72)
[M::mem_pestat] low and high boundaries for proper pairs: (1, 839)
[M::mem_pestat] analyzing insert size distribution for orientation FR...
[M::mem_pestat] (25, 50, 75) percentile: (265, 319, 374)
[M::mem_pestat] low and high boundaries for computing mean and std.dev: (47, 592)
[M::mem_pestat] mean and std.dev: (320.54, 81.71)
[M::mem_pestat] low and high boundaries for proper pairs: (1, 701)
[M::mem_pestat] skip orientation RF as there are not enough pairs
[M::mem_pestat] analyzing insert size distribution for orientation RR...
[M::mem_pestat] (25, 50, 75) percentile: (210, 254, 305)
[M::mem_pestat] low and high boundaries for computing mean and std.dev: (20, 495)
[M::mem_pestat] mean and std.dev: (252.11, 62.83)
[M::mem_pestat] low and high boundaries for proper pairs: (1, 590)
[M::mem_pestat] skip orientation FF
[M::mem_pestat] skip orientation RR
[M::mem_process_seqs] Processed 135178 reads in 19.142 CPU sec, 9.667 real sec
[M::process] read 135100 sequences (20000096 bp)...
[M::mem_pestat] # candidate unique pairs for (FF, FR, RF, RR): (26, 54923, 2, 39)
[M::mem_pestat] analyzing insert size distribution for orientation FF...
[M::mem_pestat] (25, 50, 75) percentile: (200, 235, 350)
[M::mem_pestat] low and high boundaries for computing mean and std.dev: (1, 650)
[M::mem_pestat] mean and std.dev: (260.12, 94.17)
[M::mem_pestat] low and high boundaries for proper pairs: (1, 800)
[M::mem_pestat] analyzing insert size distribution for orientation FR...
[M::mem_pestat] (25, 50, 75) percentile: (265, 319, 376)
[M::mem_pestat] low and high boundaries for computing mean and std.dev: (43, 598)
[M::mem_pestat] mean and std.dev: (321.32, 82.13)
[M::mem_pestat] low and high boundaries for proper pairs: (1, 709)
[M::mem_pestat] skip orientation RF as there are not enough pairs
[M::mem_pestat] analyzing insert size distribution for orientation RR...
[M::mem_pestat] (25, 50, 75) percentile: (198, 237, 334)
[M::mem_pestat] low and high boundaries for computing mean and std.dev: (1, 606)
[M::mem_pestat] mean and std.dev: (268.92, 107.59)
[M::mem_pestat] low and high boundaries for proper pairs: (1, 742)
[M::mem_pestat] skip orientation FF
[M::mem_pestat] skip orientation RR
[M::mem_process_seqs] Processed 135170 reads in 18.984 CPU sec, 9.585 real sec
[M::process] read 135078 sequences (20000062 bp)...
[M::mem_pestat] # candidate unique pairs for (FF, FR, RF, RR): (36, 54897, 2, 36)
[M::mem_pestat] analyzing insert size distribution for orientation FF...
[M::mem_pestat] (25, 50, 75) percentile: (175, 250, 315)
[M::mem_pestat] low and high boundaries for computing mean and std.dev: (1, 595)
[M::mem_pestat] mean and std.dev: (239.97, 92.86)
[M::mem_pestat] low and high boundaries for proper pairs: (1, 735)
[M::mem_pestat] analyzing insert size distribution for orientation FR...
[M::mem_pestat] (25, 50, 75) percentile: (265, 320, 376)
[M::mem_pestat] low and high boundaries for computing mean and std.dev: (43, 598)
[M::mem_pestat] mean and std.dev: (321.49, 82.33)
[M::mem_pestat] low and high boundaries for proper pairs: (1, 709)
[M::mem_pestat] skip orientation RF as there are not enough pairs
[M::mem_pestat] analyzing insert size distribution for orientation RR...
[M::mem_pestat] (25, 50, 75) percentile: (179, 249, 324)
[M::mem_pestat] low and high boundaries for computing mean and std.dev: (1, 614)
[M::mem_pestat] mean and std.dev: (239.64, 90.34)
[M::mem_pestat] low and high boundaries for proper pairs: (1, 759)
[M::mem_pestat] skip orientation FF
[M::mem_pestat] skip orientation RR
[M::mem_process_seqs] Processed 135100 reads in 19.146 CPU sec, 9.669 real sec
[M::process] read 135108 sequences (20000004 bp)...
[M::mem_pestat] # candidate unique pairs for (FF, FR, RF, RR): (35, 54961, 1, 32)
[M::mem_pestat] analyzing insert size distribution for orientation FF...
[M::mem_pestat] (25, 50, 75) percentile: (203, 291, 360)
[M::mem_pestat] low and high boundaries for computing mean and std.dev: (1, 674)
[M::mem_pestat] mean and std.dev: (265.09, 97.93)
[M::mem_pestat] low and high boundaries for proper pairs: (1, 831)
[M::mem_pestat] analyzing insert size distribution for orientation FR...
[M::mem_pestat] (25, 50, 75) percentile: (265, 320, 376)
[M::mem_pestat] low and high boundaries for computing mean and std.dev: (43, 598)
[M::mem_pestat] mean and std.dev: (321.27, 82.34)
[M::mem_pestat] low and high boundaries for proper pairs: (1, 709)
[M::mem_pestat] skip orientation RF as there are not enough pairs
[M::mem_pestat] analyzing insert size distribution for orientation RR...
[M::mem_pestat] (25, 50, 75) percentile: (168, 230, 334)
[M::mem_pestat] low and high boundaries for computing mean and std.dev: (1, 666)
[M::mem_pestat] mean and std.dev: (240.68, 100.45)
[M::mem_pestat] low and high boundaries for proper pairs: (1, 832)
[M::mem_pestat] skip orientation FF
[M::mem_pestat] skip orientation RR
[M::mem_process_seqs] Processed 135078 reads in 19.580 CPU sec, 13.632 real sec
[M::process] read 135086 sequences (20000204 bp)...
[M::mem_pestat] # candidate unique pairs for (FF, FR, RF, RR): (29, 54986, 1, 44)
[M::mem_pestat] analyzing insert size distribution for orientation FF...
[M::mem_pestat] (25, 50, 75) percentile: (199, 280, 346)
[M::mem_pestat] low and high boundaries for computing mean and std.dev: (1, 640)
[M::mem_pestat] mean and std.dev: (272.29, 91.42)
[M::mem_pestat] low and high boundaries for proper pairs: (1, 787)
[M::mem_pestat] analyzing insert size distribution for orientation FR...
[M::mem_pestat] (25, 50, 75) percentile: (264, 319, 375)
[M::mem_pestat] low and high boundaries for computing mean and std.dev: (42, 597)
[M::mem_pestat] mean and std.dev: (320.90, 82.29)
[M::mem_pestat] low and high boundaries for proper pairs: (1, 708)
[M::mem_pestat] skip orientation RF as there are not enough pairs
[M::mem_pestat] analyzing insert size distribution for orientation RR...
[M::mem_pestat] (25, 50, 75) percentile: (216, 249, 316)
[M::mem_pestat] low and high boundaries for computing mean and std.dev: (16, 516)
[M::mem_pestat] mean and std.dev: (252.33, 88.31)
[M::mem_pestat] low and high boundaries for proper pairs: (1, 616)
[M::mem_pestat] skip orientation FF
[M::mem_pestat] skip orientation RR
[M::mem_process_seqs] Processed 135108 reads in 19.019 CPU sec, 9.606 real sec
[M::process] read 135102 sequences (20000140 bp)...
[M::mem_pestat] # candidate unique pairs for (FF, FR, RF, RR): (27, 55036, 1, 27)
[M::mem_pestat] analyzing insert size distribution for orientation FF...
[M::mem_pestat] (25, 50, 75) percentile: (216, 251, 299)
[M::mem_pestat] low and high boundaries for computing mean and std.dev: (50, 465)
[M::mem_pestat] mean and std.dev: (251.00, 90.01)
[M::mem_pestat] low and high boundaries for proper pairs: (1, 611)
[M::mem_pestat] analyzing insert size distribution for orientation FR...
[M::mem_pestat] (25, 50, 75) percentile: (264, 320, 375)
[M::mem_pestat] low and high boundaries for computing mean and std.dev: (42, 597)
[M::mem_pestat] mean and std.dev: (321.02, 82.05)
[M::mem_pestat] low and high boundaries for proper pairs: (1, 708)
[M::mem_pestat] skip orientation RF as there are not enough pairs
[M::mem_pestat] analyzing insert size distribution for orientation RR...
[M::mem_pestat] (25, 50, 75) percentile: (202, 255, 318)
[M::mem_pestat] low and high boundaries for computing mean and std.dev: (1, 550)
[M::mem_pestat] mean and std.dev: (254.30, 97.34)
[M::mem_pestat] low and high boundaries for proper pairs: (1, 666)
[M::mem_pestat] skip orientation FF
[M::mem_pestat] skip orientation RR
[M::mem_process_seqs] Processed 135086 reads in 18.960 CPU sec, 9.577 real sec
[M::process] read 135008 sequences (20000091 bp)...
[M::mem_pestat] # candidate unique pairs for (FF, FR, RF, RR): (30, 54760, 5, 46)
[M::mem_pestat] analyzing insert size distribution for orientation FF...
[M::mem_pestat] (25, 50, 75) percentile: (178, 253, 308)
[M::mem_pestat] low and high boundaries for computing mean and std.dev: (1, 568)
[M::mem_pestat] mean and std.dev: (245.55, 77.55)
[M::mem_pestat] low and high boundaries for proper pairs: (1, 698)
[M::mem_pestat] analyzing insert size distribution for orientation FR...
[M::mem_pestat] (25, 50, 75) percentile: (264, 319, 375)
[M::mem_pestat] low and high boundaries for computing mean and std.dev: (42, 597)
[M::mem_pestat] mean and std.dev: (320.56, 82.22)
[M::mem_pestat] low and high boundaries for proper pairs: (1, 708)
[M::mem_pestat] skip orientation RF as there are not enough pairs
[M::mem_pestat] analyzing insert size distribution for orientation RR...
[M::mem_pestat] (25, 50, 75) percentile: (188, 267, 321)
[M::mem_pestat] low and high boundaries for computing mean and std.dev: (1, 587)
[M::mem_pestat] mean and std.dev: (254.60, 80.09)
[M::mem_pestat] low and high boundaries for proper pairs: (1, 720)
[M::mem_pestat] skip orientation FF
[M::mem_pestat] skip orientation RR
[M::mem_process_seqs] Processed 135102 reads in 19.136 CPU sec, 9.666 real sec
[M::process] read 135050 sequences (20000145 bp)...
[M::mem_pestat] # candidate unique pairs for (FF, FR, RF, RR): (32, 54675, 0, 35)
[M::mem_pestat] analyzing insert size distribution for orientation FF...
[M::mem_pestat] (25, 50, 75) percentile: (217, 262, 340)
[M::mem_pestat] low and high boundaries for computing mean and std.dev: (1, 586)
[M::mem_pestat] mean and std.dev: (260.34, 76.50)
[M::mem_pestat] low and high boundaries for proper pairs: (1, 709)
[M::mem_pestat] analyzing insert size distribution for orientation FR...
[M::mem_pestat] (25, 50, 75) percentile: (265, 321, 376)
[M::mem_pestat] low and high boundaries for computing mean and std.dev: (43, 598)
[M::mem_pestat] mean and std.dev: (321.96, 82.35)
[M::mem_pestat] low and high boundaries for proper pairs: (1, 709)
[M::mem_pestat] skip orientation RF as there are not enough pairs
[M::mem_pestat] analyzing insert size distribution for orientation RR...
[M::mem_pestat] (25, 50, 75) percentile: (166, 257, 301)
[M::mem_pestat] low and high boundaries for computing mean and std.dev: (1, 571)
[M::mem_pestat] mean and std.dev: (253.57, 85.50)
[M::mem_pestat] low and high boundaries for proper pairs: (1, 706)
[M::mem_pestat] skip orientation FF
[M::mem_pestat] skip orientation RR
[M::mem_process_seqs] Processed 135008 reads in 19.056 CPU sec, 9.624 real sec
[M::process] read 135024 sequences (20000078 bp)...
[M::mem_pestat] # candidate unique pairs for (FF, FR, RF, RR): (27, 54807, 3, 49)
[M::mem_pestat] analyzing insert size distribution for orientation FF...
[M::mem_pestat] (25, 50, 75) percentile: (200, 260, 311)
[M::mem_pestat] low and high boundaries for computing mean and std.dev: (1, 533)
[M::mem_pestat] mean and std.dev: (263.78, 107.69)
[M::mem_pestat] low and high boundaries for proper pairs: (1, 695)
[M::mem_pestat] analyzing insert size distribution for orientation FR...
[M::mem_pestat] (25, 50, 75) percentile: (265, 320, 376)
[M::mem_pestat] low and high boundaries for computing mean and std.dev: (43, 598)
[M::mem_pestat] mean and std.dev: (322.06, 82.08)
[M::mem_pestat] low and high boundaries for proper pairs: (1, 709)
[M::mem_pestat] skip orientation RF as there are not enough pairs
[M::mem_pestat] analyzing insert size distribution for orientation RR...
[M::mem_pestat] (25, 50, 75) percentile: (199, 241, 299)
[M::mem_pestat] low and high boundaries for computing mean and std.dev: (1, 499)
[M::mem_pestat] mean and std.dev: (252.00, 92.25)
[M::mem_pestat] low and high boundaries for proper pairs: (1, 621)
[M::mem_pestat] skip orientation FF
[M::mem_pestat] skip orientation RR
[M::mem_process_seqs] Processed 135050 reads in 19.193 CPU sec, 9.699 real sec
[M::process] read 134994 sequences (20000252 bp)...
[M::mem_pestat] # candidate unique pairs for (FF, FR, RF, RR): (24, 54885, 3, 36)
[M::mem_pestat] analyzing insert size distribution for orientation FF...
[M::mem_pestat] (25, 50, 75) percentile: (192, 265, 320)
[M::mem_pestat] low and high boundaries for computing mean and std.dev: (1, 576)
[M::mem_pestat] mean and std.dev: (243.48, 86.37)
[M::mem_pestat] low and high boundaries for proper pairs: (1, 704)
[M::mem_pestat] analyzing insert size distribution for orientation FR...
[M::mem_pestat] (25, 50, 75) percentile: (265, 320, 376)
[M::mem_pestat] low and high boundaries for computing mean and std.dev: (43, 598)
[M::mem_pestat] mean and std.dev: (321.55, 82.36)
[M::mem_pestat] low and high boundaries for proper pairs: (1, 709)
[M::mem_pestat] skip orientation RF as there are not enough pairs
[M::mem_pestat] analyzing insert size distribution for orientation RR...
[M::mem_pestat] (25, 50, 75) percentile: (192, 307, 337)
[M::mem_pestat] low and high boundaries for computing mean and std.dev: (1, 627)
[M::mem_pestat] mean and std.dev: (269.14, 93.28)
[M::mem_pestat] low and high boundaries for proper pairs: (1, 772)
[M::mem_pestat] skip orientation FF
[M::mem_pestat] skip orientation RR
[M::mem_process_seqs] Processed 135024 reads in 18.934 CPU sec, 9.562 real sec
[M::process] read 135012 sequences (20000142 bp)...
[M::mem_pestat] # candidate unique pairs for (FF, FR, RF, RR): (27, 54875, 1, 41)
[M::mem_pestat] analyzing insert size distribution for orientation FF...
[M::mem_pestat] (25, 50, 75) percentile: (189, 234, 289)
[M::mem_pestat] low and high boundaries for computing mean and std.dev: (1, 489)
[M::mem_pestat] mean and std.dev: (232.20, 74.93)
[M::mem_pestat] low and high boundaries for proper pairs: (1, 589)
[M::mem_pestat] analyzing insert size distribution for orientation FR...
[M::mem_pestat] (25, 50, 75) percentile: (265, 320, 376)
[M::mem_pestat] low and high boundaries for computing mean and std.dev: (43, 598)
[M::mem_pestat] mean and std.dev: (321.55, 81.91)
[M::mem_pestat] low and high boundaries for proper pairs: (1, 709)
[M::mem_pestat] skip orientation RF as there are not enough pairs
[M::mem_pestat] analyzing insert size distribution for orientation RR...
[M::mem_pestat] (25, 50, 75) percentile: (152, 209, 312)
[M::mem_pestat] low and high boundaries for computing mean and std.dev: (1, 632)
[M::mem_pestat] mean and std.dev: (218.00, 94.75)
[M::mem_pestat] low and high boundaries for proper pairs: (1, 792)
[M::mem_pestat] skip orientation FF
[M::mem_pestat] skip orientation RR
[M::mem_process_seqs] Processed 134994 reads in 19.122 CPU sec, 9.659 real sec
[M::process] read 135152 sequences (20000174 bp)...
[M::mem_pestat] # candidate unique pairs for (FF, FR, RF, RR): (25, 54911, 2, 35)
[M::mem_pestat] analyzing insert size distribution for orientation FF...
[M::mem_pestat] (25, 50, 75) percentile: (171, 236, 323)
[M::mem_pestat] low and high boundaries for computing mean and std.dev: (1, 627)
[M::mem_pestat] mean and std.dev: (257.00, 115.34)
[M::mem_pestat] low and high boundaries for proper pairs: (1, 779)
[M::mem_pestat] analyzing insert size distribution for orientation FR...
[M::mem_pestat] (25, 50, 75) percentile: (266, 321, 377)
[M::mem_pestat] low and high boundaries for computing mean and std.dev: (44, 599)
[M::mem_pestat] mean and std.dev: (323.14, 81.64)
[M::mem_pestat] low and high boundaries for proper pairs: (1, 710)
[M::mem_pestat] skip orientation RF as there are not enough pairs
[M::mem_pestat] analyzing insert size distribution for orientation RR...
[M::mem_pestat] (25, 50, 75) percentile: (217, 271, 337)
[M::mem_pestat] low and high boundaries for computing mean and std.dev: (1, 577)
[M::mem_pestat] mean and std.dev: (266.94, 90.65)
[M::mem_pestat] low and high boundaries for proper pairs: (1, 697)
[M::mem_pestat] skip orientation FF
[M::mem_pestat] skip orientation RR
[M::mem_process_seqs] Processed 135012 reads in 19.091 CPU sec, 9.643 real sec
[M::process] read 135326 sequences (20000214 bp)...
[M::mem_pestat] # candidate unique pairs for (FF, FR, RF, RR): (23, 54893, 1, 32)
[M::mem_pestat] analyzing insert size distribution for orientation FF...
[M::mem_pestat] (25, 50, 75) percentile: (155, 226, 288)
[M::mem_pestat] low and high boundaries for computing mean and std.dev: (1, 554)
[M::mem_pestat] mean and std.dev: (226.61, 109.73)
[M::mem_pestat] low and high boundaries for proper pairs: (1, 687)
[M::mem_pestat] analyzing insert size distribution for orientation FR...
[M::mem_pestat] (25, 50, 75) percentile: (267, 322, 377)
[M::mem_pestat] low and high boundaries for computing mean and std.dev: (47, 597)
[M::mem_pestat] mean and std.dev: (323.28, 81.63)
[M::mem_pestat] low and high boundaries for proper pairs: (1, 707)
[M::mem_pestat] skip orientation RF as there are not enough pairs
[M::mem_pestat] analyzing insert size distribution for orientation RR...
[M::mem_pestat] (25, 50, 75) percentile: (205, 276, 320)
[M::mem_pestat] low and high boundaries for computing mean and std.dev: (1, 550)
[M::mem_pestat] mean and std.dev: (255.06, 93.98)
[M::mem_pestat] low and high boundaries for proper pairs: (1, 665)
[M::mem_pestat] skip orientation FF
[M::mem_pestat] skip orientation RR
[M::mem_process_seqs] Processed 135152 reads in 19.272 CPU sec, 9.736 real sec
[M::process] read 135494 sequences (20000241 bp)...
[M::mem_pestat] # candidate unique pairs for (FF, FR, RF, RR): (38, 55075, 4, 30)
[M::mem_pestat] analyzing insert size distribution for orientation FF...
[M::mem_pestat] (25, 50, 75) percentile: (166, 237, 284)
[M::mem_pestat] low and high boundaries for computing mean and std.dev: (1, 520)
[M::mem_pestat] mean and std.dev: (226.29, 87.96)
[M::mem_pestat] low and high boundaries for proper pairs: (1, 638)
[M::mem_pestat] analyzing insert size distribution for orientation FR...
[M::mem_pestat] (25, 50, 75) percentile: (267, 322, 377)
[M::mem_pestat] low and high boundaries for computing mean and std.dev: (47, 597)
[M::mem_pestat] mean and std.dev: (323.33, 81.74)
[M::mem_pestat] low and high boundaries for proper pairs: (1, 707)
[M::mem_pestat] skip orientation RF as there are not enough pairs
[M::mem_pestat] analyzing insert size distribution for orientation RR...
[M::mem_pestat] (25, 50, 75) percentile: (155, 213, 284)
[M::mem_pestat] low and high boundaries for computing mean and std.dev: (1, 542)
[M::mem_pestat] mean and std.dev: (230.67, 93.59)
[M::mem_pestat] low and high boundaries for proper pairs: (1, 671)
[M::mem_pestat] skip orientation FF
[M::mem_pestat] skip orientation RR
[M::mem_process_seqs] Processed 135326 reads in 19.295 CPU sec, 9.747 real sec
[M::process] read 135646 sequences (20000074 bp)...
[M::mem_pestat] # candidate unique pairs for (FF, FR, RF, RR): (35, 55223, 4, 36)
[M::mem_pestat] analyzing insert size distribution for orientation FF...
[M::mem_pestat] (25, 50, 75) percentile: (201, 287, 332)
[M::mem_pestat] low and high boundaries for computing mean and std.dev: (1, 594)
[M::mem_pestat] mean and std.dev: (265.91, 92.13)
[M::mem_pestat] low and high boundaries for proper pairs: (1, 725)
[M::mem_pestat] analyzing insert size distribution for orientation FR...
[M::mem_pestat] (25, 50, 75) percentile: (267, 321, 376)
[M::mem_pestat] low and high boundaries for computing mean and std.dev: (49, 594)
[M::mem_pestat] mean and std.dev: (322.81, 81.12)
[M::mem_pestat] low and high boundaries for proper pairs: (1, 703)
[M::mem_pestat] skip orientation RF as there are not enough pairs
[M::mem_pestat] analyzing insert size distribution for orientation RR...
[M::mem_pestat] (25, 50, 75) percentile: (182, 273, 298)
[M::mem_pestat] low and high boundaries for computing mean and std.dev: (1, 530)
[M::mem_pestat] mean and std.dev: (241.30, 79.60)
[M::mem_pestat] low and high boundaries for proper pairs: (1, 646)
[M::mem_pestat] skip orientation FF
[M::mem_pestat] skip orientation RR
[M::mem_process_seqs] Processed 135494 reads in 19.209 CPU sec, 9.702 real sec
[M::process] read 135822 sequences (20000044 bp)...
[M::mem_pestat] # candidate unique pairs for (FF, FR, RF, RR): (31, 55369, 2, 37)
[M::mem_pestat] analyzing insert size distribution for orientation FF...
[M::mem_pestat] (25, 50, 75) percentile: (230, 256, 313)
[M::mem_pestat] low and high boundaries for computing mean and std.dev: (64, 479)
[M::mem_pestat] mean and std.dev: (255.10, 78.11)
[M::mem_pestat] low and high boundaries for proper pairs: (1, 568)
[M::mem_pestat] analyzing insert size distribution for orientation FR...
[M::mem_pestat] (25, 50, 75) percentile: (267, 321, 377)
[M::mem_pestat] low and high boundaries for computing mean and std.dev: (47, 597)
[M::mem_pestat] mean and std.dev: (323.26, 81.15)
[M::mem_pestat] low and high boundaries for proper pairs: (1, 707)
[M::mem_pestat] skip orientation RF as there are not enough pairs
[M::mem_pestat] analyzing insert size distribution for orientation RR...
[M::mem_pestat] (25, 50, 75) percentile: (175, 257, 298)
[M::mem_pestat] low and high boundaries for computing mean and std.dev: (1, 544)
[M::mem_pestat] mean and std.dev: (232.16, 84.43)
[M::mem_pestat] low and high boundaries for proper pairs: (1, 667)
[M::mem_pestat] skip orientation FF
[M::mem_pestat] skip orientation RR
[M::mem_process_seqs] Processed 135646 reads in 19.076 CPU sec, 9.640 real sec
[M::process] read 135986 sequences (20000107 bp)...
[M::mem_pestat] # candidate unique pairs for (FF, FR, RF, RR): (35, 55334, 1, 31)
[M::mem_pestat] analyzing insert size distribution for orientation FF...
[M::mem_pestat] (25, 50, 75) percentile: (190, 237, 332)
[M::mem_pestat] low and high boundaries for computing mean and std.dev: (1, 616)
[M::mem_pestat] mean and std.dev: (244.24, 92.53)
[M::mem_pestat] low and high boundaries for proper pairs: (1, 758)
[M::mem_pestat] analyzing insert size distribution for orientation FR...
[M::mem_pestat] (25, 50, 75) percentile: (267, 321, 375)
[M::mem_pestat] low and high boundaries for computing mean and std.dev: (51, 591)
[M::mem_pestat] mean and std.dev: (321.99, 80.38)
[M::mem_pestat] low and high boundaries for proper pairs: (1, 699)
[M::mem_pestat] skip orientation RF as there are not enough pairs
[M::mem_pestat] analyzing insert size distribution for orientation RR...
[M::mem_pestat] (25, 50, 75) percentile: (187, 250, 314)
[M::mem_pestat] low and high boundaries for computing mean and std.dev: (1, 568)
[M::mem_pestat] mean and std.dev: (243.19, 74.31)
[M::mem_pestat] low and high boundaries for proper pairs: (1, 695)
[M::mem_pestat] skip orientation FF
[M::mem_pestat] skip orientation RR
[M::mem_process_seqs] Processed 135822 reads in 19.273 CPU sec, 9.735 real sec
[M::process] read 136724 sequences (20000169 bp)...
[M::mem_pestat] # candidate unique pairs for (FF, FR, RF, RR): (32, 55326, 5, 47)
[M::mem_pestat] analyzing insert size distribution for orientation FF...
[M::mem_pestat] (25, 50, 75) percentile: (185, 259, 316)
[M::mem_pestat] low and high boundaries for computing mean and std.dev: (1, 578)
[M::mem_pestat] mean and std.dev: (250.70, 78.03)
[M::mem_pestat] low and high boundaries for proper pairs: (1, 709)
[M::mem_pestat] analyzing insert size distribution for orientation FR...
[M::mem_pestat] (25, 50, 75) percentile: (265, 321, 375)
[M::mem_pestat] low and high boundaries for computing mean and std.dev: (45, 595)
[M::mem_pestat] mean and std.dev: (321.53, 81.21)
[M::mem_pestat] low and high boundaries for proper pairs: (1, 705)
[M::mem_pestat] skip orientation RF as there are not enough pairs
[M::mem_pestat] analyzing insert size distribution for orientation RR...
[M::mem_pestat] (25, 50, 75) percentile: (171, 239, 332)
[M::mem_pestat] low and high boundaries for computing mean and std.dev: (1, 654)
[M::mem_pestat] mean and std.dev: (264.04, 130.71)
[M::mem_pestat] low and high boundaries for proper pairs: (1, 815)
[M::mem_pestat] skip orientation FF
[M::mem_pestat] skip orientation RR
[M::mem_process_seqs] Processed 135986 reads in 19.444 CPU sec, 9.822 real sec
[M::process] read 136370 sequences (20000268 bp)...
[M::mem_pestat] # candidate unique pairs for (FF, FR, RF, RR): (36, 55978, 2, 38)
[M::mem_pestat] analyzing insert size distribution for orientation FF...
[M::mem_pestat] (25, 50, 75) percentile: (213, 272, 357)
[M::mem_pestat] low and high boundaries for computing mean and std.dev: (1, 645)
[M::mem_pestat] mean and std.dev: (257.24, 91.83)
[M::mem_pestat] low and high boundaries for proper pairs: (1, 789)
[M::mem_pestat] analyzing insert size distribution for orientation FR...
[M::mem_pestat] (25, 50, 75) percentile: (264, 317, 372)
[M::mem_pestat] low and high boundaries for computing mean and std.dev: (48, 588)
[M::mem_pestat] mean and std.dev: (319.13, 80.23)
[M::mem_pestat] low and high boundaries for proper pairs: (1, 696)
[M::mem_pestat] skip orientation RF as there are not enough pairs
[M::mem_pestat] analyzing insert size distribution for orientation RR...
[M::mem_pestat] (25, 50, 75) percentile: (169, 239, 307)
[M::mem_pestat] low and high boundaries for computing mean and std.dev: (1, 583)
[M::mem_pestat] mean and std.dev: (241.35, 84.72)
[M::mem_pestat] low and high boundaries for proper pairs: (1, 721)
[M::mem_pestat] skip orientation FF
[M::mem_pestat] skip orientation RR
[M::mem_process_seqs] Processed 136724 reads in 19.528 CPU sec, 9.866 real sec
[M::process] read 136008 sequences (20000235 bp)...
[M::mem_pestat] # candidate unique pairs for (FF, FR, RF, RR): (24, 55646, 1, 39)
[M::mem_pestat] analyzing insert size distribution for orientation FF...
[M::mem_pestat] (25, 50, 75) percentile: (212, 258, 342)
[M::mem_pestat] low and high boundaries for computing mean and std.dev: (1, 602)
[M::mem_pestat] mean and std.dev: (246.55, 82.00)
[M::mem_pestat] low and high boundaries for proper pairs: (1, 732)
[M::mem_pestat] analyzing insert size distribution for orientation FR...
[M::mem_pestat] (25, 50, 75) percentile: (265, 319, 373)
[M::mem_pestat] low and high boundaries for computing mean and std.dev: (49, 589)
[M::mem_pestat] mean and std.dev: (320.23, 80.22)
[M::mem_pestat] low and high boundaries for proper pairs: (1, 697)
[M::mem_pestat] skip orientation RF as there are not enough pairs
[M::mem_pestat] analyzing insert size distribution for orientation RR...
[M::mem_pestat] (25, 50, 75) percentile: (208, 255, 363)
[M::mem_pestat] low and high boundaries for computing mean and std.dev: (1, 673)
[M::mem_pestat] mean and std.dev: (266.17, 104.02)
[M::mem_pestat] low and high boundaries for proper pairs: (1, 828)
[M::mem_pestat] skip orientation FF
[M::mem_pestat] skip orientation RR
[M::mem_process_seqs] Processed 136370 reads in 19.827 CPU sec, 10.012 real sec
[M::process] read 135688 sequences (20000213 bp)...
[M::mem_pestat] # candidate unique pairs for (FF, FR, RF, RR): (31, 55542, 5, 30)
[M::mem_pestat] analyzing insert size distribution for orientation FF...
[M::mem_pestat] (25, 50, 75) percentile: (174, 219, 275)
[M::mem_pestat] low and high boundaries for computing mean and std.dev: (1, 477)
[M::mem_pestat] mean and std.dev: (217.77, 66.97)
[M::mem_pestat] low and high boundaries for proper pairs: (1, 578)
[M::mem_pestat] analyzing insert size distribution for orientation FR...
[M::mem_pestat] (25, 50, 75) percentile: (266, 319, 374)
[M::mem_pestat] low and high boundaries for computing mean and std.dev: (50, 590)
[M::mem_pestat] mean and std.dev: (320.85, 80.34)
[M::mem_pestat] low and high boundaries for proper pairs: (1, 698)
[M::mem_pestat] skip orientation RF as there are not enough pairs
[M::mem_pestat] analyzing insert size distribution for orientation RR...
[M::mem_pestat] (25, 50, 75) percentile: (164, 258, 341)
[M::mem_pestat] low and high boundaries for computing mean and std.dev: (1, 695)
[M::mem_pestat] mean and std.dev: (254.70, 93.74)
[M::mem_pestat] low and high boundaries for proper pairs: (1, 872)
[M::mem_pestat] skip orientation FF
[M::mem_pestat] skip orientation RR
[M::mem_process_seqs] Processed 136008 reads in 19.538 CPU sec, 9.870 real sec
[M::process] read 135356 sequences (20000218 bp)...
[M::mem_pestat] # candidate unique pairs for (FF, FR, RF, RR): (42, 55370, 2, 32)
[M::mem_pestat] analyzing insert size distribution for orientation FF...
[M::mem_pestat] (25, 50, 75) percentile: (151, 254, 318)
[M::mem_pestat] low and high boundaries for computing mean and std.dev: (1, 652)
[M::mem_pestat] mean and std.dev: (233.41, 95.90)
[M::mem_pestat] low and high boundaries for proper pairs: (1, 819)
[M::mem_pestat] analyzing insert size distribution for orientation FR...
[M::mem_pestat] (25, 50, 75) percentile: (266, 321, 376)
[M::mem_pestat] low and high boundaries for computing mean and std.dev: (46, 596)
[M::mem_pestat] mean and std.dev: (322.33, 81.26)
[M::mem_pestat] low and high boundaries for proper pairs: (1, 706)
[M::mem_pestat] skip orientation RF as there are not enough pairs
[M::mem_pestat] analyzing insert size distribution for orientation RR...
[M::mem_pestat] (25, 50, 75) percentile: (204, 285, 368)
[M::mem_pestat] low and high boundaries for computing mean and std.dev: (1, 696)
[M::mem_pestat] mean and std.dev: (256.14, 104.70)
[M::mem_pestat] low and high boundaries for proper pairs: (1, 860)
[M::mem_pestat] skip orientation FF
[M::mem_pestat] skip orientation RR
[M::mem_process_seqs] Processed 135688 reads in 19.188 CPU sec, 9.694 real sec
[M::process] read 135210 sequences (20000252 bp)...
[M::mem_pestat] # candidate unique pairs for (FF, FR, RF, RR): (40, 54961, 2, 22)
[M::mem_pestat] analyzing insert size distribution for orientation FF...
[M::mem_pestat] (25, 50, 75) percentile: (207, 244, 316)
[M::mem_pestat] low and high boundaries for computing mean and std.dev: (1, 534)
[M::mem_pestat] mean and std.dev: (233.64, 80.94)
[M::mem_pestat] low and high boundaries for proper pairs: (1, 643)
[M::mem_pestat] analyzing insert size distribution for orientation FR...
[M::mem_pestat] (25, 50, 75) percentile: (264, 320, 374)
[M::mem_pestat] low and high boundaries for computing mean and std.dev: (44, 594)
[M::mem_pestat] mean and std.dev: (320.18, 81.21)
[M::mem_pestat] low and high boundaries for proper pairs: (1, 704)
[M::mem_pestat] skip orientation RF as there are not enough pairs
[M::mem_pestat] analyzing insert size distribution for orientation RR...
[M::mem_pestat] (25, 50, 75) percentile: (144, 296, 338)
[M::mem_pestat] low and high boundaries for computing mean and std.dev: (1, 726)
[M::mem_pestat] mean and std.dev: (260.14, 110.12)
[M::mem_pestat] low and high boundaries for proper pairs: (1, 920)
[M::mem_pestat] skip orientation FF
[M::mem_pestat] skip orientation RR
[M::mem_process_seqs] Processed 135356 reads in 19.116 CPU sec, 9.657 real sec
[M::process] read 135160 sequences (20000243 bp)...
[M::mem_pestat] # candidate unique pairs for (FF, FR, RF, RR): (27, 54768, 3, 46)
[M::mem_pestat] analyzing insert size distribution for orientation FF...
[M::mem_pestat] (25, 50, 75) percentile: (205, 266, 301)
[M::mem_pestat] low and high boundaries for computing mean and std.dev: (13, 493)
[M::mem_pestat] mean and std.dev: (240.33, 63.03)
[M::mem_pestat] low and high boundaries for proper pairs: (1, 589)
[M::mem_pestat] analyzing insert size distribution for orientation FR...
[M::mem_pestat] (25, 50, 75) percentile: (263, 318, 375)
[M::mem_pestat] low and high boundaries for computing mean and std.dev: (39, 599)
[M::mem_pestat] mean and std.dev: (319.88, 82.01)
[M::mem_pestat] low and high boundaries for proper pairs: (1, 711)
[M::mem_pestat] skip orientation RF as there are not enough pairs
[M::mem_pestat] analyzing insert size distribution for orientation RR...
[M::mem_pestat] (25, 50, 75) percentile: (177, 252, 329)
[M::mem_pestat] low and high boundaries for computing mean and std.dev: (1, 633)
[M::mem_pestat] mean and std.dev: (241.34, 83.69)
[M::mem_pestat] low and high boundaries for proper pairs: (1, 785)
[M::mem_pestat] skip orientation FF
[M::mem_pestat] skip orientation RR
[M::mem_process_seqs] Processed 135210 reads in 18.868 CPU sec, 9.531 real sec
[M::process] read 135176 sequences (20000106 bp)...
[M::mem_pestat] # candidate unique pairs for (FF, FR, RF, RR): (31, 55073, 1, 37)
[M::mem_pestat] analyzing insert size distribution for orientation FF...
[M::mem_pestat] (25, 50, 75) percentile: (181, 228, 321)
[M::mem_pestat] low and high boundaries for computing mean and std.dev: (1, 601)
[M::mem_pestat] mean and std.dev: (245.26, 97.71)
[M::mem_pestat] low and high boundaries for proper pairs: (1, 741)
[M::mem_pestat] analyzing insert size distribution for orientation FR...
[M::mem_pestat] (25, 50, 75) percentile: (263, 318, 373)
[M::mem_pestat] low and high boundaries for computing mean and std.dev: (43, 593)
[M::mem_pestat] mean and std.dev: (319.31, 81.78)
[M::mem_pestat] low and high boundaries for proper pairs: (1, 703)
[M::mem_pestat] skip orientation RF as there are not enough pairs
[M::mem_pestat] analyzing insert size distribution for orientation RR...
[M::mem_pestat] (25, 50, 75) percentile: (186, 221, 292)
[M::mem_pestat] low and high boundaries for computing mean and std.dev: (1, 504)
[M::mem_pestat] mean and std.dev: (235.32, 65.52)
[M::mem_pestat] low and high boundaries for proper pairs: (1, 610)
[M::mem_pestat] skip orientation FF
[M::mem_pestat] skip orientation RR
[M::mem_process_seqs] Processed 135160 reads in 19.013 CPU sec, 9.606 real sec
[M::process] read 135180 sequences (20000184 bp)...
[M::mem_pestat] # candidate unique pairs for (FF, FR, RF, RR): (32, 54887, 0, 46)
[M::mem_pestat] analyzing insert size distribution for orientation FF...
[M::mem_pestat] (25, 50, 75) percentile: (191, 247, 317)
[M::mem_pestat] low and high boundaries for computing mean and std.dev: (1, 569)
[M::mem_pestat] mean and std.dev: (258.38, 83.54)
[M::mem_pestat] low and high boundaries for proper pairs: (1, 695)
[M::mem_pestat] analyzing insert size distribution for orientation FR...
[M::mem_pestat] (25, 50, 75) percentile: (264, 319, 374)
[M::mem_pestat] low and high boundaries for computing mean and std.dev: (44, 594)
[M::mem_pestat] mean and std.dev: (320.39, 81.75)
[M::mem_pestat] low and high boundaries for proper pairs: (1, 704)
[M::mem_pestat] skip orientation RF as there are not enough pairs
[M::mem_pestat] analyzing insert size distribution for orientation RR...
[M::mem_pestat] (25, 50, 75) percentile: (145, 242, 325)
[M::mem_pestat] low and high boundaries for computing mean and std.dev: (1, 685)
[M::mem_pestat] mean and std.dev: (242.44, 94.27)
[M::mem_pestat] low and high boundaries for proper pairs: (1, 865)
[M::mem_pestat] skip orientation FF
[M::mem_pestat] skip orientation RR
[M::mem_process_seqs] Processed 135176 reads in 19.083 CPU sec, 9.636 real sec
[M::process] read 135122 sequences (20000224 bp)...
[M::mem_pestat] # candidate unique pairs for (FF, FR, RF, RR): (39, 54761, 2, 44)
[M::mem_pestat] analyzing insert size distribution for orientation FF...
[M::mem_pestat] (25, 50, 75) percentile: (193, 236, 291)
[M::mem_pestat] low and high boundaries for computing mean and std.dev: (1, 487)
[M::mem_pestat] mean and std.dev: (242.84, 78.68)
[M::mem_pestat] low and high boundaries for proper pairs: (1, 585)
[M::mem_pestat] analyzing insert size distribution for orientation FR...
[M::mem_pestat] (25, 50, 75) percentile: (264, 318, 374)
[M::mem_pestat] low and high boundaries for computing mean and std.dev: (44, 594)
[M::mem_pestat] mean and std.dev: (319.93, 81.92)
[M::mem_pestat] low and high boundaries for proper pairs: (1, 704)
[M::mem_pestat] skip orientation RF as there are not enough pairs
[M::mem_pestat] analyzing insert size distribution for orientation RR...
[M::mem_pestat] (25, 50, 75) percentile: (194, 257, 326)
[M::mem_pestat] low and high boundaries for computing mean and std.dev: (1, 590)
[M::mem_pestat] mean and std.dev: (264.39, 85.61)
[M::mem_pestat] low and high boundaries for proper pairs: (1, 722)
[M::mem_pestat] skip orientation FF
[M::mem_pestat] skip orientation RR
[M::mem_process_seqs] Processed 135180 reads in 19.077 CPU sec, 9.635 real sec
[M::process] read 135148 sequences (20000124 bp)...
[M::mem_pestat] # candidate unique pairs for (FF, FR, RF, RR): (37, 54959, 5, 37)
[M::mem_pestat] analyzing insert size distribution for orientation FF...
[M::mem_pestat] (25, 50, 75) percentile: (190, 281, 359)
[M::mem_pestat] low and high boundaries for computing mean and std.dev: (1, 697)
[M::mem_pestat] mean and std.dev: (275.50, 114.95)
[M::mem_pestat] low and high boundaries for proper pairs: (1, 866)
[M::mem_pestat] analyzing insert size distribution for orientation FR...
[M::mem_pestat] (25, 50, 75) percentile: (264, 319, 375)
[M::mem_pestat] low and high boundaries for computing mean and std.dev: (42, 597)
[M::mem_pestat] mean and std.dev: (320.33, 81.84)
[M::mem_pestat] low and high boundaries for proper pairs: (1, 708)
[M::mem_pestat] skip orientation RF as there are not enough pairs
[M::mem_pestat] analyzing insert size distribution for orientation RR...
[M::mem_pestat] (25, 50, 75) percentile: (186, 255, 303)
[M::mem_pestat] low and high boundaries for computing mean and std.dev: (1, 537)
[M::mem_pestat] mean and std.dev: (245.30, 77.25)
[M::mem_pestat] low and high boundaries for proper pairs: (1, 654)
[M::mem_pestat] skip orientation FF
[M::mem_pestat] skip orientation RR
[M::mem_process_seqs] Processed 135122 reads in 19.071 CPU sec, 9.636 real sec
[M::process] read 135136 sequences (20000074 bp)...
[M::mem_pestat] # candidate unique pairs for (FF, FR, RF, RR): (30, 54952, 2, 42)
[M::mem_pestat] analyzing insert size distribution for orientation FF...
[M::mem_pestat] (25, 50, 75) percentile: (186, 266, 319)
[M::mem_pestat] low and high boundaries for computing mean and std.dev: (1, 585)
[M::mem_pestat] mean and std.dev: (238.04, 83.38)
[M::mem_pestat] low and high boundaries for proper pairs: (1, 718)
[M::mem_pestat] analyzing insert size distribution for orientation FR...
[M::mem_pestat] (25, 50, 75) percentile: (264, 319, 374)
[M::mem_pestat] low and high boundaries for computing mean and std.dev: (44, 594)
[M::mem_pestat] mean and std.dev: (320.27, 81.69)
[M::mem_pestat] low and high boundaries for proper pairs: (1, 704)
[M::mem_pestat] skip orientation RF as there are not enough pairs
[M::mem_pestat] analyzing insert size distribution for orientation RR...
[M::mem_pestat] (25, 50, 75) percentile: (191, 287, 333)
[M::mem_pestat] low and high boundaries for computing mean and std.dev: (1, 617)
[M::mem_pestat] mean and std.dev: (266.24, 97.00)
[M::mem_pestat] low and high boundaries for proper pairs: (1, 759)
[M::mem_pestat] skip orientation FF
[M::mem_pestat] skip orientation RR
[M::mem_process_seqs] Processed 135148 reads in 19.112 CPU sec, 9.654 real sec
[M::process] read 135130 sequences (20000194 bp)...
[M::mem_pestat] # candidate unique pairs for (FF, FR, RF, RR): (33, 54933, 3, 38)
[M::mem_pestat] analyzing insert size distribution for orientation FF...
[M::mem_pestat] (25, 50, 75) percentile: (185, 239, 315)
[M::mem_pestat] low and high boundaries for computing mean and std.dev: (1, 575)
[M::mem_pestat] mean and std.dev: (244.45, 109.98)
[M::mem_pestat] low and high boundaries for proper pairs: (1, 705)
[M::mem_pestat] analyzing insert size distribution for orientation FR...
[M::mem_pestat] (25, 50, 75) percentile: (264, 319, 375)
[M::mem_pestat] low and high boundaries for computing mean and std.dev: (42, 597)
[M::mem_pestat] mean and std.dev: (320.57, 82.30)
[M::mem_pestat] low and high boundaries for proper pairs: (1, 708)
[M::mem_pestat] skip orientation RF as there are not enough pairs
[M::mem_pestat] analyzing insert size distribution for orientation RR...
[M::mem_pestat] (25, 50, 75) percentile: (178, 216, 299)
[M::mem_pestat] low and high boundaries for computing mean and std.dev: (1, 541)
[M::mem_pestat] mean and std.dev: (231.08, 88.71)
[M::mem_pestat] low and high boundaries for proper pairs: (1, 662)
[M::mem_pestat] skip orientation FF
[M::mem_pestat] skip orientation RR
[M::mem_process_seqs] Processed 135136 reads in 18.832 CPU sec, 9.510 real sec
[M::process] read 135100 sequences (20000043 bp)...
[M::mem_pestat] # candidate unique pairs for (FF, FR, RF, RR): (34, 54805, 3, 32)
[M::mem_pestat] analyzing insert size distribution for orientation FF...
[M::mem_pestat] (25, 50, 75) percentile: (196, 259, 305)
[M::mem_pestat] low and high boundaries for computing mean and std.dev: (1, 523)
[M::mem_pestat] mean and std.dev: (236.38, 91.96)
[M::mem_pestat] low and high boundaries for proper pairs: (1, 632)
[M::mem_pestat] analyzing insert size distribution for orientation FR...
[M::mem_pestat] (25, 50, 75) percentile: (264, 319, 374)
[M::mem_pestat] low and high boundaries for computing mean and std.dev: (44, 594)
[M::mem_pestat] mean and std.dev: (320.46, 82.04)
[M::mem_pestat] low and high boundaries for proper pairs: (1, 704)
[M::mem_pestat] skip orientation RF as there are not enough pairs
[M::mem_pestat] analyzing insert size distribution for orientation RR...
[M::mem_pestat] (25, 50, 75) percentile: (175, 242, 327)
[M::mem_pestat] low and high boundaries for computing mean and std.dev: (1, 631)
[M::mem_pestat] mean and std.dev: (247.47, 110.03)
[M::mem_pestat] low and high boundaries for proper pairs: (1, 783)
[M::mem_pestat] skip orientation FF
[M::mem_pestat] skip orientation RR
[M::mem_process_seqs] Processed 135130 reads in 19.210 CPU sec, 9.709 real sec
[M::process] read 135052 sequences (20000164 bp)...
[M::mem_pestat] # candidate unique pairs for (FF, FR, RF, RR): (23, 54950, 3, 42)
[M::mem_pestat] analyzing insert size distribution for orientation FF...
[M::mem_pestat] (25, 50, 75) percentile: (202, 244, 324)
[M::mem_pestat] low and high boundaries for computing mean and std.dev: (1, 568)
[M::mem_pestat] mean and std.dev: (251.22, 77.20)
[M::mem_pestat] low and high boundaries for proper pairs: (1, 690)
[M::mem_pestat] analyzing insert size distribution for orientation FR...
[M::mem_pestat] (25, 50, 75) percentile: (264, 319, 374)
[M::mem_pestat] low and high boundaries for computing mean and std.dev: (44, 594)
[M::mem_pestat] mean and std.dev: (320.72, 81.66)
[M::mem_pestat] low and high boundaries for proper pairs: (1, 704)
[M::mem_pestat] skip orientation RF as there are not enough pairs
[M::mem_pestat] analyzing insert size distribution for orientation RR...
[M::mem_pestat] (25, 50, 75) percentile: (199, 256, 304)
[M::mem_pestat] low and high boundaries for computing mean and std.dev: (1, 514)
[M::mem_pestat] mean and std.dev: (258.71, 89.70)
[M::mem_pestat] low and high boundaries for proper pairs: (1, 619)
[M::mem_pestat] skip orientation FF
[M::mem_pestat] skip orientation RR
[M::mem_process_seqs] Processed 135100 reads in 19.314 CPU sec, 9.754 real sec
[M::process] read 134980 sequences (20000274 bp)...
[M::mem_pestat] # candidate unique pairs for (FF, FR, RF, RR): (40, 54728, 1, 39)
[M::mem_pestat] analyzing insert size distribution for orientation FF...
[M::mem_pestat] (25, 50, 75) percentile: (167, 218, 271)
[M::mem_pestat] low and high boundaries for computing mean and std.dev: (1, 479)
[M::mem_pestat] mean and std.dev: (228.30, 91.48)
[M::mem_pestat] low and high boundaries for proper pairs: (1, 594)
[M::mem_pestat] analyzing insert size distribution for orientation FR...
[M::mem_pestat] (25, 50, 75) percentile: (264, 319, 374)
[M::mem_pestat] low and high boundaries for computing mean and std.dev: (44, 594)
[M::mem_pestat] mean and std.dev: (320.05, 81.77)
[M::mem_pestat] low and high boundaries for proper pairs: (1, 704)
[M::mem_pestat] skip orientation RF as there are not enough pairs
[M::mem_pestat] analyzing insert size distribution for orientation RR...
[M::mem_pestat] (25, 50, 75) percentile: (178, 232, 327)
[M::mem_pestat] low and high boundaries for computing mean and std.dev: (1, 625)
[M::mem_pestat] mean and std.dev: (252.08, 110.76)
[M::mem_pestat] low and high boundaries for proper pairs: (1, 774)
[M::mem_pestat] skip orientation FF
[M::mem_pestat] skip orientation RR
[M::mem_process_seqs] Processed 135052 reads in 19.574 CPU sec, 9.887 real sec
[M::process] read 135042 sequences (20000229 bp)...
[M::mem_pestat] # candidate unique pairs for (FF, FR, RF, RR): (35, 54901, 1, 51)
[M::mem_pestat] analyzing insert size distribution for orientation FF...
[M::mem_pestat] (25, 50, 75) percentile: (195, 260, 297)
[M::mem_pestat] low and high boundaries for computing mean and std.dev: (1, 501)
[M::mem_pestat] mean and std.dev: (254.12, 81.62)
[M::mem_pestat] low and high boundaries for proper pairs: (1, 603)
[M::mem_pestat] analyzing insert size distribution for orientation FR...
[M::mem_pestat] (25, 50, 75) percentile: (263, 318, 374)
[M::mem_pestat] low and high boundaries for computing mean and std.dev: (41, 596)
[M::mem_pestat] mean and std.dev: (319.96, 81.82)
[M::mem_pestat] low and high boundaries for proper pairs: (1, 707)
[M::mem_pestat] skip orientation RF as there are not enough pairs
[M::mem_pestat] analyzing insert size distribution for orientation RR...
[M::mem_pestat] (25, 50, 75) percentile: (148, 210, 308)
[M::mem_pestat] low and high boundaries for computing mean and std.dev: (1, 628)
[M::mem_pestat] mean and std.dev: (206.96, 92.19)
[M::mem_pestat] low and high boundaries for proper pairs: (1, 788)
[M::mem_pestat] skip orientation FF
[M::mem_pestat] skip orientation RR
[M::mem_process_seqs] Processed 134980 reads in 19.488 CPU sec, 13.593 real sec
[M::process] read 135050 sequences (20000127 bp)...
[M::mem_pestat] # candidate unique pairs for (FF, FR, RF, RR): (21, 54870, 0, 25)
[M::mem_pestat] analyzing insert size distribution for orientation FF...
[M::mem_pestat] (25, 50, 75) percentile: (191, 253, 319)
[M::mem_pestat] low and high boundaries for computing mean and std.dev: (1, 575)
[M::mem_pestat] mean and std.dev: (257.48, 98.12)
[M::mem_pestat] low and high boundaries for proper pairs: (1, 703)
[M::mem_pestat] analyzing insert size distribution for orientation FR...
[M::mem_pestat] (25, 50, 75) percentile: (263, 319, 375)
[M::mem_pestat] low and high boundaries for computing mean and std.dev: (39, 599)
[M::mem_pestat] mean and std.dev: (320.26, 82.21)
[M::mem_pestat] low and high boundaries for proper pairs: (1, 711)
[M::mem_pestat] skip orientation RF as there are not enough pairs
[M::mem_pestat] analyzing insert size distribution for orientation RR...
[M::mem_pestat] (25, 50, 75) percentile: (189, 223, 336)
[M::mem_pestat] low and high boundaries for computing mean and std.dev: (1, 630)
[M::mem_pestat] mean and std.dev: (235.17, 94.57)
[M::mem_pestat] low and high boundaries for proper pairs: (1, 777)
[M::mem_pestat] skip orientation FF
[M::mem_pestat] skip orientation RR
[M::mem_process_seqs] Processed 135042 reads in 18.934 CPU sec, 9.563 real sec
[M::process] read 135130 sequences (20000016 bp)...
[M::mem_pestat] # candidate unique pairs for (FF, FR, RF, RR): (28, 54854, 2, 42)
[M::mem_pestat] analyzing insert size distribution for orientation FF...
[M::mem_pestat] (25, 50, 75) percentile: (153, 220, 318)
[M::mem_pestat] low and high boundaries for computing mean and std.dev: (1, 648)
[M::mem_pestat] mean and std.dev: (212.30, 92.36)
[M::mem_pestat] low and high boundaries for proper pairs: (1, 813)
[M::mem_pestat] analyzing insert size distribution for orientation FR...
[M::mem_pestat] (25, 50, 75) percentile: (264, 319, 376)
[M::mem_pestat] low and high boundaries for computing mean and std.dev: (40, 600)
[M::mem_pestat] mean and std.dev: (320.82, 82.34)
[M::mem_pestat] low and high boundaries for proper pairs: (1, 712)
[M::mem_pestat] skip orientation RF as there are not enough pairs
[M::mem_pestat] analyzing insert size distribution for orientation RR...
[M::mem_pestat] (25, 50, 75) percentile: (168, 211, 281)
[M::mem_pestat] low and high boundaries for computing mean and std.dev: (1, 507)
[M::mem_pestat] mean and std.dev: (223.60, 76.20)
[M::mem_pestat] low and high boundaries for proper pairs: (1, 620)
[M::mem_pestat] skip orientation FF
[M::mem_pestat] skip orientation RR
[M::mem_process_seqs] Processed 135050 reads in 18.878 CPU sec, 9.533 real sec
[M::process] read 135230 sequences (20000095 bp)...
[M::mem_pestat] # candidate unique pairs for (FF, FR, RF, RR): (38, 54986, 3, 27)
[M::mem_pestat] analyzing insert size distribution for orientation FF...
[M::mem_pestat] (25, 50, 75) percentile: (141, 210, 277)
[M::mem_pestat] low and high boundaries for computing mean and std.dev: (1, 549)
[M::mem_pestat] mean and std.dev: (219.45, 92.59)
[M::mem_pestat] low and high boundaries for proper pairs: (1, 685)
[M::mem_pestat] analyzing insert size distribution for orientation FR...
[M::mem_pestat] (25, 50, 75) percentile: (266, 320, 377)
[M::mem_pestat] low and high boundaries for computing mean and std.dev: (44, 599)
[M::mem_pestat] mean and std.dev: (322.20, 82.06)
[M::mem_pestat] low and high boundaries for proper pairs: (1, 710)
[M::mem_pestat] skip orientation RF as there are not enough pairs
[M::mem_pestat] analyzing insert size distribution for orientation RR...
[M::mem_pestat] (25, 50, 75) percentile: (209, 259, 303)
[M::mem_pestat] low and high boundaries for computing mean and std.dev: (21, 491)
[M::mem_pestat] mean and std.dev: (254.85, 74.81)
[M::mem_pestat] low and high boundaries for proper pairs: (1, 585)
[M::mem_pestat] skip orientation FF
[M::mem_pestat] skip orientation RR
[M::mem_process_seqs] Processed 135130 reads in 19.059 CPU sec, 9.626 real sec
[M::process] read 135316 sequences (20000018 bp)...
[M::mem_pestat] # candidate unique pairs for (FF, FR, RF, RR): (27, 54952, 1, 36)
[M::mem_pestat] analyzing insert size distribution for orientation FF...
[M::mem_pestat] (25, 50, 75) percentile: (174, 218, 296)
[M::mem_pestat] low and high boundaries for computing mean and std.dev: (1, 540)
[M::mem_pestat] mean and std.dev: (240.22, 105.59)
[M::mem_pestat] low and high boundaries for proper pairs: (1, 663)
[M::mem_pestat] analyzing insert size distribution for orientation FR...
[M::mem_pestat] (25, 50, 75) percentile: (266, 321, 376)
[M::mem_pestat] low and high boundaries for computing mean and std.dev: (46, 596)
[M::mem_pestat] mean and std.dev: (322.28, 81.59)
[M::mem_pestat] low and high boundaries for proper pairs: (1, 706)
[M::mem_pestat] skip orientation RF as there are not enough pairs
[M::mem_pestat] analyzing insert size distribution for orientation RR...
[M::mem_pestat] (25, 50, 75) percentile: (220, 269, 343)
[M::mem_pestat] low and high boundaries for computing mean and std.dev: (1, 589)
[M::mem_pestat] mean and std.dev: (255.59, 88.46)
[M::mem_pestat] low and high boundaries for proper pairs: (1, 712)
[M::mem_pestat] skip orientation FF
[M::mem_pestat] skip orientation RR
[M::mem_process_seqs] Processed 135230 reads in 18.709 CPU sec, 9.446 real sec
[M::process] read 135444 sequences (20000258 bp)...
[M::mem_pestat] # candidate unique pairs for (FF, FR, RF, RR): (33, 55140, 0, 26)
[M::mem_pestat] analyzing insert size distribution for orientation FF...
[M::mem_pestat] (25, 50, 75) percentile: (208, 270, 329)
[M::mem_pestat] low and high boundaries for computing mean and std.dev: (1, 571)
[M::mem_pestat] mean and std.dev: (262.28, 79.29)
[M::mem_pestat] low and high boundaries for proper pairs: (1, 692)
[M::mem_pestat] analyzing insert size distribution for orientation FR...
[M::mem_pestat] (25, 50, 75) percentile: (267, 321, 377)
[M::mem_pestat] low and high boundaries for computing mean and std.dev: (47, 597)
[M::mem_pestat] mean and std.dev: (323.06, 81.51)
[M::mem_pestat] low and high boundaries for proper pairs: (1, 707)
[M::mem_pestat] skip orientation RF as there are not enough pairs
[M::mem_pestat] analyzing insert size distribution for orientation RR...
[M::mem_pestat] (25, 50, 75) percentile: (154, 216, 280)
[M::mem_pestat] low and high boundaries for computing mean and std.dev: (1, 532)
[M::mem_pestat] mean and std.dev: (216.42, 88.40)
[M::mem_pestat] low and high boundaries for proper pairs: (1, 658)
[M::mem_pestat] skip orientation FF
[M::mem_pestat] skip orientation RR
[M::mem_process_seqs] Processed 135316 reads in 19.072 CPU sec, 9.631 real sec
[M::process] read 135584 sequences (20000131 bp)...
[M::mem_pestat] # candidate unique pairs for (FF, FR, RF, RR): (33, 55263, 1, 31)
[M::mem_pestat] analyzing insert size distribution for orientation FF...
[M::mem_pestat] (25, 50, 75) percentile: (181, 233, 288)
[M::mem_pestat] low and high boundaries for computing mean and std.dev: (1, 502)
[M::mem_pestat] mean and std.dev: (239.50, 84.63)
[M::mem_pestat] low and high boundaries for proper pairs: (1, 609)
[M::mem_pestat] analyzing insert size distribution for orientation FR...
[M::mem_pestat] (25, 50, 75) percentile: (267, 321, 376)
[M::mem_pestat] low and high boundaries for computing mean and std.dev: (49, 594)
[M::mem_pestat] mean and std.dev: (322.48, 80.84)
[M::mem_pestat] low and high boundaries for proper pairs: (1, 703)
[M::mem_pestat] skip orientation RF as there are not enough pairs
[M::mem_pestat] analyzing insert size distribution for orientation RR...
[M::mem_pestat] (25, 50, 75) percentile: (192, 236, 299)
[M::mem_pestat] low and high boundaries for computing mean and std.dev: (1, 513)
[M::mem_pestat] mean and std.dev: (233.74, 77.99)
[M::mem_pestat] low and high boundaries for proper pairs: (1, 620)
[M::mem_pestat] skip orientation FF
[M::mem_pestat] skip orientation RR
[M::mem_process_seqs] Processed 135444 reads in 18.874 CPU sec, 9.535 real sec
[M::process] read 135820 sequences (20000245 bp)...
[M::mem_pestat] # candidate unique pairs for (FF, FR, RF, RR): (30, 55348, 1, 51)
[M::mem_pestat] analyzing insert size distribution for orientation FF...
[M::mem_pestat] (25, 50, 75) percentile: (165, 221, 294)
[M::mem_pestat] low and high boundaries for computing mean and std.dev: (1, 552)
[M::mem_pestat] mean and std.dev: (233.97, 76.96)
[M::mem_pestat] low and high boundaries for proper pairs: (1, 681)
[M::mem_pestat] analyzing insert size distribution for orientation FR...
[M::mem_pestat] (25, 50, 75) percentile: (267, 322, 377)
[M::mem_pestat] low and high boundaries for computing mean and std.dev: (47, 597)
[M::mem_pestat] mean and std.dev: (323.00, 80.75)
[M::mem_pestat] low and high boundaries for proper pairs: (1, 707)
[M::mem_pestat] skip orientation RF as there are not enough pairs
[M::mem_pestat] analyzing insert size distribution for orientation RR...
[M::mem_pestat] (25, 50, 75) percentile: (168, 245, 311)
[M::mem_pestat] low and high boundaries for computing mean and std.dev: (1, 597)
[M::mem_pestat] mean and std.dev: (242.06, 88.30)
[M::mem_pestat] low and high boundaries for proper pairs: (1, 740)
[M::mem_pestat] skip orientation FF
[M::mem_pestat] skip orientation RR
[M::mem_process_seqs] Processed 135584 reads in 19.145 CPU sec, 9.665 real sec
[M::process] read 135940 sequences (20000151 bp)...
[M::mem_pestat] # candidate unique pairs for (FF, FR, RF, RR): (35, 55420, 1, 46)
[M::mem_pestat] analyzing insert size distribution for orientation FF...
[M::mem_pestat] (25, 50, 75) percentile: (215, 275, 337)
[M::mem_pestat] low and high boundaries for computing mean and std.dev: (1, 581)
[M::mem_pestat] mean and std.dev: (250.31, 84.06)
[M::mem_pestat] low and high boundaries for proper pairs: (1, 703)
[M::mem_pestat] analyzing insert size distribution for orientation FR...
[M::mem_pestat] (25, 50, 75) percentile: (268, 321, 376)
[M::mem_pestat] low and high boundaries for computing mean and std.dev: (52, 592)
[M::mem_pestat] mean and std.dev: (322.90, 80.85)
[M::mem_pestat] low and high boundaries for proper pairs: (1, 700)
[M::mem_pestat] skip orientation RF as there are not enough pairs
[M::mem_pestat] analyzing insert size distribution for orientation RR...
[M::mem_pestat] (25, 50, 75) percentile: (192, 225, 288)
[M::mem_pestat] low and high boundaries for computing mean and std.dev: (1, 480)
[M::mem_pestat] mean and std.dev: (240.51, 77.04)
[M::mem_pestat] low and high boundaries for proper pairs: (1, 576)
[M::mem_pestat] skip orientation FF
[M::mem_pestat] skip orientation RR
[M::mem_process_seqs] Processed 135820 reads in 19.156 CPU sec, 9.671 real sec
[M::process] read 40568 sequences (5963638 bp)...
[M::mem_pestat] # candidate unique pairs for (FF, FR, RF, RR): (46, 55347, 0, 42)
[M::mem_pestat] analyzing insert size distribution for orientation FF...
[M::mem_pestat] (25, 50, 75) percentile: (206, 274, 325)
[M::mem_pestat] low and high boundaries for computing mean and std.dev: (1, 563)
[M::mem_pestat] mean and std.dev: (264.76, 89.03)
[M::mem_pestat] low and high boundaries for proper pairs: (1, 682)
[M::mem_pestat] analyzing insert size distribution for orientation FR...
[M::mem_pestat] (25, 50, 75) percentile: (266, 320, 375)
[M::mem_pestat] low and high boundaries for computing mean and std.dev: (48, 593)
[M::mem_pestat] mean and std.dev: (321.69, 80.31)
[M::mem_pestat] low and high boundaries for proper pairs: (1, 702)
[M::mem_pestat] skip orientation RF as there are not enough pairs
[M::mem_pestat] analyzing insert size distribution for orientation RR...
[M::mem_pestat] (25, 50, 75) percentile: (223, 252, 322)
[M::mem_pestat] low and high boundaries for computing mean and std.dev: (25, 520)
[M::mem_pestat] mean and std.dev: (266.14, 88.08)
[M::mem_pestat] low and high boundaries for proper pairs: (1, 619)
[M::mem_pestat] skip orientation FF
[M::mem_pestat] skip orientation RR
[M::mem_process_seqs] Processed 135940 reads in 19.734 CPU sec, 9.968 real sec
[M::mem_pestat] # candidate unique pairs for (FF, FR, RF, RR): (9, 16510, 0, 9)
[M::mem_pestat] skip orientation FF as there are not enough pairs
[M::mem_pestat] analyzing insert size distribution for orientation FR...
[M::mem_pestat] (25, 50, 75) percentile: (266, 319, 375)
[M::mem_pestat] low and high boundaries for computing mean and std.dev: (48, 593)
[M::mem_pestat] mean and std.dev: (321.38, 80.63)
[M::mem_pestat] low and high boundaries for proper pairs: (1, 702)
[M::mem_pestat] skip orientation RF as there are not enough pairs
[M::mem_pestat] skip orientation RR as there are not enough pairs
[M::mem_process_seqs] Processed 40568 reads in 5.778 CPU sec, 2.949 real sec
[main] Version: 0.7.19-r1273
[main] CMD: bwa mem -t 2 analyses/03_polishing/pilon_output/draft_assembly.fasta data/trimmed_data/chromosome_3/chr3_R1_paired.fastq.gz data/trimmed_data/chromosome_3/chr3_R2_paired.fastq.gz
[main] Real time: 3029.149 sec; CPU: 5921.894 sec
[bam_sort_core] merging from 10 files and 2 in-memory blocks...
Pilon version 1.24 Thu Jan 28 13:00:45 2021 -0500
Genome: analyses/03_polishing/pilon_output/draft_assembly.fasta
Fixing snps, indels, gaps, local
Input genome size: 17180756
Scanning BAMs
analyses/03_polishing/pilon_output/chr3_aligned.bam: 41589054 reads, 0 filtered, 41443086 mapped, 40781422 proper, 593126 stray, FR 100% 320+/-87, max 596
Processing contig_1:1-38933
frags analyses/03_polishing/pilon_output/chr3_aligned.bam: coverage 237
Total Reads: 76268, Coverage: 237, minDepth: 24
Confirmed 31088 of 38933 bases (79.85%)
Corrected 324 snps; 1 ambiguous bases; corrected 140 small insertions totaling 158 bases, 90 small deletions totaling 153 bases
# Attempting to fix local continuity breaks
fix break: contig_1:15758-15764 15591 -122 +124 BreakFix
# fix break: contig_1:23015-23259 0 -0 +0 NoSolution
fix break: contig_1:23601-23608 23381 -379 +383 BreakFix
# fix break: contig_1:24446-24513 0 -0 +0 NoSolution
# fix break: contig_1:24753-24762 0 -0 +0 NoSolution
# fix break: contig_1:25306 0 -0 +0 NoSolution
# fix break: contig_1:25975 0 -0 +0 NoSolution
fix break: contig_1:26183 25976 -475 +471 BreakFix
# fix break: contig_1:26452-26810 0 -0 +0 NoSolution
# fix break: contig_1:27718-27729 0 -0 +0 NoSolution
fix break: contig_1:31598 31459 -374 +372 BreakFix
# fix break: contig_1:32651-32659 0 -0 +0 NoSolution
fix break: contig_1:33265-33399 33062 -588 +537 BreakFix
fix break: contig_1:33791-33928 33565 -501 +496 BreakFix
# fix break: contig_1:35016-35022 0 -0 +0 NoSolution
# fix break: contig_1:35295-35346 0 -0 +0 NoSolution
# fix break: contig_1:36509-36515 0 -0 +0 NoSolution
# fix break: contig_1:37330-37441 0 -0 +0 NoSolution
# fix break: contig_1:37712 0 -0 +0 NoSolution
# fix break: contig_1:38067 0 -0 +0 NoSolution
contig_1:1-38933 log:
Finished processing contig_1:1-38933
Processing contig_100:1-51504
frags analyses/03_polishing/pilon_output/chr3_aligned.bam: coverage 151
Total Reads: 64660, Coverage: 151, minDepth: 15
Confirmed 41526 of 51504 bases (80.63%)
Corrected 716 snps; 2 ambiguous bases; corrected 214 small insertions totaling 246 bases, 153 small deletions totaling 200 bases
# Attempting to fix local continuity breaks
# fix break: contig_100:919-1588 0 -0 +0 NoSolution
# fix break: contig_100:2015 0 -0 +0 NoSolution
fix break: contig_100:2338-2445 2103 -586 +583 BreakFix
# fix break: contig_100:2765-2779 0 -0 +0 NoSolution
fix break: contig_100:3408-3433 3328 -376 +383 BreakFix
# fix break: contig_100:4137-4398 0 -0 +0 NoSolution
fix break: contig_100:4826-5205 4764 -675 +677 BreakFix
# fix break: contig_100:5533-5540 0 -0 +0 NoSolution
# fix break: contig_100:6287-6321 0 -0 +0 NoSolution
# fix break: contig_100:7002-7003 0 -0 +0 NoSolution
# fix break: contig_100:8046-8705 0 -0 +0 NoSolution
fix break: contig_100:8937-8963 8666 -425 +428 BreakFix
# fix break: contig_100:9715-9767 0 -0 +0 NoSolution
# fix break: contig_100:10298-11159 0 -0 +0 NoSolution
# fix break: contig_100:11517-11540 0 -0 +0 NoSolution
# fix break: contig_100:11749-11804 0 -0 +0 NoSolution
# fix break: contig_100:12225-12321 0 -0 +0 NoSolution
# fix break: contig_100:12588-12625 0 -0 +0 NoSolution
# fix break: contig_100:13119 0 -0 +0 NoSolution
# fix break: contig_100:14007-14137 0 -0 +0 NoSolution
# fix break: contig_100:14916-14953 0 -0 +0 NoSolution
fix break: contig_100:15730-16021 15495 -732 +724 BreakFix
fix break: contig_100:16916 16672 -422 +428 BreakFix
fix break: contig_100:17966-17976 17706 -315 +314 BreakFix
# fix break: contig_100:18442 0 -0 +0 NoSolution
# fix break: contig_100:18733-19083 0 -0 +0 NoSolution
# fix break: contig_100:19418-19437 0 -0 +0 NoSolution
fix break: contig_100:19776-19926 19543 -567 +566 BreakFix
# fix break: contig_100:21735-21738 0 -0 +0 NoSolution
fix break: contig_100:23818-23822 23640 -399 +403 BreakFix
# fix break: contig_100:24356-24425 0 -0 +0 NoSolution
# fix break: contig_100:24935-28851 0 -0 +0 NoSolution
# fix break: contig_100:29116-29173 0 -0 +0 NoSolution
fix break: contig_100:29640-29687 29433 -261 +261 BreakFix
# fix break: contig_100:30148-30356 0 -0 +0 NoSolution
# fix break: contig_100:30770-30808 0 -0 +0 NoSolution
fix break: contig_100:31171-31216 31025 -456 +459 BreakFix
# fix break: contig_100:31419-31721 0 -0 +0 NoSolution
fix break: contig_100:32880-32935 32644 -429 +432 BreakFix
# fix break: contig_100:35134-35172 0 -0 +0 NoSolution
# fix break: contig_100:35596-36069 0 -0 +0 NoSolution
# fix break: contig_100:37281-37565 0 -0 +0 NoSolution
# fix break: contig_100:37925-38937 0 -0 +0 NoSolution
# fix break: contig_100:39569-40886 0 -0 +0 NoSolution
# fix break: contig_100:41323-42257 0 -0 +0 NoSolution
# fix break: contig_100:42485-42793 0 -0 +0 NoSolution
# fix break: contig_100:43238-43446 0 -0 +0 NoSolution
fix break: contig_100:45971-46044 45869 -124 +126 BreakFix
fix break: contig_100:49017-49212 48750 -530 +527 BreakFix
fix break: contig_100:50020-50238 49832 -495 +498 BreakFix
# fix break: contig_100:50536-50735 0 -0 +0 NoSolution
contig_100:1-51504 log:
Finished processing contig_100:1-51504
Processing contig_103:1-3045
frags analyses/03_polishing/pilon_output/chr3_aligned.bam: coverage 183
Total Reads: 4419, Coverage: 183, minDepth: 18
Confirmed 2965 of 3045 bases (97.37%)
Corrected 0 snps; 0 ambiguous bases; corrected 2 small insertions totaling 2 bases, 0 small deletions totaling 0 bases
contig_103:1-3045 log:
Finished processing contig_103:1-3045
Processing contig_104:1-229580
frags analyses/03_polishing/pilon_output/chr3_aligned.bam: coverage 274
Total Reads: 508684, Coverage: 274, minDepth: 27
Confirmed 208194 of 229580 bases (90.68%)
Corrected 861 snps; 9 ambiguous bases; corrected 461 small insertions totaling 532 bases, 241 small deletions totaling 318 bases
# Attempting to fix local continuity breaks
# fix break: contig_104:1668-2078 0 -0 +0 NoSolution
# fix break: contig_104:2769-2792 0 -0 +0 NoSolution
# fix break: contig_104:3243-3379 0 -0 +0 NoSolution
fix break: contig_104:4002-4015 3741 -477 +470 BreakFix
fix break: contig_104:5997-6002 5972 -302 +301 BreakFix
# fix break: contig_104:6380-6480 0 -0 +0 NoSolution
# fix break: contig_104:7654-7687 0 -0 +0 NoSolution
# fix break: contig_104:7947-7951 0 -0 +0 NoSolution
# fix break: contig_104:8727-8737 0 -0 +0 NoSolution
# fix break: contig_104:9443-9808 0 -0 +0 NoSolution
# fix break: contig_104:10893-10932 0 -0 +0 NoSolution
# fix break: contig_104:11869-11885 0 -0 +0 NoSolution
# fix break: contig_104:13100-13138 0 -0 +0 NoSolution
# fix break: contig_104:13630-13793 0 -0 +0 NoSolution
# fix break: contig_104:14249 0 -0 +0 NoSolution
# fix break: contig_104:14605 0 -0 +0 NoSolution
# fix break: contig_104:15822-15886 0 -0 +0 NoSolution
# fix break: contig_104:29010 0 -0 +0 NoSolution
# fix break: contig_104:39442-39471 0 -0 +0 NoSolution TandemRepeat 23
# fix break: contig_104:50808-50820 0 -0 +0 NoSolution TandemRepeat 108
# fix break: contig_104:51958-51975 0 -0 +0 NoSolution TandemRepeat 33
# fix break: contig_104:52457-52568 0 -0 +0 NoSolution TandemRepeat 33
# fix break: contig_104:57187-57189 0 -0 +0 NoSolution
fix break: contig_104:58700-58794 58549 -440 +459 BreakFix
# fix break: contig_104:59393-59404 0 -0 +0 NoSolution
# fix break: contig_104:71279-71280 0 -0 +0 NoSolution
# fix break: contig_104:93835-93859 0 -0 +0 NoSolution
# fix break: contig_104:94376-94401 0 -0 +0 NoSolution
# fix break: contig_104:94908-94936 0 -0 +0 NoSolution
# fix break: contig_104:95451-95478 0 -0 +0 NoSolution
# fix break: contig_104:106303-106315 0 -0 +0 NoSolution
# fix break: contig_104:115779-115795 0 -0 +0 NoSolution
# fix break: contig_104:128740 0 -0 +0 NoSolution
# fix break: contig_104:129162-129412 0 -0 +0 NoSolution TandemRepeat 30
fix break: contig_104:130451 130369 -230 +228 BreakFix
fix break: contig_104:134626 134626 -190 +190 BreakFix
# fix break: contig_104:137831-137839 0 -0 +0 NoSolution
# fix break: contig_104:139475-139489 0 -0 +0 NoSolution
fix break: contig_104:139696-139727 139475 -364 +362 BreakFix
# fix break: contig_104:144763-144936 0 -0 +0 NoSolution
# fix break: contig_104:145628-152070 0 -0 +0 NoSolution
# fix break: contig_104:152421-152424 0 -0 +0 NoSolution
fix break: contig_104:152835-152991 152589 -387 +392 BreakFix
fix break: contig_104:155428-157097 155603 -1663 +331 BreakFix
# fix break: contig_104:158680-158700 0 -0 +0 NoSolution
# fix break: contig_104:159060-159106 0 -0 +0 NoSolution
# fix break: contig_104:159347-159515 0 -0 +0 NoSolution
# fix break: contig_104:162247-162351 0 -0 +0 NoSolution
# fix break: contig_104:163268-163274 0 -0 +0 NoSolution
# fix break: contig_104:163558-163561 0 -0 +0 NoSolution
# fix break: contig_104:164026 0 -0 +0 NoSolution
# fix break: contig_104:166896-167210 0 -0 +0 NoSolution
fix break: contig_104:168024-168297 168275 -296 +297 BreakFix
# fix break: contig_104:169574-169829 0 -0 +0 NoSolution
# fix break: contig_104:170100-170248 0 -0 +0 NoSolution
# fix break: contig_104:170500-171923 0 -0 +0 NoSolution
# fix break: contig_104:172518-172674 0 -0 +0 NoSolution
# fix break: contig_104:173533-173569 0 -0 +0 NoSolution
# fix break: contig_104:173877-173888 0 -0 +0 NoSolution
fix break: contig_104:174106-174139 173839 -402 +397 BreakFix
# fix break: contig_104:175107 0 -0 +0 NoSolution
# fix break: contig_104:175326-175327 0 -0 +0 NoSolution
# fix break: contig_104:175841-175844 0 -0 +0 NoSolution
fix break: contig_104:177971-178151 177874 -179 +177 BreakFix
# fix break: contig_104:179046-179456 0 -0 +0 NoSolution
# fix break: contig_104:181530-181587 0 -0 +0 NoSolution
# fix break: contig_104:182598-182599 0 -0 +0 NoSolution
# fix break: contig_104:183076-183146 0 -0 +0 NoSolution
# fix break: contig_104:183701-184616 0 -0 +0 NoSolution
# fix break: contig_104:185588-185745 0 -0 +0 NoSolution
fix break: contig_104:186268-186311 186206 -113 +121 BreakFix
# fix break: contig_104:186745-186792 0 -0 +0 NoSolution
# fix break: contig_104:188490-188523 0 -0 +0 NoSolution
# fix break: contig_104:189760-189940 0 -0 +0 NoSolution
# fix break: contig_104:190152-190243 0 -0 +0 NoSolution
# fix break: contig_104:190753-191023 0 -0 +0 NoSolution
# fix break: contig_104:191251-191490 0 -0 +0 NoSolution
fix break: contig_104:191784-191887 191581 -496 +497 BreakFix
# fix break: contig_104:193176-193359 0 -0 +0 NoSolution
# fix break: contig_104:193891-193927 0 -0 +0 NoSolution
# fix break: contig_104:194651-194668 0 -0 +0 NoSolution
# fix break: contig_104:195679-195702 0 -0 +0 NoSolution
# fix break: contig_104:196592-196803 0 -0 +0 NoSolution
# fix break: contig_104:197544-197575 0 -0 +0 NoSolution
# fix break: contig_104:197787-197809 0 -0 +0 NoSolution
# fix break: contig_104:198038-198335 0 -0 +0 NoSolution
# fix break: contig_104:198910-198944 0 -0 +0 NoSolution
# fix break: contig_104:199195-200110 0 -0 +0 NoSolution
# fix break: contig_104:204137-204243 0 -0 +0 NoSolution
# fix break: contig_104:205918-206562 0 -0 +0 NoSolution
# fix break: contig_104:206945-207377 0 -0 +0 NoSolution
# fix break: contig_104:208600-208638 0 -0 +0 NoSolution
# fix break: contig_104:209584-209616 0 -0 +0 NoSolution
# fix break: contig_104:211822-211845 0 -0 +0 NoSolution
# fix break: contig_104:213005-213148 0 -0 +0 NoSolution
# fix break: contig_104:213386-213755 0 -0 +0 NoSolution
# fix break: contig_104:214219-214831 0 -0 +0 NoSolution
# fix break: contig_104:215088-215148 0 -0 +0 NoSolution
# fix break: contig_104:215396-215414 0 -0 +0 NoSolution
# fix break: contig_104:216002-216171 0 -0 +0 NoSolution
# fix break: contig_104:217191-217234 0 -0 +0 NoSolution
# fix break: contig_104:219431-219470 0 -0 +0 NoSolution
# fix break: contig_104:220503-220584 0 -0 +0 NoSolution
fix break: contig_104:221139-221202 221139 -64 +62 BreakFix
fix break: contig_104:221718-222191 221589 -594 +597 BreakFix
# fix break: contig_104:222523-222662 0 -0 +0 NoSolution
# fix break: contig_104:223257-223287 0 -0 +0 NoSolution
# fix break: contig_104:223521-223825 0 -0 +0 NoSolution
# fix break: contig_104:224337-224366 0 -0 +0 NoSolution
# fix break: contig_104:224803-224842 0 -0 +0 NoSolution
# fix break: contig_104:227040-227068 0 -0 +0 NoSolution
# fix break: contig_104:227858-227878 0 -0 +0 NoSolution
# fix break: contig_104:228221-228293 0 -0 +0 NoSolution
fix break: contig_104:228710-228809 228501 -539 +538 BreakFix
contig_104:1-229580 log:
Finished processing contig_104:1-229580
Processing contig_110:1-38206
frags analyses/03_polishing/pilon_output/chr3_aligned.bam: coverage 135
Total Reads: 45993, Coverage: 135, minDepth: 14
Confirmed 26310 of 38206 bases (68.86%)
Corrected 856 snps; 2 ambiguous bases; corrected 259 small insertions totaling 286 bases, 173 small deletions totaling 196 bases
Large collapsed region: contig_110:19493-33024 size 13532
# Attempting to fix local continuity breaks
# fix break: contig_110:585-1082 0 -0 +0 NoSolution
fix break: contig_110:1853-1907 1824 -312 +314 BreakFix
# fix break: contig_110:3887 0 -0 +0 NoSolution
# fix break: contig_110:4339-4364 0 -0 +0 NoSolution
# fix break: contig_110:4611-4806 0 -0 +0 NoSolution
# fix break: contig_110:5151-5202 0 -0 +0 NoSolution
# fix break: contig_110:6546-10288 0 -0 +0 NoSolution
# fix break: contig_110:10493-15801 0 -0 +0 NoSolution
# fix break: contig_110:16044-18007 0 -0 +0 NoSolution
# fix break: contig_110:18438-18924 0 -0 +0 NoSolution
# fix break: contig_110:19134-19456 0 -0 +0 NoSolution
# fix break: contig_110:19810-19830 0 -0 +0 NoSolution
# fix break: contig_110:20196-20308 0 -0 +0 NoSolution
# fix break: contig_110:20682-20726 0 -0 +0 NoSolution
# fix break: contig_110:21012-21150 0 -0 +0 NoSolution
# fix break: contig_110:21673-21906 0 -0 +0 NoSolution
# fix break: contig_110:22335-22347 0 -0 +0 NoSolution
# fix break: contig_110:23011-23279 0 -0 +0 NoSolution
# fix break: contig_110:23660-23792 0 -0 +0 NoSolution
# fix break: contig_110:25001-25075 0 -0 +0 NoSolution
# fix break: contig_110:27199-27375 0 -0 +0 NoSolution
# fix break: contig_110:27759-29381 0 -0 +0 NoSolution
# fix break: contig_110:29956-30166 0 -0 +0 NoSolution
# fix break: contig_110:31223-31238 0 -0 +0 NoSolution
# fix break: contig_110:31561-31750 0 -0 +0 NoSolution
fix break: contig_110:32229-32746 32069 -678 +683 BreakFix
# fix break: contig_110:33167-34601 0 -0 +0 NoSolution
# fix break: contig_110:34886-35371 0 -0 +0 NoSolution
# fix break: contig_110:35740-35788 0 -0 +0 NoSolution
# fix break: contig_110:36485-36578 0 -0 +0 NoSolution
contig_110:1-38206 log:
Finished processing contig_110:1-38206
Processing contig_113:1-1854480
frags analyses/03_polishing/pilon_output/chr3_aligned.bam: coverage 302
Total Reads: 4552068, Coverage: 302, minDepth: 30
Confirmed 1736162 of 1854480 bases (93.62%)
Corrected 14511 snps; 61 ambiguous bases; corrected 6927 small insertions totaling 7703 bases, 3492 small deletions totaling 4068 bases
Large collapsed region: contig_113:215969-227353 size 11385
Large collapsed region: contig_113:1406565-1419023 size 12459
Large collapsed region: contig_113:1684285-1694402 size 10118
# Attempting to fix local continuity breaks
# fix break: contig_113:22847-32407 0 -0 +0 NoSolution
# fix break: contig_113:32668-38884 0 -0 +0 NoSolution
# fix break: contig_113:39151-40332 0 -0 +0 NoSolution
# fix break: contig_113:40676-40715 0 -0 +0 NoSolution
# fix break: contig_113:40926-43294 0 -0 +0 NoSolution
# fix break: contig_113:44175-45437 0 -0 +0 NoSolution
# fix break: contig_113:45795-48975 0 -0 +0 NoSolution
# fix break: contig_113:49546-49564 0 -0 +0 NoSolution
# fix break: contig_113:50116-50576 0 -0 +0 NoSolution TandemRepeat 185
# fix break: contig_113:50810-50818 0 -0 +0 NoSolution TandemRepeat 185
fix break: contig_113:51610-51621 51372 -491 +497 BreakFix
# fix break: contig_113:52010-52658 0 -0 +0 NoSolution
fix break: contig_113:56857 56631 -500 +502 BreakFix
# fix break: contig_113:57128 0 -0 +0 NoSolution
# fix break: contig_113:58426 0 -0 +0 NoSolution
# fix break: contig_113:59156-59213 0 -0 +0 NoSolution
fix break: contig_113:67521-67534 67338 -390 +387 BreakFix
# fix break: contig_113:68079-68268 0 -0 +0 NoSolution
fix break: contig_113:68580-68611 68348 -509 +510 BreakFix
fix break: contig_113:69177-69196 68968 -488 +484 BreakFix
# fix break: contig_113:69733-69755 0 -0 +0 NoSolution
# fix break: contig_113:70911-70927 0 -0 +0 NoSolution
fix break: contig_113:72262-72503 71991 -768 +769 BreakFix
# fix break: contig_113:72936-72950 0 -0 +0 NoSolution
# fix break: contig_113:74072 0 -0 +0 NoSolution TandemRepeat 62
# fix break: contig_113:76826 0 -0 +0 NoSolution
# fix break: contig_113:80050-80167 0 -0 +0 NoSolution
# fix break: contig_113:80568-80587 0 -0 +0 NoSolution
# fix break: contig_113:81326-81396 0 -0 +0 NoSolution
fix break: contig_113:81755-81898 81681 -326 +323 BreakFix
# fix break: contig_113:82162-82549 0 -0 +0 NoSolution
fix break: contig_113:83994-83999 83803 -447 +451 BreakFix
# fix break: contig_113:85036-85064 0 -0 +0 NoSolution
fix break: contig_113:85916-85935 85665 -516 +522 BreakFix
fix break: contig_113:86529-86731 86313 -609 +610 BreakFix
fix break: contig_113:87651-87656 87389 -452 +451 BreakFix
# fix break: contig_113:88058-88102 0 -0 +0 NoSolution
# fix break: contig_113:88468 0 -0 +0 NoSolution
# fix break: contig_113:88762-88935 0 -0 +0 NoSolution
# fix break: contig_113:89308-89316 0 -0 +0 NoSolution
# fix break: contig_113:89874-89981 0 -0 +0 NoSolution
# fix break: contig_113:90800-90855 0 -0 +0 NoSolution
# fix break: contig_113:91642 0 -0 +0 NoSolution
# fix break: contig_113:92413-93533 0 -0 +0 NoSolution
# fix break: contig_113:93786-95034 0 -0 +0 NoSolution
fix break: contig_113:95250-95800 95014 -993 +996 BreakFix
# fix break: contig_113:96130-98784 0 -0 +0 NoSolution
# fix break: contig_113:99208-99748 0 -0 +0 NoSolution
# fix break: contig_113:100603-100618 0 -0 +0 NoSolution
# fix break: contig_113:100877-101303 0 -0 +0 NoSolution
# fix break: contig_113:101576-101678 0 -0 +0 NoSolution
# fix break: contig_113:101885-102529 0 -0 +0 NoSolution
# fix break: contig_113:103102-103207 0 -0 +0 NoSolution
# fix break: contig_113:117188-117190 0 -0 +0 NoSolution TandemRepeat 25
# fix break: contig_113:118042-118060 0 -0 +0 NoSolution TandemRepeat 25
fix break: contig_113:120228-120313 119988 -598 +598 BreakFix
fix break: contig_113:121774 121507 -440 +441 BreakFix
fix break: contig_113:122040 121774 -364 +362 BreakFix
# fix break: contig_113:122927-122935 0 -0 +0 NoSolution
# fix break: contig_113:125622 0 -0 +0 NoSolution
fix break: contig_113:127217 126982 -354 +354 BreakFix
# fix break: contig_113:130147-130159 0 -0 +0 NoSolution
# fix break: contig_113:136364-136410 0 -0 +0 NoSolution
# fix break: contig_113:136803 0 -0 +0 NoSolution
fix break: contig_113:138541 138319 -420 +426 BreakFix
fix break: contig_113:139139 138946 -398 +399 BreakFix
# fix break: contig_113:139797-139800 0 -0 +0 NoSolution
# fix break: contig_113:143234-143240 0 -0 +0 NoSolution
# fix break: contig_113:144550 0 -0 +0 NoSolution
# fix break: contig_113:146127-146188 0 -0 +0 NoSolution
# fix break: contig_113:147377-147456 0 -0 +0 NoSolution TandemRepeat 2
# fix break: contig_113:147780-147792 0 -0 +0 NoSolution TandemRepeat 2
# fix break: contig_113:150673-150683 0 -0 +0 NoSolution
# fix break: contig_113:155768-155981 0 -0 +0 NoSolution TandemRepeat 48
# fix break: contig_113:165777-165820 0 -0 +0 NoSolution
# fix break: contig_113:166545-166683 0 -0 +0 NoSolution TandemRepeat 2
# fix break: contig_113:170992-170996 0 -0 +0 NoSolution TandemRepeat 17
# fix break: contig_113:172217 0 -0 +0 NoSolution
# fix break: contig_113:177747-177819 0 -0 +0 NoSolution TandemRepeat 2
fix break: contig_113:181918-181928 181764 -165 +168 BreakFix
fix break: contig_113:187156-187159 186970 -393 +394 BreakFix
# fix break: contig_113:187481-187490 0 -0 +0 NoSolution
# fix break: contig_113:187754-187787 0 -0 +0 NoSolution
fix break: contig_113:189040-189298 188968 -596 +603 BreakFix
# fix break: contig_113:189512-190004 0 -0 +0 NoSolution
fix break: contig_113:191317-191325 191090 -479 +476 BreakFix
fix break: contig_113:192951-192953 192714 -269 +270 BreakFix
fix break: contig_113:193876-193877 193779 -202 +202 BreakFix
fix break: contig_113:194144-194155 193919 -354 +354 BreakFix
# fix break: contig_113:194445-194466 0 -0 +0 NoSolution
# fix break: contig_113:195582-195587 0 -0 +0 NoSolution
# fix break: contig_113:196889-196892 0 -0 +0 NoSolution
fix break: contig_113:197132-197135 196872 -461 +461 BreakFix
fix break: contig_113:198883-199181 198935 -454 +457 BreakFix
# fix break: contig_113:199608-199809 0 -0 +0 NoSolution
# fix break: contig_113:200280-200729 0 -0 +0 NoSolution
# fix break: contig_113:201191-201387 0 -0 +0 NoSolution
# fix break: contig_113:201625-201633 0 -0 +0 NoSolution
fix break: contig_113:202066 201867 -373 +375 BreakFix
fix break: contig_113:202439-202455 202172 -507 +512 BreakFix
fix break: contig_113:205003-205024 204859 -349 +352 BreakFix
fix break: contig_113:205365-205367 205132 -191 +191 BreakFix
# fix break: contig_113:206209-206214 0 -0 +0 NoSolution
# fix break: contig_113:206494-206551 0 -0 +0 NoSolution
# fix break: contig_113:206889-206899 0 -0 +0 NoSolution
# fix break: contig_113:207113-207122 0 -0 +0 NoSolution
# fix break: contig_113:209822 0 -0 +0 NoSolution
# fix break: contig_113:210392-210564 0 -0 +0 NoSolution
# fix break: contig_113:211097-211099 0 -0 +0 NoSolution
# fix break: contig_113:211537-211552 0 -0 +0 NoSolution
# fix break: contig_113:212190-212539 0 -0 +0 NoSolution
# fix break: contig_113:213654 0 -0 +0 NoSolution
# fix break: contig_113:214335-214339 0 -0 +0 NoSolution
fix break: contig_113:214681-214857 214464 -398 +400 BreakFix
# fix break: contig_113:216195-216196 0 -0 +0 NoSolution
fix break: contig_113:216755-216766 216507 -257 +257 BreakFix
# fix break: contig_113:217299-217806 0 -0 +0 NoSolution
# fix break: contig_113:218085-218152 0 -0 +0 NoSolution
# fix break: contig_113:218488-219115 0 -0 +0 NoSolution
fix break: contig_113:219555-220787 219393 -1638 +1645 BreakFix
# fix break: contig_113:221447-221455 0 -0 +0 NoSolution
fix break: contig_113:222568 222368 -415 +416 BreakFix
# fix break: contig_113:223299-223341 0 -0 +0 NoSolution TandemRepeat 577
# fix break: contig_113:223823-223859 0 -0 +0 NoSolution
# fix break: contig_113:224232-224350 0 -0 +0 NoSolution
fix break: contig_113:224949-225263 224730 -722 +728 BreakFix
# fix break: contig_113:225989-226506 0 -0 +0 NoSolution
fix break: contig_113:227403-227635 227143 -611 +612 BreakFix
fix break: contig_113:228572-228579 228399 -328 +326 BreakFix
fix break: contig_113:232996-233108 232800 -237 +240 BreakFix
fix break: contig_113:234750-234873 234847 -106 +112 BreakFix
# fix break: contig_113:238605-238609 0 -0 +0 NoSolution
# fix break: contig_113:239421 0 -0 +0 NoSolution
# fix break: contig_113:243404-243471 0 -0 +0 NoSolution TandemRepeat 1
fix break: contig_113:245594-245599 245380 -385 +390 BreakFix
# fix break: contig_113:248998-249022 0 -0 +0 NoSolution
# fix break: contig_113:252144-252152 0 -0 +0 NoSolution
fix break: contig_113:253000-253282 252738 -772 +779 BreakFix
fix break: contig_113:253504-253528 253316 -384 +387 BreakFix
# fix break: contig_113:254069-254125 0 -0 +0 NoSolution
fix break: contig_113:254522-254529 254351 -430 +430 BreakFix
fix break: contig_113:254780 254577 -470 +468 BreakFix
# fix break: contig_113:255766-256930 0 -0 +0 NoSolution
# fix break: contig_113:257268-257646 0 -0 +0 NoSolution
fix break: contig_113:258055-258118 257825 -557 +557 BreakFix
# fix break: contig_113:258986-258994 0 -0 +0 NoSolution
# fix break: contig_113:259370-259512 0 -0 +0 NoSolution
# fix break: contig_113:259721-259772 0 -0 +0 NoSolution
# fix break: contig_113:260028-260606 0 -0 +0 NoSolution
# fix break: contig_113:260835-261878 0 -0 +0 NoSolution
# fix break: contig_113:262097-262102 0 -0 +0 NoSolution
# fix break: contig_113:262330-262525 0 -0 +0 NoSolution
# fix break: contig_113:262770-263792 0 -0 +0 NoSolution
# fix break: contig_113:264125-264962 0 -0 +0 NoSolution
fix break: contig_113:265184-265203 264933 -509 +508 BreakFix
fix break: contig_113:265603-265966 265398 -629 +631 BreakFix
fix break: contig_113:266215-266218 266027 -399 +398 BreakFix
fix break: contig_113:266583-266585 266374 -378 +379 BreakFix
fix break: contig_113:269112 268859 -365 +361 BreakFix
# fix break: contig_113:269596-269609 0 -0 +0 NoSolution
# fix break: contig_113:270876-270888 0 -0 +0 NoSolution
# fix break: contig_113:271422-271457 0 -0 +0 NoSolution
# fix break: contig_113:273093-273109 0 -0 +0 NoSolution
fix break: contig_113:274837-274904 274573 -584 +581 BreakFix
fix break: contig_113:275156 274904 -471 +467 BreakFix
fix break: contig_113:276017 275817 -201 +200 BreakFix
fix break: contig_113:276900-276906 276834 -316 +324 BreakFix
fix break: contig_113:288530 288349 -417 +417 BreakFix
fix break: contig_113:290135-290233 289884 -562 +564 BreakFix
# fix break: contig_113:290880 0 -0 +0 NoSolution
fix break: contig_113:291287 291200 -354 +350 BreakFix
fix break: contig_113:292273-292361 292071 -532 +534 BreakFix
fix break: contig_113:294193-294201 293933 -245 +243 BreakFix
# fix break: contig_113:295904 0 -0 +0 NoSolution
fix break: contig_113:297681 297425 -439 +437 BreakFix
fix break: contig_113:298457 298199 -496 +491 BreakFix
# fix break: contig_113:298831-298837 0 -0 +0 NoSolution
# fix break: contig_113:299501 0 -0 +0 NoSolution
# fix break: contig_113:300362-300376 0 -0 +0 NoSolution
# fix break: contig_113:301888-301895 0 -0 +0 NoSolution
fix break: contig_113:303208-303267 303020 -440 +443 BreakFix
fix break: contig_113:304779-304787 304529 -294 +293 BreakFix
fix break: contig_113:305444-305806 305265 -719 +729 BreakFix
# fix break: contig_113:309574-310480 0 -0 +0 NoSolution
fix break: contig_113:310706-310710 310482 -500 +503 BreakFix
fix break: contig_113:310917-311578 310714 -1018 +1033 BreakFix
# fix break: contig_113:311955-311956 0 -0 +0 NoSolution
# fix break: contig_113:312165-312508 0 -0 +0 NoSolution
fix break: contig_113:312808-312941 312586 -486 +490 BreakFix
# fix break: contig_113:313896-313910 0 -0 +0 NoSolution
# fix break: contig_113:314197-314211 0 -0 +0 NoSolution
# fix break: contig_113:314726 0 -0 +0 NoSolution
# fix break: contig_113:315041-315048 0 -0 +0 NoSolution
# fix break: contig_113:315939-315944 0 -0 +0 NoSolution
fix break: contig_113:316167-316172 315916 -456 +459 BreakFix
# fix break: contig_113:316738 0 -0 +0 NoSolution
# fix break: contig_113:317501-317676 0 -0 +0 NoSolution
# fix break: contig_113:325113-325178 0 -0 +0 NoSolution
fix break: contig_113:326875-326879 326641 -484 +490 BreakFix
# fix break: contig_113:331923-332104 0 -0 +0 NoSolution
fix break: contig_113:332955-332958 332743 -371 +368 BreakFix
fix break: contig_113:335527-335532 335384 -349 +348 BreakFix
fix break: contig_113:337972-338104 337808 -522 +522 BreakFix
fix break: contig_113:338584 338337 -512 +509 BreakFix
# fix break: contig_113:339973 0 -0 +0 NoSolution
fix break: contig_113:340441 340223 -241 +237 BreakFix
# fix break: contig_113:340781-340782 0 -0 +0 NoSolution
fix break: contig_113:345835-345851 345685 -430 +435 BreakFix
# fix break: contig_113:346303-346314 0 -0 +0 NoSolution
# fix break: contig_113:346617-346618 0 -0 +0 NoSolution
fix break: contig_113:347636-347650 347471 -407 +411 BreakFix
# fix break: contig_113:348160-348167 0 -0 +0 NoSolution
# fix break: contig_113:349243 0 -0 +0 NoSolution
# fix break: contig_113:350311-350342 0 -0 +0 NoSolution
# fix break: contig_113:350639 0 -0 +0 NoSolution
# fix break: contig_113:351523 0 -0 +0 NoSolution
# fix break: contig_113:353657 0 -0 +0 NoSolution
# fix break: contig_113:362319-362326 0 -0 +0 NoSolution
# fix break: contig_113:362723-362724 0 -0 +0 NoSolution
# fix break: contig_113:362978-363119 0 -0 +0 NoSolution
# fix break: contig_113:363393-363398 0 -0 +0 NoSolution
# fix break: contig_113:364403-364431 0 -0 +0 NoSolution
# fix break: contig_113:364958-364960 0 -0 +0 NoSolution
# fix break: contig_113:365521-365682 0 -0 +0 NoSolution
fix break: contig_113:365914-365919 365753 -395 +395 BreakFix
# fix break: contig_113:366239-366343 0 -0 +0 NoSolution
# fix break: contig_113:366741-366744 0 -0 +0 NoSolution
fix break: contig_113:367225 366992 -438 +438 BreakFix
# fix break: contig_113:367796-367806 0 -0 +0 NoSolution
fix break: contig_113:368645-368653 368406 -502 +502 BreakFix
fix break: contig_113:369102-369117 368909 -453 +456 BreakFix
fix break: contig_113:369883-370052 369702 -608 +607 BreakFix
fix break: contig_113:371412-371417 371207 -354 +362 BreakFix
# fix break: contig_113:374938-374943 0 -0 +0 NoSolution
# fix break: contig_113:375398-375403 0 -0 +0 NoSolution
fix break: contig_113:376791-376799 376658 -336 +338 BreakFix
# fix break: contig_113:405225-405230 0 -0 +0 NoSolution TandemRepeat 32
fix break: contig_113:406513-406534 406419 -185 +188 BreakFix
fix break: contig_113:406868-407221 406604 -618 +617 BreakFix
# fix break: contig_113:408090-408434 0 -0 +0 NoSolution
# fix break: contig_113:408737-408745 0 -0 +0 NoSolution
# fix break: contig_113:409678-409684 0 -0 +0 NoSolution
# fix break: contig_113:410122-410494 0 -0 +0 NoSolution
# fix break: contig_113:411321-411331 0 -0 +0 NoSolution TandemRepeat 23
# fix break: contig_113:412142-412672 0 -0 +0 NoSolution TandemRepeat 23
fix break: contig_113:413280-413317 413013 -481 +481 BreakFix
fix break: contig_113:413755-413778 413499 -352 +355 BreakFix
fix break: contig_113:414234-414236 414100 -184 +189 BreakFix
# fix break: contig_113:416018-416111 0 -0 +0 NoSolution
# fix break: contig_113:416829-416838 0 -0 +0 NoSolution
# fix break: contig_113:417869-418036 0 -0 +0 NoSolution TandemRepeat 12
# fix break: contig_113:429849-430031 0 -0 +0 NoSolution
# fix break: contig_113:430338-432437 0 -0 +0 NoSolution
# fix break: contig_113:432725-433373 0 -0 +0 NoSolution
fix break: contig_113:433747-434239 433641 -787 +786 BreakFix
# fix break: contig_113:434575-436566 0 -0 +0 NoSolution
# fix break: contig_113:436787-436969 0 -0 +0 NoSolution
fix break: contig_113:437258-437661 437137 -723 +731 BreakFix
# fix break: contig_113:437965-438038 0 -0 +0 NoSolution
# fix break: contig_113:438579-439122 0 -0 +0 NoSolution
fix break: contig_113:439505-439569 439267 -520 +526 BreakFix
# fix break: contig_113:440790-440807 0 -0 +0 NoSolution
fix break: contig_113:441077-441102 440822 -294 +298 BreakFix
fix break: contig_113:447775-447793 447778 -226 +225 BreakFix
# fix break: contig_113:459545-459553 0 -0 +0 NoSolution
fix break: contig_113:466686-466695 466498 -338 +336 BreakFix
# fix break: contig_113:480889 0 -0 +0 NoSolution
# fix break: contig_113:481889-481890 0 -0 +0 NoSolution TandemRepeat 8
# fix break: contig_113:482685-482828 0 -0 +0 NoSolution TandemRepeat 8
# fix break: contig_113:483698-485615 0 -0 +0 NoSolution
# fix break: contig_113:486137-486144 0 -0 +0 NoSolution
fix break: contig_113:486420-487803 486274 -1800 +1803 BreakFix
fix break: contig_113:488042-488419 487772 -867 +873 BreakFix
fix break: contig_113:491253 491033 -437 +435 BreakFix
# fix break: contig_113:492083-492103 0 -0 +0 NoSolution
# fix break: contig_113:492343-492359 0 -0 +0 NoSolution
# fix break: contig_113:494274-494278 0 -0 +0 NoSolution
fix break: contig_113:494771-494772 494507 -397 +399 BreakFix
# fix break: contig_113:495183-495262 0 -0 +0 NoSolution
fix break: contig_113:495581-495640 495560 -313 +318 BreakFix
fix break: contig_113:496327-496344 496171 -270 +270 BreakFix
# fix break: contig_113:498462-498561 0 -0 +0 NoSolution
# fix break: contig_113:500046-500205 0 -0 +0 NoSolution
fix break: contig_113:501230-501233 501066 -441 +439 BreakFix
fix break: contig_113:502471 502237 -346 +344 BreakFix
fix break: contig_113:504668-504681 504542 -284 +285 BreakFix
# fix break: contig_113:505329-505429 0 -0 +0 NoSolution
# fix break: contig_113:505933-505939 0 -0 +0 NoSolution
# fix break: contig_113:507284-507615 0 -0 +0 NoSolution
# fix break: contig_113:540142-540149 0 -0 +0 NoSolution
# fix break: contig_113:541086-541091 0 -0 +0 NoSolution
# fix break: contig_113:542854-542870 0 -0 +0 NoSolution
# fix break: contig_113:543169 0 -0 +0 NoSolution
# fix break: contig_113:551876-551886 0 -0 +0 NoSolution
fix break: contig_113:554388-554430 554312 -338 +340 BreakFix
# fix break: contig_113:554903-554920 0 -0 +0 NoSolution
fix break: contig_113:558868 558603 -312 +311 BreakFix
# fix break: contig_113:559354-559358 0 -0 +0 NoSolution
fix break: contig_113:575340-575513 575070 -543 +546 BreakFix
# fix break: contig_113:597860-597876 0 -0 +0 NoSolution TandemRepeat 34
# fix break: contig_113:598720-598722 0 -0 +0 NoSolution
# fix break: contig_113:599051-599062 0 -0 +0 NoSolution
# fix break: contig_113:599349-599512 0 -0 +0 NoSolution
# fix break: contig_113:599882-599896 0 -0 +0 NoSolution
# fix break: contig_113:600580-600589 0 -0 +0 NoSolution
# fix break: contig_113:600975-601141 0 -0 +0 NoSolution
# fix break: contig_113:603386-603404 0 -0 +0 NoSolution
# fix break: contig_113:603768-603949 0 -0 +0 NoSolution
# fix break: contig_113:604546-604891 0 -0 +0 NoSolution
# fix break: contig_113:605261-605274 0 -0 +0 NoSolution
# fix break: contig_113:606343-606396 0 -0 +0 NoSolution
# fix break: contig_113:606660-606814 0 -0 +0 NoSolution TandemRepeat 2
# fix break: contig_113:607161-607166 0 -0 +0 NoSolution
# fix break: contig_113:607808-607811 0 -0 +0 NoSolution
# fix break: contig_113:608035-608114 0 -0 +0 NoSolution
fix break: contig_113:608396 608310 -348 +353 BreakFix
# fix break: contig_113:610313-610361 0 -0 +0 NoSolution
# fix break: contig_113:621050-621085 0 -0 +0 NoSolution
# fix break: contig_113:624360-624401 0 -0 +0 NoSolution
# fix break: contig_113:629650-629689 0 -0 +0 NoSolution TandemRepeat 11
# fix break: contig_113:629927-629944 0 -0 +0 NoSolution TandemRepeat 11
fix break: contig_113:661933-661993 661999 -101 +103 BreakFix
fix break: contig_113:663075-663323 663088 -375 +377 BreakFix
# fix break: contig_113:672372-672741 0 -0 +0 NoSolution
# fix break: contig_113:675919-676086 0 -0 +0 NoSolution TandemRepeat 24
fix break: contig_113:680880-680899 680794 -332 +324 BreakFix
# fix break: contig_113:681953-682141 0 -0 +0 NoSolution
fix break: contig_113:686770-686789 686788 -193 +197 BreakFix
fix break: contig_113:699642-700239 699995 -382 +387 BreakFix
# fix break: contig_113:700676-700690 0 -0 +0 NoSolution
fix break: contig_113:701945-701970 701693 -344 +345 BreakFix
# fix break: contig_113:704637-704810 0 -0 +0 NoSolution
# fix break: contig_113:718194-718207 0 -0 +0 NoSolution
fix break: contig_113:726136-726142 726084 -321 +323 BreakFix
# fix break: contig_113:727552-727561 0 -0 +0 NoSolution
# fix break: contig_113:727896-727901 0 -0 +0 NoSolution
fix break: contig_113:746752-746755 746531 -497 +495 BreakFix
# fix break: contig_113:747146-747194 0 -0 +0 NoSolution
# fix break: contig_113:748634-748638 0 -0 +0 NoSolution
# fix break: contig_113:749437-749485 0 -0 +0 NoSolution TandemRepeat 51
# fix break: contig_113:749745-749760 0 -0 +0 NoSolution TandemRepeat 51
# fix break: contig_113:753549-753573 0 -0 +0 NoSolution
# fix break: contig_113:759311-759326 0 -0 +0 NoSolution
# fix break: contig_113:765067-765082 0 -0 +0 NoSolution
# fix break: contig_113:788058-788068 0 -0 +0 NoSolution
fix break: contig_113:788902-788907 788655 -365 +363 BreakFix
fix break: contig_113:794955-795156 795169 -94 +96 BreakFix
fix break: contig_113:798727-798736 798592 -356 +366 BreakFix
# fix break: contig_113:798946-798961 0 -0 +0 NoSolution
fix break: contig_113:824508-824528 824329 -395 +399 BreakFix
fix break: contig_113:825157-825184 825168 -200 +205 BreakFix
fix break: contig_113:825627-825993 825368 -852 +854 BreakFix
# fix break: contig_113:826848-826996 0 -0 +0 NoSolution
# fix break: contig_113:827246-827373 0 -0 +0 NoSolution
fix break: contig_113:827881-828198 827650 -805 +820 BreakFix
# fix break: contig_113:828428-828461 0 -0 +0 NoSolution
# fix break: contig_113:828965-828974 0 -0 +0 NoSolution
fix break: contig_113:829622-829682 829401 -553 +557 BreakFix
fix break: contig_113:830532-830760 830745 -144 +148 BreakFix
fix break: contig_113:831089-831225 830862 -603 +608 BreakFix
fix break: contig_113:832555-832560 832283 -278 +277 BreakFix
fix break: contig_113:837998-838023 837809 -452 +452 BreakFix
# fix break: contig_113:838472-838474 0 -0 +0 NoSolution
# fix break: contig_113:838767-838977 0 -0 +0 NoSolution
# fix break: contig_113:842269-842713 0 -0 +0 NoSolution
# fix break: contig_113:843618-843703 0 -0 +0 NoSolution
# fix break: contig_113:843981-844318 0 -0 +0 NoSolution
# fix break: contig_113:844615-844618 0 -0 +0 NoSolution
# fix break: contig_113:844848-845082 0 -0 +0 NoSolution
fix break: contig_113:846021-846043 845769 -399 +402 BreakFix
# fix break: contig_113:855913-855919 0 -0 +0 NoSolution
fix break: contig_113:856931 856820 -254 +253 BreakFix
fix break: contig_113:857257 857079 -179 +178 BreakFix
# fix break: contig_113:876404-876552 0 -0 +0 NoSolution
fix break: contig_113:900423-900567 900502 -283 +284 BreakFix
# fix break: contig_113:904350-904407 0 -0 +0 NoSolution
# fix break: contig_113:908003-908203 0 -0 +0 NoSolution
fix break: contig_113:908950 908877 -296 +294 BreakFix
# fix break: contig_113:917470-917479 0 -0 +0 NoSolution TandemRepeat 30
# fix break: contig_113:931306-931458 0 -0 +0 NoSolution
# fix break: contig_113:931774-932135 0 -0 +0 NoSolution
# fix break: contig_113:933230-933309 0 -0 +0 NoSolution
fix break: contig_113:933670-933754 933466 -454 +453 BreakFix
# fix break: contig_113:934337 0 -0 +0 NoSolution TandemRepeat 240
# fix break: contig_113:934757-935006 0 -0 +0 NoSolution TandemRepeat 240
# fix break: contig_113:935487-935539 0 -0 +0 NoSolution
# fix break: contig_113:935744-935749 0 -0 +0 NoSolution
# fix break: contig_113:936141-936177 0 -0 +0 NoSolution
# fix break: contig_113:936784-937373 0 -0 +0 NoSolution
# fix break: contig_113:937907-938423 0 -0 +0 NoSolution
# fix break: contig_113:938693-938733 0 -0 +0 NoSolution
# fix break: contig_113:939244-939273 0 -0 +0 NoSolution
# fix break: contig_113:939561 0 -0 +0 NoSolution
# fix break: contig_113:940096-940516 0 -0 +0 NoSolution
# fix break: contig_113:941160-941718 0 -0 +0 NoSolution
# fix break: contig_113:942138-943671 0 -0 +0 NoSolution
# fix break: contig_113:943903-944134 0 -0 +0 NoSolution
# fix break: contig_113:944508-944591 0 -0 +0 NoSolution
# fix break: contig_113:944823-944832 0 -0 +0 NoSolution
# fix break: contig_113:946327-947013 0 -0 +0 NoSolution
# fix break: contig_113:947508-947532 0 -0 +0 NoSolution
# fix break: contig_113:947830 0 -0 +0 NoSolution
# fix break: contig_113:948123-949562 0 -0 +0 NoSolution
# fix break: contig_113:949890-950020 0 -0 +0 NoSolution
# fix break: contig_113:950301 0 -0 +0 NoSolution
fix break: contig_113:951217-951238 951216 -128 +129 BreakFix
fix break: contig_113:952588 952441 -279 +277 BreakFix
# fix break: contig_113:953720-954058 0 -0 +0 NoSolution TandemRepeat 83
# fix break: contig_113:954282-954499 0 -0 +0 NoSolution TandemRepeat 83
# fix break: contig_113:954945-954988 0 -0 +0 NoSolution TandemRepeat 83
fix break: contig_113:955210-955252 955118 -374 +377 BreakFix
fix break: contig_113:955965-956234 955702 -700 +697 BreakFix
fix break: contig_113:956444-956930 956242 -852 +852 BreakFix
# fix break: contig_113:957171-957476 0 -0 +0 NoSolution
# fix break: contig_113:957778-957781 0 -0 +0 NoSolution
fix break: contig_113:958087-958711 957943 -1039 +1044 BreakFix
fix break: contig_113:963349-963401 963119 -549 +548 BreakFix
fix break: contig_113:964111 964101 -227 +226 BreakFix
# fix break: contig_113:964479-964636 0 -0 +0 NoSolution
fix break: contig_113:964992-965021 964722 -409 +415 BreakFix
# fix break: contig_113:972731-972732 0 -0 +0 NoSolution
# fix break: contig_113:978259-978269 0 -0 +0 NoSolution TandemRepeat 2
# fix break: contig_113:978484-978486 0 -0 +0 NoSolution TandemRepeat 2
fix break: contig_113:1006965-1007194 1006707 -736 +748 BreakFix
# fix break: contig_113:1009005-1009091 0 -0 +0 NoSolution
fix break: contig_113:1010530-1010548 1010263 -300 +301 BreakFix
fix break: contig_113:1011521-1011536 1011256 -511 +513 BreakFix
# fix break: contig_113:1013712-1013734 0 -0 +0 NoSolution
fix break: contig_113:1016498 1016233 -524 +526 BreakFix
fix break: contig_113:1017489-1017496 1017285 -280 +287 BreakFix
fix break: contig_113:1020130-1020135 1020130 -115 +119 BreakFix
fix break: contig_113:1020696-1020710 1020489 -260 +265 BreakFix
fix break: contig_113:1021248-1021256 1021112 -346 +346 BreakFix
# fix break: contig_113:1023906 0 -0 +0 NoSolution
fix break: contig_113:1032098-1032355 1031861 -752 +754 BreakFix
fix break: contig_113:1037648-1037658 1037500 -401 +408 BreakFix
fix break: contig_113:1044719-1044968 1044523 -707 +712 BreakFix
# fix break: contig_113:1045465 0 -0 +0 NoSolution
fix break: contig_113:1046456 1046205 -516 +517 BreakFix
# fix break: contig_113:1047421-1047487 0 -0 +0 NoSolution
# fix break: contig_113:1048503 0 -0 +0 NoSolution
fix break: contig_113:1048731-1048875 1048499 -602 +598 BreakFix
# fix break: contig_113:1067684-1067766 0 -0 +0 NoSolution
fix break: contig_113:1068396 1068154 -489 +493 BreakFix
# fix break: contig_113:1069707-1069718 0 -0 +0 NoSolution
fix break: contig_113:1071347-1071389 1071124 -535 +537 BreakFix
fix break: contig_113:1071891-1071906 1071658 -437 +437 BreakFix
# fix break: contig_113:1073234-1073272 0 -0 +0 NoSolution
# fix break: contig_113:1073584-1073601 0 -0 +0 NoSolution
fix break: contig_113:1074090-1074122 1073822 -469 +468 BreakFix
# fix break: contig_113:1074936-1074942 0 -0 +0 NoSolution
fix break: contig_113:1075187-1075370 1074919 -615 +616 BreakFix
# fix break: contig_113:1076155-1076175 0 -0 +0 NoSolution
# fix break: contig_113:1076800-1076805 0 -0 +0 NoSolution
fix break: contig_113:1077202-1077210 1076951 -260 +260 BreakFix
# fix break: contig_113:1077532-1077540 0 -0 +0 NoSolution
# fix break: contig_113:1078044-1078058 0 -0 +0 NoSolution
# fix break: contig_113:1078600-1078609 0 -0 +0 NoSolution
# fix break: contig_113:1078969-1079124 0 -0 +0 NoSolution
# fix break: contig_113:1085655-1085766 0 -0 +0 NoSolution TandemRepeat 2
# fix break: contig_113:1086871-1087170 0 -0 +0 NoSolution
# fix break: contig_113:1089294-1089331 0 -0 +0 NoSolution
# fix break: contig_113:1092136 0 -0 +0 NoSolution
# fix break: contig_113:1095584-1095682 0 -0 +0 NoSolution TandemRepeat 14
fix break: contig_113:1098422 1098420 -254 +254 BreakFix
fix break: contig_113:1099397-1099400 1099352 -253 +255 BreakFix
# fix break: contig_113:1099924-1099930 0 -0 +0 NoSolution
fix break: contig_113:1100879-1100882 1100630 -446 +445 BreakFix
# fix break: contig_113:1101211-1101275 0 -0 +0 NoSolution
# fix break: contig_113:1101944-1101955 0 -0 +0 NoSolution
fix break: contig_113:1102445-1102450 1102199 -371 +374 BreakFix
# fix break: contig_113:1103021-1103122 0 -0 +0 NoSolution
# fix break: contig_113:1103401-1103441 0 -0 +0 NoSolution
fix break: contig_113:1104183 1104183 -236 +243 BreakFix
# fix break: contig_113:1104797-1104804 0 -0 +0 NoSolution
# fix break: contig_113:1107056-1107081 0 -0 +0 NoSolution
# fix break: contig_113:1107339-1107343 0 -0 +0 NoSolution
# fix break: contig_113:1111276-1111280 0 -0 +0 NoSolution
fix break: contig_113:1112191-1112217 1112010 -206 +206 BreakFix
# fix break: contig_113:1112807-1112810 0 -0 +0 NoSolution
# fix break: contig_113:1113445-1113457 0 -0 +0 NoSolution
fix break: contig_113:1114047-1114051 1113846 -469 +462 BreakFix
# fix break: contig_113:1114634-1114640 0 -0 +0 NoSolution
# fix break: contig_113:1114947-1114976 0 -0 +0 NoSolution
fix break: contig_113:1115473-1115828 1115312 -752 +743 BreakFix
# fix break: contig_113:1116154-1116155 0 -0 +0 NoSolution
# fix break: contig_113:1116377-1116394 0 -0 +0 NoSolution
fix break: contig_113:1117047-1117215 1116830 -508 +508 BreakFix
# fix break: contig_113:1117838-1118868 0 -0 +0 NoSolution TandemRepeat 947
# fix break: contig_113:1119246-1120998 0 -0 +0 NoSolution
# fix break: contig_113:1121333-1122125 0 -0 +0 NoSolution
# fix break: contig_113:1122417-1123691 0 -0 +0 NoSolution
# fix break: contig_113:1124187-1124966 0 -0 +0 NoSolution
# fix break: contig_113:1125404-1125486 0 -0 +0 NoSolution
fix break: contig_113:1125710-1125743 1125449 -557 +564 BreakFix
# fix break: contig_113:1126489-1126543 0 -0 +0 NoSolution
fix break: contig_113:1126749-1126760 1126494 -513 +508 BreakFix
fix break: contig_113:1127494-1127508 1127254 -464 +466 BreakFix
# fix break: contig_113:1127948 0 -0 +0 NoSolution
fix break: contig_113:1129624-1129646 1129706 -183 +182 BreakFix
fix break: contig_113:1129972-1130019 1129706 -573 +573 BreakFix
# fix break: contig_113:1130777-1131950 0 -0 +0 NoSolution
# fix break: contig_113:1132612 0 -0 +0 NoSolution
# fix break: contig_113:1132991-1133199 0 -0 +0 NoSolution
# fix break: contig_113:1133556-1133569 0 -0 +0 NoSolution
# fix break: contig_113:1133774-1133778 0 -0 +0 NoSolution
fix break: contig_113:1133986-1134015 1133759 -367 +367 BreakFix
# fix break: contig_113:1134693-1134713 0 -0 +0 NoSolution
# fix break: contig_113:1135814-1135830 0 -0 +0 NoSolution
# fix break: contig_113:1136368-1136374 0 -0 +0 NoSolution
# fix break: contig_113:1136641-1136665 0 -0 +0 NoSolution
# fix break: contig_113:1137328 0 -0 +0 NoSolution
# fix break: contig_113:1137855-1137965 0 -0 +0 NoSolution
# fix break: contig_113:1138449 0 -0 +0 NoSolution
# fix break: contig_113:1139085-1139325 0 -0 +0 NoSolution
# fix break: contig_113:1140018 0 -0 +0 NoSolution
fix break: contig_113:1140978-1140983 1140708 -439 +436 BreakFix
# fix break: contig_113:1142005-1142013 0 -0 +0 NoSolution
# fix break: contig_113:1142317-1142483 0 -0 +0 NoSolution
fix break: contig_113:1142746-1142752 1142481 -539 +539 BreakFix
fix break: contig_113:1146622-1146626 1146516 -226 +223 BreakFix
# fix break: contig_113:1157780-1157789 0 -0 +0 NoSolution
# fix break: contig_113:1163712-1163789 0 -0 +0 NoSolution TandemRepeat 2
fix break: contig_113:1171784-1171788 1171559 -230 +235 BreakFix
fix break: contig_113:1188990 1188791 -256 +255 BreakFix
# fix break: contig_113:1191375-1191418 0 -0 +0 NoSolution
# fix break: contig_113:1191720-1191742 0 -0 +0 NoSolution
# fix break: contig_113:1192055-1192061 0 -0 +0 NoSolution
# fix break: contig_113:1192525 0 -0 +0 NoSolution
# fix break: contig_113:1193022-1193121 0 -0 +0 NoSolution
# fix break: contig_113:1194030-1194032 0 -0 +0 NoSolution
# fix break: contig_113:1196553-1196627 0 -0 +0 NoSolution
# fix break: contig_113:1200623 0 -0 +0 NoSolution
# fix break: contig_113:1212418-1212503 0 -0 +0 NoSolution
fix break: contig_113:1213745-1213782 1213555 -383 +384 BreakFix
# fix break: contig_113:1214059-1214075 0 -0 +0 NoSolution
# fix break: contig_113:1214603-1214621 0 -0 +0 NoSolution
fix break: contig_113:1215281-1215283 1215175 -293 +289 BreakFix
# fix break: contig_113:1216344 0 -0 +0 NoSolution
fix break: contig_113:1216577-1216685 1216343 -576 +573 BreakFix
# fix break: contig_113:1217087-1217154 0 -0 +0 NoSolution
fix break: contig_113:1217625-1217628 1217421 -313 +313 BreakFix
fix break: contig_113:1217891-1217896 1217628 -501 +500 BreakFix
# fix break: contig_113:1218886-1218902 0 -0 +0 NoSolution
# fix break: contig_113:1225881-1226006 0 -0 +0 NoSolution
fix break: contig_113:1231511-1231574 1231472 -267 +215 BreakFix
# fix break: contig_113:1236508-1236566 0 -0 +0 NoSolution TandemRepeat 76
# fix break: contig_113:1237178-1237192 0 -0 +0 NoSolution TandemRepeat 28
fix break: contig_113:1245954 1245857 -169 +171 BreakFix
fix break: contig_113:1247014 1246786 -456 +457 BreakFix
fix break: contig_113:1252510-1252643 1252545 -342 +351 BreakFix
# fix break: contig_113:1253119-1253122 0 -0 +0 NoSolution
fix break: contig_113:1265051-1265076 1264872 -459 +464 BreakFix
# fix break: contig_113:1265896-1266158 0 -0 +0 NoSolution TandemRepeat 2
# fix break: contig_113:1270210 0 -0 +0 NoSolution
# fix break: contig_113:1270512 0 -0 +0 NoSolution
# fix break: contig_113:1271771-1271865 0 -0 +0 NoSolution TandemRepeat 2
# fix break: contig_113:1274901-1274905 0 -0 +0 NoSolution
# fix break: contig_113:1277078-1277089 0 -0 +0 NoSolution
# fix break: contig_113:1277459-1277475 0 -0 +0 NoSolution
fix break: contig_113:1278825-1278828 1278634 -432 +432 BreakFix
fix break: contig_113:1279700-1279727 1279709 -121 +120 BreakFix
# fix break: contig_113:1280636-1280637 0 -0 +0 NoSolution
fix break: contig_113:1281324-1281330 1281166 -342 +342 BreakFix
# fix break: contig_113:1282811-1282832 0 -0 +0 NoSolution
# fix break: contig_113:1294764-1294777 0 -0 +0 NoSolution
# fix break: contig_113:1295592-1295601 0 -0 +0 NoSolution
fix break: contig_113:1296164-1296172 1296035 -307 +307 BreakFix
# fix break: contig_113:1296655-1296664 0 -0 +0 NoSolution
fix break: contig_113:1297329-1297337 1297129 -228 +232 BreakFix
# fix break: contig_113:1297639-1297865 0 -0 +0 NoSolution
fix break: contig_113:1298261-1298267 1298023 -338 +335 BreakFix
# fix break: contig_113:1298519-1298624 0 -0 +0 NoSolution
# fix break: contig_113:1299045-1299055 0 -0 +0 NoSolution
# fix break: contig_113:1299894-1299923 0 -0 +0 NoSolution
# fix break: contig_113:1301233 0 -0 +0 NoSolution
# fix break: contig_113:1301456 0 -0 +0 NoSolution
# fix break: contig_113:1302188-1302332 0 -0 +0 NoSolution
# fix break: contig_113:1303866-1303870 0 -0 +0 NoSolution
fix break: contig_113:1304320-1304347 1304051 -526 +522 BreakFix
# fix break: contig_113:1304846-1304853 0 -0 +0 NoSolution
fix break: contig_113:1306902 1306667 -475 +471 BreakFix
# fix break: contig_113:1307256-1307261 0 -0 +0 NoSolution
# fix break: contig_113:1312613-1312618 0 -0 +0 NoSolution
# fix break: contig_113:1317236-1317281 0 -0 +0 NoSolution
# fix break: contig_113:1317746-1317755 0 -0 +0 NoSolution
# fix break: contig_113:1319359-1319371 0 -0 +0 NoSolution
# fix break: contig_113:1319655-1319667 0 -0 +0 NoSolution
# fix break: contig_113:1321153-1321161 0 -0 +0 NoSolution
fix break: contig_113:1321676-1321684 1321404 -505 +502 BreakFix
# fix break: contig_113:1322542-1322581 0 -0 +0 NoSolution
# fix break: contig_113:1323018-1323027 0 -0 +0 NoSolution
fix break: contig_113:1324837-1325166 1324615 -795 +794 BreakFix
# fix break: contig_113:1325902-1325912 0 -0 +0 NoSolution
# fix break: contig_113:1326784-1326794 0 -0 +0 NoSolution
# fix break: contig_113:1327485-1327915 0 -0 +0 NoSolution
# fix break: contig_113:1328126-1328269 0 -0 +0 NoSolution
# fix break: contig_113:1329527 0 -0 +0 NoSolution
# fix break: contig_113:1330526-1330548 0 -0 +0 NoSolution
# fix break: contig_113:1330812-1330855 0 -0 +0 NoSolution
# fix break: contig_113:1332956 0 -0 +0 NoSolution
# fix break: contig_113:1333662-1333674 0 -0 +0 NoSolution
# fix break: contig_113:1335000-1335014 0 -0 +0 NoSolution
# fix break: contig_113:1335625-1335650 0 -0 +0 NoSolution
# fix break: contig_113:1335914-1335932 0 -0 +0 NoSolution
# fix break: contig_113:1336306-1336343 0 -0 +0 NoSolution
# fix break: contig_113:1338920-1339011 0 -0 +0 NoSolution
# fix break: contig_113:1339650-1339711 0 -0 +0 NoSolution
# fix break: contig_113:1340370-1340425 0 -0 +0 NoSolution
# fix break: contig_113:1340877 0 -0 +0 NoSolution
# fix break: contig_113:1341644-1341649 0 -0 +0 NoSolution
fix break: contig_113:1342203-1342217 1341964 -509 +511 BreakFix
# fix break: contig_113:1342645 0 -0 +0 NoSolution
fix break: contig_113:1343659-1343683 1343471 -391 +392 BreakFix
# fix break: contig_113:1344072-1344074 0 -0 +0 NoSolution
# fix break: contig_113:1350157-1350308 0 -0 +0 NoSolution
# fix break: contig_113:1350816-1350822 0 -0 +0 NoSolution
# fix break: contig_113:1351448-1351625 0 -0 +0 NoSolution
# fix break: contig_113:1351936-1351975 0 -0 +0 NoSolution
# fix break: contig_113:1352884-1352901 0 -0 +0 NoSolution
# fix break: contig_113:1361979 0 -0 +0 NoSolution
# fix break: contig_113:1374519-1374529 0 -0 +0 NoSolution
# fix break: contig_113:1378813-1378829 0 -0 +0 NoSolution
# fix break: contig_113:1380437-1380456 0 -0 +0 NoSolution
# fix break: contig_113:1380674-1380680 0 -0 +0 NoSolution
# fix break: contig_113:1383456-1383500 0 -0 +0 NoSolution
# fix break: contig_113:1384086-1384110 0 -0 +0 NoSolution
# fix break: contig_113:1384407-1384408 0 -0 +0 NoSolution
fix break: contig_113:1387990-1387991 1387847 -336 +341 BreakFix
# fix break: contig_113:1388902-1389047 0 -0 +0 NoSolution
# fix break: contig_113:1390044-1390053 0 -0 +0 NoSolution
# fix break: contig_113:1390265-1390279 0 -0 +0 NoSolution
# fix break: contig_113:1390550 0 -0 +0 NoSolution
# fix break: contig_113:1391934-1392133 0 -0 +0 NoSolution
# fix break: contig_113:1392411-1392665 0 -0 +0 NoSolution
fix break: contig_113:1392962-1393078 1392805 -459 +462 BreakFix
fix break: contig_113:1393789-1393835 1393551 -511 +517 BreakFix
fix break: contig_113:1394185-1394336 1394063 -532 +537 BreakFix
# fix break: contig_113:1394576-1394577 0 -0 +0 NoSolution
# fix break: contig_113:1395344-1395771 0 -0 +0 NoSolution
# fix break: contig_113:1396015-1396018 0 -0 +0 NoSolution
# fix break: contig_113:1396618-1396675 0 -0 +0 NoSolution
# fix break: contig_113:1396915-1396919 0 -0 +0 NoSolution
# fix break: contig_113:1397234 0 -0 +0 NoSolution
fix break: contig_113:1397670 1397426 -413 +417 BreakFix
# fix break: contig_113:1398078-1398315 0 -0 +0 NoSolution
# fix break: contig_113:1398825-1398831 0 -0 +0 NoSolution
# fix break: contig_113:1401203-1401204 0 -0 +0 NoSolution
fix break: contig_113:1401836 1401796 -297 +298 BreakFix
# fix break: contig_113:1402219 0 -0 +0 NoSolution
# fix break: contig_113:1402987-1402996 0 -0 +0 NoSolution
# fix break: contig_113:1404050-1404071 0 -0 +0 NoSolution
# fix break: contig_113:1404800-1404802 0 -0 +0 NoSolution
# fix break: contig_113:1406352-1406389 0 -0 +0 NoSolution
# fix break: contig_113:1407169-1407173 0 -0 +0 NoSolution
# fix break: contig_113:1407450-1407508 0 -0 +0 NoSolution
# fix break: contig_113:1407797-1407835 0 -0 +0 NoSolution
# fix break: contig_113:1408165-1408471 0 -0 +0 NoSolution
# fix break: contig_113:1408959 0 -0 +0 NoSolution
# fix break: contig_113:1410132 0 -0 +0 NoSolution
fix break: contig_113:1411271-1411339 1411003 -570 +572 BreakFix
# fix break: contig_113:1412008-1412043 0 -0 +0 NoSolution
# fix break: contig_113:1412651 0 -0 +0 NoSolution
# fix break: contig_113:1412889-1413132 0 -0 +0 NoSolution
fix break: contig_113:1413907-1414044 1413693 -605 +606 BreakFix
# fix break: contig_113:1414505-1414753 0 -0 +0 NoSolution
# fix break: contig_113:1414973-1414979 0 -0 +0 NoSolution
# fix break: contig_113:1415210-1415265 0 -0 +0 NoSolution
# fix break: contig_113:1416189-1416196 0 -0 +0 NoSolution
# fix break: contig_113:1417944-1417969 0 -0 +0 NoSolution
# fix break: contig_113:1419449-1419489 0 -0 +0 NoSolution
# fix break: contig_113:1420492-1420520 0 -0 +0 NoSolution
# fix break: contig_113:1421533-1421647 0 -0 +0 NoSolution
# fix break: contig_113:1424338-1424347 0 -0 +0 NoSolution
fix break: contig_113:1424938-1424951 1424759 -456 +455 BreakFix
fix break: contig_113:1425388-1425657 1425115 -785 +789 BreakFix
fix break: contig_113:1427696-1428034 1427423 -869 +884 BreakFix
# fix break: contig_113:1440757-1440778 0 -0 +0 NoSolution
# fix break: contig_113:1442474-1442479 0 -0 +0 NoSolution
# fix break: contig_113:1443373-1443438 0 -0 +0 NoSolution TandemRepeat 1
fix break: contig_113:1450194-1450334 1449988 -576 +573 BreakFix
# fix break: contig_113:1450969-1451021 0 -0 +0 NoSolution
# fix break: contig_113:1451254-1451256 0 -0 +0 NoSolution
# fix break: contig_113:1451661-1451664 0 -0 +0 NoSolution
fix break: contig_113:1452315-1452648 1452048 -796 +790 BreakFix
fix break: contig_113:1453690 1453662 -195 +197 BreakFix
# fix break: contig_113:1453997-1454077 0 -0 +0 NoSolution
# fix break: contig_113:1454762-1454877 0 -0 +0 NoSolution
# fix break: contig_113:1455204 0 -0 +0 NoSolution
# fix break: contig_113:1455416-1455435 0 -0 +0 NoSolution
# fix break: contig_113:1462288-1462308 0 -0 +0 NoSolution
# fix break: contig_113:1467036 0 -0 +0 NoSolution
# fix break: contig_113:1468112 0 -0 +0 NoSolution
# fix break: contig_113:1468877-1468916 0 -0 +0 NoSolution
# fix break: contig_113:1469888-1470124 0 -0 +0 NoSolution
# fix break: contig_113:1470514-1470717 0 -0 +0 NoSolution
fix break: contig_113:1471397-1471454 1471153 -493 +490 BreakFix
# fix break: contig_113:1472137-1472448 0 -0 +0 NoSolution
# fix break: contig_113:1473107-1474104 0 -0 +0 NoSolution
fix break: contig_113:1474816-1475050 1474577 -744 +742 BreakFix
# fix break: contig_113:1476289-1476416 0 -0 +0 NoSolution
# fix break: contig_113:1476834-1477211 0 -0 +0 NoSolution
# fix break: contig_113:1477440-1477458 0 -0 +0 NoSolution
# fix break: contig_113:1478262-1478265 0 -0 +0 NoSolution
# fix break: contig_113:1478505-1479949 0 -0 +0 NoSolution
# fix break: contig_113:1481370-1481581 0 -0 +0 NoSolution
# fix break: contig_113:1484911-1485352 0 -0 +0 NoSolution
# fix break: contig_113:1485742-1492883 0 -0 +0 NoSolution
# fix break: contig_113:1493089-1494999 0 -0 +0 NoSolution
# fix break: contig_113:1495316-1497292 0 -0 +0 NoSolution
fix break: contig_113:1497593-1498256 1497389 -1039 +640 BreakFix
fix break: contig_113:1500095-1500105 1500069 -195 +195 BreakFix
# fix break: contig_113:1507935-1508208 0 -0 +0 NoSolution
# fix break: contig_113:1512634-1512727 0 -0 +0 NoSolution TandemRepeat 2
fix break: contig_113:1519102 1519102 -174 +180 BreakFix
# fix break: contig_113:1519483-1519487 0 -0 +0 NoSolution
fix break: contig_113:1523801 1523801 -200 +200 BreakFix
# fix break: contig_113:1527031 0 -0 +0 NoSolution
fix break: contig_113:1527942 1527807 -139 +139 BreakFix
# fix break: contig_113:1530850-1530944 0 -0 +0 NoSolution
# fix break: contig_113:1533961-1534006 0 -0 +0 NoSolution
# fix break: contig_113:1537857-1537870 0 -0 +0 NoSolution
# fix break: contig_113:1538817-1538838 0 -0 +0 NoSolution
# fix break: contig_113:1556545-1556577 0 -0 +0 NoSolution TandemRepeat 20
# fix break: contig_113:1559351-1559386 0 -0 +0 NoSolution TandemRepeat 2
# fix break: contig_113:1560664 0 -0 +0 NoSolution
fix break: contig_113:1585294-1585298 1585107 -345 +344 BreakFix
# fix break: contig_113:1604908-1605112 0 -0 +0 NoSolution
fix break: contig_113:1605724 1605454 -494 +489 BreakFix
# fix break: contig_113:1606345 0 -0 +0 NoSolution
# fix break: contig_113:1607915-1608133 0 -0 +0 NoSolution
# fix break: contig_113:1626383-1626389 0 -0 +0 NoSolution
# fix break: contig_113:1641276-1641403 0 -0 +0 NoSolution TandemRepeat 1
# fix break: contig_113:1642519-1642554 0 -0 +0 NoSolution
# fix break: contig_113:1650411-1650575 0 -0 +0 NoSolution
# fix break: contig_113:1651911-1651912 0 -0 +0 NoSolution TandemRepeat 80
# fix break: contig_113:1654985-1655008 0 -0 +0 NoSolution
fix break: contig_113:1655734-1655798 1655461 -597 +599 BreakFix
fix break: contig_113:1657102-1657121 1656954 -426 +421 BreakFix
fix break: contig_113:1657444-1657981 1657299 -906 +901 BreakFix
# fix break: contig_113:1658635-1658647 0 -0 +0 NoSolution
fix break: contig_113:1658946-1659012 1658781 -451 +446 BreakFix
# fix break: contig_113:1659505-1659506 0 -0 +0 NoSolution
fix break: contig_113:1659801-1659813 1659568 -385 +383 BreakFix
# fix break: contig_113:1664147-1664224 0 -0 +0 NoSolution
fix break: contig_113:1664838-1664882 1664596 -558 +558 BreakFix
fix break: contig_113:1665375-1665379 1665154 -491 +487 BreakFix
# fix break: contig_113:1665932 0 -0 +0 NoSolution
# fix break: contig_113:1668720-1668835 0 -0 +0 NoSolution
# fix break: contig_113:1669577-1669594 0 -0 +0 NoSolution
# fix break: contig_113:1670818-1671008 0 -0 +0 NoSolution
# fix break: contig_113:1671766-1671776 0 -0 +0 NoSolution
# fix break: contig_113:1672096-1672117 0 -0 +0 NoSolution
# fix break: contig_113:1672455-1672514 0 -0 +0 NoSolution
fix break: contig_113:1672870-1672879 1672630 -521 +525 BreakFix
# fix break: contig_113:1674308-1674397 0 -0 +0 NoSolution
fix break: contig_113:1676215-1676549 1675985 -799 +795 BreakFix
# fix break: contig_113:1677013-1677037 0 -0 +0 NoSolution
fix break: contig_113:1677243-1678507 1677002 -1499 +1509 BreakFix
# fix break: contig_113:1678744-1679100 0 -0 +0 NoSolution
# fix break: contig_113:1679390-1679970 0 -0 +0 NoSolution
# fix break: contig_113:1680195-1680735 0 -0 +0 NoSolution
# fix break: contig_113:1681397-1682901 0 -0 +0 NoSolution
fix break: contig_113:1683354-1684279 1683093 -1236 +1231 BreakFix
# fix break: contig_113:1685017-1686243 0 -0 +0 NoSolution
# fix break: contig_113:1686707-1686771 0 -0 +0 NoSolution
# fix break: contig_113:1687469-1687506 0 -0 +0 NoSolution
# fix break: contig_113:1687739-1688672 0 -0 +0 NoSolution
# fix break: contig_113:1689067-1689084 0 -0 +0 NoSolution
# fix break: contig_113:1689358-1690906 0 -0 +0 NoSolution
# fix break: contig_113:1691187-1691779 0 -0 +0 NoSolution
# fix break: contig_113:1691995-1692282 0 -0 +0 NoSolution
fix break: contig_113:1692752-1692846 1692692 -387 +384 BreakFix
# fix break: contig_113:1693423-1693955 0 -0 +0 NoSolution
# fix break: contig_113:1694577-1694890 0 -0 +0 NoSolution
fix break: contig_113:1697548-1697572 1697282 -502 +507 BreakFix
# fix break: contig_113:1698476-1698653 0 -0 +0 NoSolution
# fix break: contig_113:1698974-1698997 0 -0 +0 NoSolution
# fix break: contig_113:1699454-1699503 0 -0 +0 NoSolution
# fix break: contig_113:1700405-1701527 0 -0 +0 NoSolution TandemRepeat 151
# fix break: contig_113:1701850-1702004 0 -0 +0 NoSolution TandemRepeat 151
# fix break: contig_113:1703270-1703277 0 -0 +0 NoSolution
fix break: contig_113:1703963-1703972 1703967 -258 +262 BreakFix
# fix break: contig_113:1705063-1705319 0 -0 +0 NoSolution
# fix break: contig_113:1708505-1708925 0 -0 +0 NoSolution
# fix break: contig_113:1711980-1712084 0 -0 +0 NoSolution
# fix break: contig_113:1716242-1716567 0 -0 +0 NoSolution
# fix break: contig_113:1718090-1718138 0 -0 +0 NoSolution
fix break: contig_113:1718965-1719112 1718730 -646 +648 BreakFix
# fix break: contig_113:1720925-1720931 0 -0 +0 NoSolution
# fix break: contig_113:1721224-1721233 0 -0 +0 NoSolution
# fix break: contig_113:1721551-1721569 0 -0 +0 NoSolution
# fix break: contig_113:1722071-1722089 0 -0 +0 NoSolution
# fix break: contig_113:1722435-1722476 0 -0 +0 NoSolution
# fix break: contig_113:1723126-1724365 0 -0 +0 NoSolution
# fix break: contig_113:1724829-1724859 0 -0 +0 NoSolution
# fix break: contig_113:1725160-1725185 0 -0 +0 NoSolution
fix break: contig_113:1725438-1725517 1725166 -585 +588 BreakFix
# fix break: contig_113:1725914-1726158 0 -0 +0 NoSolution
# fix break: contig_113:1726896-1728410 0 -0 +0 NoSolution
# fix break: contig_113:1729054-1729058 0 -0 +0 NoSolution
# fix break: contig_113:1729361-1729652 0 -0 +0 NoSolution
# fix break: contig_113:1730442-1730472 0 -0 +0 NoSolution
# fix break: contig_113:1731508-1731558 0 -0 +0 NoSolution
# fix break: contig_113:1732957-1732971 0 -0 +0 NoSolution
# fix break: contig_113:1733511-1733534 0 -0 +0 NoSolution
# fix break: contig_113:1734202-1734227 0 -0 +0 NoSolution
fix break: contig_113:1739032-1739339 1739177 -382 +389 BreakFix
fix break: contig_113:1760121 1759969 -418 +420 BreakFix
# fix break: contig_113:1770060-1770699 0 -0 +0 NoSolution TandemRepeat 2
# fix break: contig_113:1770985 0 -0 +0 NoSolution TandemRepeat 2
fix break: contig_113:1789027 1788850 -178 +183 BreakFix
fix break: contig_113:1801440 1801341 -142 +143 BreakFix
# fix break: contig_113:1805116-1805125 0 -0 +0 NoSolution
# fix break: contig_113:1812472 0 -0 +0 NoSolution
# fix break: contig_113:1813600-1813604 0 -0 +0 NoSolution TandemRepeat 21
# fix break: contig_113:1822523-1822716 0 -0 +0 NoSolution
# fix break: contig_113:1823071-1823090 0 -0 +0 NoSolution
fix break: contig_113:1823695-1823900 1823451 -700 +709 BreakFix
# fix break: contig_113:1824373 0 -0 +0 NoSolution
# fix break: contig_113:1825172-1825205 0 -0 +0 NoSolution
fix break: contig_113:1825667-1825688 1825483 -414 +413 BreakFix
# fix break: contig_113:1825991-1825997 0 -0 +0 NoSolution
fix break: contig_113:1826409-1826447 1826144 -528 +529 BreakFix
fix break: contig_113:1827105-1827425 1826885 -705 +707 BreakFix
# fix break: contig_113:1837365-1837368 0 -0 +0 NoSolution
# fix break: contig_113:1841935-1841943 0 -0 +0 NoSolution
# fix break: contig_113:1845876-1845885 0 -0 +0 NoSolution
# fix break: contig_113:1847029 0 -0 +0 NoSolution
fix break: contig_113:1847541 1847348 -195 +193 BreakFix
# fix break: contig_113:1848284-1848308 0 -0 +0 NoSolution
fix break: contig_113:1849567-1849575 1849294 -274 +274 BreakFix
# fix break: contig_113:1849882-1849885 0 -0 +0 NoSolution
# fix break: contig_113:1851741 0 -0 +0 NoSolution
# fix break: contig_113:1852336-1852353 0 -0 +0 NoSolution
contig_113:1-1854480 log:
Finished processing contig_113:1-1854480
Processing contig_114:1-18292
frags analyses/03_polishing/pilon_output/chr3_aligned.bam: coverage 101
Total Reads: 16818, Coverage: 101, minDepth: 10
Confirmed 13033 of 18292 bases (71.25%)
Corrected 301 snps; 1 ambiguous bases; corrected 86 small insertions totaling 98 bases, 69 small deletions totaling 81 bases
Large collapsed region: contig_114:1916-12737 size 10822
# Attempting to fix local continuity breaks
# fix break: contig_114:708-956 0 -0 +0 NoSolution
# fix break: contig_114:1187-1218 0 -0 +0 NoSolution
# fix break: contig_114:1618-1877 0 -0 +0 NoSolution
# fix break: contig_114:2158-2194 0 -0 +0 NoSolution
# fix break: contig_114:2507 0 -0 +0 NoSolution
# fix break: contig_114:3906-4542 0 -0 +0 NoSolution
# fix break: contig_114:4797-4915 0 -0 +0 NoSolution
# fix break: contig_114:5668-5681 0 -0 +0 NoSolution
# fix break: contig_114:6452-6613 0 -0 +0 NoSolution
# fix break: contig_114:7321-7675 0 -0 +0 NoSolution
# fix break: contig_114:8254-8600 0 -0 +0 NoSolution
# fix break: contig_114:8872-9281 0 -0 +0 NoSolution
# fix break: contig_114:9549-9690 0 -0 +0 NoSolution
fix break: contig_114:10003-10101 9797 -470 +475 BreakFix
# fix break: contig_114:10303-11008 0 -0 +0 NoSolution
# fix break: contig_114:11776-12088 0 -0 +0 NoSolution
# fix break: contig_114:12342-12350 0 -0 +0 NoSolution
fix break: contig_114:12554-12806 12363 -609 +608 BreakFix
# fix break: contig_114:13129-13701 0 -0 +0 NoSolution
contig_114:1-18292 log:
Finished processing contig_114:1-18292
Processing contig_117:1-5561
frags analyses/03_polishing/pilon_output/chr3_aligned.bam: coverage 120
Total Reads: 5557, Coverage: 120, minDepth: 12
Confirmed 4003 of 5561 bases (71.98%)
Corrected 34 snps; 0 ambiguous bases; corrected 12 small insertions totaling 18 bases, 7 small deletions totaling 7 bases
# Attempting to fix local continuity breaks
# fix break: contig_117:3542-4070 0 -0 +0 NoSolution
fix break: contig_117:5304-5373 5077 -433 +432 BreakFix
contig_117:1-5561 log:
Finished processing contig_117:1-5561
Processing contig_119:1-48291
frags analyses/03_polishing/pilon_output/chr3_aligned.bam: coverage 200
Total Reads: 81183, Coverage: 200, minDepth: 20
Confirmed 30658 of 48291 bases (63.49%)
Corrected 858 snps; 7 ambiguous bases; corrected 256 small insertions totaling 285 bases, 188 small deletions totaling 220 bases
# Attempting to fix local continuity breaks
# fix break: contig_119:906-1046 0 -0 +0 NoSolution
# fix break: contig_119:1335-1365 0 -0 +0 NoSolution
# fix break: contig_119:3440-3460 0 -0 +0 NoSolution
# fix break: contig_119:4108-4131 0 -0 +0 NoSolution
# fix break: contig_119:4922 0 -0 +0 NoSolution
# fix break: contig_119:5408-5409 0 -0 +0 NoSolution
fix break: contig_119:5968 5702 -495 +494 BreakFix
fix break: contig_119:6195 5967 -230 +228 BreakFix
# fix break: contig_119:6861-10933 0 -0 +0 NoSolution
# fix break: contig_119:11374-14015 0 -0 +0 NoSolution
# fix break: contig_119:14218-17024 0 -0 +0 NoSolution
fix break: contig_119:18120-18132 17871 -504 +506 BreakFix
# fix break: contig_119:18374 0 -0 +0 NoSolution
# fix break: contig_119:18841-21519 0 -0 +0 NoSolution
# fix break: contig_119:21759-21971 0 -0 +0 NoSolution
# fix break: contig_119:22178-22938 0 -0 +0 NoSolution
# fix break: contig_119:23187-23428 0 -0 +0 NoSolution
# fix break: contig_119:23943-24310 0 -0 +0 NoSolution
# fix break: contig_119:24610-24659 0 -0 +0 NoSolution
# fix break: contig_119:25054-25645 0 -0 +0 NoSolution
# fix break: contig_119:26330-28367 0 -0 +0 NoSolution
# fix break: contig_119:28660-28729 0 -0 +0 NoSolution
# fix break: contig_119:29065-30280 0 -0 +0 NoSolution
# fix break: contig_119:30603-31468 0 -0 +0 NoSolution
# fix break: contig_119:31968-32109 0 -0 +0 NoSolution
fix break: contig_119:32714 32459 -448 +444 BreakFix
# fix break: contig_119:32976-33319 0 -0 +0 NoSolution
# fix break: contig_119:33550-35316 0 -0 +0 NoSolution
# fix break: contig_119:35519-35805 0 -0 +0 NoSolution
# fix break: contig_119:36264-36601 0 -0 +0 NoSolution
# fix break: contig_119:37550-37562 0 -0 +0 NoSolution
# fix break: contig_119:38808-38907 0 -0 +0 NoSolution
# fix break: contig_119:40045 0 -0 +0 NoSolution
# fix break: contig_119:40352-40365 0 -0 +0 NoSolution
# fix break: contig_119:41029 0 -0 +0 NoSolution
# fix break: contig_119:41372-41659 0 -0 +0 NoSolution
# fix break: contig_119:42847-42888 0 -0 +0 NoSolution
# fix break: contig_119:43848-43854 0 -0 +0 NoSolution
fix break: contig_119:46028-46040 45774 -529 +529 BreakFix
fix break: contig_119:46255 45988 -471 +474 BreakFix
# fix break: contig_119:47466 0 -0 +0 NoSolution
contig_119:1-48291 log:
Finished processing contig_119:1-48291
Processing contig_120:1-3705
frags analyses/03_polishing/pilon_output/chr3_aligned.bam: coverage 146
Total Reads: 4619, Coverage: 146, minDepth: 15
Confirmed 3415 of 3705 bases (92.17%)
Corrected 24 snps; 0 ambiguous bases; corrected 12 small insertions totaling 14 bases, 12 small deletions totaling 12 bases
# Attempting to fix local continuity breaks
# fix break: contig_120:755-790 0 -0 +0 NoSolution TandemRepeat 61
# fix break: contig_120:1297-1368 0 -0 +0 NoSolution TandemRepeat 61
# fix break: contig_120:1572-1600 0 -0 +0 NoSolution TandemRepeat 61
contig_120:1-3705 log:
Finished processing contig_120:1-3705
Processing contig_125:1-423241
frags analyses/03_polishing/pilon_output/chr3_aligned.bam: coverage 287
Total Reads: 991087, Coverage: 287, minDepth: 29
Confirmed 355512 of 423241 bases (84.00%)
Corrected 4510 snps; 4 ambiguous bases; corrected 1727 small insertions totaling 1916 bases, 1035 small deletions totaling 1200 bases
Large collapsed region: contig_125:241402-254745 size 13344
Large collapsed region: contig_125:257411-273199 size 15789
# Attempting to fix local continuity breaks
# fix break: contig_125:640-642 0 -0 +0 NoSolution
# fix break: contig_125:17322-17385 0 -0 +0 NoSolution
fix break: contig_125:18221-18242 17989 -448 +442 BreakFix
# fix break: contig_125:20184-20192 0 -0 +0 NoSolution
fix break: contig_125:20757 20585 -320 +317 BreakFix
fix break: contig_125:21822-22035 21693 -358 +352 BreakFix
# fix break: contig_125:22596 0 -0 +0 NoSolution
# fix break: contig_125:24807-24810 0 -0 +0 NoSolution
# fix break: contig_125:25412-25522 0 -0 +0 NoSolution
# fix break: contig_125:27602-27613 0 -0 +0 NoSolution
# fix break: contig_125:30456-30518 0 -0 +0 NoSolution
# fix break: contig_125:32409 0 -0 +0 NoSolution
# fix break: contig_125:36169-36189 0 -0 +0 NoSolution TandemRepeat 1
fix break: contig_125:39692-39701 39422 -387 +391 BreakFix
fix break: contig_125:41860-41946 41911 -237 +235 BreakFix
# fix break: contig_125:42761-42786 0 -0 +0 NoSolution
# fix break: contig_125:45734-45736 0 -0 +0 NoSolution
# fix break: contig_125:46802-46805 0 -0 +0 NoSolution
# fix break: contig_125:47567 0 -0 +0 NoSolution
# fix break: contig_125:52381 0 -0 +0 NoSolution
fix break: contig_125:64929-64935 64949 -165 +168 BreakFix
# fix break: contig_125:68517-68529 0 -0 +0 NoSolution
fix break: contig_125:68737-68841 68480 -599 +597 BreakFix
fix break: contig_125:69973-69980 69920 -170 +173 BreakFix
fix break: contig_125:70334-70343 70096 -449 +451 BreakFix
# fix break: contig_125:71043 0 -0 +0 NoSolution
# fix break: contig_125:71329-71332 0 -0 +0 NoSolution
# fix break: contig_125:74804-74817 0 -0 +0 NoSolution
# fix break: contig_125:75088-75351 0 -0 +0 NoSolution
fix break: contig_125:76984 76730 -310 +309 BreakFix
# fix break: contig_125:80259-80264 0 -0 +0 NoSolution
# fix break: contig_125:93233-93269 0 -0 +0 NoSolution
# fix break: contig_125:93558 0 -0 +0 NoSolution
# fix break: contig_125:94074 0 -0 +0 NoSolution
fix break: contig_125:94343-94668 94072 -769 +767 BreakFix
# fix break: contig_125:97156-97175 0 -0 +0 NoSolution
# fix break: contig_125:113409-113750 0 -0 +0 NoSolution
fix break: contig_125:117007-117008 116746 -471 +467 BreakFix
# fix break: contig_125:123776 0 -0 +0 NoSolution
# fix break: contig_125:124622 0 -0 +0 NoSolution
fix break: contig_125:130420-130423 130420 -269 +274 BreakFix
# fix break: contig_125:132578-132582 0 -0 +0 NoSolution
# fix break: contig_125:135152-135418 0 -0 +0 NoSolution
# fix break: contig_125:135705-135710 0 -0 +0 NoSolution
fix break: contig_125:147718-147757 147721 -268 +273 BreakFix
fix break: contig_125:151670-151697 151662 -240 +240 BreakFix
fix break: contig_125:153674-153680 153408 -450 +452 BreakFix
# fix break: contig_125:161907-162090 0 -0 +0 NoSolution
# fix break: contig_125:163476-163485 0 -0 +0 NoSolution
fix break: contig_125:163800-163812 163697 -325 +322 BreakFix
# fix break: contig_125:164319-164329 0 -0 +0 NoSolution
# fix break: contig_125:166681-166721 0 -0 +0 NoSolution TandemRepeat 2
# fix break: contig_125:167166-167187 0 -0 +0 NoSolution TandemRepeat 2
# fix break: contig_125:175861 0 -0 +0 NoSolution
# fix break: contig_125:182737-182797 0 -0 +0 NoSolution
# fix break: contig_125:185176-185180 0 -0 +0 NoSolution
# fix break: contig_125:186351-186359 0 -0 +0 NoSolution
# fix break: contig_125:187536-187548 0 -0 +0 NoSolution
# fix break: contig_125:187963-188112 0 -0 +0 NoSolution
fix break: contig_125:190500 190347 -412 +413 BreakFix
fix break: contig_125:191631-191650 191495 -317 +317 BreakFix
# fix break: contig_125:192536 0 -0 +0 NoSolution
# fix break: contig_125:192895-192914 0 -0 +0 NoSolution
# fix break: contig_125:193731-195043 0 -0 +0 NoSolution
# fix break: contig_125:195354-195541 0 -0 +0 NoSolution
# fix break: contig_125:197495-197499 0 -0 +0 NoSolution
# fix break: contig_125:198246-198250 0 -0 +0 NoSolution TandemRepeat 6
# fix break: contig_125:200500-200573 0 -0 +0 NoSolution TandemRepeat 2
# fix break: contig_125:201565-201622 0 -0 +0 NoSolution TandemRepeat 1
# fix break: contig_125:212584 0 -0 +0 NoSolution
# fix break: contig_125:214715-214716 0 -0 +0 NoSolution
fix break: contig_125:217547 217314 -501 +501 BreakFix
# fix break: contig_125:219922-219955 0 -0 +0 NoSolution
fix break: contig_125:220173-220189 219907 -537 +507 BreakFix
# fix break: contig_125:220758-220762 0 -0 +0 NoSolution
fix break: contig_125:221431-221557 221433 -125 +124 BreakFix
# fix break: contig_125:223127-224756 0 -0 +0 NoSolution
# fix break: contig_125:224995-225058 0 -0 +0 NoSolution
# fix break: contig_125:226848-227252 0 -0 +0 NoSolution
# fix break: contig_125:228670-228703 0 -0 +0 NoSolution
# fix break: contig_125:228959-228985 0 -0 +0 NoSolution
# fix break: contig_125:229247-229269 0 -0 +0 NoSolution
# fix break: contig_125:230644-231379 0 -0 +0 NoSolution
# fix break: contig_125:232457-232562 0 -0 +0 NoSolution
# fix break: contig_125:238168-238175 0 -0 +0 NoSolution
fix break: contig_125:238957-238967 238783 -417 +420 BreakFix
# fix break: contig_125:240092-240312 0 -0 +0 NoSolution
fix break: contig_125:240527 240296 -411 +409 BreakFix
# fix break: contig_125:241018-241477 0 -0 +0 NoSolution
fix break: contig_125:241831-243900 241573 -2572 +2570 BreakFix
# fix break: contig_125:244309 0 -0 +0 NoSolution
# fix break: contig_125:244601-244694 0 -0 +0 NoSolution
# fix break: contig_125:245047-246317 0 -0 +0 NoSolution
# fix break: contig_125:247013-247043 0 -0 +0 NoSolution
# fix break: contig_125:247350-247382 0 -0 +0 NoSolution
# fix break: contig_125:247706-247723 0 -0 +0 NoSolution
# fix break: contig_125:247938-248037 0 -0 +0 NoSolution
# fix break: contig_125:248349-248352 0 -0 +0 NoSolution
# fix break: contig_125:248800-249067 0 -0 +0 NoSolution
# fix break: contig_125:249300-249335 0 -0 +0 NoSolution
# fix break: contig_125:249556-249657 0 -0 +0 NoSolution
# fix break: contig_125:249881-249925 0 -0 +0 NoSolution
# fix break: contig_125:250230-250663 0 -0 +0 NoSolution
# fix break: contig_125:250873-251171 0 -0 +0 NoSolution
fix break: contig_125:251408-251691 251263 -412 +414 BreakFix
# fix break: contig_125:253161-253282 0 -0 +0 NoSolution
# fix break: contig_125:253560-253987 0 -0 +0 NoSolution
# fix break: contig_125:254312-254481 0 -0 +0 NoSolution
# fix break: contig_125:254785-254842 0 -0 +0 NoSolution
# fix break: contig_125:257254-258115 0 -0 +0 NoSolution
# fix break: contig_125:258329-258333 0 -0 +0 NoSolution
# fix break: contig_125:259194-259277 0 -0 +0 NoSolution
fix break: contig_125:259615-259622 259362 -516 +515 BreakFix
# fix break: contig_125:259978-259987 0 -0 +0 NoSolution
# fix break: contig_125:260570-260572 0 -0 +0 NoSolution
# fix break: contig_125:261833-261852 0 -0 +0 NoSolution
# fix break: contig_125:263534 0 -0 +0 NoSolution
# fix break: contig_125:263918-264089 0 -0 +0 NoSolution
# fix break: contig_125:265065-265073 0 -0 +0 NoSolution
# fix break: contig_125:265516-265522 0 -0 +0 NoSolution
# fix break: contig_125:266071 0 -0 +0 NoSolution
fix break: contig_125:266321 266070 -456 +448 BreakFix
fix break: contig_125:266850 266721 -260 +260 BreakFix
# fix break: contig_125:267315-267375 0 -0 +0 NoSolution
# fix break: contig_125:267649-267798 0 -0 +0 NoSolution
fix break: contig_125:268253-268263 268198 -318 +313 BreakFix
fix break: contig_125:268767-268773 268515 -438 +435 BreakFix
# fix break: contig_125:269539-269663 0 -0 +0 NoSolution
# fix break: contig_125:270559-271135 0 -0 +0 NoSolution
# fix break: contig_125:271372-271844 0 -0 +0 NoSolution
# fix break: contig_125:272518-272895 0 -0 +0 NoSolution
# fix break: contig_125:273655-273707 0 -0 +0 NoSolution
# fix break: contig_125:274581-274748 0 -0 +0 NoSolution
# fix break: contig_125:275794-276186 0 -0 +0 NoSolution
fix break: contig_125:277873-277916 277640 -386 +386 BreakFix
fix break: contig_125:279401-279417 279273 -166 +166 BreakFix
fix break: contig_125:281662-281756 281432 -495 +495 BreakFix
fix break: contig_125:290545-290824 290615 -308 +310 BreakFix
# fix break: contig_125:293214-293217 0 -0 +0 NoSolution
# fix break: contig_125:294647-294856 0 -0 +0 NoSolution
fix break: contig_125:295337 295164 -436 +432 BreakFix
fix break: contig_125:296321-296333 296067 -520 +517 BreakFix
# fix break: contig_125:296794-296897 0 -0 +0 NoSolution
fix break: contig_125:298760-298764 298576 -437 +438 BreakFix
fix break: contig_125:300194-300278 299921 -528 +528 BreakFix
# fix break: contig_125:300712-300786 0 -0 +0 NoSolution
# fix break: contig_125:301109-301159 0 -0 +0 NoSolution
fix break: contig_125:302434-302579 302372 -450 +449 BreakFix
fix break: contig_125:302824-302885 302551 -544 +542 BreakFix
# fix break: contig_125:303243-303449 0 -0 +0 NoSolution
# fix break: contig_125:304505-304980 0 -0 +0 NoSolution
# fix break: contig_125:305596-306538 0 -0 +0 NoSolution
# fix break: contig_125:306794-308444 0 -0 +0 NoSolution
# fix break: contig_125:308785-308788 0 -0 +0 NoSolution
# fix break: contig_125:309112 0 -0 +0 NoSolution
# fix break: contig_125:310820-310823 0 -0 +0 NoSolution
# fix break: contig_125:311031-311211 0 -0 +0 NoSolution
# fix break: contig_125:311537-311549 0 -0 +0 NoSolution
fix break: contig_125:312175-312176 311902 -486 +488 BreakFix
fix break: contig_125:312386-312589 312123 -678 +682 BreakFix
# fix break: contig_125:313061-313372 0 -0 +0 NoSolution
fix break: contig_125:314280-315130 314083 -1281 +1280 BreakFix
# fix break: contig_125:315363 0 -0 +0 NoSolution
# fix break: contig_125:315602 0 -0 +0 NoSolution
# fix break: contig_125:317145-317245 0 -0 +0 NoSolution
fix break: contig_125:317644-318148 317483 -802 +806 BreakFix
# fix break: contig_125:318478-318581 0 -0 +0 NoSolution
# fix break: contig_125:319070-319683 0 -0 +0 NoSolution
# fix break: contig_125:319892-319895 0 -0 +0 NoSolution
fix break: contig_125:320227-320456 320123 -519 +516 BreakFix
# fix break: contig_125:320968-321000 0 -0 +0 NoSolution
# fix break: contig_125:321400-322319 0 -0 +0 NoSolution
# fix break: contig_125:322652-323205 0 -0 +0 NoSolution
# fix break: contig_125:323467-324139 0 -0 +0 NoSolution
# fix break: contig_125:324519-324667 0 -0 +0 NoSolution
# fix break: contig_125:325024-325176 0 -0 +0 NoSolution
# fix break: contig_125:325698-325989 0 -0 +0 NoSolution
fix break: contig_125:326212-326244 325966 -301 +302 BreakFix
# fix break: contig_125:326645-326716 0 -0 +0 NoSolution
# fix break: contig_125:326922-328841 0 -0 +0 NoSolution TandemRepeat 106
# fix break: contig_125:329106-329331 0 -0 +0 NoSolution
# fix break: contig_125:329982-329994 0 -0 +0 NoSolution
# fix break: contig_125:331290-331292 0 -0 +0 NoSolution
fix break: contig_125:332346-332533 332083 -571 +568 BreakFix
fix break: contig_125:333049-333052 332870 -353 +355 BreakFix
# fix break: contig_125:335216-335218 0 -0 +0 NoSolution
# fix break: contig_125:336271-336405 0 -0 +0 NoSolution
# fix break: contig_125:336956-336960 0 -0 +0 NoSolution
# fix break: contig_125:337269 0 -0 +0 NoSolution
fix break: contig_125:338188-338192 337976 -475 +478 BreakFix
# fix break: contig_125:340532-340534 0 -0 +0 NoSolution
# fix break: contig_125:340794-340841 0 -0 +0 NoSolution
# fix break: contig_125:341633-341718 0 -0 +0 NoSolution
# fix break: contig_125:342516-342519 0 -0 +0 NoSolution
# fix break: contig_125:342806 0 -0 +0 NoSolution
fix break: contig_125:343425-343447 343285 -312 +315 BreakFix
# fix break: contig_125:344241-344245 0 -0 +0 NoSolution
# fix break: contig_125:344652-344819 0 -0 +0 NoSolution
fix break: contig_125:345445-345453 345173 -415 +413 BreakFix
fix break: contig_125:346579 346390 -373 +377 BreakFix
fix break: contig_125:348012-348083 347789 -552 +553 BreakFix
fix break: contig_125:349517-349600 349338 -491 +492 BreakFix
# fix break: contig_125:349932-350450 0 -0 +0 NoSolution
# fix break: contig_125:350689-351057 0 -0 +0 NoSolution
# fix break: contig_125:351557-354730 0 -0 +0 NoSolution
# fix break: contig_125:355830-355842 0 -0 +0 NoSolution
# fix break: contig_125:356243-356320 0 -0 +0 NoSolution
# fix break: contig_125:357257-359831 0 -0 +0 NoSolution
# fix break: contig_125:360070-360642 0 -0 +0 NoSolution
# fix break: contig_125:360899-362653 0 -0 +0 NoSolution
# fix break: contig_125:362980-363348 0 -0 +0 NoSolution
# fix break: contig_125:363669-364932 0 -0 +0 NoSolution
fix break: contig_125:365402-365410 365228 -430 +433 BreakFix
# fix break: contig_125:366908-367703 0 -0 +0 NoSolution
# fix break: contig_125:367979-367980 0 -0 +0 NoSolution
# fix break: contig_125:368195-368234 0 -0 +0 NoSolution
# fix break: contig_125:368471-368733 0 -0 +0 NoSolution
# fix break: contig_125:369112-369119 0 -0 +0 NoSolution
fix break: contig_125:369388-369686 369165 -702 +706 BreakFix
# fix break: contig_125:371074-371531 0 -0 +0 NoSolution
# fix break: contig_125:371838-382003 0 -0 +0 NoSolution
# fix break: contig_125:382710-383441 0 -0 +0 NoSolution
# fix break: contig_125:383952-384231 0 -0 +0 NoSolution
# fix break: contig_125:384532-384736 0 -0 +0 NoSolution
# fix break: contig_125:386599-386647 0 -0 +0 NoSolution
fix break: contig_125:390279-390579 390259 -497 +497 BreakFix
# fix break: contig_125:390964-393183 0 -0 +0 NoSolution
# fix break: contig_125:393412-398325 0 -0 +0 NoSolution
contig_125:1-423241 log:
Finished processing contig_125:1-423241
Processing contig_126:1-49605
frags analyses/03_polishing/pilon_output/chr3_aligned.bam: coverage 266
Total Reads: 110982, Coverage: 266, minDepth: 27
Confirmed 40368 of 49605 bases (81.38%)
Corrected 844 snps; 1 ambiguous bases; corrected 281 small insertions totaling 306 bases, 163 small deletions totaling 185 bases
# Attempting to fix local continuity breaks
# fix break: contig_126:8766-8783 0 -0 +0 NoSolution
# fix break: contig_126:9345-9360 0 -0 +0 NoSolution
# fix break: contig_126:9661 0 -0 +0 NoSolution
# fix break: contig_126:12295-12352 0 -0 +0 NoSolution
# fix break: contig_126:13839-13861 0 -0 +0 NoSolution
# fix break: contig_126:14626-14650 0 -0 +0 NoSolution
# fix break: contig_126:17128-17206 0 -0 +0 NoSolution
fix break: contig_126:18997-19409 18803 -871 +870 BreakFix
# fix break: contig_126:20017-20071 0 -0 +0 NoSolution
# fix break: contig_126:21470 0 -0 +0 NoSolution
# fix break: contig_126:21784-21796 0 -0 +0 NoSolution
# fix break: contig_126:23531 0 -0 +0 NoSolution
fix break: contig_126:24792-24820 24605 -376 +381 BreakFix
fix break: contig_126:25307 25305 -205 +205 BreakFix
fix break: contig_126:25509 25305 -342 +341 BreakFix
# fix break: contig_126:26233 0 -0 +0 NoSolution
fix break: contig_126:27634-27647 27376 -268 +272 BreakFix
# fix break: contig_126:27980-28003 0 -0 +0 NoSolution
# fix break: contig_126:28542-28684 0 -0 +0 NoSolution
# fix break: contig_126:29208-29298 0 -0 +0 NoSolution
# fix break: contig_126:29637 0 -0 +0 NoSolution
fix break: contig_126:30250-30254 30099 -411 +414 BreakFix
fix break: contig_126:31811-31996 31544 -633 +643 BreakFix
# fix break: contig_126:32460-32462 0 -0 +0 NoSolution
# fix break: contig_126:33552-33589 0 -0 +0 NoSolution
fix break: contig_126:33896-33901 33800 -356 +359 BreakFix
# fix break: contig_126:34765-34842 0 -0 +0 NoSolution
# fix break: contig_126:35608-35610 0 -0 +0 NoSolution
# fix break: contig_126:37654-37661 0 -0 +0 NoSolution
fix break: contig_126:39165-39173 38907 -432 +432 BreakFix
# fix break: contig_126:39782-39789 0 -0 +0 NoSolution
# fix break: contig_126:40105 0 -0 +0 NoSolution
fix break: contig_126:40459-40501 40256 -515 +516 BreakFix
# fix break: contig_126:41177-41189 0 -0 +0 NoSolution
fix break: contig_126:42403 42240 -433 +432 BreakFix
fix break: contig_126:43086 42979 -374 +376 BreakFix
# fix break: contig_126:43489 0 -0 +0 NoSolution
# fix break: contig_126:44826-44849 0 -0 +0 NoSolution
# fix break: contig_126:45407-45726 0 -0 +0 NoSolution
# fix break: contig_126:45954-45969 0 -0 +0 NoSolution
# fix break: contig_126:46585-47344 0 -0 +0 NoSolution
# fix break: contig_126:47719 0 -0 +0 NoSolution
fix break: contig_126:48704-48709 48475 -502 +501 BreakFix
# fix break: contig_126:48940-49005 0 -0 +0 NoSolution
contig_126:1-49605 log:
Finished processing contig_126:1-49605
Processing contig_127:1-8953
frags analyses/03_polishing/pilon_output/chr3_aligned.bam: coverage 157
Total Reads: 11476, Coverage: 157, minDepth: 16
Confirmed 8677 of 8953 bases (96.92%)
Corrected 101 snps; 0 ambiguous bases; corrected 26 small insertions totaling 28 bases, 19 small deletions totaling 20 bases
# Attempting to fix local continuity breaks
fix break: contig_127:318-321 218 -237 +236 BreakFix
fix break: contig_127:1137-1186 909 -458 +460 BreakFix
# fix break: contig_127:2298-2526 0 -0 +0 NoSolution
# fix break: contig_127:8261 0 -0 +0 NoSolution
contig_127:1-8953 log:
Finished processing contig_127:1-8953
Processing contig_128:1-1082798
frags analyses/03_polishing/pilon_output/chr3_aligned.bam: coverage 320
Total Reads: 2794955, Coverage: 320, minDepth: 32
Confirmed 1052772 of 1082798 bases (97.23%)
Corrected 4257 snps; 22 ambiguous bases; corrected 3159 small insertions totaling 3481 bases, 1193 small deletions totaling 1423 bases
# Attempting to fix local continuity breaks
# fix break: contig_128:1144-4209 0 -0 +0 NoSolution
# fix break: contig_128:4509-4550 0 -0 +0 NoSolution TandemRepeat 1
# fix break: contig_128:4947-5130 0 -0 +0 NoSolution TandemRepeat 1
# fix break: contig_128:5943-5945 0 -0 +0 NoSolution
# fix break: contig_128:6506-6525 0 -0 +0 NoSolution
# fix break: contig_128:6809-6843 0 -0 +0 NoSolution
# fix break: contig_128:10750-10853 0 -0 +0 NoSolution TandemRepeat 2
# fix break: contig_128:12200-12306 0 -0 +0 NoSolution TandemRepeat 51
# fix break: contig_128:14090-14249 0 -0 +0 NoSolution TandemRepeat 38
# fix break: contig_128:27634-27822 0 -0 +0 NoSolution TandemRepeat 24
# fix break: contig_128:28075-28083 0 -0 +0 NoSolution TandemRepeat 24
# fix break: contig_128:29134 0 -0 +0 NoSolution
# fix break: contig_128:30236 0 -0 +0 NoSolution
fix break: contig_128:31599-31603 31576 -237 +241 BreakFix
# fix break: contig_128:44143-44210 0 -0 +0 NoSolution
# fix break: contig_128:47996 0 -0 +0 NoSolution
# fix break: contig_128:48234-48237 0 -0 +0 NoSolution
# fix break: contig_128:48878-48911 0 -0 +0 NoSolution
# fix break: contig_128:53438-53455 0 -0 +0 NoSolution
# fix break: contig_128:60874 0 -0 +0 NoSolution
fix break: contig_128:61636 61834 -31 +33 BreakFix
# fix break: contig_128:65040-65049 0 -0 +0 NoSolution TandemRepeat 52
fix break: contig_128:107542-107688 107445 -92 +94 BreakFix
# fix break: contig_128:108664-108672 0 -0 +0 NoSolution
fix break: contig_128:110088 110087 -183 +179 BreakFix
# fix break: contig_128:110400-110427 0 -0 +0 NoSolution
fix break: contig_128:111766-111861 111631 -395 +369 BreakFix
# fix break: contig_128:115736-115790 0 -0 +0 NoSolution
# fix break: contig_128:116800-116913 0 -0 +0 NoSolution
# fix break: contig_128:123918-123992 0 -0 +0 NoSolution TandemRepeat 1
# fix break: contig_128:127481-127492 0 -0 +0 NoSolution
# fix break: contig_128:137010-137439 0 -0 +0 NoSolution
fix break: contig_128:142500-142612 142227 -386 +385 BreakFix
# fix break: contig_128:145064-145088 0 -0 +0 NoSolution
# fix break: contig_128:145649-149074 0 -0 +0 NoSolution
fix break: contig_128:149291-149301 149046 -433 +436 BreakFix
fix break: contig_128:154515-154591 154544 -33 +32 BreakFix
fix break: contig_128:155037-155043 155037 -108 +110 BreakFix
fix break: contig_128:156145 155963 -338 +336 BreakFix
# fix break: contig_128:157683-157697 0 -0 +0 NoSolution
fix break: contig_128:167299-167342 167302 -215 +217 BreakFix
# fix break: contig_128:167588-167698 0 -0 +0 NoSolution
fix break: contig_128:168244-168259 167984 -502 +507 BreakFix
fix break: contig_128:168591-168605 168333 -492 +497 BreakFix
# fix break: contig_128:169247-169325 0 -0 +0 NoSolution
# fix break: contig_128:169788-169791 0 -0 +0 NoSolution
# fix break: contig_128:170001-170022 0 -0 +0 NoSolution
# fix break: contig_128:171168-171199 0 -0 +0 NoSolution
# fix break: contig_128:172883-172952 0 -0 +0 NoSolution
fix break: contig_128:185251-185508 185371 -22 +6 BreakFix
# fix break: contig_128:186185-186187 0 -0 +0 NoSolution
# fix break: contig_128:192620-192747 0 -0 +0 NoSolution
# fix break: contig_128:218646-218650 0 -0 +0 NoSolution
# fix break: contig_128:219940-219959 0 -0 +0 NoSolution
# fix break: contig_128:225483-225513 0 -0 +0 NoSolution
# fix break: contig_128:233200-233331 0 -0 +0 NoSolution TandemRepeat 23
# fix break: contig_128:234177-234187 0 -0 +0 NoSolution
fix break: contig_128:235545 235544 -271 +271 BreakFix
# fix break: contig_128:236100-236102 0 -0 +0 NoSolution
fix break: contig_128:236495-236499 236238 -360 +362 BreakFix
fix break: contig_128:237152-237155 237152 -108 +105 BreakFix
fix break: contig_128:238123-238138 237855 -318 +319 BreakFix
fix break: contig_128:238914-238919 238875 -187 +189 BreakFix
# fix break: contig_128:243020-243024 0 -0 +0 NoSolution TandemRepeat 27
# fix break: contig_128:263888-264112 0 -0 +0 NoSolution
# fix break: contig_128:266721-266723 0 -0 +0 NoSolution
# fix break: contig_128:268739 0 -0 +0 NoSolution
# fix break: contig_128:269580-269741 0 -0 +0 NoSolution TandemRepeat 57
fix break: contig_128:275436-275646 275172 -574 +579 BreakFix
# fix break: contig_128:277548-277550 0 -0 +0 NoSolution
# fix break: contig_128:294206-294212 0 -0 +0 NoSolution
# fix break: contig_128:309157-309162 0 -0 +0 NoSolution TandemRepeat 64
# fix break: contig_128:309642-309787 0 -0 +0 NoSolution TandemRepeat 64
# fix break: contig_128:310050 0 -0 +0 NoSolution TandemRepeat 64
# fix break: contig_128:315977-315981 0 -0 +0 NoSolution
# fix break: contig_128:317357-317362 0 -0 +0 NoSolution
# fix break: contig_128:338382-338461 0 -0 +0 NoSolution
fix break: contig_128:339175-339177 338996 -436 +444 BreakFix
# fix break: contig_128:339743-339822 0 -0 +0 NoSolution TandemRepeat 57
# fix break: contig_128:341262-341314 0 -0 +0 NoSolution
# fix break: contig_128:341994-342043 0 -0 +0 NoSolution TandemRepeat 1
fix break: contig_128:342461-342489 342243 -438 +433 BreakFix
fix break: contig_128:343027-343070 342902 -411 +410 BreakFix
fix break: contig_128:343500-343519 343233 -552 +553 BreakFix
# fix break: contig_128:343775-343792 0 -0 +0 NoSolution
fix break: contig_128:344396-344400 344236 -333 +333 BreakFix
fix break: contig_128:346093-346233 346070 -422 +419 BreakFix
# fix break: contig_128:347328-347366 0 -0 +0 NoSolution
# fix break: contig_128:348078-348094 0 -0 +0 NoSolution
# fix break: contig_128:348483-348498 0 -0 +0 NoSolution
# fix break: contig_128:348893-349552 0 -0 +0 NoSolution
fix break: contig_128:349898-349925 349647 -266 +266 BreakFix
# fix break: contig_128:351043-353782 0 -0 +0 NoSolution
fix break: contig_128:353999-354036 353755 -381 +384 BreakFix
# fix break: contig_128:354371-355420 0 -0 +0 NoSolution
# fix break: contig_128:355630-356106 0 -0 +0 NoSolution
# fix break: contig_128:356633-356801 0 -0 +0 NoSolution TandemRepeat 157
# fix break: contig_128:357068-357958 0 -0 +0 NoSolution TandemRepeat 157
# fix break: contig_128:358190-358261 0 -0 +0 NoSolution
# fix break: contig_128:358500-358587 0 -0 +0 NoSolution
# fix break: contig_128:359065-359229 0 -0 +0 NoSolution
# fix break: contig_128:359567-359706 0 -0 +0 NoSolution
# fix break: contig_128:360048-363439 0 -0 +0 NoSolution
# fix break: contig_128:363746-363753 0 -0 +0 NoSolution
fix break: contig_128:363968-364017 363731 -284 +280 BreakFix
# fix break: contig_128:364473 0 -0 +0 NoSolution
# fix break: contig_128:364822-364836 0 -0 +0 NoSolution
# fix break: contig_128:365091 0 -0 +0 NoSolution
# fix break: contig_128:366674-366677 0 -0 +0 NoSolution
# fix break: contig_128:366892-367087 0 -0 +0 NoSolution
# fix break: contig_128:368402-368439 0 -0 +0 NoSolution
# fix break: contig_128:368757-368890 0 -0 +0 NoSolution
# fix break: contig_128:369224-369270 0 -0 +0 NoSolution
# fix break: contig_128:369754-369806 0 -0 +0 NoSolution
# fix break: contig_128:370092-370105 0 -0 +0 NoSolution
# fix break: contig_128:370676-370757 0 -0 +0 NoSolution
# fix break: contig_128:372103-372117 0 -0 +0 NoSolution
# fix break: contig_128:374404 0 -0 +0 NoSolution
# fix break: contig_128:375594-375612 0 -0 +0 NoSolution
# fix break: contig_128:377202-377240 0 -0 +0 NoSolution
# fix break: contig_128:377688-377705 0 -0 +0 NoSolution
# fix break: contig_128:378185-378307 0 -0 +0 NoSolution
fix break: contig_128:380804-380923 380541 -620 +620 BreakFix
# fix break: contig_128:382007-382181 0 -0 +0 NoSolution
fix break: contig_128:382617 382513 -338 +339 BreakFix
# fix break: contig_128:383458 0 -0 +0 NoSolution
# fix break: contig_128:383894-384061 0 -0 +0 NoSolution
fix break: contig_128:385192-385347 385049 -456 +453 BreakFix
fix break: contig_128:385778-385782 385505 -505 +510 BreakFix
# fix break: contig_128:386278-386286 0 -0 +0 NoSolution
# fix break: contig_128:386772-386784 0 -0 +0 NoSolution
# fix break: contig_128:398363-399201 0 -0 +0 NoSolution TandemRepeat 41
# fix break: contig_128:409404-409417 0 -0 +0 NoSolution
# fix break: contig_128:411616-411674 0 -0 +0 NoSolution
fix break: contig_128:417301-417321 417130 -422 +425 BreakFix
# fix break: contig_128:419233-419256 0 -0 +0 NoSolution
# fix break: contig_128:420721-420893 0 -0 +0 NoSolution
# fix break: contig_128:425061-425064 0 -0 +0 NoSolution
fix break: contig_128:446840 446583 -377 +373 BreakFix
# fix break: contig_128:448957 0 -0 +0 NoSolution
# fix break: contig_128:449644 0 -0 +0 NoSolution
# fix break: contig_128:453002-453017 0 -0 +0 NoSolution
# fix break: contig_128:454368-454369 0 -0 +0 NoSolution
# fix break: contig_128:456176-456268 0 -0 +0 NoSolution
# fix break: contig_128:465217-465271 0 -0 +0 NoSolution
# fix break: contig_128:465715-465992 0 -0 +0 NoSolution
# fix break: contig_128:466929-466998 0 -0 +0 NoSolution
# fix break: contig_128:468671-468820 0 -0 +0 NoSolution
# fix break: contig_128:473908-473911 0 -0 +0 NoSolution
fix break: contig_128:487716-487847 487596 -367 +377 BreakFix
# fix break: contig_128:488295-488303 0 -0 +0 NoSolution
# fix break: contig_128:499818-499872 0 -0 +0 NoSolution TandemRepeat 2
# fix break: contig_128:502151-502152 0 -0 +0 NoSolution TandemRepeat 21
fix break: contig_128:505964-505969 505964 -87 +89 BreakFix
fix break: contig_128:509869-509911 509617 -541 +534 BreakFix
# fix break: contig_128:510244 0 -0 +0 NoSolution
fix break: contig_128:510872 510648 -427 +429 BreakFix
# fix break: contig_128:511169 0 -0 +0 NoSolution
# fix break: contig_128:519889-519975 0 -0 +0 NoSolution TandemRepeat 15
fix break: contig_128:521204-521500 521376 -302 +302 BreakFix
fix break: contig_128:524733-524869 524521 -520 +523 BreakFix
# fix break: contig_128:526611-526617 0 -0 +0 NoSolution
# fix break: contig_128:528595-528598 0 -0 +0 NoSolution TandemRepeat 26
# fix break: contig_128:529068-529211 0 -0 +0 NoSolution TandemRepeat 26
# fix break: contig_128:529497-529881 0 -0 +0 NoSolution
fix break: contig_128:531051-531108 530866 -450 +457 BreakFix
# fix break: contig_128:531511-531896 0 -0 +0 NoSolution
# fix break: contig_128:537642 0 -0 +0 NoSolution
# fix break: contig_128:544855-544857 0 -0 +0 NoSolution
# fix break: contig_128:552157-552173 0 -0 +0 NoSolution
fix break: contig_128:572433 572362 -334 +333 BreakFix
# fix break: contig_128:581781-581935 0 -0 +0 NoSolution
# fix break: contig_128:583072-583077 0 -0 +0 NoSolution
# fix break: contig_128:593560-593776 0 -0 +0 NoSolution TandemRepeat 30
fix break: contig_128:600611 600610 -215 +213 BreakFix
# fix break: contig_128:601789-601796 0 -0 +0 NoSolution
fix break: contig_128:602251 602037 -215 +213 BreakFix
# fix break: contig_128:602794-602810 0 -0 +0 NoSolution
# fix break: contig_128:603378-603504 0 -0 +0 NoSolution
# fix break: contig_128:607181-607196 0 -0 +0 NoSolution
fix break: contig_128:618199-618203 618002 -322 +326 BreakFix
fix break: contig_128:638234-638278 637998 -353 +360 BreakFix
fix break: contig_128:638866-639078 638814 -231 +236 BreakFix
# fix break: contig_128:658369-658522 0 -0 +0 NoSolution TandemRepeat 14
# fix break: contig_128:672314-672319 0 -0 +0 NoSolution TandemRepeat 20
# fix break: contig_128:674044-674067 0 -0 +0 NoSolution TandemRepeat 18
# fix break: contig_128:694251-694483 0 -0 +0 NoSolution
# fix break: contig_128:697031-697040 0 -0 +0 NoSolution
fix break: contig_128:720104-720138 719838 -457 +435 BreakFix
# fix break: contig_128:740955-740967 0 -0 +0 NoSolution
# fix break: contig_128:745538-745540 0 -0 +0 NoSolution
# fix break: contig_128:745949-746104 0 -0 +0 NoSolution
# fix break: contig_128:747544-747934 0 -0 +0 NoSolution
fix break: contig_128:748797-748811 748534 -507 +509 BreakFix
fix break: contig_128:749153 749041 -336 +336 BreakFix
# fix break: contig_128:758460-758546 0 -0 +0 NoSolution
# fix break: contig_128:762166-762265 0 -0 +0 NoSolution
fix break: contig_128:763110-763121 762935 -347 +349 BreakFix
# fix break: contig_128:771653 0 -0 +0 NoSolution
fix break: contig_128:772601-772618 772491 -378 +378 BreakFix
fix break: contig_128:774081-774087 773988 -274 +275 BreakFix
fix break: contig_128:775802 775766 -305 +307 BreakFix
# fix break: contig_128:788820-788841 0 -0 +0 NoSolution
# fix break: contig_128:790518-790523 0 -0 +0 NoSolution
# fix break: contig_128:799965-799976 0 -0 +0 NoSolution TandemRepeat 224
# fix break: contig_128:800479-800490 0 -0 +0 NoSolution TandemRepeat 224
# fix break: contig_128:820885-821099 0 -0 +0 NoSolution
# fix break: contig_128:830178-830184 0 -0 +0 NoSolution
fix break: contig_128:841338-841360 841169 -462 +450 BreakFix
# fix break: contig_128:842288-842451 0 -0 +0 NoSolution
fix break: contig_128:848836-848943 848601 -107 +110 BreakFix
# fix break: contig_128:851006-851027 0 -0 +0 NoSolution
fix break: contig_128:854588-854749 854456 -547 +550 BreakFix
fix break: contig_128:857635-857713 857480 -486 +489 BreakFix
# fix break: contig_128:865281 0 -0 +0 NoSolution
fix break: contig_128:870480-870486 870293 -458 +459 BreakFix
fix break: contig_128:872381-872385 872199 -411 +408 BreakFix
fix break: contig_128:872748 872597 -200 +198 BreakFix
# fix break: contig_128:874504 0 -0 +0 NoSolution
fix break: contig_128:877861-877869 877873 -39 +41 BreakFix
fix break: contig_128:879579-879792 879602 -268 +272 BreakFix
fix break: contig_128:880584-880590 880469 -395 +398 BreakFix
fix break: contig_128:891475-891478 891297 -296 +297 BreakFix
# fix break: contig_128:892084 0 -0 +0 NoSolution
# fix break: contig_128:892599-892605 0 -0 +0 NoSolution
# fix break: contig_128:899674-899685 0 -0 +0 NoSolution
fix break: contig_128:900171-900176 899923 -495 +499 BreakFix
# fix break: contig_128:900549-900763 0 -0 +0 NoSolution
# fix break: contig_128:901258-901259 0 -0 +0 NoSolution
# fix break: contig_128:901750 0 -0 +0 NoSolution
# fix break: contig_128:901975-901984 0 -0 +0 NoSolution
# fix break: contig_128:902564 0 -0 +0 NoSolution
fix break: contig_128:905507-905515 905277 -511 +507 BreakFix
# fix break: contig_128:905965-905967 0 -0 +0 NoSolution
fix break: contig_128:916475-916543 916211 -518 +519 BreakFix
# fix break: contig_128:916969-917362 0 -0 +0 NoSolution
# fix break: contig_128:923756-923763 0 -0 +0 NoSolution
fix break: contig_128:932526-932683 932698 -223 +225 BreakFix
# fix break: contig_128:935889 0 -0 +0 NoSolution
fix break: contig_128:936159 935888 -537 +534 BreakFix
# fix break: contig_128:936469-936476 0 -0 +0 NoSolution
# fix break: contig_128:947226-947349 0 -0 +0 NoSolution
# fix break: contig_128:947641-947663 0 -0 +0 NoSolution
# fix break: contig_128:947911-948124 0 -0 +0 NoSolution
fix break: contig_128:948844-948982 948585 -644 +651 BreakFix
# fix break: contig_128:949878-949956 0 -0 +0 NoSolution
# fix break: contig_128:950273-950532 0 -0 +0 NoSolution
# fix break: contig_128:951833-951853 0 -0 +0 NoSolution
# fix break: contig_128:952277-952303 0 -0 +0 NoSolution
# fix break: contig_128:952698-952705 0 -0 +0 NoSolution
# fix break: contig_128:953151-953350 0 -0 +0 NoSolution
# fix break: contig_128:954249-954332 0 -0 +0 NoSolution
# fix break: contig_128:954620-955219 0 -0 +0 NoSolution
# fix break: contig_128:955646-955667 0 -0 +0 NoSolution
# fix break: contig_128:956911-957353 0 -0 +0 NoSolution
# fix break: contig_128:957861-957864 0 -0 +0 NoSolution
fix break: contig_128:958070-958098 957861 -474 +473 BreakFix
# fix break: contig_128:959216-959243 0 -0 +0 NoSolution
# fix break: contig_128:959512-959513 0 -0 +0 NoSolution
fix break: contig_128:960226-960231 959965 -451 +456 BreakFix
# fix break: contig_128:961095-961134 0 -0 +0 NoSolution
fix break: contig_128:973088 972990 -142 +141 BreakFix
# fix break: contig_128:975490 0 -0 +0 NoSolution
# fix break: contig_128:1026423-1026627 0 -0 +0 NoSolution
fix break: contig_128:1026946-1026950 1026732 -361 +358 BreakFix
fix break: contig_128:1043612-1043616 1043419 -436 +438 BreakFix
# fix break: contig_128:1074343-1074401 0 -0 +0 NoSolution
# fix break: contig_128:1074874-1075581 0 -0 +0 NoSolution
# fix break: contig_128:1075796-1075839 0 -0 +0 NoSolution
# fix break: contig_128:1076192 0 -0 +0 NoSolution
# fix break: contig_128:1076458-1076493 0 -0 +0 NoSolution
fix break: contig_128:1076956-1077039 1076773 -403 +404 BreakFix
# fix break: contig_128:1077307-1077330 0 -0 +0 NoSolution
fix break: contig_128:1077979-1078053 1077892 -404 +405 BreakFix
fix break: contig_128:1078491-1079215 1078295 -1066 +1065 BreakFix
# fix break: contig_128:1079475-1079726 0 -0 +0 NoSolution
# fix break: contig_128:1079933-1080218 0 -0 +0 NoSolution
# fix break: contig_128:1081214-1081733 0 -0 +0 NoSolution
fix break: contig_128:1081958-1082030 1081709 -355 +356 BreakFix
contig_128:1-1082798 log:
Finished processing contig_128:1-1082798
Processing contig_13:1-19761
frags analyses/03_polishing/pilon_output/chr3_aligned.bam: coverage 236
Total Reads: 38638, Coverage: 236, minDepth: 24
Confirmed 18549 of 19761 bases (93.87%)
Corrected 488 snps; 0 ambiguous bases; corrected 142 small insertions totaling 151 bases, 100 small deletions totaling 110 bases
# Attempting to fix local continuity breaks
# fix break: contig_13:637-1097 0 -0 +0 NoSolution
# fix break: contig_13:2052 0 -0 +0 NoSolution
fix break: contig_13:2885-2927 2688 -446 +450 BreakFix
fix break: contig_13:4123-4128 3861 -534 +535 BreakFix
fix break: contig_13:4383-4473 4359 -388 +390 BreakFix
# fix break: contig_13:5297-5337 0 -0 +0 NoSolution
fix break: contig_13:6308-6378 6122 -524 +530 BreakFix
# fix break: contig_13:7559-7564 0 -0 +0 NoSolution
# fix break: contig_13:8033-8037 0 -0 +0 NoSolution
# fix break: contig_13:8455-8652 0 -0 +0 NoSolution
# fix break: contig_13:9407-9621 0 -0 +0 NoSolution TandemRepeat 48
# fix break: contig_13:9868-10041 0 -0 +0 NoSolution TandemRepeat 48
# fix break: contig_13:13479-13678 0 -0 +0 NoSolution
# fix break: contig_13:13999 0 -0 +0 NoSolution
# fix break: contig_13:14804-14814 0 -0 +0 NoSolution
# fix break: contig_13:17883-17954 0 -0 +0 NoSolution
contig_13:1-19761 log:
Finished processing contig_13:1-19761
Processing contig_130:1-17035
frags analyses/03_polishing/pilon_output/chr3_aligned.bam: coverage 147
Total Reads: 19964, Coverage: 147, minDepth: 15
Confirmed 16447 of 17035 bases (96.55%)
Corrected 32 snps; 0 ambiguous bases; corrected 15 small insertions totaling 18 bases, 20 small deletions totaling 24 bases
# Attempting to fix local continuity breaks
# fix break: contig_130:3929-3953 0 -0 +0 NoSolution
# fix break: contig_130:4454-4478 0 -0 +0 NoSolution
# fix break: contig_130:5155-5198 0 -0 +0 NoSolution
# fix break: contig_130:5641-5856 0 -0 +0 NoSolution
# fix break: contig_130:6379-6476 0 -0 +0 NoSolution TandemRepeat 344
# fix break: contig_130:7152-7243 0 -0 +0 NoSolution TandemRepeat 172
# fix break: contig_130:10879-10998 0 -0 +0 NoSolution
# fix break: contig_130:14441-14467 0 -0 +0 NoSolution
contig_130:1-17035 log:
Finished processing contig_130:1-17035
Processing contig_132:1-387661
frags analyses/03_polishing/pilon_output/chr3_aligned.bam: coverage 317
Total Reads: 988633, Coverage: 317, minDepth: 32
Confirmed 379843 of 387661 bases (97.98%)
Corrected 1147 snps; 7 ambiguous bases; corrected 1006 small insertions totaling 1086 bases, 314 small deletions totaling 407 bases
# Attempting to fix local continuity breaks
fix break: contig_132:775-786 687 -100 +109 BreakFix
# fix break: contig_132:2039-2525 0 -0 +0 NoSolution
# fix break: contig_132:2770-3397 0 -0 +0 NoSolution
# fix break: contig_132:4323 0 -0 +0 NoSolution
# fix break: contig_132:4603-4606 0 -0 +0 NoSolution
# fix break: contig_132:13292-13315 0 -0 +0 NoSolution TandemRepeat 69
# fix break: contig_132:15234-15257 0 -0 +0 NoSolution
# fix break: contig_132:46541-46553 0 -0 +0 NoSolution
# fix break: contig_132:63892-63895 0 -0 +0 NoSolution
# fix break: contig_132:64556-64650 0 -0 +0 NoSolution
fix break: contig_132:68036-68208 67812 -624 +629 BreakFix
fix break: contig_132:70433-70444 70379 -293 +295 BreakFix
# fix break: contig_132:72577-72588 0 -0 +0 NoSolution
# fix break: contig_132:73044-73365 0 -0 +0 NoSolution
# fix break: contig_132:75089 0 -0 +0 NoSolution
# fix break: contig_132:75507-75508 0 -0 +0 NoSolution
# fix break: contig_132:76325-76475 0 -0 +0 NoSolution TandemRepeat 45
# fix break: contig_132:83389-83955 0 -0 +0 NoSolution
fix break: contig_132:96361-96389 96234 -393 +394 BreakFix
# fix break: contig_132:101229-101249 0 -0 +0 NoSolution
# fix break: contig_132:114737-114740 0 -0 +0 NoSolution
fix break: contig_132:115240-115253 114997 -505 +504 BreakFix
fix break: contig_132:115672-115676 115502 -196 +194 BreakFix
fix break: contig_132:116260-116649 116072 -759 +754 BreakFix
# fix break: contig_132:117366-117449 0 -0 +0 NoSolution
# fix break: contig_132:117920-117935 0 -0 +0 NoSolution
fix break: contig_132:121121-121130 121007 -388 +389 BreakFix
# fix break: contig_132:121799-122014 0 -0 +0 NoSolution
# fix break: contig_132:123980-123989 0 -0 +0 NoSolution
# fix break: contig_132:124205-124318 0 -0 +0 NoSolution
fix break: contig_132:124725-124736 124580 -323 +322 BreakFix
# fix break: contig_132:133241-133338 0 -0 +0 NoSolution
# fix break: contig_132:135163-136006 0 -0 +0 NoSolution
# fix break: contig_132:141627-141644 0 -0 +0 NoSolution
# fix break: contig_132:149229-149253 0 -0 +0 NoSolution
# fix break: contig_132:159296-159469 0 -0 +0 NoSolution
# fix break: contig_132:160504-160506 0 -0 +0 NoSolution
fix break: contig_132:160901 160677 -320 +321 BreakFix
# fix break: contig_132:164692-164700 0 -0 +0 NoSolution
fix break: contig_132:166375 166131 -245 +248 BreakFix
# fix break: contig_132:167752 0 -0 +0 NoSolution
# fix break: contig_132:168082-168089 0 -0 +0 NoSolution
# fix break: contig_132:182239-182247 0 -0 +0 NoSolution
# fix break: contig_132:195750-195942 0 -0 +0 NoSolution
# fix break: contig_132:196297-196318 0 -0 +0 NoSolution
# fix break: contig_132:198081-198116 0 -0 +0 NoSolution
# fix break: contig_132:199388-199509 0 -0 +0 NoSolution
fix break: contig_132:200093-200157 199968 -436 +436 BreakFix
# fix break: contig_132:200963-201087 0 -0 +0 NoSolution
# fix break: contig_132:201870 0 -0 +0 NoSolution
fix break: contig_132:202246 202071 -355 +351 BreakFix
# fix break: contig_132:202697-202725 0 -0 +0 NoSolution
fix break: contig_132:206986 206794 -193 +193 BreakFix
# fix break: contig_132:248954-248963 0 -0 +0 NoSolution TandemRepeat 48
# fix break: contig_132:257884 0 -0 +0 NoSolution
# fix break: contig_132:259745-259806 0 -0 +0 NoSolution
# fix break: contig_132:264992-265011 0 -0 +0 NoSolution
# fix break: contig_132:271256-271398 0 -0 +0 NoSolution
# fix break: contig_132:272025-272145 0 -0 +0 NoSolution
fix break: contig_132:274227-274242 274090 -153 +155 BreakFix
fix break: contig_132:274584-274609 274567 -295 +296 BreakFix
# fix break: contig_132:275884-276089 0 -0 +0 NoSolution
fix break: contig_132:276989-277033 276820 -475 +474 BreakFix
fix break: contig_132:277931 277929 -191 +192 BreakFix
fix break: contig_132:278642-278650 278624 -248 +246 BreakFix
fix break: contig_132:279739-279854 279524 -186 +187 BreakFix
# fix break: contig_132:287298-287350 0 -0 +0 NoSolution TandemRepeat 74
# fix break: contig_132:292497-292903 0 -0 +0 NoSolution TandemRepeat 32
# fix break: contig_132:293223-293441 0 -0 +0 NoSolution TandemRepeat 32
# fix break: contig_132:297091-297095 0 -0 +0 NoSolution
# fix break: contig_132:307999-308018 0 -0 +0 NoSolution
# fix break: contig_132:309657-309848 0 -0 +0 NoSolution
# fix break: contig_132:316695-316708 0 -0 +0 NoSolution
# fix break: contig_132:331326-331496 0 -0 +0 NoSolution TandemRepeat 57
# fix break: contig_132:336234-336307 0 -0 +0 NoSolution TandemRepeat 1
# fix break: contig_132:346669-347411 0 -0 +0 NoSolution TandemRepeat 22
# fix break: contig_132:358895-358933 0 -0 +0 NoSolution
contig_132:1-387661 log:
Finished processing contig_132:1-387661
Processing contig_133:1-98649
frags analyses/03_polishing/pilon_output/chr3_aligned.bam: coverage 295
Total Reads: 237978, Coverage: 295, minDepth: 30
Confirmed 94593 of 98649 bases (95.89%)
Corrected 325 snps; 3 ambiguous bases; corrected 243 small insertions totaling 268 bases, 78 small deletions totaling 93 bases
# Attempting to fix local continuity breaks
# fix break: contig_133:984-1176 0 -0 +0 NoSolution
# fix break: contig_133:2320-3596 0 -0 +0 NoSolution
# fix break: contig_133:3802-4219 0 -0 +0 NoSolution
# fix break: contig_133:5030-5242 0 -0 +0 NoSolution
# fix break: contig_133:5448-5614 0 -0 +0 NoSolution
# fix break: contig_133:11918-11931 0 -0 +0 NoSolution
# fix break: contig_133:12280-12321 0 -0 +0 NoSolution
# fix break: contig_133:13091-13334 0 -0 +0 NoSolution
fix break: contig_133:13950-13990 13768 -463 +467 BreakFix
fix break: contig_133:14213-14556 14138 -684 +683 BreakFix
fix break: contig_133:14917-15013 14699 -572 +574 BreakFix
# fix break: contig_133:16646-17390 0 -0 +0 NoSolution TandemRepeat 22
fix break: contig_133:18249-18719 17999 -840 +840 BreakFix
fix break: contig_133:20589-20620 20376 -423 +424 BreakFix
# fix break: contig_133:26403-26555 0 -0 +0 NoSolution
fix break: contig_133:27749-27752 27489 -473 +475 BreakFix
fix break: contig_133:28797-28804 28611 -328 +334 BreakFix
# fix break: contig_133:29076-29273 0 -0 +0 NoSolution TandemRepeat 2
fix break: contig_133:29666-29871 29451 -452 +452 BreakFix
fix break: contig_133:31211-31249 30994 -105 +110 BreakFix
fix break: contig_133:36002-36135 35844 -562 +565 BreakFix
fix break: contig_133:42298-42327 42133 -191 +186 BreakFix
# fix break: contig_133:54047-54053 0 -0 +0 NoSolution
# fix break: contig_133:54543-54544 0 -0 +0 NoSolution TandemRepeat 25
# fix break: contig_133:93398-93402 0 -0 +0 NoSolution
# fix break: contig_133:93830-93846 0 -0 +0 NoSolution
# fix break: contig_133:94318-95377 0 -0 +0 NoSolution
# fix break: contig_133:95645-96003 0 -0 +0 NoSolution
# fix break: contig_133:96210-96242 0 -0 +0 NoSolution
# fix break: contig_133:96608 0 -0 +0 NoSolution
# fix break: contig_133:97291-97966 0 -0 +0 NoSolution
# fix break: contig_133:98176 0 -0 +0 NoSolution
contig_133:1-98649 log:
Finished processing contig_133:1-98649
Processing contig_134:1-18182
frags analyses/03_polishing/pilon_output/chr3_aligned.bam: coverage 295
Total Reads: 44115, Coverage: 295, minDepth: 30
Confirmed 13512 of 18182 bases (74.32%)
Corrected 270 snps; 0 ambiguous bases; corrected 73 small insertions totaling 76 bases, 59 small deletions totaling 61 bases
# Attempting to fix local continuity breaks
# fix break: contig_134:2234-3015 0 -0 +0 NoSolution
fix break: contig_134:4796-4802 4754 -312 +312 BreakFix
# fix break: contig_134:6679-6769 0 -0 +0 NoSolution
# fix break: contig_134:7350-7353 0 -0 +0 NoSolution
fix break: contig_134:9053-9062 8784 -537 +541 BreakFix
# fix break: contig_134:9534-9554 0 -0 +0 NoSolution
# fix break: contig_134:10082-11336 0 -0 +0 NoSolution
# fix break: contig_134:12544-12700 0 -0 +0 NoSolution
# fix break: contig_134:12915-12918 0 -0 +0 NoSolution
# fix break: contig_134:13457-13512 0 -0 +0 NoSolution
# fix break: contig_134:13738-14978 0 -0 +0 NoSolution
# fix break: contig_134:16209-16237 0 -0 +0 NoSolution
contig_134:1-18182 log:
Finished processing contig_134:1-18182
Processing contig_137:1-89469
frags analyses/03_polishing/pilon_output/chr3_aligned.bam: coverage 317
Total Reads: 227124, Coverage: 317, minDepth: 32
Confirmed 88415 of 89469 bases (98.82%)
Corrected 58 snps; 1 ambiguous bases; corrected 192 small insertions totaling 208 bases, 17 small deletions totaling 18 bases
# Attempting to fix local continuity breaks
# fix break: contig_137:1796-1803 0 -0 +0 NoSolution
# fix break: contig_137:18212-18249 0 -0 +0 NoSolution
# fix break: contig_137:18512-18717 0 -0 +0 NoSolution
fix break: contig_137:22972-22977 22755 -385 +393 BreakFix
# fix break: contig_137:25091-25112 0 -0 +0 NoSolution TandemRepeat 42
# fix break: contig_137:27612-27616 0 -0 +0 NoSolution
# fix break: contig_137:31089 0 -0 +0 NoSolution
# fix break: contig_137:51063-51125 0 -0 +0 NoSolution
fix break: contig_137:81776-81787 81754 -182 +185 BreakFix
# fix break: contig_137:85936-85941 0 -0 +0 NoSolution
contig_137:1-89469 log:
Finished processing contig_137:1-89469
Processing contig_14:1-351124
frags analyses/03_polishing/pilon_output/chr3_aligned.bam: coverage 295
Total Reads: 840415, Coverage: 295, minDepth: 30
Confirmed 330958 of 351124 bases (94.26%)
Corrected 3005 snps; 7 ambiguous bases; corrected 1426 small insertions totaling 1567 bases, 710 small deletions totaling 798 bases
Large collapsed region: contig_14:73177-84656 size 11480
# Attempting to fix local continuity breaks
fix break: contig_14:8573-8654 8315 -451 +465 BreakFix
# fix break: contig_14:9975-10048 0 -0 +0 NoSolution
# fix break: contig_14:10293-10297 0 -0 +0 NoSolution
# fix break: contig_14:16116-16123 0 -0 +0 NoSolution
fix break: contig_14:16615-16631 16394 -459 +466 BreakFix
fix break: contig_14:19426-19447 19255 -417 +418 BreakFix
# fix break: contig_14:20082-20089 0 -0 +0 NoSolution
# fix break: contig_14:21392-21396 0 -0 +0 NoSolution
# fix break: contig_14:21605-21619 0 -0 +0 NoSolution
# fix break: contig_14:22952-23044 0 -0 +0 NoSolution
# fix break: contig_14:23313-23550 0 -0 +0 NoSolution
# fix break: contig_14:24207-24363 0 -0 +0 NoSolution
# fix break: contig_14:24738-26812 0 -0 +0 NoSolution
# fix break: contig_14:27082-31112 0 -0 +0 NoSolution
# fix break: contig_14:31417-36475 0 -0 +0 NoSolution
# fix break: contig_14:37067-37081 0 -0 +0 NoSolution
# fix break: contig_14:37316-37604 0 -0 +0 NoSolution
# fix break: contig_14:38137 0 -0 +0 NoSolution TandemRepeat 68
# fix break: contig_14:39273 0 -0 +0 NoSolution TandemRepeat 68
# fix break: contig_14:39545-39568 0 -0 +0 NoSolution
# fix break: contig_14:39786-40579 0 -0 +0 NoSolution
# fix break: contig_14:41235-41558 0 -0 +0 NoSolution
fix break: contig_14:42150-42165 42122 -209 +206 BreakFix
# fix break: contig_14:42554-42569 0 -0 +0 NoSolution
fix break: contig_14:43143-43153 43025 -368 +371 BreakFix
fix break: contig_14:44273-44485 44165 -587 +595 BreakFix
# fix break: contig_14:45417-45625 0 -0 +0 NoSolution
fix break: contig_14:46053-46059 45793 -518 +522 BreakFix
# fix break: contig_14:47640-47668 0 -0 +0 NoSolution
fix break: contig_14:48224-48230 48196 -152 +154 BreakFix
# fix break: contig_14:48786-48791 0 -0 +0 NoSolution
# fix break: contig_14:49533-49661 0 -0 +0 NoSolution
fix break: contig_14:50282-50290 50073 -472 +473 BreakFix
# fix break: contig_14:51173-51311 0 -0 +0 NoSolution
# fix break: contig_14:51805 0 -0 +0 NoSolution TandemRepeat 24
# fix break: contig_14:52303-52328 0 -0 +0 NoSolution TandemRepeat 24
# fix break: contig_14:53130-53157 0 -0 +0 NoSolution TandemRepeat 24
# fix break: contig_14:57379-57560 0 -0 +0 NoSolution
fix break: contig_14:57978-57988 57713 -530 +537 BreakFix
fix break: contig_14:58697-58725 58461 -529 +526 BreakFix
fix break: contig_14:60985-61149 60983 -367 +369 BreakFix
# fix break: contig_14:61961 0 -0 +0 NoSolution
fix break: contig_14:63645-63676 63452 -461 +464 BreakFix
# fix break: contig_14:65253-65461 0 -0 +0 NoSolution
# fix break: contig_14:65851-65967 0 -0 +0 NoSolution
# fix break: contig_14:67022-67027 0 -0 +0 NoSolution
fix break: contig_14:67391-67642 67145 -705 +706 BreakFix
# fix break: contig_14:72468-72641 0 -0 +0 NoSolution
# fix break: contig_14:73601-73644 0 -0 +0 NoSolution
fix break: contig_14:74118-74123 73869 -473 +475 BreakFix
# fix break: contig_14:74409-75061 0 -0 +0 NoSolution
fix break: contig_14:75437-75556 75193 -628 +633 BreakFix
# fix break: contig_14:75758-76048 0 -0 +0 NoSolution
# fix break: contig_14:77073 0 -0 +0 NoSolution
# fix break: contig_14:77634-78304 0 -0 +0 NoSolution
# fix break: contig_14:79326-79385 0 -0 +0 NoSolution
# fix break: contig_14:79592-79906 0 -0 +0 NoSolution
# fix break: contig_14:80313-80429 0 -0 +0 NoSolution
# fix break: contig_14:80792-81034 0 -0 +0 NoSolution
# fix break: contig_14:81381-81526 0 -0 +0 NoSolution
# fix break: contig_14:81860-81868 0 -0 +0 NoSolution
# fix break: contig_14:82154-82200 0 -0 +0 NoSolution
# fix break: contig_14:82762-82884 0 -0 +0 NoSolution
# fix break: contig_14:84575-84831 0 -0 +0 NoSolution
# fix break: contig_14:85437-87606 0 -0 +0 NoSolution
# fix break: contig_14:87820-88592 0 -0 +0 NoSolution
# fix break: contig_14:88929-89378 0 -0 +0 NoSolution
# fix break: contig_14:89651-89657 0 -0 +0 NoSolution
# fix break: contig_14:90009-90170 0 -0 +0 NoSolution
# fix break: contig_14:90663-90672 0 -0 +0 NoSolution
# fix break: contig_14:90998-91511 0 -0 +0 NoSolution
# fix break: contig_14:91722-91731 0 -0 +0 NoSolution
# fix break: contig_14:92181-92204 0 -0 +0 NoSolution
# fix break: contig_14:93327-93393 0 -0 +0 NoSolution
# fix break: contig_14:93721-93873 0 -0 +0 NoSolution
# fix break: contig_14:94347-95160 0 -0 +0 NoSolution
# fix break: contig_14:95383-95706 0 -0 +0 NoSolution
# fix break: contig_14:95915-95977 0 -0 +0 NoSolution
# fix break: contig_14:96852-97338 0 -0 +0 NoSolution
fix break: contig_14:104517-104558 104355 -475 +470 BreakFix
# fix break: contig_14:105319 0 -0 +0 NoSolution
# fix break: contig_14:106110-106116 0 -0 +0 NoSolution
# fix break: contig_14:106890-106899 0 -0 +0 NoSolution
# fix break: contig_14:107475 0 -0 +0 NoSolution
# fix break: contig_14:108389-108564 0 -0 +0 NoSolution
fix break: contig_14:108919-108921 108712 -363 +361 BreakFix
fix break: contig_14:109835-110212 109669 -770 +780 BreakFix
# fix break: contig_14:110496-110653 0 -0 +0 NoSolution
fix break: contig_14:111478-111481 111207 -445 +449 BreakFix
fix break: contig_14:112102-112242 111893 -571 +575 BreakFix
fix break: contig_14:112599-112605 112382 -324 +323 BreakFix
# fix break: contig_14:113215-113377 0 -0 +0 NoSolution
fix break: contig_14:113809-113845 113651 -460 +458 BreakFix
fix break: contig_14:114115-114334 113844 -657 +659 BreakFix
fix break: contig_14:114779-114804 114787 -160 +162 BreakFix
fix break: contig_14:115705-115930 115484 -707 +711 BreakFix
# fix break: contig_14:118884-118924 0 -0 +0 NoSolution TandemRepeat 55
# fix break: contig_14:123465-123654 0 -0 +0 NoSolution
fix break: contig_14:136648-136813 136556 -520 +532 BreakFix
# fix break: contig_14:139926-139928 0 -0 +0 NoSolution TandemRepeat 44
# fix break: contig_14:142479-142576 0 -0 +0 NoSolution TandemRepeat 2
# fix break: contig_14:145514-145518 0 -0 +0 NoSolution
# fix break: contig_14:151119-151141 0 -0 +0 NoSolution
# fix break: contig_14:154845 0 -0 +0 NoSolution
# fix break: contig_14:155541-155551 0 -0 +0 NoSolution
# fix break: contig_14:157475-157483 0 -0 +0 NoSolution
# fix break: contig_14:187121-187250 0 -0 +0 NoSolution
# fix break: contig_14:211788-211798 0 -0 +0 NoSolution TandemRepeat 2
# fix break: contig_14:214473-214493 0 -0 +0 NoSolution
# fix break: contig_14:214837-214847 0 -0 +0 NoSolution
# fix break: contig_14:215369 0 -0 +0 NoSolution
# fix break: contig_14:215708-215710 0 -0 +0 NoSolution
# fix break: contig_14:216841 0 -0 +0 NoSolution
fix break: contig_14:217799-217806 217586 -458 +455 BreakFix
fix break: contig_14:219196-219210 218962 -363 +362 BreakFix
# fix break: contig_14:226778-226863 0 -0 +0 NoSolution
fix break: contig_14:236149-236157 236039 -190 +195 BreakFix
# fix break: contig_14:236761-237148 0 -0 +0 NoSolution
fix break: contig_14:247279 247030 -250 +251 BreakFix
fix break: contig_14:257897-257949 257874 -57 +75 BreakFix
# fix break: contig_14:258234-258241 0 -0 +0 NoSolution
# fix break: contig_14:259607-259784 0 -0 +0 NoSolution
# fix break: contig_14:260864 0 -0 +0 NoSolution
fix break: contig_14:283032-283037 282823 -465 +472 BreakFix
# fix break: contig_14:284306-284408 0 -0 +0 NoSolution TandemRepeat 2
# fix break: contig_14:286550-286634 0 -0 +0 NoSolution
# fix break: contig_14:291575-291589 0 -0 +0 NoSolution
fix break: contig_14:294170 294168 -77 +76 BreakFix
fix break: contig_14:295017 295014 -105 +105 BreakFix
fix break: contig_14:296025 295810 -284 +282 BreakFix
fix break: contig_14:296753-296756 296732 -250 +253 BreakFix
# fix break: contig_14:308439-308558 0 -0 +0 NoSolution TandemRepeat 38
# fix break: contig_14:315004-315090 0 -0 +0 NoSolution
fix break: contig_14:315617-315686 315837 -95 +96 BreakFix
fix break: contig_14:316065-316157 315837 -536 +538 BreakFix
fix break: contig_14:319402 319295 -321 +321 BreakFix
fix break: contig_14:328373-328382 328379 -11 +0 BreakFix
fix break: contig_14:329339-329355 329177 -409 +414 BreakFix
fix break: contig_14:334442-334626 334202 -674 +679 BreakFix
# fix break: contig_14:336000-336108 0 -0 +0 NoSolution
# fix break: contig_14:336568-336572 0 -0 +0 NoSolution
# fix break: contig_14:337694-338014 0 -0 +0 NoSolution
# fix break: contig_14:338675-339171 0 -0 +0 NoSolution
# fix break: contig_14:339754-339782 0 -0 +0 NoSolution
fix break: contig_14:340239-340255 339968 -486 +489 BreakFix
fix break: contig_14:342862-342877 342650 -239 +242 BreakFix
# fix break: contig_14:343674-343814 0 -0 +0 NoSolution
fix break: contig_14:347867-348021 347901 -330 +332 BreakFix
contig_14:1-351124 log:
Finished processing contig_14:1-351124
Processing contig_15:1-2519
frags analyses/03_polishing/pilon_output/chr3_aligned.bam: coverage 58
Total Reads: 1386, Coverage: 58, minDepth: 6
Confirmed 2199 of 2519 bases (87.30%)
Corrected 44 snps; 0 ambiguous bases; corrected 18 small insertions totaling 20 bases, 8 small deletions totaling 8 bases
# Attempting to fix local continuity breaks
# fix break: contig_15:1389-1420 0 -0 +0 NoSolution
contig_15:1-2519 log:
Finished processing contig_15:1-2519
Processing contig_16:1-54334
frags analyses/03_polishing/pilon_output/chr3_aligned.bam: coverage 250
Total Reads: 112375, Coverage: 250, minDepth: 25
Confirmed 49958 of 54334 bases (91.95%)
Corrected 1399 snps; 4 ambiguous bases; corrected 401 small insertions totaling 431 bases, 271 small deletions totaling 295 bases
# Attempting to fix local continuity breaks
# fix break: contig_16:476-479 0 -0 +0 NoSolution
fix break: contig_16:898 628 -391 +392 BreakFix
# fix break: contig_16:1314-1342 0 -0 +0 NoSolution
# fix break: contig_16:2711-2806 0 -0 +0 NoSolution
# fix break: contig_16:3203-3207 0 -0 +0 NoSolution
# fix break: contig_16:4490 0 -0 +0 NoSolution
# fix break: contig_16:4801-4813 0 -0 +0 NoSolution
# fix break: contig_16:5157-5158 0 -0 +0 NoSolution
# fix break: contig_16:6525-6656 0 -0 +0 NoSolution
# fix break: contig_16:8202-8245 0 -0 +0 NoSolution
# fix break: contig_16:8832 0 -0 +0 NoSolution
# fix break: contig_16:9936 0 -0 +0 NoSolution
# fix break: contig_16:12371-13328 0 -0 +0 NoSolution
# fix break: contig_16:14205-14421 0 -0 +0 NoSolution
# fix break: contig_16:15848-15862 0 -0 +0 NoSolution
# fix break: contig_16:16100-16394 0 -0 +0 NoSolution
fix break: contig_16:18340-18388 18088 -418 +414 BreakFix
fix break: contig_16:18710-19040 18506 -714 +713 BreakFix
fix break: contig_16:19663-19729 19451 -550 +548 BreakFix
# fix break: contig_16:20205-20228 0 -0 +0 NoSolution
# fix break: contig_16:20430-20468 0 -0 +0 NoSolution
fix break: contig_16:20688-20730 20712 -50 +49 BreakFix
fix break: contig_16:21238-21427 21100 -552 +555 BreakFix
# fix break: contig_16:22382-22389 0 -0 +0 NoSolution
fix break: contig_16:22840-23567 22595 -1194 +1202 BreakFix
# fix break: contig_16:23808-23810 0 -0 +0 NoSolution
fix break: contig_16:24022-24412 23792 -751 +760 BreakFix
# fix break: contig_16:26854-26877 0 -0 +0 NoSolution
fix break: contig_16:27708-27734 27443 -552 +554 BreakFix
# fix break: contig_16:28488-28499 0 -0 +0 NoSolution
# fix break: contig_16:28821 0 -0 +0 NoSolution
fix break: contig_16:30108-30114 29854 -507 +510 BreakFix
# fix break: contig_16:30644-30658 0 -0 +0 NoSolution
fix break: contig_16:31153-31162 31153 -252 +256 BreakFix
fix break: contig_16:31511-31519 31358 -432 +439 BreakFix
# fix break: contig_16:31775-32020 0 -0 +0 NoSolution
# fix break: contig_16:32552-32560 0 -0 +0 NoSolution
fix break: contig_16:32814-32817 32636 -432 +439 BreakFix
# fix break: contig_16:33993-34035 0 -0 +0 NoSolution
fix break: contig_16:34348-34349 34244 -370 +371 BreakFix
# fix break: contig_16:35241-35444 0 -0 +0 NoSolution
# fix break: contig_16:36446-36477 0 -0 +0 NoSolution
# fix break: contig_16:37389-37395 0 -0 +0 NoSolution
# fix break: contig_16:37996 0 -0 +0 NoSolution
fix break: contig_16:41920-41940 41712 -410 +414 BreakFix
# fix break: contig_16:42699-42846 0 -0 +0 NoSolution
# fix break: contig_16:43311-43315 0 -0 +0 NoSolution
# fix break: contig_16:45508-45522 0 -0 +0 NoSolution
# fix break: contig_16:46359-46361 0 -0 +0 NoSolution
# fix break: contig_16:46630-46872 0 -0 +0 NoSolution
fix break: contig_16:47350 47253 -362 +361 BreakFix
# fix break: contig_16:48167-48194 0 -0 +0 NoSolution
# fix break: contig_16:49716-49730 0 -0 +0 NoSolution
# fix break: contig_16:50520-50981 0 -0 +0 NoSolution
# fix break: contig_16:51728-52128 0 -0 +0 NoSolution
# fix break: contig_16:53078 0 -0 +0 NoSolution
# fix break: contig_16:53501-53777 0 -0 +0 NoSolution
contig_16:1-54334 log:
Finished processing contig_16:1-54334
Processing contig_17:1-37215
frags analyses/03_polishing/pilon_output/chr3_aligned.bam: coverage 251
Total Reads: 82473, Coverage: 251, minDepth: 25
Confirmed 33050 of 37215 bases (88.81%)
Corrected 843 snps; 1 ambiguous bases; corrected 269 small insertions totaling 287 bases, 164 small deletions totaling 184 bases
# Attempting to fix local continuity breaks
fix break: contig_17:463-476 219 -288 +293 BreakFix
fix break: contig_17:883-885 811 -192 +186 BreakFix
# fix break: contig_17:1357-1358 0 -0 +0 NoSolution
# fix break: contig_17:1572-1583 0 -0 +0 NoSolution
# fix break: contig_17:2520-2558 0 -0 +0 NoSolution
# fix break: contig_17:2976-3169 0 -0 +0 NoSolution
# fix break: contig_17:3863 0 -0 +0 NoSolution
fix break: contig_17:5412 5157 -256 +253 BreakFix
# fix break: contig_17:6299-6304 0 -0 +0 NoSolution
# fix break: contig_17:6960-6993 0 -0 +0 NoSolution
# fix break: contig_17:7385-7479 0 -0 +0 NoSolution
fix break: contig_17:8524-8659 8525 -370 +259 BreakFix
# fix break: contig_17:9669-9736 0 -0 +0 NoSolution TandemRepeat 1
# fix break: contig_17:10991-11201 0 -0 +0 NoSolution
# fix break: contig_17:11434-11694 0 -0 +0 NoSolution
# fix break: contig_17:12485-12670 0 -0 +0 NoSolution
fix break: contig_17:13353-13357 13168 -462 +468 BreakFix
# fix break: contig_17:14529-14819 0 -0 +0 NoSolution
# fix break: contig_17:15271-15822 0 -0 +0 NoSolution
# fix break: contig_17:16374-16377 0 -0 +0 NoSolution
# fix break: contig_17:16799-16810 0 -0 +0 NoSolution
# fix break: contig_17:18082-18610 0 -0 +0 NoSolution
fix break: contig_17:18954-19074 18727 -615 +610 BreakFix
fix break: contig_17:19305-20423 19216 -1361 +1361 BreakFix
# fix break: contig_17:20846-21196 0 -0 +0 NoSolution
fix break: contig_17:21448-21470 21182 -513 +514 BreakFix
# fix break: contig_17:21768-21890 0 -0 +0 NoSolution
# fix break: contig_17:22094-22761 0 -0 +0 NoSolution
# fix break: contig_17:23040-23164 0 -0 +0 NoSolution
# fix break: contig_17:23835-23970 0 -0 +0 NoSolution
# fix break: contig_17:24290-24576 0 -0 +0 NoSolution
# fix break: contig_17:25003-25027 0 -0 +0 NoSolution
# fix break: contig_17:25233-25282 0 -0 +0 NoSolution
# fix break: contig_17:25991-26061 0 -0 +0 NoSolution
# fix break: contig_17:26871-26951 0 -0 +0 NoSolution
# fix break: contig_17:27267-27286 0 -0 +0 NoSolution
# fix break: contig_17:27631-27664 0 -0 +0 NoSolution
# fix break: contig_17:27896-27965 0 -0 +0 NoSolution
# fix break: contig_17:28780-28953 0 -0 +0 NoSolution
# fix break: contig_17:29532-30305 0 -0 +0 NoSolution TandemRepeat 64
# fix break: contig_17:30526-30578 0 -0 +0 NoSolution TandemRepeat 64
# fix break: contig_17:31311 0 -0 +0 NoSolution
# fix break: contig_17:31555-32871 0 -0 +0 NoSolution
# fix break: contig_17:33330 0 -0 +0 NoSolution
# fix break: contig_17:33596-33685 0 -0 +0 NoSolution
# fix break: contig_17:34236-34462 0 -0 +0 NoSolution
# fix break: contig_17:34753-34913 0 -0 +0 NoSolution
# fix break: contig_17:35737-35973 0 -0 +0 NoSolution
contig_17:1-37215 log:
Finished processing contig_17:1-37215
Processing contig_2:1-1045829
frags analyses/03_polishing/pilon_output/chr3_aligned.bam: coverage 328
Total Reads: 2793331, Coverage: 328, minDepth: 33
Confirmed 987450 of 1045829 bases (94.42%)
Corrected 8179 snps; 20 ambiguous bases; corrected 3778 small insertions totaling 4163 bases, 1743 small deletions totaling 2009 bases
Large collapsed region: contig_2:822693-846598 size 23906
Large collapsed region: contig_2:869865-879914 size 10050
Large collapsed region: contig_2:928149-943586 size 15438
Large collapsed region: contig_2:958560-978128 size 19569
# Attempting to fix local continuity breaks
# fix break: contig_2:2328-2353 0 -0 +0 NoSolution
fix break: contig_2:3227-3744 3033 -982 +999 BreakFix
# fix break: contig_2:5249-5269 0 -0 +0 NoSolution
fix break: contig_2:6130-6552 5886 -602 +609 BreakFix
# fix break: contig_2:6870-6895 0 -0 +0 NoSolution
# fix break: contig_2:7863-7873 0 -0 +0 NoSolution
# fix break: contig_2:8076-8112 0 -0 +0 NoSolution
# fix break: contig_2:10583 0 -0 +0 NoSolution TandemRepeat 24
# fix break: contig_2:10830-10833 0 -0 +0 NoSolution
# fix break: contig_2:11103-11222 0 -0 +0 NoSolution
# fix break: contig_2:11442 0 -0 +0 NoSolution
# fix break: contig_2:13511-13839 0 -0 +0 NoSolution
# fix break: contig_2:14694-14722 0 -0 +0 NoSolution TandemRepeat 24
# fix break: contig_2:16025-16073 0 -0 +0 NoSolution
# fix break: contig_2:16368-16373 0 -0 +0 NoSolution
# fix break: contig_2:16592-16616 0 -0 +0 NoSolution
# fix break: contig_2:16846-17006 0 -0 +0 NoSolution
# fix break: contig_2:17737-17814 0 -0 +0 NoSolution
# fix break: contig_2:20173-20239 0 -0 +0 NoSolution
# fix break: contig_2:21053-21055 0 -0 +0 NoSolution
# fix break: contig_2:22304-22383 0 -0 +0 NoSolution
fix break: contig_2:22989-23281 22868 -631 +625 BreakFix
# fix break: contig_2:24283-24350 0 -0 +0 NoSolution TandemRepeat 22
# fix break: contig_2:26363-26376 0 -0 +0 NoSolution
# fix break: contig_2:30625-30642 0 -0 +0 NoSolution
# fix break: contig_2:34072-34165 0 -0 +0 NoSolution
fix break: contig_2:35171-35182 35105 -326 +326 BreakFix
fix break: contig_2:35422-35431 35368 -113 +112 BreakFix
# fix break: contig_2:37769-37775 0 -0 +0 NoSolution
fix break: contig_2:38021-38040 37772 -420 +416 BreakFix
fix break: contig_2:39577 39359 -479 +479 BreakFix
fix break: contig_2:39837 39669 -295 +291 BreakFix
fix break: contig_2:40086-40089 39830 -434 +435 BreakFix
fix break: contig_2:40344-40364 40093 -500 +504 BreakFix
fix break: contig_2:42122-42145 41850 -514 +518 BreakFix
fix break: contig_2:43004 42743 -513 +513 BreakFix
fix break: contig_2:43327-43385 43181 -331 +335 BreakFix
# fix break: contig_2:43991-44077 0 -0 +0 NoSolution
# fix break: contig_2:62472-62596 0 -0 +0 NoSolution
# fix break: contig_2:62874 0 -0 +0 NoSolution
# fix break: contig_2:64153 0 -0 +0 NoSolution
# fix break: contig_2:72142-72148 0 -0 +0 NoSolution
# fix break: contig_2:78115-78241 0 -0 +0 NoSolution
# fix break: contig_2:78806-78896 0 -0 +0 NoSolution
# fix break: contig_2:79985-79988 0 -0 +0 NoSolution
fix break: contig_2:80434-80438 80306 -253 +254 BreakFix
fix break: contig_2:81488-81512 81292 -460 +460 BreakFix
# fix break: contig_2:81960-81972 0 -0 +0 NoSolution
fix break: contig_2:82222 82086 -375 +375 BreakFix
# fix break: contig_2:82441-83049 0 -0 +0 NoSolution TandemRepeat 60
# fix break: contig_2:85061-85062 0 -0 +0 NoSolution
# fix break: contig_2:90201-90353 0 -0 +0 NoSolution
# fix break: contig_2:90766-91801 0 -0 +0 NoSolution
# fix break: contig_2:92075-94222 0 -0 +0 NoSolution
# fix break: contig_2:94511-97782 0 -0 +0 NoSolution
# fix break: contig_2:98489-98911 0 -0 +0 NoSolution
# fix break: contig_2:99132-99168 0 -0 +0 NoSolution
# fix break: contig_2:99592-99885 0 -0 +0 NoSolution
# fix break: contig_2:100111-101431 0 -0 +0 NoSolution
# fix break: contig_2:101710-102301 0 -0 +0 NoSolution
# fix break: contig_2:102618-103387 0 -0 +0 NoSolution
# fix break: contig_2:103653-104308 0 -0 +0 NoSolution
# fix break: contig_2:104559-104561 0 -0 +0 NoSolution
# fix break: contig_2:104966-105546 0 -0 +0 NoSolution
# fix break: contig_2:105840-105923 0 -0 +0 NoSolution
# fix break: contig_2:106213-106735 0 -0 +0 NoSolution
# fix break: contig_2:106938-106985 0 -0 +0 NoSolution
# fix break: contig_2:107466-107772 0 -0 +0 NoSolution
# fix break: contig_2:108209-108572 0 -0 +0 NoSolution
# fix break: contig_2:109084-109150 0 -0 +0 NoSolution
# fix break: contig_2:109544-110491 0 -0 +0 NoSolution
# fix break: contig_2:117309-117324 0 -0 +0 NoSolution
# fix break: contig_2:121029-121054 0 -0 +0 NoSolution
fix break: contig_2:131773-131778 131568 -429 +429 BreakFix
# fix break: contig_2:132178-132180 0 -0 +0 NoSolution TandemRepeat 42
# fix break: contig_2:135376-135498 0 -0 +0 NoSolution
fix break: contig_2:138172 138002 -421 +423 BreakFix
fix break: contig_2:138398-138401 138169 -450 +451 BreakFix
fix break: contig_2:138888-139001 138812 -454 +454 BreakFix
fix break: contig_2:139302-139318 139288 -299 +301 BreakFix
fix break: contig_2:151474-151528 151343 -412 +420 BreakFix
fix break: contig_2:155215-155223 155106 -315 +316 BreakFix
# fix break: contig_2:159467-159484 0 -0 +0 NoSolution
# fix break: contig_2:159714-159740 0 -0 +0 NoSolution
# fix break: contig_2:160039-160481 0 -0 +0 NoSolution
# fix break: contig_2:168486-168490 0 -0 +0 NoSolution
# fix break: contig_2:171056-171072 0 -0 +0 NoSolution
# fix break: contig_2:172086-172096 0 -0 +0 NoSolution
fix break: contig_2:172837-172869 172582 -361 +358 BreakFix
# fix break: contig_2:174745 0 -0 +0 NoSolution
fix break: contig_2:175237-175248 174964 -544 +542 BreakFix
# fix break: contig_2:176515-176708 0 -0 +0 NoSolution
fix break: contig_2:178764-178823 178508 -589 +590 BreakFix
# fix break: contig_2:182189-182192 0 -0 +0 NoSolution
# fix break: contig_2:184406-184407 0 -0 +0 NoSolution
fix break: contig_2:185286-185348 185067 -493 +458 BreakFix
fix break: contig_2:186680-186718 186664 -235 +232 BreakFix
# fix break: contig_2:188372-188393 0 -0 +0 NoSolution
fix break: contig_2:189757 189567 -191 +190 BreakFix
# fix break: contig_2:194351-194366 0 -0 +0 NoSolution
# fix break: contig_2:194812-194818 0 -0 +0 NoSolution
fix break: contig_2:196086-196113 196054 -134 +138 BreakFix
# fix break: contig_2:204136-204140 0 -0 +0 NoSolution
# fix break: contig_2:206635 0 -0 +0 NoSolution
# fix break: contig_2:207420 0 -0 +0 NoSolution
# fix break: contig_2:208567 0 -0 +0 NoSolution
fix break: contig_2:210680 210566 -283 +282 BreakFix
# fix break: contig_2:211368-211386 0 -0 +0 NoSolution
fix break: contig_2:221337-221348 221100 -430 +430 BreakFix
# fix break: contig_2:226381 0 -0 +0 NoSolution
fix break: contig_2:230244-230267 230084 -449 +458 BreakFix
# fix break: contig_2:230722-230803 0 -0 +0 NoSolution
# fix break: contig_2:231231-231280 0 -0 +0 NoSolution
# fix break: contig_2:232371-232437 0 -0 +0 NoSolution
fix break: contig_2:234000-234010 233844 -381 +381 BreakFix
# fix break: contig_2:242283-242295 0 -0 +0 NoSolution
# fix break: contig_2:251196-251241 0 -0 +0 NoSolution
# fix break: contig_2:253431-253682 0 -0 +0 NoSolution
# fix break: contig_2:254450-254473 0 -0 +0 NoSolution
# fix break: contig_2:276808-276813 0 -0 +0 NoSolution TandemRepeat 31
fix break: contig_2:278819-278995 278818 -323 +319 BreakFix
# fix break: contig_2:280135 0 -0 +0 NoSolution
fix break: contig_2:283279-283291 283025 -491 +498 BreakFix
# fix break: contig_2:284086-284312 0 -0 +0 NoSolution TandemRepeat 59
# fix break: contig_2:289925-289937 0 -0 +0 NoSolution
# fix break: contig_2:292204-292207 0 -0 +0 NoSolution
# fix break: contig_2:296578-296580 0 -0 +0 NoSolution
# fix break: contig_2:298821-298836 0 -0 +0 NoSolution
# fix break: contig_2:299080-299140 0 -0 +0 NoSolution
# fix break: contig_2:306725-306731 0 -0 +0 NoSolution
# fix break: contig_2:321996-322000 0 -0 +0 NoSolution
fix break: contig_2:342838-342840 342758 -83 +82 BreakFix
fix break: contig_2:345304-345308 345100 -406 +411 BreakFix
fix break: contig_2:350652-350659 350385 -524 +527 BreakFix
fix break: contig_2:350873-350877 350652 -432 +433 BreakFix
# fix break: contig_2:356874-356876 0 -0 +0 NoSolution
# fix break: contig_2:369106-369308 0 -0 +0 NoSolution
fix break: contig_2:370855-370877 370620 -493 +493 BreakFix
# fix break: contig_2:372505-372581 0 -0 +0 NoSolution
fix break: contig_2:374802-374820 374580 -509 +511 BreakFix
# fix break: contig_2:375065-375069 0 -0 +0 NoSolution
fix break: contig_2:380766-380769 380679 -347 +343 BreakFix
# fix break: contig_2:381197 0 -0 +0 NoSolution
# fix break: contig_2:406596-406630 0 -0 +0 NoSolution
fix break: contig_2:408455 408194 -403 +403 BreakFix
# fix break: contig_2:410123-410373 0 -0 +0 NoSolution
# fix break: contig_2:410582-410593 0 -0 +0 NoSolution
# fix break: contig_2:429141-429144 0 -0 +0 NoSolution
# fix break: contig_2:443005 0 -0 +0 NoSolution TandemRepeat 24
# fix break: contig_2:443884-444749 0 -0 +0 NoSolution
# fix break: contig_2:445097-445285 0 -0 +0 NoSolution
# fix break: contig_2:446691 0 -0 +0 NoSolution
# fix break: contig_2:449687-449716 0 -0 +0 NoSolution TandemRepeat 2
# fix break: contig_2:469251-469256 0 -0 +0 NoSolution
# fix break: contig_2:469866-470128 0 -0 +0 NoSolution
fix break: contig_2:470676-470679 470586 -351 +355 BreakFix
# fix break: contig_2:472495-473085 0 -0 +0 NoSolution TandemRepeat 44
# fix break: contig_2:505870-505950 0 -0 +0 NoSolution
# fix break: contig_2:506152-506172 0 -0 +0 NoSolution
# fix break: contig_2:506586-506592 0 -0 +0 NoSolution
fix break: contig_2:507495-507533 507266 -245 +247 BreakFix
fix break: contig_2:517319-517320 517058 -498 +497 BreakFix
# fix break: contig_2:517986-518653 0 -0 +0 NoSolution TandemRepeat 26
# fix break: contig_2:525230 0 -0 +0 NoSolution
# fix break: contig_2:538518-538522 0 -0 +0 NoSolution
# fix break: contig_2:541900-541904 0 -0 +0 NoSolution
# fix break: contig_2:542545-542550 0 -0 +0 NoSolution
# fix break: contig_2:543001-543017 0 -0 +0 NoSolution TandemRepeat 21
# fix break: contig_2:590798 0 -0 +0 NoSolution
fix break: contig_2:595632-595667 595410 -493 +494 BreakFix
# fix break: contig_2:598627-598630 0 -0 +0 NoSolution
# fix break: contig_2:598907-598918 0 -0 +0 NoSolution
# fix break: contig_2:599231-599234 0 -0 +0 NoSolution
# fix break: contig_2:599501-599518 0 -0 +0 NoSolution
# fix break: contig_2:599747-599872 0 -0 +0 NoSolution
# fix break: contig_2:602608-602630 0 -0 +0 NoSolution
# fix break: contig_2:602927-602939 0 -0 +0 NoSolution
# fix break: contig_2:604746-604779 0 -0 +0 NoSolution
# fix break: contig_2:605670-605694 0 -0 +0 NoSolution
fix break: contig_2:607083-607095 606832 -326 +327 BreakFix
fix break: contig_2:610846-610852 610670 -445 +442 BreakFix
# fix break: contig_2:611113-611125 0 -0 +0 NoSolution
# fix break: contig_2:611487 0 -0 +0 NoSolution
fix break: contig_2:627992 627728 -495 +499 BreakFix
# fix break: contig_2:653194-653356 0 -0 +0 NoSolution
# fix break: contig_2:655121-655400 0 -0 +0 NoSolution
fix break: contig_2:655631-655656 655558 -99 +105 BreakFix
fix break: contig_2:657465-657677 657213 -737 +730 BreakFix
# fix break: contig_2:659050-659152 0 -0 +0 NoSolution
# fix break: contig_2:659361-659926 0 -0 +0 NoSolution
fix break: contig_2:660321 660196 -291 +292 BreakFix
# fix break: contig_2:665522-665542 0 -0 +0 NoSolution
# fix break: contig_2:665902-665915 0 -0 +0 NoSolution
# fix break: contig_2:668223-668275 0 -0 +0 NoSolution
fix break: contig_2:668724-668725 668533 -367 +369 BreakFix
# fix break: contig_2:668948-668989 0 -0 +0 NoSolution
# fix break: contig_2:669635-670052 0 -0 +0 NoSolution
fix break: contig_2:670328-670592 670233 -602 +588 BreakFix
fix break: contig_2:671214 671038 -412 +415 BreakFix
fix break: contig_2:671448-671479 671208 -242 +245 BreakFix
# fix break: contig_2:672413-672426 0 -0 +0 NoSolution
# fix break: contig_2:673153-673163 0 -0 +0 NoSolution
# fix break: contig_2:673864-673921 0 -0 +0 NoSolution
# fix break: contig_2:674325-674572 0 -0 +0 NoSolution
# fix break: contig_2:676668-676685 0 -0 +0 NoSolution
# fix break: contig_2:677228-677245 0 -0 +0 NoSolution
# fix break: contig_2:679062-679085 0 -0 +0 NoSolution
# fix break: contig_2:691649-691985 0 -0 +0 NoSolution
# fix break: contig_2:692312-692326 0 -0 +0 NoSolution
# fix break: contig_2:692878-692882 0 -0 +0 NoSolution
# fix break: contig_2:693194 0 -0 +0 NoSolution
# fix break: contig_2:701160-701170 0 -0 +0 NoSolution
# fix break: contig_2:702967 0 -0 +0 NoSolution
# fix break: contig_2:705870-705935 0 -0 +0 NoSolution TandemRepeat 2
# fix break: contig_2:706419-706428 0 -0 +0 NoSolution
fix break: contig_2:707383-707429 707383 -47 +47 BreakFix
# fix break: contig_2:708636-708640 0 -0 +0 NoSolution
fix break: contig_2:708844-708957 708610 -532 +531 BreakFix
# fix break: contig_2:709456 0 -0 +0 NoSolution
# fix break: contig_2:710488-710644 0 -0 +0 NoSolution
# fix break: contig_2:711869-711879 0 -0 +0 NoSolution
fix break: contig_2:712266-712323 712193 -102 +66 BreakFix
# fix break: contig_2:719247-719249 0 -0 +0 NoSolution
fix break: contig_2:720126-720130 720067 -293 +290 BreakFix
# fix break: contig_2:721183-721293 0 -0 +0 NoSolution
fix break: contig_2:721990 721736 -255 +257 BreakFix
# fix break: contig_2:724161-724191 0 -0 +0 NoSolution
# fix break: contig_2:728594-728602 0 -0 +0 NoSolution
fix break: contig_2:739157 739080 -70 +72 BreakFix
# fix break: contig_2:752256-752271 0 -0 +0 NoSolution
# fix break: contig_2:770600-770774 0 -0 +0 NoSolution
# fix break: contig_2:772726-772797 0 -0 +0 NoSolution TandemRepeat 2
# fix break: contig_2:789345 0 -0 +0 NoSolution
fix break: contig_2:789803-789808 789638 -168 +169 BreakFix
fix break: contig_2:790945-790958 790724 -488 +488 BreakFix
# fix break: contig_2:793158 0 -0 +0 NoSolution
# fix break: contig_2:795002-795168 0 -0 +0 NoSolution
fix break: contig_2:796663-796670 796394 -438 +438 BreakFix
# fix break: contig_2:797637-797660 0 -0 +0 NoSolution
# fix break: contig_2:797943-797956 0 -0 +0 NoSolution
# fix break: contig_2:798226-798288 0 -0 +0 NoSolution
# fix break: contig_2:799512-799520 0 -0 +0 NoSolution TandemRepeat 918
# fix break: contig_2:799792-799845 0 -0 +0 NoSolution
# fix break: contig_2:800109-800119 0 -0 +0 NoSolution
fix break: contig_2:800583-800815 800392 -662 +667 BreakFix
# fix break: contig_2:801234-801320 0 -0 +0 NoSolution
# fix break: contig_2:802046-802238 0 -0 +0 NoSolution
# fix break: contig_2:802585-802751 0 -0 +0 NoSolution
# fix break: contig_2:803035-803053 0 -0 +0 NoSolution
# fix break: contig_2:803342 0 -0 +0 NoSolution
fix break: contig_2:803855-804202 803583 -849 +855 BreakFix
# fix break: contig_2:805416-805767 0 -0 +0 NoSolution
# fix break: contig_2:807197-807241 0 -0 +0 NoSolution
# fix break: contig_2:807489-807563 0 -0 +0 NoSolution
# fix break: contig_2:807818-808255 0 -0 +0 NoSolution
# fix break: contig_2:809399-809408 0 -0 +0 NoSolution TandemRepeat 64
# fix break: contig_2:809707-811159 0 -0 +0 NoSolution TandemRepeat 64
# fix break: contig_2:812094-812097 0 -0 +0 NoSolution
# fix break: contig_2:813370-813412 0 -0 +0 NoSolution
# fix break: contig_2:814471-814508 0 -0 +0 NoSolution
fix break: contig_2:815172-815363 815034 -592 +595 BreakFix
fix break: contig_2:815832-815882 815627 -525 +525 BreakFix
# fix break: contig_2:816820-817032 0 -0 +0 NoSolution
# fix break: contig_2:817312-817669 0 -0 +0 NoSolution
fix break: contig_2:818873-819018 818622 -616 +618 BreakFix
# fix break: contig_2:819231-819249 0 -0 +0 NoSolution
# fix break: contig_2:819732-819859 0 -0 +0 NoSolution
fix break: contig_2:822826-822831 822626 -445 +445 BreakFix
fix break: contig_2:823155-823455 822887 -701 +706 BreakFix
fix break: contig_2:823778 823527 -469 +470 BreakFix
# fix break: contig_2:824660-824762 0 -0 +0 NoSolution
# fix break: contig_2:825189-825202 0 -0 +0 NoSolution
# fix break: contig_2:825705-825727 0 -0 +0 NoSolution TandemRepeat 404
# fix break: contig_2:826134-826145 0 -0 +0 NoSolution
fix break: contig_2:827055 826910 -298 +298 BreakFix
# fix break: contig_2:827535-827544 0 -0 +0 NoSolution
# fix break: contig_2:828234-828282 0 -0 +0 NoSolution
# fix break: contig_2:829738-829829 0 -0 +0 NoSolution
# fix break: contig_2:830257 0 -0 +0 NoSolution
# fix break: contig_2:830801-830908 0 -0 +0 NoSolution
fix break: contig_2:832652-832662 832454 -208 +208 BreakFix
# fix break: contig_2:833360-833364 0 -0 +0 NoSolution
# fix break: contig_2:833604-833631 0 -0 +0 NoSolution
fix break: contig_2:834135-834151 833913 -262 +264 BreakFix
# fix break: contig_2:835894-835920 0 -0 +0 NoSolution
# fix break: contig_2:837205-837351 0 -0 +0 NoSolution
# fix break: contig_2:839690-839736 0 -0 +0 NoSolution
# fix break: contig_2:841085-841244 0 -0 +0 NoSolution TandemRepeat 2
# fix break: contig_2:841533-841554 0 -0 +0 NoSolution
# fix break: contig_2:843203 0 -0 +0 NoSolution
# fix break: contig_2:844803-844871 0 -0 +0 NoSolution
# fix break: contig_2:845104 0 -0 +0 NoSolution
# fix break: contig_2:845758-845995 0 -0 +0 NoSolution
# fix break: contig_2:847753-847983 0 -0 +0 NoSolution
# fix break: contig_2:848250-848253 0 -0 +0 NoSolution
fix break: contig_2:848805-848811 848541 -537 +539 BreakFix
fix break: contig_2:849152-849199 848973 -468 +467 BreakFix
# fix break: contig_2:849620-849725 0 -0 +0 NoSolution
# fix break: contig_2:850028-850358 0 -0 +0 NoSolution
# fix break: contig_2:850726-850774 0 -0 +0 NoSolution
# fix break: contig_2:851240-851290 0 -0 +0 NoSolution
# fix break: contig_2:851651-851920 0 -0 +0 NoSolution
# fix break: contig_2:852634-852886 0 -0 +0 NoSolution
# fix break: contig_2:853092-853434 0 -0 +0 NoSolution
# fix break: contig_2:853699 0 -0 +0 NoSolution
# fix break: contig_2:854321-854333 0 -0 +0 NoSolution
# fix break: contig_2:854552-854554 0 -0 +0 NoSolution
# fix break: contig_2:855092-855114 0 -0 +0 NoSolution
# fix break: contig_2:855569-855764 0 -0 +0 NoSolution
# fix break: contig_2:856411-856413 0 -0 +0 NoSolution
# fix break: contig_2:857239-857278 0 -0 +0 NoSolution
# fix break: contig_2:859024-859435 0 -0 +0 NoSolution
# fix break: contig_2:859648-860021 0 -0 +0 NoSolution
fix break: contig_2:862457 862216 -383 +385 BreakFix
# fix break: contig_2:863421 0 -0 +0 NoSolution
# fix break: contig_2:863741-863748 0 -0 +0 NoSolution
# fix break: contig_2:864655-864798 0 -0 +0 NoSolution
fix break: contig_2:865890-865894 865635 -503 +504 BreakFix
# fix break: contig_2:866343-866368 0 -0 +0 NoSolution
# fix break: contig_2:866659-866665 0 -0 +0 NoSolution
# fix break: contig_2:867037-867133 0 -0 +0 NoSolution
# fix break: contig_2:867672-868623 0 -0 +0 NoSolution
# fix break: contig_2:869048-869053 0 -0 +0 NoSolution
fix break: contig_2:869495 869387 -279 +277 BreakFix
# fix break: contig_2:870488-870496 0 -0 +0 NoSolution
# fix break: contig_2:871904-871905 0 -0 +0 NoSolution
# fix break: contig_2:872600-872601 0 -0 +0 NoSolution
# fix break: contig_2:873543-873590 0 -0 +0 NoSolution
# fix break: contig_2:875917-875940 0 -0 +0 NoSolution
# fix break: contig_2:876653-876704 0 -0 +0 NoSolution
fix break: contig_2:877133-877234 876898 -455 +456 BreakFix
fix break: contig_2:877921 877663 -444 +439 BreakFix
# fix break: contig_2:878357-878361 0 -0 +0 NoSolution
# fix break: contig_2:878863-878880 0 -0 +0 NoSolution
# fix break: contig_2:879170-879185 0 -0 +0 NoSolution
# fix break: contig_2:879420-879511 0 -0 +0 NoSolution
# fix break: contig_2:880015-880948 0 -0 +0 NoSolution
# fix break: contig_2:881501-881507 0 -0 +0 NoSolution
# fix break: contig_2:882154-882170 0 -0 +0 NoSolution
# fix break: contig_2:882472-882638 0 -0 +0 NoSolution
fix break: contig_2:883191 883191 -175 +173 BreakFix
# fix break: contig_2:885241-885247 0 -0 +0 NoSolution TandemRepeat 71
# fix break: contig_2:886293-886294 0 -0 +0 NoSolution TandemRepeat 71
fix break: contig_2:902732-902740 902634 -337 +342 BreakFix
# fix break: contig_2:904026-904034 0 -0 +0 NoSolution
# fix break: contig_2:904464-904693 0 -0 +0 NoSolution
# fix break: contig_2:904911-904941 0 -0 +0 NoSolution
# fix break: contig_2:905167-905204 0 -0 +0 NoSolution
# fix break: contig_2:905458-905669 0 -0 +0 NoSolution
# fix break: contig_2:906239-906246 0 -0 +0 NoSolution
# fix break: contig_2:906561-906562 0 -0 +0 NoSolution
# fix break: contig_2:906897-906902 0 -0 +0 NoSolution
# fix break: contig_2:907224 0 -0 +0 NoSolution
# fix break: contig_2:907484 0 -0 +0 NoSolution
# fix break: contig_2:907708-907713 0 -0 +0 NoSolution
# fix break: contig_2:907981-908185 0 -0 +0 NoSolution
fix break: contig_2:908547-908558 908467 -305 +309 BreakFix
fix break: contig_2:909034-909079 908773 -573 +575 BreakFix
# fix break: contig_2:909499-909506 0 -0 +0 NoSolution
# fix break: contig_2:909797-910170 0 -0 +0 NoSolution
# fix break: contig_2:910751-911016 0 -0 +0 NoSolution
fix break: contig_2:911338-911351 911073 -508 +512 BreakFix
fix break: contig_2:911556-911561 911313 -509 +516 BreakFix
# fix break: contig_2:912353-912630 0 -0 +0 NoSolution
fix break: contig_2:913211-913286 912941 -550 +558 BreakFix
# fix break: contig_2:914248-914448 0 -0 +0 NoSolution
# fix break: contig_2:915306-915769 0 -0 +0 NoSolution
# fix break: contig_2:916119-916127 0 -0 +0 NoSolution
# fix break: contig_2:917110-917223 0 -0 +0 NoSolution
fix break: contig_2:917451-917458 917221 -469 +474 BreakFix
# fix break: contig_2:918820-919365 0 -0 +0 NoSolution
fix break: contig_2:920368-920386 920122 -443 +446 BreakFix
# fix break: contig_2:921090-921143 0 -0 +0 NoSolution
# fix break: contig_2:921920-921923 0 -0 +0 NoSolution
# fix break: contig_2:923174-923175 0 -0 +0 NoSolution
# fix break: contig_2:923421 0 -0 +0 NoSolution
# fix break: contig_2:924442-924452 0 -0 +0 NoSolution
fix break: contig_2:925211-925497 925010 -760 +768 BreakFix
# fix break: contig_2:926373-927312 0 -0 +0 NoSolution
# fix break: contig_2:927750-927809 0 -0 +0 NoSolution
# fix break: contig_2:928039-928483 0 -0 +0 NoSolution
# fix break: contig_2:928731-928866 0 -0 +0 NoSolution
# fix break: contig_2:929131-929873 0 -0 +0 NoSolution
# fix break: contig_2:930622-930625 0 -0 +0 NoSolution
# fix break: contig_2:931060-931224 0 -0 +0 NoSolution
# fix break: contig_2:931840-932031 0 -0 +0 NoSolution
# fix break: contig_2:932476-932477 0 -0 +0 NoSolution
# fix break: contig_2:932740-933304 0 -0 +0 NoSolution
# fix break: contig_2:933666 0 -0 +0 NoSolution
# fix break: contig_2:933934-934152 0 -0 +0 NoSolution
# fix break: contig_2:934655-934864 0 -0 +0 NoSolution
# fix break: contig_2:935202-935372 0 -0 +0 NoSolution
fix break: contig_2:935804-935832 935713 -197 +202 BreakFix
# fix break: contig_2:936818-936917 0 -0 +0 NoSolution
fix break: contig_2:937147-937199 936909 -538 +537 BreakFix
# fix break: contig_2:937492-937575 0 -0 +0 NoSolution
# fix break: contig_2:937884-938233 0 -0 +0 NoSolution
# fix break: contig_2:938610-939006 0 -0 +0 NoSolution TandemRepeat 59
# fix break: contig_2:940337-940996 0 -0 +0 NoSolution
# fix break: contig_2:941521-941529 0 -0 +0 NoSolution
# fix break: contig_2:942326-942332 0 -0 +0 NoSolution
# fix break: contig_2:942782-942792 0 -0 +0 NoSolution
# fix break: contig_2:943401-943403 0 -0 +0 NoSolution
fix break: contig_2:943723-943730 943610 -385 +380 BreakFix
# fix break: contig_2:943995-944001 0 -0 +0 NoSolution
# fix break: contig_2:945664-945681 0 -0 +0 NoSolution
# fix break: contig_2:947603-948391 0 -0 +0 NoSolution
# fix break: contig_2:948659 0 -0 +0 NoSolution
# fix break: contig_2:949063-949951 0 -0 +0 NoSolution
# fix break: contig_2:950241-950571 0 -0 +0 NoSolution
# fix break: contig_2:951007-951263 0 -0 +0 NoSolution
# fix break: contig_2:951466-953210 0 -0 +0 NoSolution
# fix break: contig_2:953498-953671 0 -0 +0 NoSolution
# fix break: contig_2:954114-955056 0 -0 +0 NoSolution
# fix break: contig_2:955300-955389 0 -0 +0 NoSolution
# fix break: contig_2:956244-957420 0 -0 +0 NoSolution
# fix break: contig_2:958468-959028 0 -0 +0 NoSolution TandemRepeat 404
fix break: contig_2:959233-960401 959005 -1623 +1629 BreakFix
fix break: contig_2:960622-960724 960478 -483 +486 BreakFix
fix break: contig_2:961029-962433 960777 -1890 +1893 BreakFix
# fix break: contig_2:962981 0 -0 +0 NoSolution
# fix break: contig_2:963214-963498 0 -0 +0 NoSolution
# fix break: contig_2:963741-963970 0 -0 +0 NoSolution
# fix break: contig_2:964250-964314 0 -0 +0 NoSolution
fix break: contig_2:964533-964718 964260 -673 +678 BreakFix
# fix break: contig_2:964929-964933 0 -0 +0 NoSolution
# fix break: contig_2:965218-967820 0 -0 +0 NoSolution
# fix break: contig_2:968193-968196 0 -0 +0 NoSolution
# fix break: contig_2:968625-968773 0 -0 +0 NoSolution
fix break: contig_2:969792-969869 969653 -458 +456 BreakFix
# fix break: contig_2:970080-970427 0 -0 +0 NoSolution
# fix break: contig_2:970982 0 -0 +0 NoSolution
fix break: contig_2:971474-971480 971343 -401 +400 BreakFix
fix break: contig_2:971891-972074 971628 -709 +710 BreakFix
# fix break: contig_2:973464-973517 0 -0 +0 NoSolution
# fix break: contig_2:973796-974023 0 -0 +0 NoSolution
fix break: contig_2:974617-974643 974349 -365 +366 BreakFix
fix break: contig_2:975678-975716 975475 -484 +484 BreakFix
# fix break: contig_2:976025-976361 0 -0 +0 NoSolution
fix break: contig_2:976856 976661 -445 +443 BreakFix
fix break: contig_2:977101-977102 976842 -533 +530 BreakFix
# fix break: contig_2:977657-977702 0 -0 +0 NoSolution
# fix break: contig_2:978283-978293 0 -0 +0 NoSolution
# fix break: contig_2:978599-978600 0 -0 +0 NoSolution
fix break: contig_2:978819-979010 978600 -667 +665 BreakFix
# fix break: contig_2:979421-979737 0 -0 +0 NoSolution
# fix break: contig_2:980011-980276 0 -0 +0 NoSolution
# fix break: contig_2:981201-981572 0 -0 +0 NoSolution
# fix break: contig_2:981864-981866 0 -0 +0 NoSolution
# fix break: contig_2:982385-982388 0 -0 +0 NoSolution
# fix break: contig_2:982672-983538 0 -0 +0 NoSolution
# fix break: contig_2:984734-984775 0 -0 +0 NoSolution
fix break: contig_2:984978-985407 984766 -905 +912 BreakFix
# fix break: contig_2:986088-986692 0 -0 +0 NoSolution
# fix break: contig_2:987146-987264 0 -0 +0 NoSolution
# fix break: contig_2:987475-987489 0 -0 +0 NoSolution
# fix break: contig_2:987821-992807 0 -0 +0 NoSolution
# fix break: contig_2:993048-994897 0 -0 +0 NoSolution
# fix break: contig_2:995267-999744 0 -0 +0 NoSolution
fix break: contig_2:999959-999995 999734 -476 +478 BreakFix
# fix break: contig_2:1000531-1000539 0 -0 +0 NoSolution
# fix break: contig_2:1001256-1001262 0 -0 +0 NoSolution
# fix break: contig_2:1001864 0 -0 +0 NoSolution
# fix break: contig_2:1002689 0 -0 +0 NoSolution
# fix break: contig_2:1003114-1003119 0 -0 +0 NoSolution
# fix break: contig_2:1003870-1003887 0 -0 +0 NoSolution
# fix break: contig_2:1004122-1004280 0 -0 +0 NoSolution
fix break: contig_2:1004720-1004907 1004514 -393 +394 BreakFix
# fix break: contig_2:1005560 0 -0 +0 NoSolution
fix break: contig_2:1007002-1007988 1006898 -1235 +1246 BreakFix
# fix break: contig_2:1008447-1008675 0 -0 +0 NoSolution
# fix break: contig_2:1008923-1009284 0 -0 +0 NoSolution
# fix break: contig_2:1009756-1010200 0 -0 +0 NoSolution
# fix break: contig_2:1011696-1011856 0 -0 +0 NoSolution
# fix break: contig_2:1012145-1012153 0 -0 +0 NoSolution
# fix break: contig_2:1012473-1012505 0 -0 +0 NoSolution
# fix break: contig_2:1013528-1013740 0 -0 +0 NoSolution
# fix break: contig_2:1014521-1014668 0 -0 +0 NoSolution
# fix break: contig_2:1015225-1015631 0 -0 +0 NoSolution
# fix break: contig_2:1015912-1016538 0 -0 +0 NoSolution
fix break: contig_2:1016973-1017212 1016703 -461 +461 BreakFix
# fix break: contig_2:1017529-1017564 0 -0 +0 NoSolution
# fix break: contig_2:1017778-1017784 0 -0 +0 NoSolution
# fix break: contig_2:1018154-1018288 0 -0 +0 NoSolution
# fix break: contig_2:1019096-1019212 0 -0 +0 NoSolution
fix break: contig_2:1019547-1019635 1019340 -385 +386 BreakFix
# fix break: contig_2:1019847-1020540 0 -0 +0 NoSolution
# fix break: contig_2:1021176-1023154 0 -0 +0 NoSolution
fix break: contig_2:1023447-1023461 1023293 -426 +428 BreakFix
fix break: contig_2:1024180-1024183 1023917 -508 +508 BreakFix
# fix break: contig_2:1024398-1024405 0 -0 +0 NoSolution
# fix break: contig_2:1024706-1024748 0 -0 +0 NoSolution
# fix break: contig_2:1025043-1025641 0 -0 +0 NoSolution
# fix break: contig_2:1026115-1026433 0 -0 +0 NoSolution
# fix break: contig_2:1026875-1026878 0 -0 +0 NoSolution
# fix break: contig_2:1027124-1027522 0 -0 +0 NoSolution
fix break: contig_2:1027992-1028583 1027874 -957 +956 BreakFix
fix break: contig_2:1029209-1029821 1028957 -986 +992 BreakFix
# fix break: contig_2:1030246-1030388 0 -0 +0 NoSolution
# fix break: contig_2:1030789 0 -0 +0 NoSolution
# fix break: contig_2:1031039-1031050 0 -0 +0 NoSolution
# fix break: contig_2:1031431-1031455 0 -0 +0 NoSolution
# fix break: contig_2:1031940-1032227 0 -0 +0 NoSolution
fix break: contig_2:1032621 1032502 -300 +297 BreakFix
# fix break: contig_2:1033601-1033630 0 -0 +0 NoSolution
# fix break: contig_2:1033931 0 -0 +0 NoSolution
# fix break: contig_2:1035135-1035671 0 -0 +0 NoSolution
# fix break: contig_2:1036338-1036339 0 -0 +0 NoSolution
# fix break: contig_2:1037496-1037506 0 -0 +0 NoSolution
fix break: contig_2:1037947-1038197 1037697 -606 +622 BreakFix
fix break: contig_2:1039337-1039459 1039146 -515 +517 BreakFix
# fix break: contig_2:1039980-1039982 0 -0 +0 NoSolution
fix break: contig_2:1040222-1040224 1039979 -290 +289 BreakFix
# fix break: contig_2:1041207-1041233 0 -0 +0 NoSolution
fix break: contig_2:1042168 1042018 -383 +385 BreakFix
fix break: contig_2:1042590-1042654 1042368 -462 +461 BreakFix
fix break: contig_2:1042862-1042869 1042635 -473 +477 BreakFix
fix break: contig_2:1043074-1043126 1042803 -504 +509 BreakFix
# fix break: contig_2:1043511-1043603 0 -0 +0 NoSolution
# fix break: contig_2:1044192-1044781 0 -0 +0 NoSolution
fix break: contig_2:1045081-1045456 1044860 -790 +796 BreakFix
contig_2:1-1045829 log:
Finished processing contig_2:1-1045829
Processing contig_23:1-13087
frags analyses/03_polishing/pilon_output/chr3_aligned.bam: coverage 103
Total Reads: 10944, Coverage: 103, minDepth: 10
Confirmed 12416 of 13087 bases (94.87%)
Corrected 102 snps; 0 ambiguous bases; corrected 52 small insertions totaling 56 bases, 35 small deletions totaling 38 bases
# Attempting to fix local continuity breaks
fix break: contig_23:2347 2286 -330 +328 BreakFix
# fix break: contig_23:2627-2632 0 -0 +0 NoSolution
# fix break: contig_23:2959-3237 0 -0 +0 NoSolution
# fix break: contig_23:4328-4345 0 -0 +0 NoSolution
fix break: contig_23:5492-5646 5305 -586 +591 BreakFix
# fix break: contig_23:6087-6096 0 -0 +0 NoSolution
# fix break: contig_23:6381-6464 0 -0 +0 NoSolution
fix break: contig_23:9007-9018 8778 -240 +239 BreakFix
# fix break: contig_23:10251-10426 0 -0 +0 NoSolution
contig_23:1-13087 log:
Finished processing contig_23:1-13087
Processing contig_25:1-35408
frags analyses/03_polishing/pilon_output/chr3_aligned.bam: coverage 137
Total Reads: 41687, Coverage: 137, minDepth: 14
Confirmed 18742 of 35408 bases (52.93%)
Corrected 523 snps; 1 ambiguous bases; corrected 146 small insertions totaling 159 bases, 102 small deletions totaling 115 bases
Large collapsed region: contig_25:1263-18207 size 16945
# Attempting to fix local continuity breaks
# fix break: contig_25:569-596 0 -0 +0 NoSolution
# fix break: contig_25:1169-1179 0 -0 +0 NoSolution
# fix break: contig_25:1475-2229 0 -0 +0 NoSolution
# fix break: contig_25:3133 0 -0 +0 NoSolution
# fix break: contig_25:3965-4003 0 -0 +0 NoSolution
# fix break: contig_25:4779-4879 0 -0 +0 NoSolution
# fix break: contig_25:5292-5579 0 -0 +0 NoSolution
# fix break: contig_25:5950-5989 0 -0 +0 NoSolution
# fix break: contig_25:6355-6535 0 -0 +0 NoSolution
# fix break: contig_25:6821-6857 0 -0 +0 NoSolution
fix break: contig_25:7125-7198 6888 -577 +581 BreakFix
fix break: contig_25:7641-7758 7469 -526 +528 BreakFix
fix break: contig_25:8244-8313 7999 -331 +333 BreakFix
fix break: contig_25:8654-9616 8666 -1112 +1123 BreakFix
# fix break: contig_25:11176-11223 0 -0 +0 NoSolution
fix break: contig_25:11526-11824 11328 -608 +611 BreakFix
# fix break: contig_25:12033-12089 0 -0 +0 NoSolution
# fix break: contig_25:12383-12420 0 -0 +0 NoSolution
# fix break: contig_25:12674-12745 0 -0 +0 NoSolution
# fix break: contig_25:12958 0 -0 +0 NoSolution
# fix break: contig_25:16644-16665 0 -0 +0 NoSolution
# fix break: contig_25:17181-18282 0 -0 +0 NoSolution
# fix break: contig_25:18496-31305 0 -0 +0 NoSolution
contig_25:1-35408 log:
Finished processing contig_25:1-35408
Processing contig_26:1-1724286
frags analyses/03_polishing/pilon_output/chr3_aligned.bam: coverage 299
Total Reads: 4165380, Coverage: 299, minDepth: 30
Confirmed 1562527 of 1724286 bases (90.62%)
Corrected 6585 snps; 30 ambiguous bases; corrected 4737 small insertions totaling 5267 bases, 1732 small deletions totaling 2126 bases
Large collapsed region: contig_26:48169-66122 size 17954
Large collapsed region: contig_26:963345-986250 size 22906
Large collapsed region: contig_26:1193683-1205407 size 11725
# Attempting to fix local continuity breaks
# fix break: contig_26:12964-13535 0 -0 +0 NoSolution
# fix break: contig_26:14317-37987 0 -0 +0 NoSolution
# fix break: contig_26:38220-38524 0 -0 +0 NoSolution
# fix break: contig_26:39340-43035 0 -0 +0 NoSolution
# fix break: contig_26:43354-44712 0 -0 +0 NoSolution
# fix break: contig_26:44924-46523 0 -0 +0 NoSolution
# fix break: contig_26:46781-47136 0 -0 +0 NoSolution
# fix break: contig_26:47402-49705 0 -0 +0 NoSolution
# fix break: contig_26:49994-51106 0 -0 +0 NoSolution
# fix break: contig_26:51337-51657 0 -0 +0 NoSolution
fix break: contig_26:51982-52078 51803 -425 +428 BreakFix
# fix break: contig_26:52457-53069 0 -0 +0 NoSolution
# fix break: contig_26:53319-56224 0 -0 +0 NoSolution
# fix break: contig_26:56818-57141 0 -0 +0 NoSolution
# fix break: contig_26:57400-59600 0 -0 +0 NoSolution TandemRepeat 123
# fix break: contig_26:60114-60393 0 -0 +0 NoSolution
fix break: contig_26:60620-60622 60538 -320 +323 BreakFix
# fix break: contig_26:60950-61033 0 -0 +0 NoSolution
# fix break: contig_26:61333-62208 0 -0 +0 NoSolution
# fix break: contig_26:62587-62907 0 -0 +0 NoSolution
fix break: contig_26:63147-63401 62909 -706 +707 BreakFix
# fix break: contig_26:63706-64851 0 -0 +0 NoSolution
# fix break: contig_26:65336-65430 0 -0 +0 NoSolution
fix break: contig_26:65785-66212 65785 -595 +593 BreakFix
# fix break: contig_26:66712-66781 0 -0 +0 NoSolution
# fix break: contig_26:67305 0 -0 +0 NoSolution
fix break: contig_26:70516 70406 -279 +278 BreakFix
# fix break: contig_26:71079-71407 0 -0 +0 NoSolution
fix break: contig_26:71773-71925 71707 -394 +393 BreakFix
# fix break: contig_26:73757-73758 0 -0 +0 NoSolution
# fix break: contig_26:79660-79677 0 -0 +0 NoSolution
# fix break: contig_26:80732-80991 0 -0 +0 NoSolution
# fix break: contig_26:83036-83332 0 -0 +0 NoSolution
# fix break: contig_26:84460-84491 0 -0 +0 NoSolution
# fix break: contig_26:84696-84714 0 -0 +0 NoSolution
# fix break: contig_26:84980-85239 0 -0 +0 NoSolution
fix break: contig_26:86164-86166 86122 -221 +219 BreakFix
# fix break: contig_26:86495-86527 0 -0 +0 NoSolution
# fix break: contig_26:86741-86889 0 -0 +0 NoSolution
fix break: contig_26:87351-87427 87361 -322 +322 BreakFix
# fix break: contig_26:87832-88052 0 -0 +0 NoSolution
# fix break: contig_26:88424-88460 0 -0 +0 NoSolution
# fix break: contig_26:88740-88885 0 -0 +0 NoSolution
fix break: contig_26:89400-89433 89374 -43 +45 BreakFix
# fix break: contig_26:90975-91219 0 -0 +0 NoSolution
# fix break: contig_26:93605-93625 0 -0 +0 NoSolution
fix break: contig_26:94025-94027 94032 -206 +208 BreakFix
fix break: contig_26:94914-94918 94817 -216 +218 BreakFix
fix break: contig_26:95531-95562 95553 -233 +234 BreakFix
# fix break: contig_26:96283-96287 0 -0 +0 NoSolution
# fix break: contig_26:96824-97007 0 -0 +0 NoSolution
# fix break: contig_26:97996-98003 0 -0 +0 NoSolution
# fix break: contig_26:98609-98614 0 -0 +0 NoSolution
# fix break: contig_26:99494 0 -0 +0 NoSolution
fix break: contig_26:100048-100105 99796 -526 +525 BreakFix
# fix break: contig_26:100853-101764 0 -0 +0 NoSolution
# fix break: contig_26:102452-102944 0 -0 +0 NoSolution
# fix break: contig_26:104222-104262 0 -0 +0 NoSolution
# fix break: contig_26:104498-104523 0 -0 +0 NoSolution
# fix break: contig_26:105222-105251 0 -0 +0 NoSolution
# fix break: contig_26:106635-106656 0 -0 +0 NoSolution
# fix break: contig_26:107325-107526 0 -0 +0 NoSolution
fix break: contig_26:108746-108843 108600 -471 +482 BreakFix
# fix break: contig_26:111629-111722 0 -0 +0 NoSolution
# fix break: contig_26:112812-112859 0 -0 +0 NoSolution
fix break: contig_26:113398-113424 113256 -426 +422 BreakFix
# fix break: contig_26:115354-115397 0 -0 +0 NoSolution TandemRepeat 1
# fix break: contig_26:115599-115685 0 -0 +0 NoSolution TandemRepeat 1
fix break: contig_26:118027 117787 -241 +241 BreakFix
# fix break: contig_26:118598-118608 0 -0 +0 NoSolution
fix break: contig_26:120462-120463 120210 -514 +513 BreakFix
# fix break: contig_26:121207 0 -0 +0 NoSolution
# fix break: contig_26:121604 0 -0 +0 NoSolution
# fix break: contig_26:132773 0 -0 +0 NoSolution
fix break: contig_26:133540-133553 133445 -102 +104 BreakFix
fix break: contig_26:133908 133905 -277 +278 BreakFix
fix break: contig_26:134942 134753 -265 +264 BreakFix
# fix break: contig_26:135782-135813 0 -0 +0 NoSolution TandemRepeat 63
# fix break: contig_26:136196-136200 0 -0 +0 NoSolution TandemRepeat 63
fix break: contig_26:137126 136905 -454 +458 BreakFix
fix break: contig_26:145749-145761 145499 -474 +470 BreakFix
fix break: contig_26:146857 146623 -235 +236 BreakFix
# fix break: contig_26:147497-147515 0 -0 +0 NoSolution
fix break: contig_26:149079-149227 148862 -571 +572 BreakFix
# fix break: contig_26:150003-150757 0 -0 +0 NoSolution
# fix break: contig_26:151005-151113 0 -0 +0 NoSolution
# fix break: contig_26:151657-152573 0 -0 +0 NoSolution
# fix break: contig_26:152877-152886 0 -0 +0 NoSolution
# fix break: contig_26:153139-153345 0 -0 +0 NoSolution
# fix break: contig_26:153610-153766 0 -0 +0 NoSolution
# fix break: contig_26:153970-154263 0 -0 +0 NoSolution
# fix break: contig_26:154491-154534 0 -0 +0 NoSolution
# fix break: contig_26:154781-154807 0 -0 +0 NoSolution
# fix break: contig_26:155263-155770 0 -0 +0 NoSolution
fix break: contig_26:156221-156223 155988 -488 +486 BreakFix
# fix break: contig_26:156700-157383 0 -0 +0 NoSolution
# fix break: contig_26:157666-157687 0 -0 +0 NoSolution
# fix break: contig_26:158284-158536 0 -0 +0 NoSolution
# fix break: contig_26:159016-159651 0 -0 +0 NoSolution
# fix break: contig_26:159873-159876 0 -0 +0 NoSolution
# fix break: contig_26:160304-160585 0 -0 +0 NoSolution
# fix break: contig_26:161237-165493 0 -0 +0 NoSolution
# fix break: contig_26:165859-165952 0 -0 +0 NoSolution
# fix break: contig_26:166184-167149 0 -0 +0 NoSolution
# fix break: contig_26:167447-167687 0 -0 +0 NoSolution
# fix break: contig_26:168034-168340 0 -0 +0 NoSolution
fix break: contig_26:169325-169345 169249 -311 +313 BreakFix
# fix break: contig_26:169554 0 -0 +0 NoSolution
# fix break: contig_26:170093-170289 0 -0 +0 NoSolution
fix break: contig_26:171427-171616 171186 -681 +683 BreakFix
# fix break: contig_26:172343-172417 0 -0 +0 NoSolution
fix break: contig_26:176824 176707 -329 +322 BreakFix
# fix break: contig_26:187922-188518 0 -0 +0 NoSolution
# fix break: contig_26:189458-189460 0 -0 +0 NoSolution
# fix break: contig_26:189669-189730 0 -0 +0 NoSolution
# fix break: contig_26:190347-190474 0 -0 +0 NoSolution
fix break: contig_26:198804 198565 -373 +372 BreakFix
fix break: contig_26:204633-204643 204496 -416 +414 BreakFix
fix break: contig_26:227561-228695 227313 -1608 +1622 BreakFix
fix break: contig_26:228960-230537 228839 -1930 +1940 BreakFix
fix break: contig_26:230899-231484 230754 -750 +751 BreakFix
fix break: contig_26:231730-231743 231469 -462 +457 BreakFix
fix break: contig_26:232698-232726 232560 -211 +211 BreakFix
# fix break: contig_26:232958-232976 0 -0 +0 NoSolution
fix break: contig_26:233227-233239 233094 -382 +386 BreakFix
# fix break: contig_26:235654-235770 0 -0 +0 NoSolution
# fix break: contig_26:237485-237487 0 -0 +0 NoSolution
# fix break: contig_26:243739-243741 0 -0 +0 NoSolution TandemRepeat 13
fix break: contig_26:244877-244895 244823 -320 +323 BreakFix
fix break: contig_26:247291-247295 247291 -210 +211 BreakFix
# fix break: contig_26:249055-249061 0 -0 +0 NoSolution
# fix break: contig_26:249906-249939 0 -0 +0 NoSolution
fix break: contig_26:266849 266736 -337 +336 BreakFix
fix break: contig_26:285144-285195 285105 -319 +323 BreakFix
fix break: contig_26:295978-295979 295825 -151 +159 BreakFix
# fix break: contig_26:297750-297833 0 -0 +0 NoSolution
# fix break: contig_26:307024-307065 0 -0 +0 NoSolution
# fix break: contig_26:310541-310556 0 -0 +0 NoSolution
# fix break: contig_26:312247-312248 0 -0 +0 NoSolution TandemRepeat 24
# fix break: contig_26:315415-315519 0 -0 +0 NoSolution
# fix break: contig_26:324588-324603 0 -0 +0 NoSolution
# fix break: contig_26:341358 0 -0 +0 NoSolution
# fix break: contig_26:342663-342887 0 -0 +0 NoSolution
# fix break: contig_26:344483-344485 0 -0 +0 NoSolution
# fix break: contig_26:367591-367651 0 -0 +0 NoSolution TandemRepeat 1
# fix break: contig_26:369547-369555 0 -0 +0 NoSolution TandemRepeat 28
fix break: contig_26:374089-374092 373909 -184 +186 BreakFix
# fix break: contig_26:390504-390585 0 -0 +0 NoSolution TandemRepeat 108
# fix break: contig_26:399612-399687 0 -0 +0 NoSolution TandemRepeat 1
fix break: contig_26:400002-400016 399836 -434 +435 BreakFix
# fix break: contig_26:407353-407609 0 -0 +0 NoSolution
# fix break: contig_26:407858-407861 0 -0 +0 NoSolution
# fix break: contig_26:408556-408769 0 -0 +0 NoSolution
# fix break: contig_26:410848-411155 0 -0 +0 NoSolution TandemRepeat 24
# fix break: contig_26:411557-411558 0 -0 +0 NoSolution TandemRepeat 24
# fix break: contig_26:428262-428282 0 -0 +0 NoSolution TandemRepeat 131
# fix break: contig_26:443022-443024 0 -0 +0 NoSolution
# fix break: contig_26:457700-457716 0 -0 +0 NoSolution
# fix break: contig_26:475157-475336 0 -0 +0 NoSolution
fix break: contig_26:488439 488248 -434 +433 BreakFix
# fix break: contig_26:489802-489810 0 -0 +0 NoSolution
# fix break: contig_26:494563-494659 0 -0 +0 NoSolution TandemRepeat 71
# fix break: contig_26:504524-504531 0 -0 +0 NoSolution
# fix break: contig_26:505389 0 -0 +0 NoSolution
fix break: contig_26:506726-506844 506508 -495 +495 BreakFix
# fix break: contig_26:517422-517442 0 -0 +0 NoSolution
# fix break: contig_26:517862-517993 0 -0 +0 NoSolution
# fix break: contig_26:518355-519059 0 -0 +0 NoSolution
# fix break: contig_26:519278-519351 0 -0 +0 NoSolution
fix break: contig_26:562800-562804 562800 -87 +89 BreakFix
# fix break: contig_26:568817-569085 0 -0 +0 NoSolution TandemRepeat 52
# fix break: contig_26:569468-569470 0 -0 +0 NoSolution
# fix break: contig_26:574064-574074 0 -0 +0 NoSolution TandemRepeat 47
# fix break: contig_26:574464-574721 0 -0 +0 NoSolution TandemRepeat 47
fix break: contig_26:575916-575927 575686 -496 +505 BreakFix
fix break: contig_26:584946-584951 584924 -250 +251 BreakFix
# fix break: contig_26:588447-588457 0 -0 +0 NoSolution
fix break: contig_26:605267-605315 605150 -261 +264 BreakFix
fix break: contig_26:618012-618094 618000 -48 +50 BreakFix
# fix break: contig_26:623865-624067 0 -0 +0 NoSolution
# fix break: contig_26:626041 0 -0 +0 NoSolution
fix break: contig_26:626567-626568 626306 -434 +437 BreakFix
# fix break: contig_26:642624-642804 0 -0 +0 NoSolution
# fix break: contig_26:650965-650989 0 -0 +0 NoSolution
fix break: contig_26:653305 653223 -154 +150 BreakFix
# fix break: contig_26:659797-660342 0 -0 +0 NoSolution
fix break: contig_26:660913-660915 660724 -381 +383 BreakFix
# fix break: contig_26:661548-661579 0 -0 +0 NoSolution
# fix break: contig_26:662990-663024 0 -0 +0 NoSolution TandemRepeat 33
fix break: contig_26:673198-673210 672934 -311 +309 BreakFix
# fix break: contig_26:676703-676709 0 -0 +0 NoSolution
# fix break: contig_26:682077-682267 0 -0 +0 NoSolution TandemRepeat 2
# fix break: contig_26:689369-689373 0 -0 +0 NoSolution
# fix break: contig_26:692750-692757 0 -0 +0 NoSolution
# fix break: contig_26:700185-700192 0 -0 +0 NoSolution
# fix break: contig_26:700651-700707 0 -0 +0 NoSolution
# fix break: contig_26:701651-702506 0 -0 +0 NoSolution
# fix break: contig_26:702961-704366 0 -0 +0 NoSolution
# fix break: contig_26:704911-705659 0 -0 +0 NoSolution
# fix break: contig_26:705971-707763 0 -0 +0 NoSolution
# fix break: contig_26:708064-708211 0 -0 +0 NoSolution
# fix break: contig_26:719273-719274 0 -0 +0 NoSolution
# fix break: contig_26:723870-723871 0 -0 +0 NoSolution
# fix break: contig_26:738046-738053 0 -0 +0 NoSolution
fix break: contig_26:738808-738811 738831 -117 +116 BreakFix
# fix break: contig_26:755800-755993 0 -0 +0 NoSolution
# fix break: contig_26:767106-767137 0 -0 +0 NoSolution
# fix break: contig_26:769300-769344 0 -0 +0 NoSolution
# fix break: contig_26:778316-778325 0 -0 +0 NoSolution
fix break: contig_26:779579-779595 779318 -398 +402 BreakFix
fix break: contig_26:780473-780529 780213 -516 +518 BreakFix
# fix break: contig_26:781700-781708 0 -0 +0 NoSolution
# fix break: contig_26:781973-781980 0 -0 +0 NoSolution
fix break: contig_26:789822-790060 789774 -528 +532 BreakFix
fix break: contig_26:791132-791174 791230 -190 +192 BreakFix
fix break: contig_26:794373-794380 794124 -510 +509 BreakFix
# fix break: contig_26:796032-796035 0 -0 +0 NoSolution
# fix break: contig_26:796979-797007 0 -0 +0 NoSolution
# fix break: contig_26:797602-797766 0 -0 +0 NoSolution
# fix break: contig_26:798256 0 -0 +0 NoSolution
# fix break: contig_26:799379 0 -0 +0 NoSolution
# fix break: contig_26:805806-805938 0 -0 +0 NoSolution TandemRepeat 16
# fix break: contig_26:810707-810721 0 -0 +0 NoSolution
# fix break: contig_26:822134-822161 0 -0 +0 NoSolution
# fix break: contig_26:826935-827344 0 -0 +0 NoSolution
# fix break: contig_26:828442-828457 0 -0 +0 NoSolution
fix break: contig_26:833698-833766 833698 -222 +218 BreakFix
# fix break: contig_26:834191-834201 0 -0 +0 NoSolution
# fix break: contig_26:837992-838033 0 -0 +0 NoSolution
fix break: contig_26:838855-838863 838707 -364 +369 BreakFix
# fix break: contig_26:844797-844844 0 -0 +0 NoSolution
fix break: contig_26:859001-859026 858898 -99 +101 BreakFix
fix break: contig_26:859612-859618 859407 -266 +273 BreakFix
# fix break: contig_26:867314-867332 0 -0 +0 NoSolution
# fix break: contig_26:875202-875235 0 -0 +0 NoSolution
# fix break: contig_26:879883-879930 0 -0 +0 NoSolution
# fix break: contig_26:880378 0 -0 +0 NoSolution
# fix break: contig_26:880821-880842 0 -0 +0 NoSolution
# fix break: contig_26:882097-882110 0 -0 +0 NoSolution
# fix break: contig_26:892346-892370 0 -0 +0 NoSolution TandemRepeat 54
fix break: contig_26:894486 894409 -121 +123 BreakFix
fix break: contig_26:902029-902081 902080 -73 +75 BreakFix
fix break: contig_26:913750-913809 913718 -222 +224 BreakFix
fix break: contig_26:920751-920976 920526 -522 +526 BreakFix
fix break: contig_26:922779-922824 922620 -232 +235 BreakFix
# fix break: contig_26:937566-937648 0 -0 +0 NoSolution
# fix break: contig_26:938084-938255 0 -0 +0 NoSolution
# fix break: contig_26:938729-938872 0 -0 +0 NoSolution
# fix break: contig_26:939307-939654 0 -0 +0 NoSolution
# fix break: contig_26:939896-940845 0 -0 +0 NoSolution
# fix break: contig_26:941304 0 -0 +0 NoSolution
fix break: contig_26:941507-941510 941288 -473 +473 BreakFix
# fix break: contig_26:941759-941764 0 -0 +0 NoSolution
# fix break: contig_26:941974-942039 0 -0 +0 NoSolution
# fix break: contig_26:942472-943642 0 -0 +0 NoSolution
# fix break: contig_26:944483-944918 0 -0 +0 NoSolution
# fix break: contig_26:945556-945978 0 -0 +0 NoSolution
# fix break: contig_26:947109-947387 0 -0 +0 NoSolution
# fix break: contig_26:947666-947668 0 -0 +0 NoSolution
# fix break: contig_26:948342-948392 0 -0 +0 NoSolution
fix break: contig_26:948774-948777 948732 -300 +301 BreakFix
# fix break: contig_26:949106-949229 0 -0 +0 NoSolution
fix break: contig_26:949619-949692 949382 -281 +285 BreakFix
# fix break: contig_26:950219-950227 0 -0 +0 NoSolution
fix break: contig_26:950576-950682 950500 -402 +409 BreakFix
# fix break: contig_26:950908-950913 0 -0 +0 NoSolution
# fix break: contig_26:951482-951504 0 -0 +0 NoSolution
# fix break: contig_26:954287-954307 0 -0 +0 NoSolution
fix break: contig_26:958591 958486 -311 +312 BreakFix
fix break: contig_26:962889-962895 962637 -436 +435 BreakFix
fix break: contig_26:963097-963104 962878 -496 +497 BreakFix
# fix break: contig_26:963898-964190 0 -0 +0 NoSolution TandemRepeat 31
# fix break: contig_26:964606-964812 0 -0 +0 NoSolution TandemRepeat 31
fix break: contig_26:965423-967254 965405 -2105 +2097 BreakFix
# fix break: contig_26:967719-967792 0 -0 +0 NoSolution
# fix break: contig_26:968127-968151 0 -0 +0 NoSolution
# fix break: contig_26:968356-969411 0 -0 +0 NoSolution
# fix break: contig_26:970425-970497 0 -0 +0 NoSolution
# fix break: contig_26:970806-970911 0 -0 +0 NoSolution
# fix break: contig_26:971188-971523 0 -0 +0 NoSolution
# fix break: contig_26:971882-972201 0 -0 +0 NoSolution
# fix break: contig_26:972681-972806 0 -0 +0 NoSolution
# fix break: contig_26:973316-973852 0 -0 +0 NoSolution
# fix break: contig_26:974695-975318 0 -0 +0 NoSolution
# fix break: contig_26:975850-975981 0 -0 +0 NoSolution
# fix break: contig_26:976461-976475 0 -0 +0 NoSolution
# fix break: contig_26:977708-977717 0 -0 +0 NoSolution
# fix break: contig_26:978122-978334 0 -0 +0 NoSolution
# fix break: contig_26:978865-979176 0 -0 +0 NoSolution
# fix break: contig_26:979592-979609 0 -0 +0 NoSolution
# fix break: contig_26:980078 0 -0 +0 NoSolution
# fix break: contig_26:980503-980560 0 -0 +0 NoSolution
# fix break: contig_26:981011-981393 0 -0 +0 NoSolution
# fix break: contig_26:981786-982866 0 -0 +0 NoSolution
fix break: contig_26:983215-983409 982984 -465 +466 BreakFix
# fix break: contig_26:983819-983929 0 -0 +0 NoSolution TandemRepeat 8
# fix break: contig_26:984405-984486 0 -0 +0 NoSolution
# fix break: contig_26:984690-984785 0 -0 +0 NoSolution
fix break: contig_26:985126-985222 984967 -444 +441 BreakFix
# fix break: contig_26:985468-985652 0 -0 +0 NoSolution TandemRepeat 31
# fix break: contig_26:986492-986503 0 -0 +0 NoSolution TandemRepeat 31
# fix break: contig_26:987168-987600 0 -0 +0 NoSolution
# fix break: contig_26:988253-988423 0 -0 +0 NoSolution
# fix break: contig_26:988891-990950 0 -0 +0 NoSolution
fix break: contig_26:992629-992676 992449 -421 +423 BreakFix
# fix break: contig_26:994339-994352 0 -0 +0 NoSolution
fix break: contig_26:995413-995470 995198 -527 +535 BreakFix
# fix break: contig_26:997384-997405 0 -0 +0 NoSolution
fix break: contig_26:1009797-1009908 1009610 -291 +294 BreakFix
# fix break: contig_26:1010967 0 -0 +0 NoSolution
# fix break: contig_26:1011385-1011388 0 -0 +0 NoSolution
fix break: contig_26:1011865-1011880 1011683 -358 +359 BreakFix
# fix break: contig_26:1017895 0 -0 +0 NoSolution
# fix break: contig_26:1019910-1019926 0 -0 +0 NoSolution TandemRepeat 2
# fix break: contig_26:1033337-1035431 0 -0 +0 NoSolution
# fix break: contig_26:1035873-1035993 0 -0 +0 NoSolution TandemRepeat 36
# fix break: contig_26:1036210-1036564 0 -0 +0 NoSolution TandemRepeat 36
# fix break: contig_26:1037109-1037129 0 -0 +0 NoSolution
# fix break: contig_26:1037526-1037654 0 -0 +0 NoSolution
# fix break: contig_26:1038180-1038298 0 -0 +0 NoSolution
# fix break: contig_26:1039212-1039215 0 -0 +0 NoSolution
# fix break: contig_26:1039755-1041238 0 -0 +0 NoSolution
# fix break: contig_26:1041474-1043666 0 -0 +0 NoSolution
# fix break: contig_26:1044300-1046158 0 -0 +0 NoSolution
# fix break: contig_26:1046568-1048314 0 -0 +0 NoSolution
# fix break: contig_26:1048613-1049040 0 -0 +0 NoSolution
# fix break: contig_26:1050235-1050251 0 -0 +0 NoSolution
# fix break: contig_26:1050576-1061957 0 -0 +0 NoSolution
# fix break: contig_26:1062171-1062414 0 -0 +0 NoSolution
# fix break: contig_26:1062671-1064704 0 -0 +0 NoSolution
# fix break: contig_26:1064982-1065601 0 -0 +0 NoSolution
# fix break: contig_26:1065810-1065811 0 -0 +0 NoSolution
# fix break: contig_26:1066019-1066387 0 -0 +0 NoSolution
# fix break: contig_26:1066969-1067036 0 -0 +0 NoSolution
# fix break: contig_26:1067279-1067282 0 -0 +0 NoSolution
# fix break: contig_26:1067655-1071517 0 -0 +0 NoSolution
# fix break: contig_26:1071823-1072640 0 -0 +0 NoSolution
# fix break: contig_26:1072972-1078223 0 -0 +0 NoSolution
# fix break: contig_26:1078558-1079806 0 -0 +0 NoSolution
# fix break: contig_26:1080248-1080264 0 -0 +0 NoSolution TandemRepeat 30
fix break: contig_26:1094159-1094175 1093891 -471 +477 BreakFix
# fix break: contig_26:1094640-1094649 0 -0 +0 NoSolution
# fix break: contig_26:1096500-1096543 0 -0 +0 NoSolution
# fix break: contig_26:1110363-1110367 0 -0 +0 NoSolution
# fix break: contig_26:1113673-1113922 0 -0 +0 NoSolution
fix break: contig_26:1118249-1118250 1117984 -406 +408 BreakFix
# fix break: contig_26:1119580-1119585 0 -0 +0 NoSolution
fix break: contig_26:1120447-1120551 1120325 -341 +340 BreakFix
# fix break: contig_26:1122590-1122646 0 -0 +0 NoSolution TandemRepeat 1
# fix break: contig_26:1140555-1140723 0 -0 +0 NoSolution
fix break: contig_26:1141710 1141440 -300 +309 BreakFix
fix break: contig_26:1171166 1170931 -409 +407 BreakFix
# fix break: contig_26:1172593 0 -0 +0 NoSolution
fix break: contig_26:1173181-1173183 1173046 -350 +348 BreakFix
fix break: contig_26:1179733-1179780 1179699 -43 +48 BreakFix
# fix break: contig_26:1184025 0 -0 +0 NoSolution TandemRepeat 21
# fix break: contig_26:1184246-1184262 0 -0 +0 NoSolution TandemRepeat 21
# fix break: contig_26:1190218-1190383 0 -0 +0 NoSolution
fix break: contig_26:1194055 1193849 -308 +304 BreakFix
# fix break: contig_26:1195594-1195595 0 -0 +0 NoSolution
# fix break: contig_26:1195838-1195891 0 -0 +0 NoSolution
# fix break: contig_26:1196380 0 -0 +0 NoSolution
# fix break: contig_26:1196804-1196898 0 -0 +0 NoSolution
# fix break: contig_26:1197512-1197525 0 -0 +0 NoSolution
# fix break: contig_26:1199299-1199300 0 -0 +0 NoSolution
# fix break: contig_26:1199636-1199639 0 -0 +0 NoSolution
# fix break: contig_26:1199915-1200016 0 -0 +0 NoSolution
# fix break: contig_26:1201440-1201455 0 -0 +0 NoSolution
# fix break: contig_26:1201727-1201765 0 -0 +0 NoSolution
# fix break: contig_26:1202994 0 -0 +0 NoSolution
# fix break: contig_26:1203619-1204136 0 -0 +0 NoSolution TandemRepeat 27
# fix break: contig_26:1204501-1204556 0 -0 +0 NoSolution TandemRepeat 27
# fix break: contig_26:1204995-1204997 0 -0 +0 NoSolution TandemRepeat 27
# fix break: contig_26:1205721-1205863 0 -0 +0 NoSolution
# fix break: contig_26:1206278-1206355 0 -0 +0 NoSolution
# fix break: contig_26:1207976-1208120 0 -0 +0 NoSolution
# fix break: contig_26:1208653 0 -0 +0 NoSolution
# fix break: contig_26:1208958-1208967 0 -0 +0 NoSolution
# fix break: contig_26:1209235-1209253 0 -0 +0 NoSolution
# fix break: contig_26:1209604-1209607 0 -0 +0 NoSolution
fix break: contig_26:1210051-1210076 1209911 -415 +414 BreakFix
# fix break: contig_26:1210954-1210965 0 -0 +0 NoSolution
# fix break: contig_26:1211337-1211422 0 -0 +0 NoSolution
fix break: contig_26:1211889-1211890 1211632 -522 +520 BreakFix
fix break: contig_26:1212216-1212228 1211990 -483 +480 BreakFix
# fix break: contig_26:1219245-1219268 0 -0 +0 NoSolution TandemRepeat 69
fix break: contig_26:1224331 1224295 -120 +121 BreakFix
fix break: contig_26:1232353-1232367 1232103 -504 +505 BreakFix
# fix break: contig_26:1236393-1236529 0 -0 +0 NoSolution TandemRepeat 4
fix break: contig_26:1238673-1238836 1238713 -341 +345 BreakFix
fix break: contig_26:1242868-1242922 1242629 -294 +273 BreakFix
fix break: contig_26:1247339 1247190 -343 +342 BreakFix
# fix break: contig_26:1259285-1259302 0 -0 +0 NoSolution
fix break: contig_26:1261417-1261423 1261162 -259 +262 BreakFix
fix break: contig_26:1269823-1269833 1269556 -471 +478 BreakFix
# fix break: contig_26:1270912-1270933 0 -0 +0 NoSolution
# fix break: contig_26:1276398-1276402 0 -0 +0 NoSolution
# fix break: contig_26:1290414-1290520 0 -0 +0 NoSolution
# fix break: contig_26:1319336-1319339 0 -0 +0 NoSolution TandemRepeat 39
# fix break: contig_26:1344282-1344365 0 -0 +0 NoSolution
# fix break: contig_26:1345440-1345470 0 -0 +0 NoSolution
# fix break: contig_26:1361509-1361518 0 -0 +0 NoSolution
# fix break: contig_26:1361801-1361814 0 -0 +0 NoSolution
fix break: contig_26:1365644-1366012 1366074 -165 +168 BreakFix
fix break: contig_26:1387621-1387622 1387605 -269 +272 BreakFix
fix break: contig_26:1388143 1387874 -539 +541 BreakFix
fix break: contig_26:1391607-1391611 1391438 -354 +355 BreakFix
fix break: contig_26:1402300-1402307 1402130 -346 +345 BreakFix
# fix break: contig_26:1416308-1416485 0 -0 +0 NoSolution
# fix break: contig_26:1428183 0 -0 +0 NoSolution
# fix break: contig_26:1435562-1435564 0 -0 +0 NoSolution
# fix break: contig_26:1435902-1435908 0 -0 +0 NoSolution
fix break: contig_26:1436285 1436284 -188 +192 BreakFix
# fix break: contig_26:1438088 0 -0 +0 NoSolution
# fix break: contig_26:1445653-1445656 0 -0 +0 NoSolution
# fix break: contig_26:1450187-1450226 0 -0 +0 NoSolution
# fix break: contig_26:1452130-1452146 0 -0 +0 NoSolution
# fix break: contig_26:1456822 0 -0 +0 NoSolution
# fix break: contig_26:1469304-1469342 0 -0 +0 NoSolution
# fix break: contig_26:1469588-1469787 0 -0 +0 NoSolution
# fix break: contig_26:1475902-1475920 0 -0 +0 NoSolution
# fix break: contig_26:1488175-1488314 0 -0 +0 NoSolution
fix break: contig_26:1493331-1493427 1493131 -297 +222 BreakFix
# fix break: contig_26:1494607-1494758 0 -0 +0 NoSolution
fix break: contig_26:1495470-1495481 1495299 -321 +314 BreakFix
# fix break: contig_26:1495706-1495712 0 -0 +0 NoSolution
# fix break: contig_26:1497538-1497554 0 -0 +0 NoSolution
fix break: contig_26:1499753-1499794 1499487 -528 +526 BreakFix
# fix break: contig_26:1500697-1500728 0 -0 +0 NoSolution
fix break: contig_26:1501324-1501325 1501106 -29 +27 BreakFix
fix break: contig_26:1508709-1508813 1508561 -463 +467 BreakFix
fix break: contig_26:1511037-1511079 1510815 -466 +444 BreakFix
# fix break: contig_26:1513224-1513232 0 -0 +0 NoSolution
# fix break: contig_26:1513667-1513778 0 -0 +0 NoSolution
# fix break: contig_26:1514700-1515074 0 -0 +0 NoSolution
# fix break: contig_26:1515278-1515282 0 -0 +0 NoSolution
# fix break: contig_26:1516059 0 -0 +0 NoSolution
fix break: contig_26:1516630-1516633 1516359 -529 +535 BreakFix
# fix break: contig_26:1517685-1517706 0 -0 +0 NoSolution
# fix break: contig_26:1518503-1518516 0 -0 +0 NoSolution
fix break: contig_26:1519158-1519773 1518983 -819 +824 BreakFix
fix break: contig_26:1520305 1520047 -292 +288 BreakFix
# fix break: contig_26:1521344-1521685 0 -0 +0 NoSolution
# fix break: contig_26:1523849-1524238 0 -0 +0 NoSolution
fix break: contig_26:1529051-1529157 1528784 -595 +606 BreakFix
# fix break: contig_26:1529483-1529684 0 -0 +0 NoSolution
# fix break: contig_26:1544520-1544638 0 -0 +0 NoSolution
# fix break: contig_26:1545979-1545987 0 -0 +0 NoSolution
# fix break: contig_26:1546839 0 -0 +0 NoSolution
# fix break: contig_26:1547061-1547083 0 -0 +0 NoSolution
# fix break: contig_26:1548886-1549200 0 -0 +0 NoSolution TandemRepeat 46
# fix break: contig_26:1555618-1555785 0 -0 +0 NoSolution
# fix break: contig_26:1556335 0 -0 +0 NoSolution
# fix break: contig_26:1563120-1563225 0 -0 +0 NoSolution
# fix break: contig_26:1579670-1579689 0 -0 +0 NoSolution
# fix break: contig_26:1580444-1580447 0 -0 +0 NoSolution TandemRepeat 2
# fix break: contig_26:1580776-1580812 0 -0 +0 NoSolution TandemRepeat 2
fix break: contig_26:1584111-1584162 1584169 -203 +207 BreakFix
# fix break: contig_26:1585864-1585935 0 -0 +0 NoSolution
fix break: contig_26:1587309-1587317 1587177 -259 +259 BreakFix
fix break: contig_26:1602807-1602808 1602669 -373 +375 BreakFix
fix break: contig_26:1603376-1603602 1603144 -723 +727 BreakFix
# fix break: contig_26:1612538-1612883 0 -0 +0 NoSolution TandemRepeat 72
# fix break: contig_26:1613176-1613253 0 -0 +0 NoSolution TandemRepeat 72
# fix break: contig_26:1613623 0 -0 +0 NoSolution
# fix break: contig_26:1615465 0 -0 +0 NoSolution
# fix break: contig_26:1617020-1617029 0 -0 +0 NoSolution
# fix break: contig_26:1618865 0 -0 +0 NoSolution
# fix break: contig_26:1632228-1633348 0 -0 +0 NoSolution
# fix break: contig_26:1633590-1637977 0 -0 +0 NoSolution TandemRepeat 404
# fix break: contig_26:1643160-1643162 0 -0 +0 NoSolution TandemRepeat 2
# fix break: contig_26:1647842-1647989 0 -0 +0 NoSolution TandemRepeat 2
# fix break: contig_26:1649315-1649325 0 -0 +0 NoSolution TandemRepeat 23
# fix break: contig_26:1652238-1652446 0 -0 +0 NoSolution
# fix break: contig_26:1675828-1675840 0 -0 +0 NoSolution
# fix break: contig_26:1676137-1676152 0 -0 +0 NoSolution
# fix break: contig_26:1676886-1677159 0 -0 +0 NoSolution
# fix break: contig_26:1677462-1677780 0 -0 +0 NoSolution
fix break: contig_26:1678958-1678977 1678746 -394 +398 BreakFix
# fix break: contig_26:1679799-1679808 0 -0 +0 NoSolution
# fix break: contig_26:1683916-1683986 0 -0 +0 NoSolution
# fix break: contig_26:1684589-1684607 0 -0 +0 NoSolution
# fix break: contig_26:1687482-1687940 0 -0 +0 NoSolution
# fix break: contig_26:1688176-1720700 0 -0 +0 NoSolution
contig_26:1-1724286 log:
Finished processing contig_26:1-1724286
Processing contig_3:1-490403
frags analyses/03_polishing/pilon_output/chr3_aligned.bam: coverage 283
Total Reads: 1147220, Coverage: 283, minDepth: 28
Confirmed 437727 of 490403 bases (89.26%)
Corrected 4266 snps; 31 ambiguous bases; corrected 1779 small insertions totaling 1969 bases, 962 small deletions totaling 1198 bases
# Attempting to fix local continuity breaks
fix break: contig_3:733-749 476 -498 +499 BreakFix
# fix break: contig_3:1233-1262 0 -0 +0 NoSolution
fix break: contig_3:1501-1518 1241 -353 +357 BreakFix
# fix break: contig_3:1809-1892 0 -0 +0 NoSolution
# fix break: contig_3:2564-2596 0 -0 +0 NoSolution
# fix break: contig_3:3152-3248 0 -0 +0 NoSolution
# fix break: contig_3:3512-3535 0 -0 +0 NoSolution
# fix break: contig_3:3916-4388 0 -0 +0 NoSolution
# fix break: contig_3:5199-5413 0 -0 +0 NoSolution
# fix break: contig_3:7541-7554 0 -0 +0 NoSolution TandemRepeat 56
# fix break: contig_3:7906-8047 0 -0 +0 NoSolution TandemRepeat 56
# fix break: contig_3:8550-8606 0 -0 +0 NoSolution
# fix break: contig_3:9714-10016 0 -0 +0 NoSolution
# fix break: contig_3:10436-11010 0 -0 +0 NoSolution
# fix break: contig_3:11372-11485 0 -0 +0 NoSolution
# fix break: contig_3:11752 0 -0 +0 NoSolution
# fix break: contig_3:12254-12265 0 -0 +0 NoSolution
fix break: contig_3:13133-13134 13011 -172 +176 BreakFix
# fix break: contig_3:14285-14453 0 -0 +0 NoSolution
# fix break: contig_3:15178-15371 0 -0 +0 NoSolution
# fix break: contig_3:15603-16094 0 -0 +0 NoSolution
# fix break: contig_3:16503-16556 0 -0 +0 NoSolution
# fix break: contig_3:16821-16919 0 -0 +0 NoSolution
# fix break: contig_3:19627-19663 0 -0 +0 NoSolution
# fix break: contig_3:20207-20434 0 -0 +0 NoSolution
# fix break: contig_3:21656-22273 0 -0 +0 NoSolution
# fix break: contig_3:23001-23021 0 -0 +0 NoSolution
# fix break: contig_3:23277-24034 0 -0 +0 NoSolution
fix break: contig_3:24649-24656 24451 -468 +469 BreakFix
# fix break: contig_3:25022 0 -0 +0 NoSolution
fix break: contig_3:25935-25945 25802 -233 +235 BreakFix
# fix break: contig_3:26519-26541 0 -0 +0 NoSolution
# fix break: contig_3:26926-27158 0 -0 +0 NoSolution
# fix break: contig_3:27518-27529 0 -0 +0 NoSolution
# fix break: contig_3:29413-29428 0 -0 +0 NoSolution
# fix break: contig_3:29939-29948 0 -0 +0 NoSolution
# fix break: contig_3:30174-30280 0 -0 +0 NoSolution
# fix break: contig_3:30574-30576 0 -0 +0 NoSolution
fix break: contig_3:31641 31396 -515 +514 BreakFix
# fix break: contig_3:31994-32063 0 -0 +0 NoSolution
fix break: contig_3:32850-32950 32583 -628 +633 BreakFix
# fix break: contig_3:33673-34358 0 -0 +0 NoSolution
# fix break: contig_3:34739-34845 0 -0 +0 NoSolution
# fix break: contig_3:35241-35366 0 -0 +0 NoSolution
# fix break: contig_3:35947-36464 0 -0 +0 NoSolution
# fix break: contig_3:36807-37232 0 -0 +0 NoSolution
# fix break: contig_3:37435-37555 0 -0 +0 NoSolution
# fix break: contig_3:38504-38509 0 -0 +0 NoSolution
fix break: contig_3:38759-38798 38503 -543 +546 BreakFix
# fix break: contig_3:39035-39036 0 -0 +0 NoSolution
fix break: contig_3:39404-39415 39164 -521 +527 BreakFix
# fix break: contig_3:40139-40147 0 -0 +0 NoSolution
# fix break: contig_3:40380-40429 0 -0 +0 NoSolution
fix break: contig_3:41141-41363 40972 -658 +662 BreakFix
# fix break: contig_3:44045-45558 0 -0 +0 NoSolution TandemRepeat 404
# fix break: contig_3:45787-47491 0 -0 +0 NoSolution
# fix break: contig_3:47955-50362 0 -0 +0 NoSolution
# fix break: contig_3:50599-53879 0 -0 +0 NoSolution
# fix break: contig_3:54217-54344 0 -0 +0 NoSolution
# fix break: contig_3:54677-54819 0 -0 +0 NoSolution
# fix break: contig_3:55312-55922 0 -0 +0 NoSolution
# fix break: contig_3:56230-56484 0 -0 +0 NoSolution
fix break: contig_3:56865-56885 56723 -436 +442 BreakFix
# fix break: contig_3:57373-57835 0 -0 +0 NoSolution
# fix break: contig_3:58040-58857 0 -0 +0 NoSolution
# fix break: contig_3:59062-60823 0 -0 +0 NoSolution
# fix break: contig_3:61110-61318 0 -0 +0 NoSolution
# fix break: contig_3:61580-61857 0 -0 +0 NoSolution
# fix break: contig_3:62065-63359 0 -0 +0 NoSolution
# fix break: contig_3:63721-64567 0 -0 +0 NoSolution
# fix break: contig_3:65022-65725 0 -0 +0 NoSolution
# fix break: contig_3:67005-67526 0 -0 +0 NoSolution
# fix break: contig_3:68054-68323 0 -0 +0 NoSolution
# fix break: contig_3:68684-68703 0 -0 +0 NoSolution TandemRepeat 18
# fix break: contig_3:69069-69616 0 -0 +0 NoSolution TandemRepeat 18
# fix break: contig_3:69899-69910 0 -0 +0 NoSolution
# fix break: contig_3:70150-70893 0 -0 +0 NoSolution
fix break: contig_3:73101-73120 72857 -513 +524 BreakFix
# fix break: contig_3:79478-79480 0 -0 +0 NoSolution TandemRepeat 24
fix break: contig_3:81489-81490 81375 -278 +275 BreakFix
# fix break: contig_3:85750 0 -0 +0 NoSolution
# fix break: contig_3:86070-86075 0 -0 +0 NoSolution
fix break: contig_3:87291 87098 -464 +467 BreakFix
# fix break: contig_3:87563-87767 0 -0 +0 NoSolution
# fix break: contig_3:87978 0 -0 +0 NoSolution
# fix break: contig_3:88324 0 -0 +0 NoSolution
# fix break: contig_3:88613-88645 0 -0 +0 NoSolution
# fix break: contig_3:89140-89703 0 -0 +0 NoSolution
# fix break: contig_3:90353-90356 0 -0 +0 NoSolution
# fix break: contig_3:90660-90673 0 -0 +0 NoSolution
# fix break: contig_3:93774-94151 0 -0 +0 NoSolution
fix break: contig_3:96874 96777 -298 +294 BreakFix
fix break: contig_3:101993 101781 -468 +460 BreakFix
# fix break: contig_3:103813-103945 0 -0 +0 NoSolution
# fix break: contig_3:104483 0 -0 +0 NoSolution
# fix break: contig_3:104770 0 -0 +0 NoSolution
# fix break: contig_3:105029-105074 0 -0 +0 NoSolution
# fix break: contig_3:106119 0 -0 +0 NoSolution
# fix break: contig_3:106357 0 -0 +0 NoSolution
fix break: contig_3:109814 109803 -12 +12 BreakFix
# fix break: contig_3:113223-113239 0 -0 +0 NoSolution
# fix break: contig_3:113491-113603 0 -0 +0 NoSolution
# fix break: contig_3:119168-119187 0 -0 +0 NoSolution
# fix break: contig_3:119930-121880 0 -0 +0 NoSolution
# fix break: contig_3:122129-122215 0 -0 +0 NoSolution
# fix break: contig_3:122635-122642 0 -0 +0 NoSolution
# fix break: contig_3:122898-126882 0 -0 +0 NoSolution
# fix break: contig_3:127100-127108 0 -0 +0 NoSolution
# fix break: contig_3:127741-127793 0 -0 +0 NoSolution
# fix break: contig_3:128025 0 -0 +0 NoSolution
# fix break: contig_3:128274-128280 0 -0 +0 NoSolution
# fix break: contig_3:128986-129738 0 -0 +0 NoSolution
# fix break: contig_3:130043-130062 0 -0 +0 NoSolution
# fix break: contig_3:130276-130945 0 -0 +0 NoSolution
# fix break: contig_3:131296-133579 0 -0 +0 NoSolution
# fix break: contig_3:133794-135814 0 -0 +0 NoSolution
# fix break: contig_3:136102-136111 0 -0 +0 NoSolution
# fix break: contig_3:136316-136386 0 -0 +0 NoSolution
# fix break: contig_3:136724-137484 0 -0 +0 NoSolution
# fix break: contig_3:138185-139681 0 -0 +0 NoSolution
# fix break: contig_3:140021-140172 0 -0 +0 NoSolution
# fix break: contig_3:140598-141304 0 -0 +0 NoSolution
# fix break: contig_3:141607-142133 0 -0 +0 NoSolution
# fix break: contig_3:142410-142415 0 -0 +0 NoSolution
# fix break: contig_3:142706-143574 0 -0 +0 NoSolution
# fix break: contig_3:144069-144264 0 -0 +0 NoSolution
# fix break: contig_3:144471-144538 0 -0 +0 NoSolution
# fix break: contig_3:145183-146455 0 -0 +0 NoSolution
# fix break: contig_3:146718-147189 0 -0 +0 NoSolution
# fix break: contig_3:147494-147496 0 -0 +0 NoSolution
# fix break: contig_3:148473-148635 0 -0 +0 NoSolution
# fix break: contig_3:148940-149013 0 -0 +0 NoSolution
# fix break: contig_3:149718-149752 0 -0 +0 NoSolution
fix break: contig_3:150293-150383 150035 -514 +509 BreakFix
# fix break: contig_3:151003-151060 0 -0 +0 NoSolution
# fix break: contig_3:151615-151766 0 -0 +0 NoSolution
fix break: contig_3:156829 156827 -127 +127 BreakFix
# fix break: contig_3:157488-157497 0 -0 +0 NoSolution
# fix break: contig_3:159972-160127 0 -0 +0 NoSolution TandemRepeat 24
fix break: contig_3:162430 162160 -515 +515 BreakFix
fix break: contig_3:169681-169761 169492 -427 +435 BreakFix
# fix break: contig_3:174503-174575 0 -0 +0 NoSolution
fix break: contig_3:189489-189493 189341 -184 +186 BreakFix
# fix break: contig_3:192885-192929 0 -0 +0 NoSolution
fix break: contig_3:195276-195298 195086 -317 +332 BreakFix
fix break: contig_3:199537-199573 199287 -510 +492 BreakFix
# fix break: contig_3:200020-200131 0 -0 +0 NoSolution
# fix break: contig_3:200408-204694 0 -0 +0 NoSolution
# fix break: contig_3:204952-205273 0 -0 +0 NoSolution TandemRepeat 404
# fix break: contig_3:205549-205619 0 -0 +0 NoSolution TandemRepeat 404
# fix break: contig_3:209480-209503 0 -0 +0 NoSolution
# fix break: contig_3:209759-209950 0 -0 +0 NoSolution
fix break: contig_3:212619-212623 212552 -173 +174 BreakFix
fix break: contig_3:218037-218062 217995 -316 +330 BreakFix
# fix break: contig_3:223116-223139 0 -0 +0 NoSolution
# fix break: contig_3:223421-223439 0 -0 +0 NoSolution
# fix break: contig_3:231514-231525 0 -0 +0 NoSolution
fix break: contig_3:232499-232512 232510 -267 +265 BreakFix
# fix break: contig_3:234156-234175 0 -0 +0 NoSolution
fix break: contig_3:238294 238142 -394 +393 BreakFix
fix break: contig_3:242610-242615 242610 -80 +81 BreakFix
# fix break: contig_3:245430-246163 0 -0 +0 NoSolution
fix break: contig_3:246943 246690 -495 +497 BreakFix
# fix break: contig_3:252428-252504 0 -0 +0 NoSolution TandemRepeat 1
fix break: contig_3:265736 265591 -211 +213 BreakFix
# fix break: contig_3:278002 0 -0 +0 NoSolution
# fix break: contig_3:279418-279500 0 -0 +0 NoSolution
fix break: contig_3:282277 282274 -275 +279 BreakFix
# fix break: contig_3:285059-285061 0 -0 +0 NoSolution
fix break: contig_3:289700-289725 289715 -174 +177 BreakFix
# fix break: contig_3:290709-290755 0 -0 +0 NoSolution
# fix break: contig_3:295068-295093 0 -0 +0 NoSolution
# fix break: contig_3:296871-296898 0 -0 +0 NoSolution
# fix break: contig_3:297288-297321 0 -0 +0 NoSolution
# fix break: contig_3:306813-306854 0 -0 +0 NoSolution
# fix break: contig_3:307182-307204 0 -0 +0 NoSolution
# fix break: contig_3:307427-307456 0 -0 +0 NoSolution
# fix break: contig_3:308582-308607 0 -0 +0 NoSolution
# fix break: contig_3:310018-310090 0 -0 +0 NoSolution
# fix break: contig_3:311610-311889 0 -0 +0 NoSolution TandemRepeat 2
fix break: contig_3:313516 313516 -218 +213 BreakFix
fix break: contig_3:314179 314179 -216 +215 BreakFix
fix break: contig_3:314717 314501 -490 +492 BreakFix
fix break: contig_3:315633-315644 315452 -465 +468 BreakFix
fix break: contig_3:320012-320021 319757 -520 +522 BreakFix
# fix break: contig_3:323267-324496 0 -0 +0 NoSolution
# fix break: contig_3:324717-326959 0 -0 +0 NoSolution
# fix break: contig_3:327162-332088 0 -0 +0 NoSolution TandemRepeat 404
# fix break: contig_3:332406-332420 0 -0 +0 NoSolution TandemRepeat 404
# fix break: contig_3:335935-336132 0 -0 +0 NoSolution
fix break: contig_3:349448 349414 -37 +37 BreakFix
fix break: contig_3:358162-358166 358174 -174 +177 BreakFix
# fix break: contig_3:358840-359094 0 -0 +0 NoSolution
# fix break: contig_3:362858-364158 0 -0 +0 NoSolution
# fix break: contig_3:364472-365169 0 -0 +0 NoSolution
fix break: contig_3:365411-365867 365268 -828 +837 BreakFix
# fix break: contig_3:366079-368522 0 -0 +0 NoSolution
# fix break: contig_3:368874-371263 0 -0 +0 NoSolution
# fix break: contig_3:372520 0 -0 +0 NoSolution
# fix break: contig_3:373098-373289 0 -0 +0 NoSolution
# fix break: contig_3:375125-375151 0 -0 +0 NoSolution
# fix break: contig_3:377301-377302 0 -0 +0 NoSolution
# fix break: contig_3:377530-377549 0 -0 +0 NoSolution
# fix break: contig_3:381893-382911 0 -0 +0 NoSolution
# fix break: contig_3:394006-394007 0 -0 +0 NoSolution
# fix break: contig_3:395332-395435 0 -0 +0 NoSolution TandemRepeat 25
# fix break: contig_3:396147-396149 0 -0 +0 NoSolution TandemRepeat 25
# fix break: contig_3:396874-397040 0 -0 +0 NoSolution
# fix break: contig_3:397265-397575 0 -0 +0 NoSolution
# fix break: contig_3:397993-398301 0 -0 +0 NoSolution
# fix break: contig_3:398817-399023 0 -0 +0 NoSolution
fix break: contig_3:400083-400096 399885 -398 +396 BreakFix
fix break: contig_3:401437-401442 401403 -312 +313 BreakFix
# fix break: contig_3:401686-401690 0 -0 +0 NoSolution
fix break: contig_3:402612-402707 402339 -632 +636 BreakFix
# fix break: contig_3:404124-404132 0 -0 +0 NoSolution
# fix break: contig_3:404649 0 -0 +0 NoSolution
# fix break: contig_3:404945-405153 0 -0 +0 NoSolution
# fix break: contig_3:405522-405802 0 -0 +0 NoSolution
# fix break: contig_3:406419-406429 0 -0 +0 NoSolution
# fix break: contig_3:406688-407088 0 -0 +0 NoSolution
# fix break: contig_3:407331-407613 0 -0 +0 NoSolution
# fix break: contig_3:408398-409191 0 -0 +0 NoSolution
fix break: contig_3:410690-410697 410468 -304 +307 BreakFix
# fix break: contig_3:411355-411358 0 -0 +0 NoSolution
# fix break: contig_3:411894-411920 0 -0 +0 NoSolution
fix break: contig_3:413466-413470 413293 -260 +259 BreakFix
# fix break: contig_3:420542-420547 0 -0 +0 NoSolution
# fix break: contig_3:428513-428529 0 -0 +0 NoSolution
fix break: contig_3:429466 429424 -123 +122 BreakFix
# fix break: contig_3:430042-430569 0 -0 +0 NoSolution
# fix break: contig_3:430818-430839 0 -0 +0 NoSolution
# fix break: contig_3:439461-439468 0 -0 +0 NoSolution
# fix break: contig_3:451064-451073 0 -0 +0 NoSolution TandemRepeat 2
fix break: contig_3:453674-453690 453491 -438 +441 BreakFix
# fix break: contig_3:454764-454873 0 -0 +0 NoSolution
fix break: contig_3:455633-455662 455459 -328 +329 BreakFix
fix break: contig_3:455908-455954 455635 -498 +500 BreakFix
# fix break: contig_3:456237-456336 0 -0 +0 NoSolution
# fix break: contig_3:457651-457812 0 -0 +0 NoSolution
fix break: contig_3:458451-459155 458238 -1098 +1092 BreakFix
fix break: contig_3:468779-468846 469058 -26 +28 BreakFix
# fix break: contig_3:472530-472767 0 -0 +0 NoSolution
# fix break: contig_3:474286-474410 0 -0 +0 NoSolution
# fix break: contig_3:475991-477924 0 -0 +0 NoSolution
# fix break: contig_3:481566-481588 0 -0 +0 NoSolution
# fix break: contig_3:484001-485957 0 -0 +0 NoSolution
# fix break: contig_3:487717-487742 0 -0 +0 NoSolution
# fix break: contig_3:489572-489598 0 -0 +0 NoSolution
contig_3:1-490403 log:
Finished processing contig_3:1-490403
Processing contig_30:1-642
frags analyses/03_polishing/pilon_output/chr3_aligned.bam: coverage 0
Total Reads: 105, Coverage: 0, minDepth: 5
Confirmed 0 of 642 bases (0.00%)
Corrected 0 snps; 0 ambiguous bases; corrected 0 small insertions totaling 0 bases, 0 small deletions totaling 0 bases
contig_30:1-642 log:
Finished processing contig_30:1-642
Processing contig_32:1-87042
frags analyses/03_polishing/pilon_output/chr3_aligned.bam: coverage 174
Total Reads: 136584, Coverage: 174, minDepth: 17
Confirmed 18078 of 87042 bases (20.77%)
Corrected 3 snps; 0 ambiguous bases; corrected 141 small insertions totaling 170 bases, 0 small deletions totaling 0 bases
# Attempting to fix local continuity breaks
# fix break: contig_32:7316-7457 0 -0 +0 NoSolution
# fix break: contig_32:7777-36377 0 -0 +0 NoSolution
# fix break: contig_32:36631-40454 0 -0 +0 NoSolution
# fix break: contig_32:40729-42510 0 -0 +0 NoSolution
# fix break: contig_32:42722-44088 0 -0 +0 NoSolution
# fix break: contig_32:44336-46581 0 -0 +0 NoSolution
# fix break: contig_32:46810-46937 0 -0 +0 NoSolution
# fix break: contig_32:47157-47860 0 -0 +0 NoSolution
# fix break: contig_32:48090-49757 0 -0 +0 NoSolution
# fix break: contig_32:49983-51840 0 -0 +0 NoSolution
# fix break: contig_32:52043-54409 0 -0 +0 NoSolution
# fix break: contig_32:54654-54730 0 -0 +0 NoSolution
# fix break: contig_32:55056-55270 0 -0 +0 NoSolution
# fix break: contig_32:55499-57117 0 -0 +0 NoSolution
# fix break: contig_32:57444-58582 0 -0 +0 NoSolution
# fix break: contig_32:58995-59540 0 -0 +0 NoSolution
# fix break: contig_32:59783-65465 0 -0 +0 NoSolution
# fix break: contig_32:65675-68623 0 -0 +0 NoSolution
# fix break: contig_32:68826-69740 0 -0 +0 NoSolution
# fix break: contig_32:70054-70290 0 -0 +0 NoSolution
# fix break: contig_32:70511-72292 0 -0 +0 NoSolution
# fix break: contig_32:72687-78799 0 -0 +0 NoSolution
# fix break: contig_32:79059-79370 0 -0 +0 NoSolution
# fix break: contig_32:79591-80150 0 -0 +0 NoSolution
# fix break: contig_32:80404-81079 0 -0 +0 NoSolution
# fix break: contig_32:81364-83545 0 -0 +0 NoSolution
# fix break: contig_32:83909-84012 0 -0 +0 NoSolution
# fix break: contig_32:84244-84664 0 -0 +0 NoSolution
contig_32:1-87042 log:
Finished processing contig_32:1-87042
Processing contig_33:1-11006
frags analyses/03_polishing/pilon_output/chr3_aligned.bam: coverage 165
Total Reads: 18929, Coverage: 165, minDepth: 17
Confirmed 3096 of 11006 bases (28.13%)
Corrected 19 snps; 0 ambiguous bases; corrected 17 small insertions totaling 21 bases, 5 small deletions totaling 8 bases
# Attempting to fix local continuity breaks
# fix break: contig_33:240-977 0 -0 +0 NoSolution
# fix break: contig_33:1244-2304 0 -0 +0 NoSolution
# fix break: contig_33:2535-5185 0 -0 +0 NoSolution
# fix break: contig_33:5436-5674 0 -0 +0 NoSolution
# fix break: contig_33:5903-7025 0 -0 +0 NoSolution
contig_33:1-11006 log:
Finished processing contig_33:1-11006
Processing contig_37:1-104708
frags analyses/03_polishing/pilon_output/chr3_aligned.bam: coverage 549
Total Reads: 462422, Coverage: 549, minDepth: 55
Confirmed 40344 of 104708 bases (38.53%)
Corrected 71 snps; 1 ambiguous bases; corrected 195 small insertions totaling 237 bases, 3 small deletions totaling 55 bases
Large collapsed region: contig_37:691-24431 size 23741
Large collapsed region: contig_37:92989-104237 size 11249
# Attempting to fix local continuity breaks
# fix break: contig_37:558-1476 0 -0 +0 NoSolution
# fix break: contig_37:2316-2407 0 -0 +0 NoSolution
# fix break: contig_37:2892-3155 0 -0 +0 NoSolution
fix break: contig_37:3570-3676 3335 -595 +599 BreakFix
# fix break: contig_37:3946-3959 0 -0 +0 NoSolution
fix break: contig_37:4281-4389 4098 -350 +354 BreakFix
# fix break: contig_37:4741-4911 0 -0 +0 NoSolution
# fix break: contig_37:5434-5521 0 -0 +0 NoSolution
# fix break: contig_37:6426-6441 0 -0 +0 NoSolution
# fix break: contig_37:6752-6811 0 -0 +0 NoSolution
# fix break: contig_37:7481-7593 0 -0 +0 NoSolution
# fix break: contig_37:8462-8509 0 -0 +0 NoSolution
# fix break: contig_37:8743-8820 0 -0 +0 NoSolution
# fix break: contig_37:9314-9700 0 -0 +0 NoSolution
# fix break: contig_37:10051-10138 0 -0 +0 NoSolution
# fix break: contig_37:11160-11188 0 -0 +0 NoSolution
# fix break: contig_37:12250-12488 0 -0 +0 NoSolution
# fix break: contig_37:12805-12931 0 -0 +0 NoSolution
fix break: contig_37:13954-14251 14004 -360 +365 BreakFix
# fix break: contig_37:14894-15286 0 -0 +0 NoSolution
fix break: contig_37:15733-16114 15583 -724 +731 BreakFix
# fix break: contig_37:16640-16943 0 -0 +0 NoSolution
# fix break: contig_37:17927-18119 0 -0 +0 NoSolution
fix break: contig_37:18589-18690 18637 -318 +321 BreakFix
# fix break: contig_37:18972-19073 0 -0 +0 NoSolution
# fix break: contig_37:19277-19606 0 -0 +0 NoSolution
fix break: contig_37:19829-19895 19629 -469 +475 BreakFix
fix break: contig_37:20141-20476 19897 -505 +510 BreakFix
# fix break: contig_37:20827-20942 0 -0 +0 NoSolution
fix break: contig_37:21261-21297 21026 -449 +451 BreakFix
fix break: contig_37:21590-21632 21481 -400 +404 BreakFix
# fix break: contig_37:22315-22437 0 -0 +0 NoSolution
# fix break: contig_37:23009-23072 0 -0 +0 NoSolution
# fix break: contig_37:23823-23915 0 -0 +0 NoSolution
# fix break: contig_37:24439-37325 0 -0 +0 NoSolution
# fix break: contig_37:37803-37832 0 -0 +0 NoSolution
# fix break: contig_37:38172-38673 0 -0 +0 NoSolution
# fix break: contig_37:38915-51338 0 -0 +0 NoSolution
# fix break: contig_37:51653-58421 0 -0 +0 NoSolution
# fix break: contig_37:58679-66536 0 -0 +0 NoSolution
# fix break: contig_37:66778-66798 0 -0 +0 NoSolution
# fix break: contig_37:67103-67201 0 -0 +0 NoSolution
fix break: contig_37:67756-67857 67682 -64 +66 BreakFix
# fix break: contig_37:68688-68750 0 -0 +0 NoSolution
# fix break: contig_37:69087-72899 0 -0 +0 NoSolution
# fix break: contig_37:73232-76760 0 -0 +0 NoSolution
# fix break: contig_37:77175-78605 0 -0 +0 NoSolution
# fix break: contig_37:79142-92964 0 -0 +0 NoSolution
fix break: contig_37:93484-94067 93216 -1072 +1078 BreakFix
# fix break: contig_37:94540-95116 0 -0 +0 NoSolution
# fix break: contig_37:95318-95490 0 -0 +0 NoSolution
fix break: contig_37:95882-96097 95786 -248 +255 BreakFix
fix break: contig_37:96668-97037 96930 -379 +387 BreakFix
# fix break: contig_37:97385-97511 0 -0 +0 NoSolution
fix break: contig_37:98129-98182 98174 -249 +255 BreakFix
# fix break: contig_37:99371-99511 0 -0 +0 NoSolution
# fix break: contig_37:99873-100093 0 -0 +0 NoSolution
# fix break: contig_37:100361-100414 0 -0 +0 NoSolution
# fix break: contig_37:100739-100871 0 -0 +0 NoSolution
# fix break: contig_37:101316-101628 0 -0 +0 NoSolution
# fix break: contig_37:102215-102303 0 -0 +0 NoSolution
fix break: contig_37:102737-102840 102485 -605 +611 BreakFix
# fix break: contig_37:103057-103091 0 -0 +0 NoSolution
# fix break: contig_37:103487-103523 0 -0 +0 NoSolution
contig_37:1-104708 log:
Finished processing contig_37:1-104708
Processing contig_38:1-1265633
frags analyses/03_polishing/pilon_output/chr3_aligned.bam: coverage 300
Total Reads: 3073362, Coverage: 300, minDepth: 30
Confirmed 1200461 of 1265633 bases (94.85%)
Corrected 5889 snps; 44 ambiguous bases; corrected 3640 small insertions totaling 4012 bases, 1510 small deletions totaling 1856 bases
Large collapsed region: contig_38:88845-99151 size 10307
Large collapsed region: contig_38:1063778-1077651 size 13874
# Attempting to fix local continuity breaks
# fix break: contig_38:3189 0 -0 +0 NoSolution
fix break: contig_38:4162 3956 -436 +437 BreakFix
fix break: contig_38:4488-4506 4225 -528 +527 BreakFix
# fix break: contig_38:6723-6725 0 -0 +0 NoSolution
# fix break: contig_38:10684-10785 0 -0 +0 NoSolution
# fix break: contig_38:11543-11659 0 -0 +0 NoSolution
# fix break: contig_38:12134-12158 0 -0 +0 NoSolution
# fix break: contig_38:12684-13014 0 -0 +0 NoSolution
# fix break: contig_38:13251-13360 0 -0 +0 NoSolution
# fix break: contig_38:13626-13691 0 -0 +0 NoSolution
# fix break: contig_38:14531-14873 0 -0 +0 NoSolution
# fix break: contig_38:15375-15383 0 -0 +0 NoSolution
# fix break: contig_38:15926-15966 0 -0 +0 NoSolution
# fix break: contig_38:16503-16548 0 -0 +0 NoSolution
# fix break: contig_38:17466-17503 0 -0 +0 NoSolution
# fix break: contig_38:17900-34765 0 -0 +0 NoSolution
# fix break: contig_38:35493-35530 0 -0 +0 NoSolution
# fix break: contig_38:35744-35766 0 -0 +0 NoSolution
# fix break: contig_38:36014-36155 0 -0 +0 NoSolution
# fix break: contig_38:36750-36752 0 -0 +0 NoSolution
# fix break: contig_38:37785-38412 0 -0 +0 NoSolution
# fix break: contig_38:38862-39182 0 -0 +0 NoSolution
fix break: contig_38:39424-39734 39179 -792 +796 BreakFix
# fix break: contig_38:40774-41026 0 -0 +0 NoSolution
fix break: contig_38:41720-41740 41526 -479 +477 BreakFix
# fix break: contig_38:42233-42401 0 -0 +0 NoSolution
# fix break: contig_38:42930-43039 0 -0 +0 NoSolution
fix break: contig_38:43258-43909 43021 -1142 +1142 BreakFix
# fix break: contig_38:44121-44129 0 -0 +0 NoSolution
# fix break: contig_38:44749-44770 0 -0 +0 NoSolution
# fix break: contig_38:45157-45209 0 -0 +0 NoSolution
# fix break: contig_38:45594-46526 0 -0 +0 NoSolution
# fix break: contig_38:46748-46867 0 -0 +0 NoSolution
# fix break: contig_38:47418-47669 0 -0 +0 NoSolution
fix break: contig_38:47892-47897 47835 -329 +329 BreakFix
# fix break: contig_38:48692-48708 0 -0 +0 NoSolution
# fix break: contig_38:49017-49263 0 -0 +0 NoSolution
# fix break: contig_38:49998-50002 0 -0 +0 NoSolution
# fix break: contig_38:50681-51079 0 -0 +0 NoSolution
fix break: contig_38:51341-51621 51150 -708 +707 BreakFix
# fix break: contig_38:52314-52327 0 -0 +0 NoSolution
# fix break: contig_38:52725-52770 0 -0 +0 NoSolution TandemRepeat 43
# fix break: contig_38:53773-53818 0 -0 +0 NoSolution
# fix break: contig_38:54485 0 -0 +0 NoSolution
# fix break: contig_38:56331-56369 0 -0 +0 NoSolution
# fix break: contig_38:56659-56829 0 -0 +0 NoSolution
# fix break: contig_38:58387-58567 0 -0 +0 NoSolution
# fix break: contig_38:59304-59963 0 -0 +0 NoSolution
# fix break: contig_38:60884 0 -0 +0 NoSolution
# fix break: contig_38:61317-61476 0 -0 +0 NoSolution
fix break: contig_38:62498 62346 -321 +322 BreakFix
# fix break: contig_38:63172-63397 0 -0 +0 NoSolution TandemRepeat 75
# fix break: contig_38:63866-64934 0 -0 +0 NoSolution
# fix break: contig_38:65359-65675 0 -0 +0 NoSolution TandemRepeat 6
# fix break: contig_38:66189-66233 0 -0 +0 NoSolution
# fix break: contig_38:66856-66881 0 -0 +0 NoSolution
fix break: contig_38:67140-67169 66954 -212 +212 BreakFix
# fix break: contig_38:67886-67936 0 -0 +0 NoSolution
fix break: contig_38:70639-70834 70393 -698 +702 BreakFix
# fix break: contig_38:72465-72476 0 -0 +0 NoSolution
fix break: contig_38:72801-72804 72652 -388 +387 BreakFix
fix break: contig_38:73371-73673 73186 -603 +612 BreakFix
fix break: contig_38:74046-74117 73789 -524 +523 BreakFix
# fix break: contig_38:75213-75443 0 -0 +0 NoSolution
# fix break: contig_38:75998-76063 0 -0 +0 NoSolution
# fix break: contig_38:76268-77627 0 -0 +0 NoSolution
# fix break: contig_38:78126-79535 0 -0 +0 NoSolution
# fix break: contig_38:79881-81168 0 -0 +0 NoSolution
# fix break: contig_38:81677-83164 0 -0 +0 NoSolution
# fix break: contig_38:83392-84575 0 -0 +0 NoSolution
# fix break: contig_38:84819-84969 0 -0 +0 NoSolution
# fix break: contig_38:85215-85662 0 -0 +0 NoSolution
# fix break: contig_38:85881-86548 0 -0 +0 NoSolution TandemRepeat 126
# fix break: contig_38:86800-86857 0 -0 +0 NoSolution
# fix break: contig_38:87161-87490 0 -0 +0 NoSolution
fix break: contig_38:87782-88351 87659 -947 +951 BreakFix
# fix break: contig_38:88558-90497 0 -0 +0 NoSolution
# fix break: contig_38:90747-92298 0 -0 +0 NoSolution
# fix break: contig_38:92912-92967 0 -0 +0 NoSolution
fix break: contig_38:93216 93050 -167 +167 BreakFix
# fix break: contig_38:93615-93788 0 -0 +0 NoSolution
# fix break: contig_38:94097-94519 0 -0 +0 NoSolution
# fix break: contig_38:94742-94991 0 -0 +0 NoSolution
# fix break: contig_38:95196-95342 0 -0 +0 NoSolution
fix break: contig_38:95722-95769 95499 -294 +297 BreakFix
fix break: contig_38:96274-96609 96315 -520 +523 BreakFix
# fix break: contig_38:96975-97271 0 -0 +0 NoSolution
fix break: contig_38:97524-98089 97327 -1008 +1011 BreakFix
# fix break: contig_38:98483-98694 0 -0 +0 NoSolution
# fix break: contig_38:99088-99445 0 -0 +0 NoSolution
# fix break: contig_38:99657-99734 0 -0 +0 NoSolution
# fix break: contig_38:99943-100145 0 -0 +0 NoSolution
# fix break: contig_38:100496-101275 0 -0 +0 NoSolution
# fix break: contig_38:101750-102298 0 -0 +0 NoSolution
# fix break: contig_38:102681-102699 0 -0 +0 NoSolution
# fix break: contig_38:102908-103334 0 -0 +0 NoSolution
# fix break: contig_38:103566-103730 0 -0 +0 NoSolution
# fix break: contig_38:103972-104642 0 -0 +0 NoSolution
# fix break: contig_38:104853-104952 0 -0 +0 NoSolution
# fix break: contig_38:105208-106419 0 -0 +0 NoSolution
# fix break: contig_38:106720-106766 0 -0 +0 NoSolution
# fix break: contig_38:107396-107397 0 -0 +0 NoSolution
# fix break: contig_38:109275-109286 0 -0 +0 NoSolution
# fix break: contig_38:112613-112672 0 -0 +0 NoSolution TandemRepeat 64
# fix break: contig_38:113584-113619 0 -0 +0 NoSolution
# fix break: contig_38:114001-114183 0 -0 +0 NoSolution
fix break: contig_38:114506-114678 114242 -643 +643 BreakFix
fix break: contig_38:115232-115268 115215 -95 +94 BreakFix
# fix break: contig_38:115625-115638 0 -0 +0 NoSolution
# fix break: contig_38:116247-116266 0 -0 +0 NoSolution
fix break: contig_38:117062-117258 117019 -445 +445 BreakFix
# fix break: contig_38:119861-119865 0 -0 +0 NoSolution
# fix break: contig_38:120369-120383 0 -0 +0 NoSolution
fix break: contig_38:121077-121196 120824 -632 +634 BreakFix
# fix break: contig_38:121527-121530 0 -0 +0 NoSolution
# fix break: contig_38:121802-121821 0 -0 +0 NoSolution
# fix break: contig_38:122635-122678 0 -0 +0 NoSolution
# fix break: contig_38:123041-123054 0 -0 +0 NoSolution
# fix break: contig_38:123312-123336 0 -0 +0 NoSolution
# fix break: contig_38:123555-123558 0 -0 +0 NoSolution
fix break: contig_38:124407-124631 124276 -619 +625 BreakFix
# fix break: contig_38:125061-125656 0 -0 +0 NoSolution
# fix break: contig_38:126611-126621 0 -0 +0 NoSolution
# fix break: contig_38:127600-128008 0 -0 +0 NoSolution
# fix break: contig_38:128457-128463 0 -0 +0 NoSolution
# fix break: contig_38:128691-128831 0 -0 +0 NoSolution
# fix break: contig_38:129150-129164 0 -0 +0 NoSolution
# fix break: contig_38:129802 0 -0 +0 NoSolution
# fix break: contig_38:130285-130428 0 -0 +0 NoSolution
# fix break: contig_38:130670-130676 0 -0 +0 NoSolution
# fix break: contig_38:131017-131415 0 -0 +0 NoSolution
# fix break: contig_38:131868-132146 0 -0 +0 NoSolution
# fix break: contig_38:133675-133685 0 -0 +0 NoSolution
# fix break: contig_38:135151-135198 0 -0 +0 NoSolution
# fix break: contig_38:135442-135460 0 -0 +0 NoSolution
# fix break: contig_38:136240-136244 0 -0 +0 NoSolution
# fix break: contig_38:136447-136489 0 -0 +0 NoSolution
fix break: contig_38:138505-138507 138368 -344 +345 BreakFix
fix break: contig_38:139084-139122 138920 -282 +286 BreakFix
fix break: contig_38:143871-143882 143683 -312 +311 BreakFix
# fix break: contig_38:145610-145614 0 -0 +0 NoSolution
fix break: contig_38:147164 146899 -455 +455 BreakFix
# fix break: contig_38:147758-147796 0 -0 +0 NoSolution
# fix break: contig_38:148452-148989 0 -0 +0 NoSolution
# fix break: contig_38:183478-183481 0 -0 +0 NoSolution
# fix break: contig_38:186405-186434 0 -0 +0 NoSolution
# fix break: contig_38:187133-187362 0 -0 +0 NoSolution TandemRepeat 118
# fix break: contig_38:194820-194836 0 -0 +0 NoSolution TandemRepeat 26
# fix break: contig_38:195301-195310 0 -0 +0 NoSolution TandemRepeat 26
# fix break: contig_38:195729 0 -0 +0 NoSolution TandemRepeat 26
# fix break: contig_38:197048-197056 0 -0 +0 NoSolution
fix break: contig_38:198486-198503 198273 -500 +502 BreakFix
fix break: contig_38:199822-199878 199822 -180 +180 BreakFix
# fix break: contig_38:200917 0 -0 +0 NoSolution
# fix break: contig_38:202339 0 -0 +0 NoSolution
# fix break: contig_38:206619-206641 0 -0 +0 NoSolution
# fix break: contig_38:226755-226763 0 -0 +0 NoSolution
# fix break: contig_38:236673-236846 0 -0 +0 NoSolution
fix break: contig_38:237786-237789 237539 -457 +463 BreakFix
# fix break: contig_38:238809-238811 0 -0 +0 NoSolution
fix break: contig_38:239127-239438 238934 -733 +722 BreakFix
# fix break: contig_38:240237-240297 0 -0 +0 NoSolution
# fix break: contig_38:245867-245885 0 -0 +0 NoSolution
# fix break: contig_38:259187-259197 0 -0 +0 NoSolution
fix break: contig_38:259405-259409 259175 -463 +471 BreakFix
# fix break: contig_38:266466-266477 0 -0 +0 NoSolution
fix break: contig_38:283902-283904 283687 -336 +342 BreakFix
fix break: contig_38:287651-287694 287402 -423 +435 BreakFix
# fix break: contig_38:287928-287948 0 -0 +0 NoSolution
# fix break: contig_38:302291-302400 0 -0 +0 NoSolution TandemRepeat 4
# fix break: contig_38:305719-305729 0 -0 +0 NoSolution
# fix break: contig_38:306368 0 -0 +0 NoSolution
# fix break: contig_38:308039-308044 0 -0 +0 NoSolution
# fix break: contig_38:329771-329817 0 -0 +0 NoSolution TandemRepeat 2
# fix break: contig_38:343582-343597 0 -0 +0 NoSolution TandemRepeat 158
fix break: contig_38:344997 344748 -455 +456 BreakFix
# fix break: contig_38:345559-345624 0 -0 +0 NoSolution
# fix break: contig_38:354291-354493 0 -0 +0 NoSolution
# fix break: contig_38:355851 0 -0 +0 NoSolution
# fix break: contig_38:362504-362536 0 -0 +0 NoSolution
# fix break: contig_38:363802-363814 0 -0 +0 NoSolution
# fix break: contig_38:364531-364544 0 -0 +0 NoSolution
# fix break: contig_38:365688-365691 0 -0 +0 NoSolution
fix break: contig_38:368652-368660 368567 -127 +130 BreakFix
fix break: contig_38:380565-380582 380529 -280 +279 BreakFix
# fix break: contig_38:382845-382895 0 -0 +0 NoSolution TandemRepeat 2
fix break: contig_38:395669-395747 395428 -533 +536 BreakFix
# fix break: contig_38:396475-396476 0 -0 +0 NoSolution
fix break: contig_38:408152 408149 -206 +204 BreakFix
# fix break: contig_38:408694-408901 0 -0 +0 NoSolution
# fix break: contig_38:424179-424298 0 -0 +0 NoSolution TandemRepeat 9
# fix break: contig_38:425273-425417 0 -0 +0 NoSolution
# fix break: contig_38:426297-426305 0 -0 +0 NoSolution
# fix break: contig_38:438838-438847 0 -0 +0 NoSolution TandemRepeat 21
fix break: contig_38:440290-440295 440157 -274 +274 BreakFix
# fix break: contig_38:474306-474712 0 -0 +0 NoSolution
# fix break: contig_38:475537-475576 0 -0 +0 NoSolution
# fix break: contig_38:482567 0 -0 +0 NoSolution
# fix break: contig_38:489572-489580 0 -0 +0 NoSolution
fix break: contig_38:492616-492642 492505 -351 +350 BreakFix
# fix break: contig_38:493125-493163 0 -0 +0 NoSolution
# fix break: contig_38:499163-499348 0 -0 +0 NoSolution
# fix break: contig_38:499662-499664 0 -0 +0 NoSolution
# fix break: contig_38:503445-503474 0 -0 +0 NoSolution
fix break: contig_38:505338-505422 505076 -473 +482 BreakFix
fix break: contig_38:505985 505799 -268 +268 BreakFix
fix break: contig_38:508033-508046 508044 -253 +252 BreakFix
# fix break: contig_38:508685-508686 0 -0 +0 NoSolution
fix break: contig_38:508948 508797 -406 +408 BreakFix
# fix break: contig_38:511065 0 -0 +0 NoSolution
# fix break: contig_38:511711-511713 0 -0 +0 NoSolution TandemRepeat 42
# fix break: contig_38:536869-537010 0 -0 +0 NoSolution
# fix break: contig_38:537355-537697 0 -0 +0 NoSolution
# fix break: contig_38:538385-538428 0 -0 +0 NoSolution
# fix break: contig_38:540461-540523 0 -0 +0 NoSolution
# fix break: contig_38:557936-557944 0 -0 +0 NoSolution
# fix break: contig_38:560578-560657 0 -0 +0 NoSolution
# fix break: contig_38:560866-560955 0 -0 +0 NoSolution
# fix break: contig_38:561401 0 -0 +0 NoSolution
# fix break: contig_38:561778-561823 0 -0 +0 NoSolution
# fix break: contig_38:568744-568747 0 -0 +0 NoSolution
# fix break: contig_38:575798-575815 0 -0 +0 NoSolution
fix break: contig_38:586115-586232 585865 -571 +577 BreakFix
# fix break: contig_38:587845-587997 0 -0 +0 NoSolution
# fix break: contig_38:588276-588283 0 -0 +0 NoSolution
# fix break: contig_38:589024-589028 0 -0 +0 NoSolution
fix break: contig_38:605143 605143 -166 +166 BreakFix
# fix break: contig_38:607353-607436 0 -0 +0 NoSolution
# fix break: contig_38:607689-607989 0 -0 +0 NoSolution
# fix break: contig_38:608282-608323 0 -0 +0 NoSolution
# fix break: contig_38:608692-608897 0 -0 +0 NoSolution
# fix break: contig_38:609812-609813 0 -0 +0 NoSolution
fix break: contig_38:610215-610226 609944 -545 +547 BreakFix
fix break: contig_38:616637-616640 616379 -483 +483 BreakFix
# fix break: contig_38:632051-632065 0 -0 +0 NoSolution
fix break: contig_38:642397-642400 642256 -382 +384 BreakFix
# fix break: contig_38:650711-650729 0 -0 +0 NoSolution
# fix break: contig_38:652582-652633 0 -0 +0 NoSolution TandemRepeat 1
# fix break: contig_38:655006-655035 0 -0 +0 NoSolution
fix break: contig_38:656368-656975 656182 -1059 +1059 BreakFix
fix break: contig_38:657240-657459 656972 -759 +766 BreakFix
# fix break: contig_38:658095-658107 0 -0 +0 NoSolution
# fix break: contig_38:659397-659404 0 -0 +0 NoSolution
# fix break: contig_38:659775-659785 0 -0 +0 NoSolution
fix break: contig_38:660862-661221 660617 -756 +754 BreakFix
fix break: contig_38:661924-662017 661685 -494 +497 BreakFix
fix break: contig_38:662498 662340 -346 +346 BreakFix
# fix break: contig_38:662989-663189 0 -0 +0 NoSolution
# fix break: contig_38:663556-663678 0 -0 +0 NoSolution
# fix break: contig_38:664418-664423 0 -0 +0 NoSolution
# fix break: contig_38:665169-665175 0 -0 +0 NoSolution
fix break: contig_38:665511-665581 665293 -529 +530 BreakFix
# fix break: contig_38:665977-665981 0 -0 +0 NoSolution
# fix break: contig_38:666443-666447 0 -0 +0 NoSolution
# fix break: contig_38:666850-666868 0 -0 +0 NoSolution
# fix break: contig_38:667344 0 -0 +0 NoSolution
# fix break: contig_38:667812-667818 0 -0 +0 NoSolution
fix break: contig_38:668170-668180 667906 -499 +500 BreakFix
# fix break: contig_38:668526-668553 0 -0 +0 NoSolution
# fix break: contig_38:668983-668987 0 -0 +0 NoSolution
fix break: contig_38:669330-669332 669125 -458 +459 BreakFix
fix break: contig_38:669685-669707 669530 -439 +438 BreakFix
# fix break: contig_38:669934-669942 0 -0 +0 NoSolution
# fix break: contig_38:680852-680981 0 -0 +0 NoSolution
# fix break: contig_38:681201-681253 0 -0 +0 NoSolution
# fix break: contig_38:692949-693023 0 -0 +0 NoSolution
# fix break: contig_38:694845 0 -0 +0 NoSolution
# fix break: contig_38:695641-695647 0 -0 +0 NoSolution
# fix break: contig_38:695864-695868 0 -0 +0 NoSolution
# fix break: contig_38:696469-696478 0 -0 +0 NoSolution
# fix break: contig_38:709638-709669 0 -0 +0 NoSolution TandemRepeat 64
# fix break: contig_38:714048-714051 0 -0 +0 NoSolution
# fix break: contig_38:717195 0 -0 +0 NoSolution
fix break: contig_38:717581-719215 717344 -1834 +1825 BreakFix
fix break: contig_38:719445-719933 719175 -956 +959 BreakFix
# fix break: contig_38:720508-720892 0 -0 +0 NoSolution
# fix break: contig_38:721951-721954 0 -0 +0 NoSolution
# fix break: contig_38:722207-722265 0 -0 +0 NoSolution
fix break: contig_38:723293-723317 723033 -510 +517 BreakFix
# fix break: contig_38:729934-729958 0 -0 +0 NoSolution
# fix break: contig_38:731279-731289 0 -0 +0 NoSolution
# fix break: contig_38:735333-735340 0 -0 +0 NoSolution
fix break: contig_38:735678-735681 735462 -418 +426 BreakFix
# fix break: contig_38:740164-740181 0 -0 +0 NoSolution
# fix break: contig_38:741347-741500 0 -0 +0 NoSolution TandemRepeat 23
# fix break: contig_38:742059 0 -0 +0 NoSolution TandemRepeat 23
fix break: contig_38:743893-744146 743818 -316 +319 BreakFix
fix break: contig_38:745289-745293 745293 -255 +258 BreakFix
fix break: contig_38:745499-745616 745293 -571 +577 BreakFix
# fix break: contig_38:760706-760721 0 -0 +0 NoSolution TandemRepeat 70
# fix break: contig_38:773974-774170 0 -0 +0 NoSolution
fix break: contig_38:774460-774625 774386 -510 +520 BreakFix
# fix break: contig_38:778014-778165 0 -0 +0 NoSolution TandemRepeat 1
# fix break: contig_38:778379-778620 0 -0 +0 NoSolution TandemRepeat 1
# fix break: contig_38:782389-782408 0 -0 +0 NoSolution TandemRepeat 23
# fix break: contig_38:790673-790789 0 -0 +0 NoSolution
# fix break: contig_38:798187-798220 0 -0 +0 NoSolution
# fix break: contig_38:798654-799151 0 -0 +0 NoSolution
# fix break: contig_38:800355-800360 0 -0 +0 NoSolution
# fix break: contig_38:810688-810727 0 -0 +0 NoSolution
# fix break: contig_38:811978-811983 0 -0 +0 NoSolution
fix break: contig_38:825851-825852 825829 -24 +26 BreakFix
# fix break: contig_38:840552-840628 0 -0 +0 NoSolution
# fix break: contig_38:841194-841205 0 -0 +0 NoSolution
# fix break: contig_38:842345-842375 0 -0 +0 NoSolution
# fix break: contig_38:842982-843080 0 -0 +0 NoSolution
fix break: contig_38:854483-854488 854465 -13 +16 BreakFix
# fix break: contig_38:883760-883826 0 -0 +0 NoSolution TandemRepeat 28
# fix break: contig_38:885688-885699 0 -0 +0 NoSolution
fix break: contig_38:886694-886840 886440 -463 +468 BreakFix
# fix break: contig_38:888354-888561 0 -0 +0 NoSolution
# fix break: contig_38:891025-891205 0 -0 +0 NoSolution
# fix break: contig_38:914694 0 -0 +0 NoSolution
# fix break: contig_38:915107-915119 0 -0 +0 NoSolution
fix break: contig_38:916200-916218 916207 -120 +122 BreakFix
# fix break: contig_38:917522-918086 0 -0 +0 NoSolution
# fix break: contig_38:918341-918858 0 -0 +0 NoSolution
fix break: contig_38:919222-919564 919198 -449 +452 BreakFix
# fix break: contig_38:920340-920419 0 -0 +0 NoSolution
# fix break: contig_38:920648-920989 0 -0 +0 NoSolution
# fix break: contig_38:921369-921604 0 -0 +0 NoSolution
fix break: contig_38:922026-922051 921859 -405 +406 BreakFix
fix break: contig_38:922702-922837 922483 -573 +576 BreakFix
fix break: contig_38:923480-923488 923359 -254 +254 BreakFix
fix break: contig_38:923964-924065 923918 -154 +152 BreakFix
fix break: contig_38:924775-924779 924597 -377 +378 BreakFix
# fix break: contig_38:925392-925559 0 -0 +0 NoSolution
# fix break: contig_38:926109-926115 0 -0 +0 NoSolution
fix break: contig_38:927369-927517 927100 -677 +678 BreakFix
fix break: contig_38:928071-928344 928092 -513 +516 BreakFix
fix break: contig_38:929145-929322 929039 -533 +530 BreakFix
fix break: contig_38:929567-929572 929317 -376 +376 BreakFix
# fix break: contig_38:930228-930272 0 -0 +0 NoSolution
# fix break: contig_38:930867-930945 0 -0 +0 NoSolution
# fix break: contig_38:931471-931834 0 -0 +0 NoSolution
# fix break: contig_38:932147-932674 0 -0 +0 NoSolution
# fix break: contig_38:933757-933758 0 -0 +0 NoSolution
# fix break: contig_38:944739-944742 0 -0 +0 NoSolution
# fix break: contig_38:945534-945568 0 -0 +0 NoSolution
# fix break: contig_38:947106-947116 0 -0 +0 NoSolution
# fix break: contig_38:962622-962625 0 -0 +0 NoSolution
fix break: contig_38:963650-963881 963622 -517 +516 BreakFix
fix break: contig_38:965447-965452 965311 -258 +259 BreakFix
# fix break: contig_38:969004-969138 0 -0 +0 NoSolution TandemRepeat 59
# fix break: contig_38:972088-972179 0 -0 +0 NoSolution
# fix break: contig_38:976663-976706 0 -0 +0 NoSolution
# fix break: contig_38:979267-979650 0 -0 +0 NoSolution
# fix break: contig_38:980259-980305 0 -0 +0 NoSolution
# fix break: contig_38:980743-981387 0 -0 +0 NoSolution
# fix break: contig_38:981881-982005 0 -0 +0 NoSolution
# fix break: contig_38:982863-982906 0 -0 +0 NoSolution
fix break: contig_38:985858-985873 985809 -55 +57 BreakFix
# fix break: contig_38:986711-986895 0 -0 +0 NoSolution
# fix break: contig_38:989596-989625 0 -0 +0 NoSolution
# fix break: contig_38:991524-991555 0 -0 +0 NoSolution
# fix break: contig_38:1000522-1000552 0 -0 +0 NoSolution
# fix break: contig_38:1001774-1001780 0 -0 +0 NoSolution
# fix break: contig_38:1002064-1002297 0 -0 +0 NoSolution
# fix break: contig_38:1002509-1002566 0 -0 +0 NoSolution
# fix break: contig_38:1006101-1006125 0 -0 +0 NoSolution
# fix break: contig_38:1006815-1006821 0 -0 +0 NoSolution
# fix break: contig_38:1010587-1010764 0 -0 +0 NoSolution
# fix break: contig_38:1012728-1012845 0 -0 +0 NoSolution
# fix break: contig_38:1014276-1014384 0 -0 +0 NoSolution
# fix break: contig_38:1015273-1015430 0 -0 +0 NoSolution
# fix break: contig_38:1016373-1016975 0 -0 +0 NoSolution
# fix break: contig_38:1019092-1019345 0 -0 +0 NoSolution
# fix break: contig_38:1020911-1020973 0 -0 +0 NoSolution
# fix break: contig_38:1022187-1022225 0 -0 +0 NoSolution
# fix break: contig_38:1022509-1022530 0 -0 +0 NoSolution
# fix break: contig_38:1024479-1024506 0 -0 +0 NoSolution
# fix break: contig_38:1025422-1025501 0 -0 +0 NoSolution
# fix break: contig_38:1027063-1027088 0 -0 +0 NoSolution
# fix break: contig_38:1027770-1027792 0 -0 +0 NoSolution
# fix break: contig_38:1028352-1028744 0 -0 +0 NoSolution
# fix break: contig_38:1031911 0 -0 +0 NoSolution TandemRepeat 2
# fix break: contig_38:1032229-1032290 0 -0 +0 NoSolution TandemRepeat 2
fix break: contig_38:1037522-1037555 1037551 -257 +262 BreakFix
fix break: contig_38:1052351-1052395 1052301 -171 +176 BreakFix
fix break: contig_38:1053034 1052763 -444 +447 BreakFix
fix break: contig_38:1053792 1053666 -127 +127 BreakFix
fix break: contig_38:1059749-1059828 1059673 -416 +418 BreakFix
# fix break: contig_38:1060727-1061247 0 -0 +0 NoSolution
# fix break: contig_38:1061457 0 -0 +0 NoSolution
# fix break: contig_38:1061686-1062087 0 -0 +0 NoSolution
# fix break: contig_38:1062370-1063374 0 -0 +0 NoSolution
# fix break: contig_38:1063695-1063756 0 -0 +0 NoSolution
# fix break: contig_38:1064242-1064243 0 -0 +0 NoSolution
# fix break: contig_38:1065221-1065437 0 -0 +0 NoSolution
# fix break: contig_38:1065836-1065837 0 -0 +0 NoSolution
# fix break: contig_38:1066317-1066569 0 -0 +0 NoSolution
# fix break: contig_38:1067053-1067163 0 -0 +0 NoSolution TandemRepeat 92
# fix break: contig_38:1067702-1068013 0 -0 +0 NoSolution
# fix break: contig_38:1068849-1069080 0 -0 +0 NoSolution
fix break: contig_38:1070336-1070346 1070164 -452 +450 BreakFix
fix break: contig_38:1070565-1070615 1070574 -307 +303 BreakFix
fix break: contig_38:1070826-1070827 1070574 -502 +497 BreakFix
fix break: contig_38:1071627-1071642 1071451 -262 +263 BreakFix
# fix break: contig_38:1072253-1072264 0 -0 +0 NoSolution
# fix break: contig_38:1072559-1072605 0 -0 +0 NoSolution
# fix break: contig_38:1073331-1073334 0 -0 +0 NoSolution
# fix break: contig_38:1073541-1073608 0 -0 +0 NoSolution
# fix break: contig_38:1073962-1074092 0 -0 +0 NoSolution
# fix break: contig_38:1074477-1074749 0 -0 +0 NoSolution
# fix break: contig_38:1074999-1075040 0 -0 +0 NoSolution
fix break: contig_38:1075246 1075001 -439 +434 BreakFix
# fix break: contig_38:1075639-1075644 0 -0 +0 NoSolution
fix break: contig_38:1076171-1076217 1075900 -541 +537 BreakFix
# fix break: contig_38:1076739 0 -0 +0 NoSolution
# fix break: contig_38:1077826-1077897 0 -0 +0 NoSolution
# fix break: contig_38:1078710-1078929 0 -0 +0 NoSolution TandemRepeat 31
# fix break: contig_38:1079257-1079375 0 -0 +0 NoSolution TandemRepeat 31
# fix break: contig_38:1079802-1079831 0 -0 +0 NoSolution TandemRepeat 27
fix break: contig_38:1082559-1082647 1082424 -423 +425 BreakFix
# fix break: contig_38:1098794-1098828 0 -0 +0 NoSolution
fix break: contig_38:1102318 1102151 -168 +166 BreakFix
# fix break: contig_38:1103099 0 -0 +0 NoSolution TandemRepeat 22
# fix break: contig_38:1107639-1107700 0 -0 +0 NoSolution
# fix break: contig_38:1108796-1109037 0 -0 +0 NoSolution
# fix break: contig_38:1112861-1112868 0 -0 +0 NoSolution
# fix break: contig_38:1115334-1115832 0 -0 +0 NoSolution
# fix break: contig_38:1116580-1116623 0 -0 +0 NoSolution
# fix break: contig_38:1116880-1116887 0 -0 +0 NoSolution
# fix break: contig_38:1117111-1117250 0 -0 +0 NoSolution
# fix break: contig_38:1121729-1121922 0 -0 +0 NoSolution
# fix break: contig_38:1122336-1123005 0 -0 +0 NoSolution
fix break: contig_38:1134650 1134426 -481 +483 BreakFix
# fix break: contig_38:1134906 0 -0 +0 NoSolution
# fix break: contig_38:1135184-1135187 0 -0 +0 NoSolution
# fix break: contig_38:1135641-1135653 0 -0 +0 NoSolution
# fix break: contig_38:1135888-1135986 0 -0 +0 NoSolution
# fix break: contig_38:1142364-1142366 0 -0 +0 NoSolution
# fix break: contig_38:1145578-1145679 0 -0 +0 NoSolution TandemRepeat 2
# fix break: contig_38:1148022-1148034 0 -0 +0 NoSolution
# fix break: contig_38:1153454-1153573 0 -0 +0 NoSolution
fix break: contig_38:1161938-1161972 1161898 -187 +189 BreakFix
# fix break: contig_38:1162770-1162919 0 -0 +0 NoSolution
# fix break: contig_38:1198272-1198420 0 -0 +0 NoSolution TandemRepeat 60
# fix break: contig_38:1198731-1198741 0 -0 +0 NoSolution TandemRepeat 60
fix break: contig_38:1202352 1202144 -223 +225 BreakFix
# fix break: contig_38:1205330 0 -0 +0 NoSolution
# fix break: contig_38:1205790-1206376 0 -0 +0 NoSolution
fix break: contig_38:1208996-1209000 1208993 -40 +38 BreakFix
# fix break: contig_38:1211379-1211398 0 -0 +0 NoSolution
# fix break: contig_38:1219021-1219026 0 -0 +0 NoSolution
# fix break: contig_38:1225365-1225420 0 -0 +0 NoSolution
# fix break: contig_38:1228300 0 -0 +0 NoSolution
fix break: contig_38:1228832-1228883 1228656 -385 +389 BreakFix
# fix break: contig_38:1234003-1234703 0 -0 +0 NoSolution
# fix break: contig_38:1241499 0 -0 +0 NoSolution
# fix break: contig_38:1242445-1242532 0 -0 +0 NoSolution
# fix break: contig_38:1243276-1243295 0 -0 +0 NoSolution
# fix break: contig_38:1245907-1245911 0 -0 +0 NoSolution
# fix break: contig_38:1250305-1250342 0 -0 +0 NoSolution
# fix break: contig_38:1250754-1250788 0 -0 +0 NoSolution
fix break: contig_38:1251694-1251715 1251518 -198 +177 BreakFix
# fix break: contig_38:1253415-1253451 0 -0 +0 NoSolution
# fix break: contig_38:1253879-1253882 0 -0 +0 NoSolution
fix break: contig_38:1257241-1257377 1256970 -240 +242 BreakFix
# fix break: contig_38:1259098-1259151 0 -0 +0 NoSolution
fix break: contig_38:1262584-1262586 1262361 -492 +493 BreakFix
# fix break: contig_38:1263784-1263878 0 -0 +0 NoSolution
# fix break: contig_38:1264134-1264135 0 -0 +0 NoSolution
contig_38:1-1265633 log:
Finished processing contig_38:1-1265633
Processing contig_4:1-115341
frags analyses/03_polishing/pilon_output/chr3_aligned.bam: coverage 310
Total Reads: 291500, Coverage: 310, minDepth: 31
Confirmed 108358 of 115341 bases (93.95%)
Corrected 1235 snps; 2 ambiguous bases; corrected 496 small insertions totaling 544 bases, 285 small deletions totaling 311 bases
# Attempting to fix local continuity breaks
# fix break: contig_4:742-750 0 -0 +0 NoSolution
# fix break: contig_4:1840-1935 0 -0 +0 NoSolution TandemRepeat 2
# fix break: contig_4:2575-2923 0 -0 +0 NoSolution
# fix break: contig_4:3839-4719 0 -0 +0 NoSolution
# fix break: contig_4:5037-5043 0 -0 +0 NoSolution
# fix break: contig_4:5845-5887 0 -0 +0 NoSolution
# fix break: contig_4:8498-8508 0 -0 +0 NoSolution TandemRepeat 56
fix break: contig_4:9296 9293 -270 +270 BreakFix
# fix break: contig_4:9735-9809 0 -0 +0 NoSolution
# fix break: contig_4:10686-10699 0 -0 +0 NoSolution
# fix break: contig_4:11008-11184 0 -0 +0 NoSolution
fix break: contig_4:11827-11838 11589 -318 +318 BreakFix
# fix break: contig_4:17110 0 -0 +0 NoSolution
# fix break: contig_4:17516-17520 0 -0 +0 NoSolution
fix break: contig_4:18409 18343 -287 +290 BreakFix
# fix break: contig_4:20197-20210 0 -0 +0 NoSolution
# fix break: contig_4:20686-20735 0 -0 +0 NoSolution
# fix break: contig_4:21681-21759 0 -0 +0 NoSolution
fix break: contig_4:22292 22107 -314 +321 BreakFix
fix break: contig_4:23413 23412 -91 +88 BreakFix
fix break: contig_4:24187-24190 23999 -328 +323 BreakFix
fix break: contig_4:25274-25284 25122 -434 +437 BreakFix
fix break: contig_4:29309 29135 -177 +177 BreakFix
fix break: contig_4:30453 30451 -210 +208 BreakFix
fix break: contig_4:30815-30818 30660 -407 +408 BreakFix
fix break: contig_4:34443 34440 -250 +248 BreakFix
# fix break: contig_4:36082 0 -0 +0 NoSolution
# fix break: contig_4:36953-36976 0 -0 +0 NoSolution
# fix break: contig_4:37623-38306 0 -0 +0 NoSolution
# fix break: contig_4:38640-38828 0 -0 +0 NoSolution
# fix break: contig_4:39136-39573 0 -0 +0 NoSolution
fix break: contig_4:41758-41769 41558 -387 +389 BreakFix
# fix break: contig_4:44766 0 -0 +0 NoSolution
fix break: contig_4:45644-45661 45383 -530 +530 BreakFix
# fix break: contig_4:47499-47501 0 -0 +0 NoSolution
# fix break: contig_4:51969-52000 0 -0 +0 NoSolution
fix break: contig_4:52843-52865 52776 -76 +78 BreakFix
# fix break: contig_4:53218-53253 0 -0 +0 NoSolution
# fix break: contig_4:54775-54802 0 -0 +0 NoSolution
# fix break: contig_4:57923-57962 0 -0 +0 NoSolution
fix break: contig_4:61385-61402 61336 -240 +243 BreakFix
# fix break: contig_4:62224-62231 0 -0 +0 NoSolution
# fix break: contig_4:64271-64298 0 -0 +0 NoSolution
fix break: contig_4:66887-66954 66911 -23 +25 BreakFix
# fix break: contig_4:75668-75738 0 -0 +0 NoSolution TandemRepeat 2
# fix break: contig_4:76960-76968 0 -0 +0 NoSolution
# fix break: contig_4:88598-88599 0 -0 +0 NoSolution
# fix break: contig_4:95571-95585 0 -0 +0 NoSolution TandemRepeat 2
fix break: contig_4:96614-96649 96613 -122 +118 BreakFix
fix break: contig_4:99179-99263 99212 -261 +259 BreakFix
fix break: contig_4:99595 99371 -227 +225 BreakFix
# fix break: contig_4:100652-101558 0 -0 +0 NoSolution
# fix break: contig_4:102111-102239 0 -0 +0 NoSolution
# fix break: contig_4:102517-102552 0 -0 +0 NoSolution
# fix break: contig_4:102763-103062 0 -0 +0 NoSolution
# fix break: contig_4:103915-103928 0 -0 +0 NoSolution
# fix break: contig_4:104304-104501 0 -0 +0 NoSolution
# fix break: contig_4:104814-105194 0 -0 +0 NoSolution
# fix break: contig_4:105947-106234 0 -0 +0 NoSolution
# fix break: contig_4:106500-106936 0 -0 +0 NoSolution
fix break: contig_4:107604-107755 107496 -377 +377 BreakFix
# fix break: contig_4:107986-108175 0 -0 +0 NoSolution
# fix break: contig_4:108608-108939 0 -0 +0 NoSolution
# fix break: contig_4:109228-109615 0 -0 +0 NoSolution
# fix break: contig_4:109859-110233 0 -0 +0 NoSolution
# fix break: contig_4:110435-110437 0 -0 +0 NoSolution
# fix break: contig_4:110691-110966 0 -0 +0 NoSolution
fix break: contig_4:111408-111651 111441 -471 +475 BreakFix
# fix break: contig_4:111998-112049 0 -0 +0 NoSolution
fix break: contig_4:112344-113250 112230 -1027 +1020 BreakFix
# fix break: contig_4:113723-114124 0 -0 +0 NoSolution
# fix break: contig_4:114450-114510 0 -0 +0 NoSolution
contig_4:1-115341 log:
Finished processing contig_4:1-115341
Processing contig_40:1-13481
frags analyses/03_polishing/pilon_output/chr3_aligned.bam: coverage 234
Total Reads: 26355, Coverage: 234, minDepth: 23
Confirmed 12714 of 13481 bases (94.31%)
Corrected 380 snps; 1 ambiguous bases; corrected 121 small insertions totaling 135 bases, 75 small deletions totaling 79 bases
# Attempting to fix local continuity breaks
fix break: contig_40:801-1113 540 -823 +841 BreakFix
fix break: contig_40:1476-1515 1270 -384 +391 BreakFix
# fix break: contig_40:1990-2123 0 -0 +0 NoSolution
fix break: contig_40:2922-2926 2733 -460 +465 BreakFix
# fix break: contig_40:4370 0 -0 +0 NoSolution
# fix break: contig_40:4774-4777 0 -0 +0 NoSolution TandemRepeat 20
# fix break: contig_40:5619 0 -0 +0 NoSolution TandemRepeat 20
# fix break: contig_40:6036-6037 0 -0 +0 NoSolution TandemRepeat 20
fix break: contig_40:6931-6950 6736 -469 +469 BreakFix
# fix break: contig_40:7179-7204 0 -0 +0 NoSolution
# fix break: contig_40:7759-7774 0 -0 +0 NoSolution
# fix break: contig_40:8299-8303 0 -0 +0 NoSolution
# fix break: contig_40:9482-9576 0 -0 +0 NoSolution
# fix break: contig_40:9790-9806 0 -0 +0 NoSolution
# fix break: contig_40:10353-10416 0 -0 +0 NoSolution
# fix break: contig_40:11027-11092 0 -0 +0 NoSolution
# fix break: contig_40:12260-12286 0 -0 +0 NoSolution
contig_40:1-13481 log:
Finished processing contig_40:1-13481
Processing contig_46:1-25665
frags analyses/03_polishing/pilon_output/chr3_aligned.bam: coverage 37
Total Reads: 12456, Coverage: 37, minDepth: 5
Confirmed 13378 of 25665 bases (52.13%)
Corrected 420 snps; 5 ambiguous bases; corrected 87 small insertions totaling 103 bases, 59 small deletions totaling 86 bases
# Attempting to fix local continuity breaks
# fix break: contig_46:635-809 0 -0 +0 NoSolution
# fix break: contig_46:1041-2294 0 -0 +0 NoSolution
# fix break: contig_46:2796-8153 0 -0 +0 NoSolution
# fix break: contig_46:8379-10387 0 -0 +0 NoSolution
# fix break: contig_46:10904 0 -0 +0 NoSolution
# fix break: contig_46:11152-12410 0 -0 +0 NoSolution
# fix break: contig_46:12894-12907 0 -0 +0 NoSolution
# fix break: contig_46:13183-18859 0 -0 +0 NoSolution
# fix break: contig_46:19097-19996 0 -0 +0 NoSolution
# fix break: contig_46:20280-20935 0 -0 +0 NoSolution
# fix break: contig_46:21207-21599 0 -0 +0 NoSolution
# fix break: contig_46:21886-22795 0 -0 +0 NoSolution
contig_46:1-25665 log:
Finished processing contig_46:1-25665
Processing contig_5:1-17379
frags analyses/03_polishing/pilon_output/chr3_aligned.bam: coverage 211
Total Reads: 32153, Coverage: 211, minDepth: 21
Confirmed 11283 of 17379 bases (64.92%)
Corrected 345 snps; 2 ambiguous bases; corrected 97 small insertions totaling 102 bases, 57 small deletions totaling 60 bases
# Attempting to fix local continuity breaks
# fix break: contig_5:2627-3388 0 -0 +0 NoSolution
# fix break: contig_5:4029-4119 0 -0 +0 NoSolution
# fix break: contig_5:4552-5130 0 -0 +0 NoSolution
# fix break: contig_5:5357-6075 0 -0 +0 NoSolution
# fix break: contig_5:6300-6552 0 -0 +0 NoSolution
# fix break: contig_5:6815-6863 0 -0 +0 NoSolution
# fix break: contig_5:7086-7344 0 -0 +0 NoSolution
# fix break: contig_5:7601-7976 0 -0 +0 NoSolution
# fix break: contig_5:8477-8565 0 -0 +0 NoSolution
# fix break: contig_5:8781-9295 0 -0 +0 NoSolution
fix break: contig_5:10214-10261 9989 -525 +526 BreakFix
fix break: contig_5:10767-11099 10609 -606 +611 BreakFix
# fix break: contig_5:11398-11447 0 -0 +0 NoSolution
# fix break: contig_5:11787-11807 0 -0 +0 NoSolution
fix break: contig_5:12010-12094 11740 -598 +600 BreakFix
fix break: contig_5:12852-13161 12581 -829 +832 BreakFix
# fix break: contig_5:13506-13558 0 -0 +0 NoSolution
# fix break: contig_5:14201-14283 0 -0 +0 NoSolution
# fix break: contig_5:14577-15224 0 -0 +0 NoSolution
# fix break: contig_5:15811-16966 0 -0 +0 NoSolution
contig_5:1-17379 log:
Finished processing contig_5:1-17379
Processing contig_52:1-17490
frags analyses/03_polishing/pilon_output/chr3_aligned.bam: coverage 385
Total Reads: 54271, Coverage: 385, minDepth: 39
Confirmed 15250 of 17490 bases (87.19%)
Corrected 460 snps; 0 ambiguous bases; corrected 120 small insertions totaling 129 bases, 98 small deletions totaling 111 bases
# Attempting to fix local continuity breaks
# fix break: contig_52:1633-1891 0 -0 +0 NoSolution
# fix break: contig_52:2241-2438 0 -0 +0 NoSolution
# fix break: contig_52:2955-3199 0 -0 +0 NoSolution
fix break: contig_52:3746-3812 3480 -556 +557 BreakFix
# fix break: contig_52:4304-4324 0 -0 +0 NoSolution
# fix break: contig_52:5708-5745 0 -0 +0 NoSolution
# fix break: contig_52:6014-6120 0 -0 +0 NoSolution
# fix break: contig_52:6725-6738 0 -0 +0 NoSolution
fix break: contig_52:7362-7551 7201 -594 +598 BreakFix
# fix break: contig_52:8560-8575 0 -0 +0 NoSolution
# fix break: contig_52:9638-9813 0 -0 +0 NoSolution
fix break: contig_52:10170 9912 -528 +528 BreakFix
# fix break: contig_52:10494 0 -0 +0 NoSolution TandemRepeat 190
# fix break: contig_52:10982-11300 0 -0 +0 NoSolution TandemRepeat 190
fix break: contig_52:12204-12208 12033 -437 +440 BreakFix
fix break: contig_52:12414-12435 12166 -477 +478 BreakFix
# fix break: contig_52:12826-12832 0 -0 +0 NoSolution
# fix break: contig_52:13313-13513 0 -0 +0 NoSolution
# fix break: contig_52:14129-14410 0 -0 +0 NoSolution
# fix break: contig_52:14909-15181 0 -0 +0 NoSolution
# fix break: contig_52:15471-15700 0 -0 +0 NoSolution
# fix break: contig_52:16866-16940 0 -0 +0 NoSolution
contig_52:1-17490 log:
Finished processing contig_52:1-17490
Processing contig_55:1-97053
frags analyses/03_polishing/pilon_output/chr3_aligned.bam: coverage 166
Total Reads: 140660, Coverage: 166, minDepth: 17
Confirmed 42373 of 97053 bases (43.66%)
Corrected 1375 snps; 5 ambiguous bases; corrected 410 small insertions totaling 441 bases, 227 small deletions totaling 256 bases
Large collapsed region: contig_55:55834-83560 size 27727
# Attempting to fix local continuity breaks
# fix break: contig_55:26117-34933 0 -0 +0 NoSolution
# fix break: contig_55:35157-37881 0 -0 +0 NoSolution
# fix break: contig_55:38093-38172 0 -0 +0 NoSolution
# fix break: contig_55:38487-42540 0 -0 +0 NoSolution
# fix break: contig_55:42833-43580 0 -0 +0 NoSolution
# fix break: contig_55:43893-45507 0 -0 +0 NoSolution TandemRepeat 123
# fix break: contig_55:45714-50499 0 -0 +0 NoSolution
# fix break: contig_55:50731-51942 0 -0 +0 NoSolution
fix break: contig_55:52283-52294 52200 -367 +366 BreakFix
# fix break: contig_55:53713-53819 0 -0 +0 NoSolution
# fix break: contig_55:54698-54702 0 -0 +0 NoSolution
# fix break: contig_55:55336-55356 0 -0 +0 NoSolution
fix break: contig_55:56405-56409 56171 -509 +514 BreakFix
# fix break: contig_55:56938-57140 0 -0 +0 NoSolution
# fix break: contig_55:57347-57360 0 -0 +0 NoSolution
# fix break: contig_55:57777-57949 0 -0 +0 NoSolution
fix break: contig_55:58981-59007 58791 -418 +421 BreakFix
fix break: contig_55:59209-59447 58946 -769 +765 BreakFix
# fix break: contig_55:59650-59714 0 -0 +0 NoSolution
# fix break: contig_55:60604-60642 0 -0 +0 NoSolution
fix break: contig_55:61301-61441 61173 -484 +488 BreakFix
# fix break: contig_55:61711-62063 0 -0 +0 NoSolution
# fix break: contig_55:62656-62662 0 -0 +0 NoSolution TandemRepeat 96
# fix break: contig_55:63272-63622 0 -0 +0 NoSolution TandemRepeat 96
# fix break: contig_55:64729-64950 0 -0 +0 NoSolution
# fix break: contig_55:65293-65320 0 -0 +0 NoSolution
fix break: contig_55:65956 65685 -467 +467 BreakFix
fix break: contig_55:66196-66200 65931 -475 +475 BreakFix
# fix break: contig_55:66967-67216 0 -0 +0 NoSolution
# fix break: contig_55:67450-67525 0 -0 +0 NoSolution
# fix break: contig_55:67908-68578 0 -0 +0 NoSolution
# fix break: contig_55:68991-69160 0 -0 +0 NoSolution
# fix break: contig_55:69478-69590 0 -0 +0 NoSolution
# fix break: contig_55:69928-70349 0 -0 +0 NoSolution
# fix break: contig_55:70625-70901 0 -0 +0 NoSolution
# fix break: contig_55:71225-71431 0 -0 +0 NoSolution
# fix break: contig_55:71923-71995 0 -0 +0 NoSolution
fix break: contig_55:72205-72406 71988 -576 +582 BreakFix
# fix break: contig_55:72960-74367 0 -0 +0 NoSolution
# fix break: contig_55:74569-76411 0 -0 +0 NoSolution
fix break: contig_55:76806-77109 76581 -710 +716 BreakFix
# fix break: contig_55:77489-79493 0 -0 +0 NoSolution
# fix break: contig_55:79736-81645 0 -0 +0 NoSolution
# fix break: contig_55:81854-82948 0 -0 +0 NoSolution
# fix break: contig_55:83210-89622 0 -0 +0 NoSolution
# fix break: contig_55:89938-90037 0 -0 +0 NoSolution
# fix break: contig_55:90316-90470 0 -0 +0 NoSolution
# fix break: contig_55:91025-91490 0 -0 +0 NoSolution
# fix break: contig_55:91719-92782 0 -0 +0 NoSolution
# fix break: contig_55:93007-93312 0 -0 +0 NoSolution
# fix break: contig_55:93772-93864 0 -0 +0 NoSolution
contig_55:1-97053 log:
Finished processing contig_55:1-97053
Processing contig_57:1-32769
frags analyses/03_polishing/pilon_output/chr3_aligned.bam: coverage 75
Total Reads: 20789, Coverage: 75, minDepth: 8
Confirmed 22129 of 32769 bases (67.53%)
Corrected 554 snps; 2 ambiguous bases; corrected 179 small insertions totaling 197 bases, 117 small deletions totaling 123 bases
# Attempting to fix local continuity breaks
# fix break: contig_57:1979-2554 0 -0 +0 NoSolution
# fix break: contig_57:2871-3266 0 -0 +0 NoSolution
# fix break: contig_57:3511 0 -0 +0 NoSolution
# fix break: contig_57:3727-4284 0 -0 +0 NoSolution
# fix break: contig_57:4714-4760 0 -0 +0 NoSolution
# fix break: contig_57:4967-11100 0 -0 +0 NoSolution
# fix break: contig_57:11530-12104 0 -0 +0 NoSolution
# fix break: contig_57:12956-13243 0 -0 +0 NoSolution
# fix break: contig_57:13685-14515 0 -0 +0 NoSolution
# fix break: contig_57:14911-14947 0 -0 +0 NoSolution
# fix break: contig_57:15298-15327 0 -0 +0 NoSolution
# fix break: contig_57:17261-17268 0 -0 +0 NoSolution
# fix break: contig_57:17512-18548 0 -0 +0 NoSolution
# fix break: contig_57:18817-19193 0 -0 +0 NoSolution
# fix break: contig_57:19667-20493 0 -0 +0 NoSolution
# fix break: contig_57:22547-22584 0 -0 +0 NoSolution
fix break: contig_57:23543-23549 23540 -193 +189 BreakFix
# fix break: contig_57:24681-24696 0 -0 +0 NoSolution
# fix break: contig_57:25220-25226 0 -0 +0 NoSolution
# fix break: contig_57:26760-26787 0 -0 +0 NoSolution
# fix break: contig_57:27527-27535 0 -0 +0 NoSolution
# fix break: contig_57:28537-28617 0 -0 +0 NoSolution
# fix break: contig_57:28919 0 -0 +0 NoSolution
# fix break: contig_57:29404-29438 0 -0 +0 NoSolution
# fix break: contig_57:31130-31151 0 -0 +0 NoSolution
contig_57:1-32769 log:
Finished processing contig_57:1-32769
Processing contig_58:1-255401
frags analyses/03_polishing/pilon_output/chr3_aligned.bam: coverage 286
Total Reads: 595888, Coverage: 286, minDepth: 29
Confirmed 233168 of 255401 bases (91.29%)
Corrected 2450 snps; 7 ambiguous bases; corrected 982 small insertions totaling 1079 bases, 528 small deletions totaling 643 bases
# Attempting to fix local continuity breaks
# fix break: contig_58:555 0 -0 +0 NoSolution
fix break: contig_58:979-1633 811 -994 +1010 BreakFix
# fix break: contig_58:1875-1997 0 -0 +0 NoSolution
# fix break: contig_58:2231 0 -0 +0 NoSolution TandemRepeat 676
# fix break: contig_58:2687-2958 0 -0 +0 NoSolution TandemRepeat 676
# fix break: contig_58:3235-3258 0 -0 +0 NoSolution
# fix break: contig_58:3743-3746 0 -0 +0 NoSolution
# fix break: contig_58:4585-4587 0 -0 +0 NoSolution
# fix break: contig_58:4890-4911 0 -0 +0 NoSolution
# fix break: contig_58:5333-5339 0 -0 +0 NoSolution
# fix break: contig_58:5721-5723 0 -0 +0 NoSolution
# fix break: contig_58:6344-6512 0 -0 +0 NoSolution
# fix break: contig_58:7095-7118 0 -0 +0 NoSolution
fix break: contig_58:7351-7410 7086 -264 +270 BreakFix
# fix break: contig_58:7744-7934 0 -0 +0 NoSolution
# fix break: contig_58:8411-8418 0 -0 +0 NoSolution
# fix break: contig_58:9059-9088 0 -0 +0 NoSolution
# fix break: contig_58:9664-9746 0 -0 +0 NoSolution
# fix break: contig_58:10337-10342 0 -0 +0 NoSolution
# fix break: contig_58:10636 0 -0 +0 NoSolution
# fix break: contig_58:10922-10930 0 -0 +0 NoSolution
# fix break: contig_58:11503-11598 0 -0 +0 NoSolution
# fix break: contig_58:11832-11836 0 -0 +0 NoSolution
fix break: contig_58:12111 11853 -506 +508 BreakFix
fix break: contig_58:13728 13499 -410 +410 BreakFix
# fix break: contig_58:14189 0 -0 +0 NoSolution
fix break: contig_58:14572-15247 14361 -1055 +1056 BreakFix
fix break: contig_58:20136-20143 20136 -277 +276 BreakFix
# fix break: contig_58:20784-20891 0 -0 +0 NoSolution
# fix break: contig_58:22124-22125 0 -0 +0 NoSolution
# fix break: contig_58:23102-23109 0 -0 +0 NoSolution
# fix break: contig_58:23380-23392 0 -0 +0 NoSolution
# fix break: contig_58:24002-24025 0 -0 +0 NoSolution
# fix break: contig_58:24595-24596 0 -0 +0 NoSolution
fix break: contig_58:24958-25092 24774 -506 +509 BreakFix
fix break: contig_58:25522-25526 25273 -492 +490 BreakFix
fix break: contig_58:26296 26123 -296 +294 BreakFix
# fix break: contig_58:27241 0 -0 +0 NoSolution
# fix break: contig_58:28188-28213 0 -0 +0 NoSolution
# fix break: contig_58:36875-37271 0 -0 +0 NoSolution TandemRepeat 71
# fix break: contig_58:37510-37535 0 -0 +0 NoSolution TandemRepeat 71
# fix break: contig_58:37783-37793 0 -0 +0 NoSolution TandemRepeat 71
# fix break: contig_58:38056-38058 0 -0 +0 NoSolution
# fix break: contig_58:39229-39249 0 -0 +0 NoSolution
# fix break: contig_58:39662-39817 0 -0 +0 NoSolution
# fix break: contig_58:43590-43597 0 -0 +0 NoSolution TandemRepeat 24
# fix break: contig_58:66056-66186 0 -0 +0 NoSolution
fix break: contig_58:74163-74174 74014 -206 +203 BreakFix
fix break: contig_58:74649 74644 -274 +275 BreakFix
# fix break: contig_58:86534-86631 0 -0 +0 NoSolution TandemRepeat 14
fix break: contig_58:107157 107143 -189 +204 BreakFix
# fix break: contig_58:112696 0 -0 +0 NoSolution
# fix break: contig_58:115687-115701 0 -0 +0 NoSolution
# fix break: contig_58:126297-126351 0 -0 +0 NoSolution TandemRepeat 26
# fix break: contig_58:126848-126912 0 -0 +0 NoSolution TandemRepeat 26
fix break: contig_58:159139-159193 159138 -306 +301 BreakFix
fix break: contig_58:161960-161972 161825 -132 +134 BreakFix
fix break: contig_58:169752-169758 169688 -187 +193 BreakFix
fix break: contig_58:179517 179388 -162 +162 BreakFix
fix break: contig_58:180483-180864 180308 -821 +816 BreakFix
# fix break: contig_58:181132-181146 0 -0 +0 NoSolution
fix break: contig_58:181850-182611 181783 -1100 +1106 BreakFix
# fix break: contig_58:183605-184176 0 -0 +0 NoSolution
# fix break: contig_58:184418-184422 0 -0 +0 NoSolution
# fix break: contig_58:186146-186151 0 -0 +0 NoSolution
# fix break: contig_58:186529-188048 0 -0 +0 NoSolution
# fix break: contig_58:188483-188492 0 -0 +0 NoSolution
fix break: contig_58:189324-189328 189142 -414 +419 BreakFix
# fix break: contig_58:191465-191707 0 -0 +0 NoSolution
fix break: contig_58:192294-192314 192082 -492 +495 BreakFix
# fix break: contig_58:192880-192884 0 -0 +0 NoSolution
fix break: contig_58:193241-193272 192981 -531 +529 BreakFix
# fix break: contig_58:193504-193511 0 -0 +0 NoSolution
fix break: contig_58:194042-194092 193836 -245 +249 BreakFix
# fix break: contig_58:195079 0 -0 +0 NoSolution
# fix break: contig_58:195380-195428 0 -0 +0 NoSolution
# fix break: contig_58:196470-196477 0 -0 +0 NoSolution
# fix break: contig_58:197005-197065 0 -0 +0 NoSolution
# fix break: contig_58:197746-197987 0 -0 +0 NoSolution
# fix break: contig_58:198190-198331 0 -0 +0 NoSolution
# fix break: contig_58:199344-199350 0 -0 +0 NoSolution
# fix break: contig_58:199609-199613 0 -0 +0 NoSolution
# fix break: contig_58:199877-199894 0 -0 +0 NoSolution
fix break: contig_58:200237-200524 199967 -697 +703 BreakFix
fix break: contig_58:201035-201045 200856 -415 +420 BreakFix
fix break: contig_58:201591-201687 201425 -474 +484 BreakFix
# fix break: contig_58:202145-202162 0 -0 +0 NoSolution
# fix break: contig_58:202589-202624 0 -0 +0 NoSolution
# fix break: contig_58:203724-204523 0 -0 +0 NoSolution
# fix break: contig_58:204928-205433 0 -0 +0 NoSolution
# fix break: contig_58:205791-206130 0 -0 +0 NoSolution
# fix break: contig_58:206408-206513 0 -0 +0 NoSolution
# fix break: contig_58:206972-207245 0 -0 +0 NoSolution
# fix break: contig_58:207469-208394 0 -0 +0 NoSolution
# fix break: contig_58:208653 0 -0 +0 NoSolution
# fix break: contig_58:209008-209048 0 -0 +0 NoSolution
# fix break: contig_58:209284-210099 0 -0 +0 NoSolution
# fix break: contig_58:210985-211048 0 -0 +0 NoSolution
fix break: contig_58:211540-212021 211342 -887 +892 BreakFix
fix break: contig_58:212229-212234 211981 -248 +248 BreakFix
# fix break: contig_58:213307-213722 0 -0 +0 NoSolution
# fix break: contig_58:214019-214287 0 -0 +0 NoSolution
# fix break: contig_58:215572-215735 0 -0 +0 NoSolution
fix break: contig_58:216932 216737 -360 +359 BreakFix
# fix break: contig_58:217368 0 -0 +0 NoSolution
# fix break: contig_58:217852-217973 0 -0 +0 NoSolution
# fix break: contig_58:218223-218547 0 -0 +0 NoSolution
fix break: contig_58:219447-219450 219229 -433 +431 BreakFix
fix break: contig_58:219832-219851 219581 -400 +401 BreakFix
# fix break: contig_58:220182-221103 0 -0 +0 NoSolution
# fix break: contig_58:221541-222085 0 -0 +0 NoSolution
# fix break: contig_58:222652-222688 0 -0 +0 NoSolution
# fix break: contig_58:222927-222957 0 -0 +0 NoSolution
# fix break: contig_58:223280-223301 0 -0 +0 NoSolution
# fix break: contig_58:223554-223555 0 -0 +0 NoSolution
# fix break: contig_58:223971-226816 0 -0 +0 NoSolution
# fix break: contig_58:227537 0 -0 +0 NoSolution
# fix break: contig_58:227878-228409 0 -0 +0 NoSolution
# fix break: contig_58:228959-229007 0 -0 +0 NoSolution
# fix break: contig_58:229222-229587 0 -0 +0 NoSolution
# fix break: contig_58:230237-230948 0 -0 +0 NoSolution
# fix break: contig_58:231541-231630 0 -0 +0 NoSolution
# fix break: contig_58:232111-232228 0 -0 +0 NoSolution
# fix break: contig_58:232532-234190 0 -0 +0 NoSolution
# fix break: contig_58:234822-235043 0 -0 +0 NoSolution
# fix break: contig_58:235332-235402 0 -0 +0 NoSolution
# fix break: contig_58:235675-235683 0 -0 +0 NoSolution
fix break: contig_58:236249-236282 236070 -304 +307 BreakFix
fix break: contig_58:236790-236957 236520 -684 +690 BreakFix
fix break: contig_58:237179-237641 236920 -787 +797 BreakFix
# fix break: contig_58:238177-239142 0 -0 +0 NoSolution
# fix break: contig_58:239807-239866 0 -0 +0 NoSolution
# fix break: contig_58:240167-240439 0 -0 +0 NoSolution
# fix break: contig_58:240654-241038 0 -0 +0 NoSolution
# fix break: contig_58:241295-243443 0 -0 +0 NoSolution
# fix break: contig_58:243739-243752 0 -0 +0 NoSolution
# fix break: contig_58:243997-245565 0 -0 +0 NoSolution
# fix break: contig_58:245775-245887 0 -0 +0 NoSolution
fix break: contig_58:246187 245930 -474 +479 BreakFix
fix break: contig_58:246558-246595 246389 -391 +396 BreakFix
# fix break: contig_58:247509-248238 0 -0 +0 NoSolution
# fix break: contig_58:248469-248538 0 -0 +0 NoSolution
# fix break: contig_58:248743-250732 0 -0 +0 NoSolution
# fix break: contig_58:251054-251559 0 -0 +0 NoSolution
contig_58:1-255401 log:
Finished processing contig_58:1-255401
Processing contig_61:1-35135
frags analyses/03_polishing/pilon_output/chr3_aligned.bam: coverage 169
Total Reads: 47638, Coverage: 169, minDepth: 17
Confirmed 33066 of 35135 bases (94.11%)
Corrected 147 snps; 5 ambiguous bases; corrected 39 small insertions totaling 46 bases, 14 small deletions totaling 14 bases
# Attempting to fix local continuity breaks
# fix break: contig_61:626-783 0 -0 +0 NoSolution
# fix break: contig_61:2337-2590 0 -0 +0 NoSolution TandemRepeat 222
# fix break: contig_61:5023-5108 0 -0 +0 NoSolution
# fix break: contig_61:6744-7110 0 -0 +0 NoSolution TandemRepeat 234
fix break: contig_61:7944-7969 7940 -22 +22 BreakFix
# fix break: contig_61:9953-10234 0 -0 +0 NoSolution
# fix break: contig_61:11160-11185 0 -0 +0 NoSolution
# fix break: contig_61:12897-13174 0 -0 +0 NoSolution
# fix break: contig_61:14733-14739 0 -0 +0 NoSolution
# fix break: contig_61:17771 0 -0 +0 NoSolution
# fix break: contig_61:18187-18192 0 -0 +0 NoSolution
# fix break: contig_61:19975-19994 0 -0 +0 NoSolution
# fix break: contig_61:20921-20937 0 -0 +0 NoSolution
# fix break: contig_61:21416-21710 0 -0 +0 NoSolution TandemRepeat 234
# fix break: contig_61:22779-22874 0 -0 +0 NoSolution
# fix break: contig_61:25980-26003 0 -0 +0 NoSolution TandemRepeat 222
# fix break: contig_61:29455-29531 0 -0 +0 NoSolution
# fix break: contig_61:30065-30182 0 -0 +0 NoSolution TandemRepeat 222
# fix break: contig_61:30416-30450 0 -0 +0 NoSolution TandemRepeat 222
# fix break: contig_61:31229-31248 0 -0 +0 NoSolution
contig_61:1-35135 log:
Finished processing contig_61:1-35135
Processing contig_62:1-304909
frags analyses/03_polishing/pilon_output/chr3_aligned.bam: coverage 310
Total Reads: 762321, Coverage: 310, minDepth: 31
Confirmed 290776 of 304909 bases (95.36%)
Corrected 1408 snps; 4 ambiguous bases; corrected 929 small insertions totaling 1037 bases, 380 small deletions totaling 511 bases
# Attempting to fix local continuity breaks
# fix break: contig_62:9404-9409 0 -0 +0 NoSolution
# fix break: contig_62:10358-10396 0 -0 +0 NoSolution TandemRepeat 54
fix break: contig_62:36385-36405 36388 -186 +183 BreakFix
# fix break: contig_62:39478-41374 0 -0 +0 NoSolution
# fix break: contig_62:41613-41626 0 -0 +0 NoSolution
# fix break: contig_62:41925-42265 0 -0 +0 NoSolution
# fix break: contig_62:42559-42588 0 -0 +0 NoSolution
# fix break: contig_62:43075-43347 0 -0 +0 NoSolution TandemRepeat 14
# fix break: contig_62:43824-43879 0 -0 +0 NoSolution TandemRepeat 14
# fix break: contig_62:44235 0 -0 +0 NoSolution
# fix break: contig_62:44541-44660 0 -0 +0 NoSolution
# fix break: contig_62:48024-48025 0 -0 +0 NoSolution
# fix break: contig_62:51753-51882 0 -0 +0 NoSolution TandemRepeat 14
fix break: contig_62:52113-52135 51959 -396 +396 BreakFix
# fix break: contig_62:54403-54539 0 -0 +0 NoSolution TandemRepeat 24
fix break: contig_62:65404-65419 65193 -433 +436 BreakFix
# fix break: contig_62:91330-91348 0 -0 +0 NoSolution
# fix break: contig_62:95083-95107 0 -0 +0 NoSolution
fix break: contig_62:101163-101170 101163 -41 +44 BreakFix
fix break: contig_62:105059 104791 -496 +497 BreakFix
fix break: contig_62:115257 115093 -254 +254 BreakFix
# fix break: contig_62:117107-117321 0 -0 +0 NoSolution
# fix break: contig_62:123678-123685 0 -0 +0 NoSolution TandemRepeat 2
# fix break: contig_62:123905-124229 0 -0 +0 NoSolution TandemRepeat 2
fix break: contig_62:126204 125955 -497 +494 BreakFix
# fix break: contig_62:131391-131398 0 -0 +0 NoSolution
# fix break: contig_62:132640-132726 0 -0 +0 NoSolution
# fix break: contig_62:138317-138334 0 -0 +0 NoSolution
# fix break: contig_62:139165-139178 0 -0 +0 NoSolution
# fix break: contig_62:140263-140296 0 -0 +0 NoSolution
# fix break: contig_62:141811-141837 0 -0 +0 NoSolution
# fix break: contig_62:144447 0 -0 +0 NoSolution
# fix break: contig_62:144718-144841 0 -0 +0 NoSolution
# fix break: contig_62:149464-149497 0 -0 +0 NoSolution
# fix break: contig_62:153429-153430 0 -0 +0 NoSolution
# fix break: contig_62:172407 0 -0 +0 NoSolution
# fix break: contig_62:176133 0 -0 +0 NoSolution
# fix break: contig_62:177337-177377 0 -0 +0 NoSolution
# fix break: contig_62:177603-177654 0 -0 +0 NoSolution TandemRepeat 61
# fix break: contig_62:178145 0 -0 +0 NoSolution TandemRepeat 61
# fix break: contig_62:178620-178648 0 -0 +0 NoSolution TandemRepeat 61
# fix break: contig_62:178899-180360 0 -0 +0 NoSolution
# fix break: contig_62:180567-180950 0 -0 +0 NoSolution
# fix break: contig_62:181220-181443 0 -0 +0 NoSolution
# fix break: contig_62:181700-181706 0 -0 +0 NoSolution
# fix break: contig_62:181982-181995 0 -0 +0 NoSolution
# fix break: contig_62:182316-182355 0 -0 +0 NoSolution
# fix break: contig_62:182829-182967 0 -0 +0 NoSolution
# fix break: contig_62:183443 0 -0 +0 NoSolution
# fix break: contig_62:183780-184043 0 -0 +0 NoSolution
# fix break: contig_62:184321-184628 0 -0 +0 NoSolution
# fix break: contig_62:185296-185422 0 -0 +0 NoSolution
# fix break: contig_62:185670-185719 0 -0 +0 NoSolution
fix break: contig_62:186701-186971 186627 -614 +612 BreakFix
# fix break: contig_62:187388-187755 0 -0 +0 NoSolution
# fix break: contig_62:188461-189017 0 -0 +0 NoSolution
# fix break: contig_62:189540-189615 0 -0 +0 NoSolution
# fix break: contig_62:190128-190554 0 -0 +0 NoSolution
# fix break: contig_62:190909-191264 0 -0 +0 NoSolution
# fix break: contig_62:191538-191584 0 -0 +0 NoSolution
# fix break: contig_62:191889-191892 0 -0 +0 NoSolution
# fix break: contig_62:192685-193021 0 -0 +0 NoSolution
# fix break: contig_62:194272-194754 0 -0 +0 NoSolution
# fix break: contig_62:195083-195775 0 -0 +0 NoSolution
# fix break: contig_62:196067-196105 0 -0 +0 NoSolution
# fix break: contig_62:196713-197071 0 -0 +0 NoSolution
# fix break: contig_62:198130 0 -0 +0 NoSolution
# fix break: contig_62:198835-198859 0 -0 +0 NoSolution
# fix break: contig_62:199141-199157 0 -0 +0 NoSolution
# fix break: contig_62:199413-199418 0 -0 +0 NoSolution
# fix break: contig_62:199702-199722 0 -0 +0 NoSolution
# fix break: contig_62:215106-215171 0 -0 +0 NoSolution TandemRepeat 1
fix break: contig_62:217380 217112 -519 +520 BreakFix
# fix break: contig_62:228193 0 -0 +0 NoSolution
# fix break: contig_62:228794-228800 0 -0 +0 NoSolution
# fix break: contig_62:229149-229497 0 -0 +0 NoSolution
# fix break: contig_62:234726 0 -0 +0 NoSolution
# fix break: contig_62:236943-237256 0 -0 +0 NoSolution TandemRepeat 30
# fix break: contig_62:238061-238181 0 -0 +0 NoSolution
# fix break: contig_62:238782-238904 0 -0 +0 NoSolution
fix break: contig_62:248503-248515 248459 -46 +46 BreakFix
fix break: contig_62:248894-248921 248894 -283 +285 BreakFix
# fix break: contig_62:249216-249223 0 -0 +0 NoSolution
# fix break: contig_62:257249-257291 0 -0 +0 NoSolution TandemRepeat 1
fix break: contig_62:258980-259005 258980 -283 +285 BreakFix
# fix break: contig_62:259267-259309 0 -0 +0 NoSolution
# fix break: contig_62:260221-260259 0 -0 +0 NoSolution
# fix break: contig_62:260600-261021 0 -0 +0 NoSolution
# fix break: contig_62:262407-262450 0 -0 +0 NoSolution
# fix break: contig_62:263370-263445 0 -0 +0 NoSolution
# fix break: contig_62:278454-278455 0 -0 +0 NoSolution
# fix break: contig_62:280199-280211 0 -0 +0 NoSolution
# fix break: contig_62:280483-280564 0 -0 +0 NoSolution
fix break: contig_62:281020-281126 281066 -20 +0 BreakFix
# fix break: contig_62:281374-281507 0 -0 +0 NoSolution
# fix break: contig_62:283644-283811 0 -0 +0 NoSolution
# fix break: contig_62:284785-284823 0 -0 +0 NoSolution
# fix break: contig_62:285179-286618 0 -0 +0 NoSolution
# fix break: contig_62:287125-287574 0 -0 +0 NoSolution
fix break: contig_62:288130-288151 288108 -136 +136 BreakFix
# fix break: contig_62:288644-288649 0 -0 +0 NoSolution
# fix break: contig_62:289768-289965 0 -0 +0 NoSolution
# fix break: contig_62:297238-297719 0 -0 +0 NoSolution TandemRepeat 27
# fix break: contig_62:298470-298697 0 -0 +0 NoSolution
# fix break: contig_62:299297 0 -0 +0 NoSolution
fix break: contig_62:300040-300057 299806 -432 +435 BreakFix
fix break: contig_62:301912-301971 301819 -94 +94 BreakFix
fix break: contig_62:302985-303003 302795 -422 +422 BreakFix
# fix break: contig_62:303271-303308 0 -0 +0 NoSolution
# fix break: contig_62:303999-304016 0 -0 +0 NoSolution
fix break: contig_62:304455 304335 -274 +272 BreakFix
contig_62:1-304909 log:
Finished processing contig_62:1-304909
Processing contig_64:1-23981
frags analyses/03_polishing/pilon_output/chr3_aligned.bam: coverage 264
Total Reads: 51681, Coverage: 264, minDepth: 26
Confirmed 20624 of 23981 bases (86.00%)
Corrected 218 snps; 1 ambiguous bases; corrected 79 small insertions totaling 84 bases, 63 small deletions totaling 65 bases
# Attempting to fix local continuity breaks
# fix break: contig_64:1013-1047 0 -0 +0 NoSolution
fix break: contig_64:1419-1491 1371 -269 +273 BreakFix
# fix break: contig_64:2051-3144 0 -0 +0 NoSolution
# fix break: contig_64:5233 0 -0 +0 NoSolution
# fix break: contig_64:6435-6493 0 -0 +0 NoSolution
fix break: contig_64:7095-7399 7117 -247 +244 BreakFix
# fix break: contig_64:7811-7876 0 -0 +0 NoSolution
# fix break: contig_64:9005-9640 0 -0 +0 NoSolution
# fix break: contig_64:10185-10605 0 -0 +0 NoSolution
fix break: contig_64:11105-11112 10857 -524 +525 BreakFix
# fix break: contig_64:11325-11980 0 -0 +0 NoSolution
# fix break: contig_64:12456-12491 0 -0 +0 NoSolution
# fix break: contig_64:13223-13224 0 -0 +0 NoSolution
fix break: contig_64:13484-13487 13223 -294 +295 BreakFix
fix break: contig_64:13866-13921 13866 -138 +141 BreakFix
fix break: contig_64:14813-14931 14853 -270 +272 BreakFix
fix break: contig_64:15368-15419 15123 -286 +288 BreakFix
fix break: contig_64:18048-18094 17845 -379 +382 BreakFix
fix break: contig_64:21530-21926 21361 -800 +798 BreakFix
# fix break: contig_64:22564-22628 0 -0 +0 NoSolution
# fix break: contig_64:22940-23168 0 -0 +0 NoSolution
# fix break: contig_64:23565-23568 0 -0 +0 NoSolution
contig_64:1-23981 log:
Finished processing contig_64:1-23981
Processing contig_65:1-21616
frags analyses/03_polishing/pilon_output/chr3_aligned.bam: coverage 24
Total Reads: 5091, Coverage: 24, minDepth: 5
Confirmed 6520 of 21616 bases (30.16%)
Corrected 108 snps; 0 ambiguous bases; corrected 32 small insertions totaling 38 bases, 25 small deletions totaling 27 bases
# Attempting to fix local continuity breaks
# fix break: contig_65:2188-2645 0 -0 +0 NoSolution
# fix break: contig_65:2871-4686 0 -0 +0 NoSolution
# fix break: contig_65:4942-6441 0 -0 +0 NoSolution
# fix break: contig_65:6713-7955 0 -0 +0 NoSolution
# fix break: contig_65:8209-11955 0 -0 +0 NoSolution
# fix break: contig_65:12301-19533 0 -0 +0 NoSolution
contig_65:1-21616 log:
Finished processing contig_65:1-21616
Processing contig_68:1-18952
frags analyses/03_polishing/pilon_output/chr3_aligned.bam: coverage 13
Total Reads: 2657, Coverage: 13, minDepth: 5
Confirmed 4813 of 18952 bases (25.40%)
Corrected 116 snps; 1 ambiguous bases; corrected 33 small insertions totaling 37 bases, 27 small deletions totaling 32 bases
# Attempting to fix local continuity breaks
# fix break: contig_68:3465-8898 0 -0 +0 NoSolution
# fix break: contig_68:9133-9550 0 -0 +0 NoSolution
contig_68:1-18952 log:
Finished processing contig_68:1-18952
Processing contig_7:1-402449
frags analyses/03_polishing/pilon_output/chr3_aligned.bam: coverage 290
Total Reads: 949068, Coverage: 290, minDepth: 29
Confirmed 371078 of 402449 bases (92.20%)
Corrected 2191 snps; 9 ambiguous bases; corrected 1178 small insertions totaling 1283 bases, 442 small deletions totaling 591 bases
# Attempting to fix local continuity breaks
# fix break: contig_7:2515-2543 0 -0 +0 NoSolution
# fix break: contig_7:3392-3866 0 -0 +0 NoSolution TandemRepeat 19
# fix break: contig_7:4363-4525 0 -0 +0 NoSolution TandemRepeat 19
# fix break: contig_7:20966-20972 0 -0 +0 NoSolution
# fix break: contig_7:27480-27628 0 -0 +0 NoSolution
# fix break: contig_7:28923-28955 0 -0 +0 NoSolution
# fix break: contig_7:29838-30034 0 -0 +0 NoSolution
# fix break: contig_7:30563-30595 0 -0 +0 NoSolution
# fix break: contig_7:31577-31851 0 -0 +0 NoSolution TandemRepeat 21
# fix break: contig_7:32367 0 -0 +0 NoSolution TandemRepeat 21
# fix break: contig_7:32622-32932 0 -0 +0 NoSolution TandemRepeat 28
# fix break: contig_7:42042-42045 0 -0 +0 NoSolution
# fix break: contig_7:42495-42617 0 -0 +0 NoSolution
# fix break: contig_7:47220 0 -0 +0 NoSolution
fix break: contig_7:58113-58116 57995 -161 +165 BreakFix
# fix break: contig_7:59177-59193 0 -0 +0 NoSolution
# fix break: contig_7:62205-62279 0 -0 +0 NoSolution
# fix break: contig_7:62676-62790 0 -0 +0 NoSolution
# fix break: contig_7:66922-67086 0 -0 +0 NoSolution
# fix break: contig_7:67329-67488 0 -0 +0 NoSolution
fix break: contig_7:82427-82431 82254 -178 +180 BreakFix
fix break: contig_7:83618 83617 -41 +40 BreakFix
# fix break: contig_7:86162 0 -0 +0 NoSolution
# fix break: contig_7:87174-87341 0 -0 +0 NoSolution
# fix break: contig_7:90731-90800 0 -0 +0 NoSolution TandemRepeat 1
# fix break: contig_7:114503-114514 0 -0 +0 NoSolution
# fix break: contig_7:120483 0 -0 +0 NoSolution
# fix break: contig_7:127196-127223 0 -0 +0 NoSolution
# fix break: contig_7:127695 0 -0 +0 NoSolution
# fix break: contig_7:140131-140708 0 -0 +0 NoSolution TandemRepeat 1
# fix break: contig_7:140957-140964 0 -0 +0 NoSolution TandemRepeat 1
# fix break: contig_7:142232-142245 0 -0 +0 NoSolution
# fix break: contig_7:142874-142875 0 -0 +0 NoSolution
# fix break: contig_7:181292 0 -0 +0 NoSolution
# fix break: contig_7:189976-189994 0 -0 +0 NoSolution
# fix break: contig_7:196651-196653 0 -0 +0 NoSolution
fix break: contig_7:200385-200449 200173 -545 +466 BreakFix
fix break: contig_7:202083-202085 201878 -418 +414 BreakFix
# fix break: contig_7:202424-202506 0 -0 +0 NoSolution
# fix break: contig_7:202795-202812 0 -0 +0 NoSolution
fix break: contig_7:210199-210208 210054 -318 +319 BreakFix
# fix break: contig_7:214171-214232 0 -0 +0 NoSolution TandemRepeat 2
fix break: contig_7:224411 224169 -245 +247 BreakFix
# fix break: contig_7:227082-227095 0 -0 +0 NoSolution
# fix break: contig_7:248672-248876 0 -0 +0 NoSolution
# fix break: contig_7:249668-249678 0 -0 +0 NoSolution
fix break: contig_7:251407 251269 -235 +237 BreakFix
fix break: contig_7:260092-260094 259872 -180 +180 BreakFix
# fix break: contig_7:261989-261991 0 -0 +0 NoSolution
# fix break: contig_7:278695-278919 0 -0 +0 NoSolution TandemRepeat 53
# fix break: contig_7:287125-287561 0 -0 +0 NoSolution
# fix break: contig_7:306407-306413 0 -0 +0 NoSolution
fix break: contig_7:311088 310885 -385 +388 BreakFix
fix break: contig_7:311416 311193 -443 +452 BreakFix
fix break: contig_7:312392-312844 312131 -930 +932 BreakFix
fix break: contig_7:313220-313227 312950 -512 +515 BreakFix
# fix break: contig_7:314421-314465 0 -0 +0 NoSolution
# fix break: contig_7:315284-315745 0 -0 +0 NoSolution
# fix break: contig_7:316069-316388 0 -0 +0 NoSolution
# fix break: contig_7:316690-316746 0 -0 +0 NoSolution
# fix break: contig_7:317236-317364 0 -0 +0 NoSolution
# fix break: contig_7:317755-317801 0 -0 +0 NoSolution
# fix break: contig_7:318030-318042 0 -0 +0 NoSolution
# fix break: contig_7:318373 0 -0 +0 NoSolution
# fix break: contig_7:318838-318937 0 -0 +0 NoSolution
fix break: contig_7:319713-319745 319539 -476 +476 BreakFix
# fix break: contig_7:319987-319995 0 -0 +0 NoSolution
# fix break: contig_7:320475-320846 0 -0 +0 NoSolution
# fix break: contig_7:321154-321164 0 -0 +0 NoSolution
# fix break: contig_7:321896-321954 0 -0 +0 NoSolution
# fix break: contig_7:322186-322211 0 -0 +0 NoSolution
# fix break: contig_7:322557-322587 0 -0 +0 NoSolution
# fix break: contig_7:322803-322872 0 -0 +0 NoSolution
# fix break: contig_7:323588-323630 0 -0 +0 NoSolution
# fix break: contig_7:323982-324097 0 -0 +0 NoSolution
# fix break: contig_7:324955-325029 0 -0 +0 NoSolution
# fix break: contig_7:325723-325754 0 -0 +0 NoSolution
# fix break: contig_7:326589-327067 0 -0 +0 NoSolution
# fix break: contig_7:327279-327287 0 -0 +0 NoSolution
# fix break: contig_7:328951-329014 0 -0 +0 NoSolution
# fix break: contig_7:329935-330693 0 -0 +0 NoSolution
fix break: contig_7:331026-331049 330845 -469 +470 BreakFix
# fix break: contig_7:335008-335017 0 -0 +0 NoSolution
fix break: contig_7:335604-335710 335549 -200 +200 BreakFix
fix break: contig_7:336303-336313 336056 -295 +299 BreakFix
# fix break: contig_7:336674-336682 0 -0 +0 NoSolution
# fix break: contig_7:337527-337574 0 -0 +0 NoSolution
# fix break: contig_7:338233-338431 0 -0 +0 NoSolution
fix break: contig_7:339368-339446 339164 -536 +541 BreakFix
fix break: contig_7:339693-339882 339590 -449 +452 BreakFix
# fix break: contig_7:340157-340213 0 -0 +0 NoSolution
fix break: contig_7:340422-340459 340193 -444 +441 BreakFix
fix break: contig_7:341217-341843 341595 -466 +465 BreakFix
# fix break: contig_7:342154-342383 0 -0 +0 NoSolution
# fix break: contig_7:342742-342795 0 -0 +0 NoSolution
# fix break: contig_7:343567 0 -0 +0 NoSolution
fix break: contig_7:343975-343991 343715 -444 +444 BreakFix
fix break: contig_7:344711-344741 344457 -447 +457 BreakFix
# fix break: contig_7:345031-345040 0 -0 +0 NoSolution
# fix break: contig_7:354457-354900 0 -0 +0 NoSolution
# fix break: contig_7:356078-356435 0 -0 +0 NoSolution
fix break: contig_7:356661-356663 356592 -344 +348 BreakFix
# fix break: contig_7:356913-358969 0 -0 +0 NoSolution
fix break: contig_7:359209-359389 359095 -565 +570 BreakFix
fix break: contig_7:359630-359928 359360 -837 +841 BreakFix
fix break: contig_7:360318-360613 360196 -578 +579 BreakFix
# fix break: contig_7:360950-360951 0 -0 +0 NoSolution
# fix break: contig_7:361961-361977 0 -0 +0 NoSolution
# fix break: contig_7:363102-363103 0 -0 +0 NoSolution
# fix break: contig_7:364430-364432 0 -0 +0 NoSolution
# fix break: contig_7:365106-365221 0 -0 +0 NoSolution
# fix break: contig_7:365487-365633 0 -0 +0 NoSolution
fix break: contig_7:365978 365771 -252 +251 BreakFix
# fix break: contig_7:366635 0 -0 +0 NoSolution
fix break: contig_7:367739-367944 367484 -714 +716 BreakFix
# fix break: contig_7:368594-368645 0 -0 +0 NoSolution
# fix break: contig_7:368941 0 -0 +0 NoSolution
# fix break: contig_7:369350-369603 0 -0 +0 NoSolution
# fix break: contig_7:369910-370195 0 -0 +0 NoSolution
# fix break: contig_7:371011-371267 0 -0 +0 NoSolution
# fix break: contig_7:371520-371591 0 -0 +0 NoSolution
# fix break: contig_7:372506-373779 0 -0 +0 NoSolution
fix break: contig_7:374160-374423 374079 -388 +394 BreakFix
# fix break: contig_7:374910-375253 0 -0 +0 NoSolution
# fix break: contig_7:376024-376075 0 -0 +0 NoSolution
# fix break: contig_7:376367-376386 0 -0 +0 NoSolution
# fix break: contig_7:376799-376848 0 -0 +0 NoSolution
# fix break: contig_7:377145-377155 0 -0 +0 NoSolution
# fix break: contig_7:377378-377393 0 -0 +0 NoSolution
fix break: contig_7:377677-377907 377440 -641 +639 BreakFix
# fix break: contig_7:378178-382021 0 -0 +0 NoSolution
# fix break: contig_7:382496-384446 0 -0 +0 NoSolution
# fix break: contig_7:385003-386686 0 -0 +0 NoSolution
# fix break: contig_7:386968-390559 0 -0 +0 NoSolution
# fix break: contig_7:390777-395198 0 -0 +0 NoSolution
# fix break: contig_7:395457-395475 0 -0 +0 NoSolution
# fix break: contig_7:396650-396871 0 -0 +0 NoSolution
contig_7:1-402449 log:
Finished processing contig_7:1-402449
Processing contig_74:1-619105
frags analyses/03_polishing/pilon_output/chr3_aligned.bam: coverage 332
Total Reads: 1658972, Coverage: 332, minDepth: 33
Confirmed 599141 of 619105 bases (96.78%)
Corrected 4299 snps; 14 ambiguous bases; corrected 2047 small insertions totaling 2240 bases, 974 small deletions totaling 1137 bases
Large collapsed region: contig_74:439952-452009 size 12058
Large collapsed region: contig_74:601581-617820 size 16240
# Attempting to fix local continuity breaks
# fix break: contig_74:25496-25501 0 -0 +0 NoSolution
# fix break: contig_74:27280-27333 0 -0 +0 NoSolution
fix break: contig_74:47602-47883 47583 -513 +476 BreakFix
fix break: contig_74:48880-48914 48611 -303 +302 BreakFix
# fix break: contig_74:84441-84666 0 -0 +0 NoSolution
# fix break: contig_74:105046 0 -0 +0 NoSolution
# fix break: contig_74:106194-106201 0 -0 +0 NoSolution
fix break: contig_74:106564-106625 106432 -412 +414 BreakFix
# fix break: contig_74:107056-107310 0 -0 +0 NoSolution
fix break: contig_74:108945-109054 108725 -482 +490 BreakFix
# fix break: contig_74:110963-110971 0 -0 +0 NoSolution
# fix break: contig_74:111641-111644 0 -0 +0 NoSolution
# fix break: contig_74:114327-114431 0 -0 +0 NoSolution
fix break: contig_74:115883-115897 115825 -65 +68 BreakFix
# fix break: contig_74:126649-126654 0 -0 +0 NoSolution
# fix break: contig_74:139389 0 -0 +0 NoSolution
# fix break: contig_74:140159 0 -0 +0 NoSolution
# fix break: contig_74:140633-140639 0 -0 +0 NoSolution
# fix break: contig_74:141671-141677 0 -0 +0 NoSolution
fix break: contig_74:141921-141952 141678 -379 +379 BreakFix
# fix break: contig_74:142662-142669 0 -0 +0 NoSolution
# fix break: contig_74:142958-142978 0 -0 +0 NoSolution
fix break: contig_74:143698-143806 143431 -615 +623 BreakFix
# fix break: contig_74:144149-144167 0 -0 +0 NoSolution
# fix break: contig_74:145040-145108 0 -0 +0 NoSolution
# fix break: contig_74:145773-145784 0 -0 +0 NoSolution
# fix break: contig_74:147291-147295 0 -0 +0 NoSolution
# fix break: contig_74:147562-147697 0 -0 +0 NoSolution
# fix break: contig_74:148540-148647 0 -0 +0 NoSolution
# fix break: contig_74:150286-150312 0 -0 +0 NoSolution
fix break: contig_74:152837 152645 -260 +257 BreakFix
# fix break: contig_74:153382-153597 0 -0 +0 NoSolution
# fix break: contig_74:154243-154259 0 -0 +0 NoSolution
# fix break: contig_74:155378-155581 0 -0 +0 NoSolution
fix break: contig_74:159821-160014 159767 -242 +243 BreakFix
fix break: contig_74:169471-169546 169511 -145 +163 BreakFix
fix break: contig_74:198373-198386 198356 -12 +14 BreakFix
# fix break: contig_74:199879-199896 0 -0 +0 NoSolution
# fix break: contig_74:201514-201859 0 -0 +0 NoSolution
# fix break: contig_74:203740-203767 0 -0 +0 NoSolution
# fix break: contig_74:205799-206134 0 -0 +0 NoSolution
# fix break: contig_74:206339-206353 0 -0 +0 NoSolution
# fix break: contig_74:206648 0 -0 +0 NoSolution
fix break: contig_74:207427-207621 207169 -633 +638 BreakFix
# fix break: contig_74:208799-208840 0 -0 +0 NoSolution
# fix break: contig_74:209133-209152 0 -0 +0 NoSolution
fix break: contig_74:209457-209492 209325 -426 +422 BreakFix
fix break: contig_74:209893-210057 209673 -603 +599 BreakFix
# fix break: contig_74:210343-210355 0 -0 +0 NoSolution
# fix break: contig_74:210603-210606 0 -0 +0 NoSolution
# fix break: contig_74:210813-210829 0 -0 +0 NoSolution
# fix break: contig_74:211187-211367 0 -0 +0 NoSolution
# fix break: contig_74:211661-211707 0 -0 +0 NoSolution
fix break: contig_74:212448-212455 212181 -535 +532 BreakFix
fix break: contig_74:212823-212834 212581 -428 +427 BreakFix
# fix break: contig_74:213862-213885 0 -0 +0 NoSolution
fix break: contig_74:214624 214524 -342 +337 BreakFix
# fix break: contig_74:215309 0 -0 +0 NoSolution
# fix break: contig_74:215908-215959 0 -0 +0 NoSolution
fix break: contig_74:216764-216773 216503 -271 +273 BreakFix
# fix break: contig_74:217649-217653 0 -0 +0 NoSolution
# fix break: contig_74:221022 0 -0 +0 NoSolution
fix break: contig_74:224720-224727 224553 -418 +421 BreakFix
# fix break: contig_74:229182-229188 0 -0 +0 NoSolution TandemRepeat 1
fix break: contig_74:239162-239312 239003 -222 +220 BreakFix
fix break: contig_74:241206 240973 -236 +238 BreakFix
fix break: contig_74:241686-241693 241563 -178 +180 BreakFix
# fix break: contig_74:243400-243405 0 -0 +0 NoSolution
fix break: contig_74:243690 243690 -110 +109 BreakFix
fix break: contig_74:254694 254674 -38 +33 BreakFix
# fix break: contig_74:255114 0 -0 +0 NoSolution
# fix break: contig_74:255775-255785 0 -0 +0 NoSolution
# fix break: contig_74:261588-261681 0 -0 +0 NoSolution TandemRepeat 2
fix break: contig_74:265773-265778 265790 -95 +98 BreakFix
fix break: contig_74:270685 270460 -399 +400 BreakFix
# fix break: contig_74:282047-282082 0 -0 +0 NoSolution
# fix break: contig_74:284698-284734 0 -0 +0 NoSolution TandemRepeat 2
fix break: contig_74:304291-304292 304151 -213 +223 BreakFix
fix break: contig_74:311026 310936 -91 +90 BreakFix
# fix break: contig_74:332852-332909 0 -0 +0 NoSolution
# fix break: contig_74:340847 0 -0 +0 NoSolution
# fix break: contig_74:395251-395283 0 -0 +0 NoSolution
fix break: contig_74:398376-398388 398384 -210 +213 BreakFix
fix break: contig_74:399765-400193 399569 -780 +785 BreakFix
fix break: contig_74:401136 400895 -242 +240 BreakFix
# fix break: contig_74:402580 0 -0 +0 NoSolution
fix break: contig_74:405126 404884 -244 +244 BreakFix
fix break: contig_74:405622-405626 405486 -276 +278 BreakFix
fix break: contig_74:406687-406693 406478 -370 +367 BreakFix
fix break: contig_74:407339-407342 407296 -289 +290 BreakFix
# fix break: contig_74:415123-415146 0 -0 +0 NoSolution
# fix break: contig_74:416922-416949 0 -0 +0 NoSolution
# fix break: contig_74:420864-421105 0 -0 +0 NoSolution
# fix break: contig_74:421362-421476 0 -0 +0 NoSolution
fix break: contig_74:421724-421842 421473 -632 +635 BreakFix
# fix break: contig_74:422055-422165 0 -0 +0 NoSolution
# fix break: contig_74:422575 0 -0 +0 NoSolution
# fix break: contig_74:422832-423000 0 -0 +0 NoSolution
# fix break: contig_74:423983-424136 0 -0 +0 NoSolution
# fix break: contig_74:425334-425343 0 -0 +0 NoSolution
# fix break: contig_74:425670-425837 0 -0 +0 NoSolution
# fix break: contig_74:426750-426759 0 -0 +0 NoSolution
# fix break: contig_74:427008-428068 0 -0 +0 NoSolution
# fix break: contig_74:428311-428810 0 -0 +0 NoSolution
# fix break: contig_74:429035-429523 0 -0 +0 NoSolution
# fix break: contig_74:430009-430043 0 -0 +0 NoSolution
fix break: contig_74:430670-431046 430398 -920 +923 BreakFix
# fix break: contig_74:431265-431289 0 -0 +0 NoSolution
# fix break: contig_74:432209-432993 0 -0 +0 NoSolution
# fix break: contig_74:433503-433520 0 -0 +0 NoSolution
# fix break: contig_74:435994-436864 0 -0 +0 NoSolution
# fix break: contig_74:437295-437820 0 -0 +0 NoSolution
# fix break: contig_74:438048-438418 0 -0 +0 NoSolution
# fix break: contig_74:438779-439302 0 -0 +0 NoSolution
fix break: contig_74:439903-440175 439695 -511 +509 BreakFix
# fix break: contig_74:440498-440832 0 -0 +0 NoSolution
fix break: contig_74:441145-441636 440995 -907 +906 BreakFix
# fix break: contig_74:441985-441987 0 -0 +0 NoSolution
# fix break: contig_74:442226-442926 0 -0 +0 NoSolution
# fix break: contig_74:443141-443146 0 -0 +0 NoSolution
fix break: contig_74:443359-443543 443088 -690 +691 BreakFix
# fix break: contig_74:443761-446168 0 -0 +0 NoSolution TandemRepeat 126
# fix break: contig_74:447077-447081 0 -0 +0 NoSolution
# fix break: contig_74:447298-447617 0 -0 +0 NoSolution
fix break: contig_74:448182-448274 447925 -598 +601 BreakFix
# fix break: contig_74:448841-448927 0 -0 +0 NoSolution
# fix break: contig_74:449153-449335 0 -0 +0 NoSolution
fix break: contig_74:449717-450062 449454 -881 +883 BreakFix
# fix break: contig_74:450272-450334 0 -0 +0 NoSolution
# fix break: contig_74:450643-451484 0 -0 +0 NoSolution
# fix break: contig_74:451734-451799 0 -0 +0 NoSolution
# fix break: contig_74:452328-452685 0 -0 +0 NoSolution
# fix break: contig_74:452950-453683 0 -0 +0 NoSolution
# fix break: contig_74:453950-454018 0 -0 +0 NoSolution
# fix break: contig_74:454336-454426 0 -0 +0 NoSolution
# fix break: contig_74:454753-454755 0 -0 +0 NoSolution
# fix break: contig_74:454983-455314 0 -0 +0 NoSolution
# fix break: contig_74:455620-457183 0 -0 +0 NoSolution
fix break: contig_74:457400-457628 457335 -529 +531 BreakFix
fix break: contig_74:457978-457986 457780 -301 +302 BreakFix
# fix break: contig_74:458229-458503 0 -0 +0 NoSolution
# fix break: contig_74:459033-460005 0 -0 +0 NoSolution
# fix break: contig_74:460293-460306 0 -0 +0 NoSolution
# fix break: contig_74:460521-461021 0 -0 +0 NoSolution
# fix break: contig_74:461925-462093 0 -0 +0 NoSolution
# fix break: contig_74:462414-462427 0 -0 +0 NoSolution
# fix break: contig_74:462887-462893 0 -0 +0 NoSolution
# fix break: contig_74:463577-463580 0 -0 +0 NoSolution
# fix break: contig_74:464025-464028 0 -0 +0 NoSolution
# fix break: contig_74:464645-464650 0 -0 +0 NoSolution
# fix break: contig_74:465255-465470 0 -0 +0 NoSolution
# fix break: contig_74:465729-465883 0 -0 +0 NoSolution
# fix break: contig_74:466151-466153 0 -0 +0 NoSolution
# fix break: contig_74:467175-467201 0 -0 +0 NoSolution
# fix break: contig_74:467511-467545 0 -0 +0 NoSolution
# fix break: contig_74:468335-468358 0 -0 +0 NoSolution
# fix break: contig_74:468661-468670 0 -0 +0 NoSolution
fix break: contig_74:469144-469146 468884 -497 +493 BreakFix
# fix break: contig_74:470447-470462 0 -0 +0 NoSolution
# fix break: contig_74:471147-472003 0 -0 +0 NoSolution
# fix break: contig_74:472213-473521 0 -0 +0 NoSolution
# fix break: contig_74:473821-474026 0 -0 +0 NoSolution
# fix break: contig_74:474527-474536 0 -0 +0 NoSolution
# fix break: contig_74:475222-475223 0 -0 +0 NoSolution
# fix break: contig_74:475760 0 -0 +0 NoSolution
# fix break: contig_74:476149-476156 0 -0 +0 NoSolution
# fix break: contig_74:476563 0 -0 +0 NoSolution
# fix break: contig_74:482683-482693 0 -0 +0 NoSolution
# fix break: contig_74:484168-484214 0 -0 +0 NoSolution
# fix break: contig_74:485812-485901 0 -0 +0 NoSolution
# fix break: contig_74:486653-486695 0 -0 +0 NoSolution
fix break: contig_74:487344-487358 487074 -548 +553 BreakFix
fix break: contig_74:487834 487623 -370 +371 BreakFix
fix break: contig_74:502239-502268 502010 -467 +466 BreakFix
# fix break: contig_74:503908-504024 0 -0 +0 NoSolution
# fix break: contig_74:504494-504498 0 -0 +0 NoSolution
# fix break: contig_74:505188-505192 0 -0 +0 NoSolution
# fix break: contig_74:505414-505423 0 -0 +0 NoSolution
# fix break: contig_74:532611-533056 0 -0 +0 NoSolution
# fix break: contig_74:533360-533741 0 -0 +0 NoSolution
# fix break: contig_74:534074-534093 0 -0 +0 NoSolution
# fix break: contig_74:534800-534996 0 -0 +0 NoSolution
fix break: contig_74:535222-535225 534965 -506 +508 BreakFix
# fix break: contig_74:536846-536867 0 -0 +0 NoSolution
# fix break: contig_74:538727-538734 0 -0 +0 NoSolution
fix break: contig_74:539418 539245 -431 +425 BreakFix
# fix break: contig_74:539641-539644 0 -0 +0 NoSolution
fix break: contig_74:540001-540012 539830 -303 +303 BreakFix
# fix break: contig_74:540386-540464 0 -0 +0 NoSolution
# fix break: contig_74:540719-540739 0 -0 +0 NoSolution
# fix break: contig_74:544796-544811 0 -0 +0 NoSolution
# fix break: contig_74:547309 0 -0 +0 NoSolution
fix break: contig_74:573614-573781 573430 -565 +567 BreakFix
# fix break: contig_74:574460-574478 0 -0 +0 NoSolution
# fix break: contig_74:575129-575186 0 -0 +0 NoSolution
# fix break: contig_74:575927-575934 0 -0 +0 NoSolution
# fix break: contig_74:576493-576625 0 -0 +0 NoSolution
# fix break: contig_74:577088-577541 0 -0 +0 NoSolution
# fix break: contig_74:577772-577991 0 -0 +0 NoSolution
# fix break: contig_74:578586-578642 0 -0 +0 NoSolution
# fix break: contig_74:579313 0 -0 +0 NoSolution
fix break: contig_74:580488-581179 580315 -1021 +1024 BreakFix
# fix break: contig_74:581767-581933 0 -0 +0 NoSolution
# fix break: contig_74:582180-582400 0 -0 +0 NoSolution
# fix break: contig_74:582928 0 -0 +0 NoSolution
# fix break: contig_74:585075-585164 0 -0 +0 NoSolution
fix break: contig_74:586142 586141 -95 +94 BreakFix
# fix break: contig_74:595328 0 -0 +0 NoSolution
# fix break: contig_74:596226 0 -0 +0 NoSolution
fix break: contig_74:598202-598205 598040 -393 +398 BreakFix
# fix break: contig_74:601167 0 -0 +0 NoSolution
# fix break: contig_74:601497-601599 0 -0 +0 NoSolution
fix break: contig_74:602061-602670 601847 -827 +826 BreakFix
# fix break: contig_74:603742-604205 0 -0 +0 NoSolution
fix break: contig_74:605742-605792 605684 -373 +366 BreakFix
# fix break: contig_74:606011-606342 0 -0 +0 NoSolution
# fix break: contig_74:606734-606806 0 -0 +0 NoSolution
# fix break: contig_74:607306-607548 0 -0 +0 NoSolution
# fix break: contig_74:607850 0 -0 +0 NoSolution
# fix break: contig_74:608297-608408 0 -0 +0 NoSolution
fix break: contig_74:609505-609815 609321 -766 +777 BreakFix
# fix break: contig_74:610263-610833 0 -0 +0 NoSolution
# fix break: contig_74:611061 0 -0 +0 NoSolution
# fix break: contig_74:611513-611806 0 -0 +0 NoSolution
# fix break: contig_74:612052-613370 0 -0 +0 NoSolution
# fix break: contig_74:613582-613596 0 -0 +0 NoSolution
# fix break: contig_74:614036-614607 0 -0 +0 NoSolution
# fix break: contig_74:614870-614936 0 -0 +0 NoSolution
# fix break: contig_74:615536-615575 0 -0 +0 NoSolution
# fix break: contig_74:615864-615880 0 -0 +0 NoSolution
# fix break: contig_74:616129-616217 0 -0 +0 NoSolution
fix break: contig_74:616579-616588 616560 -299 +299 BreakFix
# fix break: contig_74:616935-617005 0 -0 +0 NoSolution
# fix break: contig_74:617896-617999 0 -0 +0 NoSolution
# fix break: contig_74:618224-618243 0 -0 +0 NoSolution
fix break: contig_74:618576-618602 618320 -479 +479 BreakFix
# fix break: contig_74:618981-618996 0 -0 +0 NoSolution
contig_74:1-619105 log:
Finished processing contig_74:1-619105
Processing contig_78:1-27645
frags analyses/03_polishing/pilon_output/chr3_aligned.bam: coverage 34
Total Reads: 8736, Coverage: 34, minDepth: 5
Confirmed 7488 of 27645 bases (27.09%)
Corrected 269 snps; 2 ambiguous bases; corrected 67 small insertions totaling 73 bases, 50 small deletions totaling 62 bases
# Attempting to fix local continuity breaks
# fix break: contig_78:7141-14773 0 -0 +0 NoSolution
# fix break: contig_78:15020-15375 0 -0 +0 NoSolution
fix break: contig_78:15783-15910 15564 -581 +581 BreakFix
# fix break: contig_78:16144 0 -0 +0 NoSolution
fix break: contig_78:16369-16727 16142 -841 +843 BreakFix
# fix break: contig_78:16950-17250 0 -0 +0 NoSolution
# fix break: contig_78:17481-17497 0 -0 +0 NoSolution
# fix break: contig_78:17900-19161 0 -0 +0 NoSolution
contig_78:1-27645 log:
Finished processing contig_78:1-27645
Processing contig_79:1-64772
frags analyses/03_polishing/pilon_output/chr3_aligned.bam: coverage 74
Total Reads: 46410, Coverage: 74, minDepth: 7
Confirmed 31326 of 64772 bases (48.36%)
Corrected 959 snps; 19 ambiguous bases; corrected 267 small insertions totaling 292 bases, 161 small deletions totaling 183 bases
# Attempting to fix local continuity breaks
# fix break: contig_79:663-918 0 -0 +0 NoSolution
# fix break: contig_79:1246-3723 0 -0 +0 NoSolution
# fix break: contig_79:4084-4884 0 -0 +0 NoSolution
# fix break: contig_79:5142-6219 0 -0 +0 NoSolution
# fix break: contig_79:6704-10641 0 -0 +0 NoSolution
# fix break: contig_79:10929-12297 0 -0 +0 NoSolution
# fix break: contig_79:12604-15116 0 -0 +0 NoSolution
# fix break: contig_79:15328-16631 0 -0 +0 NoSolution
# fix break: contig_79:16891-28269 0 -0 +0 NoSolution
# fix break: contig_79:28476-28555 0 -0 +0 NoSolution
# fix break: contig_79:29101-29174 0 -0 +0 NoSolution
# fix break: contig_79:31558-31617 0 -0 +0 NoSolution
# fix break: contig_79:31997-32744 0 -0 +0 NoSolution
# fix break: contig_79:32972-35199 0 -0 +0 NoSolution
fix break: contig_79:35547-36132 35377 -977 +979 BreakFix
# fix break: contig_79:38556 0 -0 +0 NoSolution
# fix break: contig_79:38990-40670 0 -0 +0 NoSolution
fix break: contig_79:41270-41464 41003 -601 +608 BreakFix
# fix break: contig_79:42250 0 -0 +0 NoSolution
# fix break: contig_79:42877-43314 0 -0 +0 NoSolution
# fix break: contig_79:43650-43735 0 -0 +0 NoSolution
# fix break: contig_79:44420-44462 0 -0 +0 NoSolution
# fix break: contig_79:44741-44811 0 -0 +0 NoSolution
# fix break: contig_79:45078-47074 0 -0 +0 NoSolution
# fix break: contig_79:47301-47381 0 -0 +0 NoSolution
# fix break: contig_79:47877-48053 0 -0 +0 NoSolution
fix break: contig_79:48284-48520 48020 -686 +685 BreakFix
# fix break: contig_79:48815-56215 0 -0 +0 NoSolution
# fix break: contig_79:56440-61074 0 -0 +0 NoSolution
fix break: contig_79:61405-61911 61146 -945 +944 BreakFix
fix break: contig_79:62123-62141 61898 -414 +409 BreakFix
# fix break: contig_79:62857-64266 0 -0 +0 NoSolution
contig_79:1-64772 log:
Finished processing contig_79:1-64772
Processing contig_8:1-27169
frags analyses/03_polishing/pilon_output/chr3_aligned.bam: coverage 80
Total Reads: 20498, Coverage: 80, minDepth: 8
Confirmed 13046 of 27169 bases (48.02%)
Corrected 388 snps; 0 ambiguous bases; corrected 128 small insertions totaling 148 bases, 81 small deletions totaling 98 bases
# Attempting to fix local continuity breaks
# fix break: contig_8:18089-19228 0 -0 +0 NoSolution
# fix break: contig_8:19646-21287 0 -0 +0 NoSolution
# fix break: contig_8:21821-21827 0 -0 +0 NoSolution
# fix break: contig_8:22091-23046 0 -0 +0 NoSolution
fix break: contig_8:23449-23763 23215 -710 +711 BreakFix
fix break: contig_8:24039-24618 23868 -691 +688 BreakFix
# fix break: contig_8:24959-25247 0 -0 +0 NoSolution
# fix break: contig_8:25486-25793 0 -0 +0 NoSolution
# fix break: contig_8:26094-26102 0 -0 +0 NoSolution
# fix break: contig_8:26471-26542 0 -0 +0 NoSolution
contig_8:1-27169 log:
Finished processing contig_8:1-27169
Processing contig_85:1-9988
frags analyses/03_polishing/pilon_output/chr3_aligned.bam: coverage 153
Total Reads: 12711, Coverage: 153, minDepth: 15
Confirmed 9649 of 9988 bases (96.61%)
Corrected 146 snps; 1 ambiguous bases; corrected 80 small insertions totaling 90 bases, 41 small deletions totaling 48 bases
# Attempting to fix local continuity breaks
# fix break: contig_85:1135-1155 0 -0 +0 NoSolution
# fix break: contig_85:1405-1413 0 -0 +0 NoSolution
# fix break: contig_85:1713 0 -0 +0 NoSolution
# fix break: contig_85:2301-2306 0 -0 +0 NoSolution
# fix break: contig_85:2547 0 -0 +0 NoSolution
fix break: contig_85:2978-3052 2921 -162 +159 BreakFix
fix break: contig_85:3999 3815 -186 +186 BreakFix
fix break: contig_85:4622 4353 -509 +512 BreakFix
fix break: contig_85:6569-6593 6395 -443 +448 BreakFix
# fix break: contig_85:9262-9268 0 -0 +0 NoSolution
contig_85:1-9988 log:
Finished processing contig_85:1-9988
Processing contig_87:1-30114
frags analyses/03_polishing/pilon_output/chr3_aligned.bam: coverage 52
Total Reads: 13750, Coverage: 52, minDepth: 5
Confirmed 15909 of 30114 bases (52.83%)
Corrected 450 snps; 1 ambiguous bases; corrected 102 small insertions totaling 110 bases, 76 small deletions totaling 87 bases
# Attempting to fix local continuity breaks
# fix break: contig_87:11010-16229 0 -0 +0 NoSolution
# fix break: contig_87:16548-17079 0 -0 +0 NoSolution
# fix break: contig_87:17290-17512 0 -0 +0 NoSolution
fix break: contig_87:18110-18179 17847 -287 +286 BreakFix
# fix break: contig_87:18664 0 -0 +0 NoSolution
# fix break: contig_87:19176-19403 0 -0 +0 NoSolution
# fix break: contig_87:19684-19871 0 -0 +0 NoSolution
# fix break: contig_87:20212-20759 0 -0 +0 NoSolution
# fix break: contig_87:21777-21985 0 -0 +0 NoSolution
fix break: contig_87:22475-22538 22250 -553 +559 BreakFix
# fix break: contig_87:23401-23798 0 -0 +0 NoSolution
fix break: contig_87:24538-24655 24387 -269 +264 BreakFix
# fix break: contig_87:24932-24935 0 -0 +0 NoSolution
fix break: contig_87:25150-25152 25074 -224 +223 BreakFix
# fix break: contig_87:25360-25391 0 -0 +0 NoSolution
# fix break: contig_87:26525-26622 0 -0 +0 NoSolution
# fix break: contig_87:26836-27332 0 -0 +0 NoSolution
# fix break: contig_87:27884-28056 0 -0 +0 NoSolution
# fix break: contig_87:28355-28381 0 -0 +0 NoSolution
contig_87:1-30114 log:
Finished processing contig_87:1-30114
Processing contig_88:1-59236
frags analyses/03_polishing/pilon_output/chr3_aligned.bam: coverage 210
Total Reads: 102853, Coverage: 210, minDepth: 21
Confirmed 53036 of 59236 bases (89.53%)
Corrected 1442 snps; 1 ambiguous bases; corrected 414 small insertions totaling 460 bases, 293 small deletions totaling 352 bases
# Attempting to fix local continuity breaks
# fix break: contig_88:1449-1469 0 -0 +0 NoSolution
# fix break: contig_88:1998-2296 0 -0 +0 NoSolution
fix break: contig_88:4392-4401 4120 -547 +549 BreakFix
# fix break: contig_88:5034 0 -0 +0 NoSolution
# fix break: contig_88:6145-6404 0 -0 +0 NoSolution
# fix break: contig_88:6986-6990 0 -0 +0 NoSolution
fix break: contig_88:8161-8171 8094 -336 +335 BreakFix
fix break: contig_88:8421-8525 8161 -624 +622 BreakFix
fix break: contig_88:8763-9031 8512 -685 +682 BreakFix
# fix break: contig_88:9577-9595 0 -0 +0 NoSolution
# fix break: contig_88:9877 0 -0 +0 NoSolution
# fix break: contig_88:10402-10522 0 -0 +0 NoSolution
# fix break: contig_88:11566-11872 0 -0 +0 NoSolution
# fix break: contig_88:12783-12990 0 -0 +0 NoSolution
# fix break: contig_88:15941-15966 0 -0 +0 NoSolution
# fix break: contig_88:16223-16412 0 -0 +0 NoSolution
fix break: contig_88:17096-17158 16836 -496 +497 BreakFix
# fix break: contig_88:17522 0 -0 +0 NoSolution
fix break: contig_88:18319-18485 18057 -602 +600 BreakFix
# fix break: contig_88:19246-19268 0 -0 +0 NoSolution
# fix break: contig_88:19616-19637 0 -0 +0 NoSolution
# fix break: contig_88:21330-21787 0 -0 +0 NoSolution
# fix break: contig_88:22053-22249 0 -0 +0 NoSolution
# fix break: contig_88:22646 0 -0 +0 NoSolution
# fix break: contig_88:23381 0 -0 +0 NoSolution
fix break: contig_88:23950-23961 23696 -464 +463 BreakFix
# fix break: contig_88:25282-25337 0 -0 +0 NoSolution
# fix break: contig_88:27461-27782 0 -0 +0 NoSolution
# fix break: contig_88:28798-28861 0 -0 +0 NoSolution
# fix break: contig_88:29217-29227 0 -0 +0 NoSolution
# fix break: contig_88:29911-29937 0 -0 +0 NoSolution
# fix break: contig_88:30153-30156 0 -0 +0 NoSolution
fix break: contig_88:31049-31140 30817 -475 +474 BreakFix
# fix break: contig_88:32735-32887 0 -0 +0 NoSolution
fix break: contig_88:33457-33481 33273 -477 +476 BreakFix
# fix break: contig_88:34027-34222 0 -0 +0 NoSolution
fix break: contig_88:34710-34719 34498 -361 +368 BreakFix
# fix break: contig_88:35134-35142 0 -0 +0 NoSolution
# fix break: contig_88:36285-36305 0 -0 +0 NoSolution
# fix break: contig_88:37279-37311 0 -0 +0 NoSolution
# fix break: contig_88:38881-40190 0 -0 +0 NoSolution
# fix break: contig_88:40590-41297 0 -0 +0 NoSolution
fix break: contig_88:42062-42359 41852 -519 +516 BreakFix
# fix break: contig_88:42982-42993 0 -0 +0 NoSolution
# fix break: contig_88:43785-43820 0 -0 +0 NoSolution
# fix break: contig_88:44439-44472 0 -0 +0 NoSolution
# fix break: contig_88:44701 0 -0 +0 NoSolution
# fix break: contig_88:45398-45511 0 -0 +0 NoSolution
# fix break: contig_88:45741-45830 0 -0 +0 NoSolution
# fix break: contig_88:46431-46659 0 -0 +0 NoSolution
# fix break: contig_88:46978-47230 0 -0 +0 NoSolution
fix break: contig_88:47678 47540 -369 +371 BreakFix
fix break: contig_88:48173-48216 47909 -553 +557 BreakFix
# fix break: contig_88:48927-48981 0 -0 +0 NoSolution
# fix break: contig_88:49902-49981 0 -0 +0 NoSolution
# fix break: contig_88:50233-50878 0 -0 +0 NoSolution
# fix break: contig_88:51192-51199 0 -0 +0 NoSolution
fix break: contig_88:51517 51254 -430 +437 BreakFix
# fix break: contig_88:51942-52139 0 -0 +0 NoSolution
# fix break: contig_88:52581-53032 0 -0 +0 NoSolution
# fix break: contig_88:53475-53959 0 -0 +0 NoSolution
# fix break: contig_88:54196-54288 0 -0 +0 NoSolution
fix break: contig_88:54812-54818 54580 -433 +436 BreakFix
# fix break: contig_88:55602 0 -0 +0 NoSolution
fix break: contig_88:55861-55911 55695 -489 +487 BreakFix
# fix break: contig_88:56311-56501 0 -0 +0 NoSolution
fix break: contig_88:56727-56896 56581 -345 +343 BreakFix
# fix break: contig_88:57348-57653 0 -0 +0 NoSolution
# fix break: contig_88:58069-58550 0 -0 +0 NoSolution
# fix break: contig_88:58820-58828 0 -0 +0 NoSolution
contig_88:1-59236 log:
Finished processing contig_88:1-59236
Processing contig_9:1-2922085
frags analyses/03_polishing/pilon_output/chr3_aligned.bam: coverage 301
Total Reads: 7111545, Coverage: 301, minDepth: 30
Confirmed 2762075 of 2922085 bases (94.52%)
Corrected 13424 snps; 79 ambiguous bases; corrected 8422 small insertions totaling 9303 bases, 3378 small deletions totaling 4165 bases
Large collapsed region: contig_9:102648-116983 size 14336
Large collapsed region: contig_9:396813-412068 size 15256
# Attempting to fix local continuity breaks
# fix break: contig_9:1171-1173 0 -0 +0 NoSolution
fix break: contig_9:1962 1887 -76 +69 BreakFix
fix break: contig_9:3040-3041 3040 -229 +233 BreakFix
fix break: contig_9:4334-4347 4170 -438 +441 BreakFix
# fix break: contig_9:5234-5425 0 -0 +0 NoSolution
# fix break: contig_9:19635-19636 0 -0 +0 NoSolution TandemRepeat 31
fix break: contig_9:22952-22953 22685 -394 +397 BreakFix
# fix break: contig_9:23649-23702 0 -0 +0 NoSolution
# fix break: contig_9:24624-24662 0 -0 +0 NoSolution
# fix break: contig_9:24934-24953 0 -0 +0 NoSolution
fix break: contig_9:25454-25460 25410 -46 +48 BreakFix
# fix break: contig_9:26280-26302 0 -0 +0 NoSolution
fix break: contig_9:26910-27331 26717 -426 +435 BreakFix
fix break: contig_9:30430-30446 30200 -247 +248 BreakFix
# fix break: contig_9:31103-31104 0 -0 +0 NoSolution
fix break: contig_9:31502-32240 31342 -1151 +1149 BreakFix
# fix break: contig_9:34128-34141 0 -0 +0 NoSolution
# fix break: contig_9:34420 0 -0 +0 NoSolution
# fix break: contig_9:35029-35035 0 -0 +0 NoSolution
# fix break: contig_9:35501-35511 0 -0 +0 NoSolution
# fix break: contig_9:42113-42181 0 -0 +0 NoSolution TandemRepeat 2
# fix break: contig_9:43034 0 -0 +0 NoSolution
# fix break: contig_9:46731 0 -0 +0 NoSolution
# fix break: contig_9:47742-48098 0 -0 +0 NoSolution
# fix break: contig_9:48310-48374 0 -0 +0 NoSolution
# fix break: contig_9:48623-49384 0 -0 +0 NoSolution
# fix break: contig_9:49650-50449 0 -0 +0 NoSolution
# fix break: contig_9:50891-50906 0 -0 +0 NoSolution
fix break: contig_9:62265-62303 62010 -535 +535 BreakFix
# fix break: contig_9:63497-63673 0 -0 +0 NoSolution
# fix break: contig_9:63895-63904 0 -0 +0 NoSolution
fix break: contig_9:64508 64306 -218 +218 BreakFix
# fix break: contig_9:65604-65609 0 -0 +0 NoSolution
# fix break: contig_9:67021-71064 0 -0 +0 NoSolution
# fix break: contig_9:71284-72223 0 -0 +0 NoSolution
# fix break: contig_9:72722-72723 0 -0 +0 NoSolution
# fix break: contig_9:73054-73057 0 -0 +0 NoSolution
# fix break: contig_9:73717-73900 0 -0 +0 NoSolution
# fix break: contig_9:74125-74148 0 -0 +0 NoSolution
# fix break: contig_9:74510-74515 0 -0 +0 NoSolution
# fix break: contig_9:74790-74797 0 -0 +0 NoSolution
# fix break: contig_9:75332-75570 0 -0 +0 NoSolution
# fix break: contig_9:75801-75886 0 -0 +0 NoSolution
# fix break: contig_9:76119-76272 0 -0 +0 NoSolution
# fix break: contig_9:76965-76966 0 -0 +0 NoSolution
# fix break: contig_9:77604 0 -0 +0 NoSolution
# fix break: contig_9:77933-79221 0 -0 +0 NoSolution
# fix break: contig_9:79653-79876 0 -0 +0 NoSolution
# fix break: contig_9:80087-80486 0 -0 +0 NoSolution
# fix break: contig_9:81337-81753 0 -0 +0 NoSolution
# fix break: contig_9:82139-84771 0 -0 +0 NoSolution
# fix break: contig_9:85020-85023 0 -0 +0 NoSolution
# fix break: contig_9:85232-86861 0 -0 +0 NoSolution
# fix break: contig_9:87356-87901 0 -0 +0 NoSolution
# fix break: contig_9:88244-88514 0 -0 +0 NoSolution
# fix break: contig_9:88772-90498 0 -0 +0 NoSolution
# fix break: contig_9:90811-91007 0 -0 +0 NoSolution
# fix break: contig_9:91229-91716 0 -0 +0 NoSolution
# fix break: contig_9:92128-92234 0 -0 +0 NoSolution
# fix break: contig_9:92717-96855 0 -0 +0 NoSolution
# fix break: contig_9:97101-97399 0 -0 +0 NoSolution
# fix break: contig_9:97811-99298 0 -0 +0 NoSolution
# fix break: contig_9:99562-99604 0 -0 +0 NoSolution
fix break: contig_9:100131 100024 -355 +353 BreakFix
# fix break: contig_9:100353-100604 0 -0 +0 NoSolution
# fix break: contig_9:100868-101585 0 -0 +0 NoSolution
# fix break: contig_9:101932-103086 0 -0 +0 NoSolution
# fix break: contig_9:103326-103456 0 -0 +0 NoSolution
# fix break: contig_9:103776-103815 0 -0 +0 NoSolution
# fix break: contig_9:104092-104171 0 -0 +0 NoSolution
# fix break: contig_9:104474-105599 0 -0 +0 NoSolution
# fix break: contig_9:105809-106312 0 -0 +0 NoSolution
# fix break: contig_9:106521-106523 0 -0 +0 NoSolution
# fix break: contig_9:106736-106969 0 -0 +0 NoSolution
# fix break: contig_9:107180-108145 0 -0 +0 NoSolution
# fix break: contig_9:108361-109666 0 -0 +0 NoSolution
# fix break: contig_9:110010-110236 0 -0 +0 NoSolution
# fix break: contig_9:110486-110958 0 -0 +0 NoSolution
# fix break: contig_9:111185-111562 0 -0 +0 NoSolution
# fix break: contig_9:111869-111879 0 -0 +0 NoSolution
# fix break: contig_9:112149-112245 0 -0 +0 NoSolution
# fix break: contig_9:112462-112495 0 -0 +0 NoSolution
fix break: contig_9:112826-113238 112656 -811 +811 BreakFix
# fix break: contig_9:113770-114649 0 -0 +0 NoSolution
# fix break: contig_9:114901-116233 0 -0 +0 NoSolution
# fix break: contig_9:116481-116604 0 -0 +0 NoSolution
# fix break: contig_9:117177-117498 0 -0 +0 NoSolution
# fix break: contig_9:117710-117917 0 -0 +0 NoSolution
# fix break: contig_9:118500-118928 0 -0 +0 NoSolution
# fix break: contig_9:119216-119356 0 -0 +0 NoSolution
fix break: contig_9:120137-120208 119985 -258 +260 BreakFix
# fix break: contig_9:121400-121422 0 -0 +0 NoSolution
fix break: contig_9:121640-121851 121393 -683 +686 BreakFix
# fix break: contig_9:122341-122351 0 -0 +0 NoSolution
# fix break: contig_9:122644-122713 0 -0 +0 NoSolution
# fix break: contig_9:123368-123396 0 -0 +0 NoSolution
# fix break: contig_9:123621-123866 0 -0 +0 NoSolution
# fix break: contig_9:124166-124232 0 -0 +0 NoSolution
# fix break: contig_9:124471-124523 0 -0 +0 NoSolution
fix break: contig_9:124831-124955 124562 -653 +656 BreakFix
# fix break: contig_9:125316-125944 0 -0 +0 NoSolution
# fix break: contig_9:126493-126556 0 -0 +0 NoSolution
# fix break: contig_9:126916 0 -0 +0 NoSolution
fix break: contig_9:127609-127845 127568 -241 +243 BreakFix
fix break: contig_9:128705-128707 128479 -457 +461 BreakFix
# fix break: contig_9:129313 0 -0 +0 NoSolution
# fix break: contig_9:129968-130490 0 -0 +0 NoSolution
# fix break: contig_9:131667-131857 0 -0 +0 NoSolution
# fix break: contig_9:132744-132752 0 -0 +0 NoSolution
# fix break: contig_9:133345-133347 0 -0 +0 NoSolution
# fix break: contig_9:136709 0 -0 +0 NoSolution
# fix break: contig_9:137725-137726 0 -0 +0 NoSolution
# fix break: contig_9:139482-140156 0 -0 +0 NoSolution
# fix break: contig_9:141015-141098 0 -0 +0 NoSolution
# fix break: contig_9:141542-142243 0 -0 +0 NoSolution
fix break: contig_9:142952-142966 142690 -545 +552 BreakFix
# fix break: contig_9:144096-144270 0 -0 +0 NoSolution
# fix break: contig_9:145360-145367 0 -0 +0 NoSolution
# fix break: contig_9:145682-145698 0 -0 +0 NoSolution
# fix break: contig_9:146502-146507 0 -0 +0 NoSolution
# fix break: contig_9:146819-146995 0 -0 +0 NoSolution
# fix break: contig_9:147355-147359 0 -0 +0 NoSolution
fix break: contig_9:148891-148895 148648 -407 +407 BreakFix
# fix break: contig_9:151314-151328 0 -0 +0 NoSolution
# fix break: contig_9:153221-153229 0 -0 +0 NoSolution
# fix break: contig_9:154759 0 -0 +0 NoSolution
# fix break: contig_9:155295 0 -0 +0 NoSolution
# fix break: contig_9:156370 0 -0 +0 NoSolution
# fix break: contig_9:159889 0 -0 +0 NoSolution
# fix break: contig_9:162871-162985 0 -0 +0 NoSolution
fix break: contig_9:173341-173349 173251 -267 +267 BreakFix
# fix break: contig_9:178456-180198 0 -0 +0 NoSolution
# fix break: contig_9:180402-183863 0 -0 +0 NoSolution
# fix break: contig_9:184662-185688 0 -0 +0 NoSolution
# fix break: contig_9:185899-186045 0 -0 +0 NoSolution
# fix break: contig_9:186322-186506 0 -0 +0 NoSolution
# fix break: contig_9:186906-186915 0 -0 +0 NoSolution
# fix break: contig_9:187473-189646 0 -0 +0 NoSolution
# fix break: contig_9:189895-189904 0 -0 +0 NoSolution
# fix break: contig_9:190115-190456 0 -0 +0 NoSolution
# fix break: contig_9:190939-191700 0 -0 +0 NoSolution
# fix break: contig_9:191909-192272 0 -0 +0 NoSolution
# fix break: contig_9:193525-193591 0 -0 +0 NoSolution
# fix break: contig_9:194155-194905 0 -0 +0 NoSolution
# fix break: contig_9:195134-195242 0 -0 +0 NoSolution
# fix break: contig_9:205155-205351 0 -0 +0 NoSolution
# fix break: contig_9:207304-207306 0 -0 +0 NoSolution
fix break: contig_9:207514-207533 207304 -246 +248 BreakFix
fix break: contig_9:207900-207901 207899 -202 +202 BreakFix
# fix break: contig_9:208315-208354 0 -0 +0 NoSolution
fix break: contig_9:211518-211519 211376 -310 +307 BreakFix
fix break: contig_9:213239-213319 213007 -570 +566 BreakFix
fix break: contig_9:214656-214664 214383 -477 +476 BreakFix
# fix break: contig_9:215690-215695 0 -0 +0 NoSolution
fix break: contig_9:224670-224723 224451 -461 +463 BreakFix
fix break: contig_9:226609-226818 226343 -672 +671 BreakFix
fix break: contig_9:228295 228198 -291 +291 BreakFix
fix break: contig_9:229069-229085 228799 -540 +545 BreakFix
fix break: contig_9:231399 231285 -383 +386 BreakFix
# fix break: contig_9:236991-237092 0 -0 +0 NoSolution TandemRepeat 2
# fix break: contig_9:240383 0 -0 +0 NoSolution
# fix break: contig_9:241449-241457 0 -0 +0 NoSolution
# fix break: contig_9:241670-241675 0 -0 +0 NoSolution
# fix break: contig_9:241935-241952 0 -0 +0 NoSolution
# fix break: contig_9:242287-242291 0 -0 +0 NoSolution
# fix break: contig_9:242555-242570 0 -0 +0 NoSolution
# fix break: contig_9:243298 0 -0 +0 NoSolution
fix break: contig_9:244062-244066 243837 -482 +486 BreakFix
fix break: contig_9:246329-246341 246180 -365 +369 BreakFix
# fix break: contig_9:246819-246823 0 -0 +0 NoSolution
# fix break: contig_9:247349-247351 0 -0 +0 NoSolution
# fix break: contig_9:247767-247817 0 -0 +0 NoSolution
# fix break: contig_9:248108-248113 0 -0 +0 NoSolution
# fix break: contig_9:248446-248453 0 -0 +0 NoSolution
fix break: contig_9:249096-249119 248896 -458 +457 BreakFix
fix break: contig_9:249501 249240 -443 +445 BreakFix
# fix break: contig_9:251745-251792 0 -0 +0 NoSolution
# fix break: contig_9:252023-252060 0 -0 +0 NoSolution
# fix break: contig_9:252862-252864 0 -0 +0 NoSolution
# fix break: contig_9:253405-253424 0 -0 +0 NoSolution
fix break: contig_9:253647-253815 253425 -531 +537 BreakFix
# fix break: contig_9:254507-254521 0 -0 +0 NoSolution
fix break: contig_9:254866 254646 -320 +323 BreakFix
fix break: contig_9:255302-255332 255197 -120 +121 BreakFix
# fix break: contig_9:255659-255669 0 -0 +0 NoSolution
# fix break: contig_9:265094-265154 0 -0 +0 NoSolution TandemRepeat 2
fix break: contig_9:266143-266145 265936 -477 +480 BreakFix
# fix break: contig_9:273889-274211 0 -0 +0 NoSolution
# fix break: contig_9:274808 0 -0 +0 NoSolution
# fix break: contig_9:275250-275254 0 -0 +0 NoSolution
# fix break: contig_9:275500-275507 0 -0 +0 NoSolution
# fix break: contig_9:275825-285454 0 -0 +0 NoSolution TandemRepeat 404
# fix break: contig_9:285919-286152 0 -0 +0 NoSolution
fix break: contig_9:286394 286138 -529 +536 BreakFix
fix break: contig_9:286725-286945 286461 -704 +712 BreakFix
# fix break: contig_9:288246-288260 0 -0 +0 NoSolution
# fix break: contig_9:288656-288661 0 -0 +0 NoSolution
fix break: contig_9:288910-289378 288656 -914 +910 BreakFix
# fix break: contig_9:290811-290818 0 -0 +0 NoSolution
# fix break: contig_9:292632 0 -0 +0 NoSolution
fix break: contig_9:293365-293441 293234 -395 +400 BreakFix
# fix break: contig_9:300244-300248 0 -0 +0 NoSolution
# fix break: contig_9:310746-310750 0 -0 +0 NoSolution
# fix break: contig_9:312248 0 -0 +0 NoSolution
fix break: contig_9:326903-326907 326743 -154 +158 BreakFix
# fix break: contig_9:334119-334121 0 -0 +0 NoSolution
# fix break: contig_9:343245-343259 0 -0 +0 NoSolution
# fix break: contig_9:350659-350665 0 -0 +0 NoSolution
# fix break: contig_9:357497-357530 0 -0 +0 NoSolution
# fix break: contig_9:361835-361837 0 -0 +0 NoSolution
# fix break: contig_9:369607-369622 0 -0 +0 NoSolution
fix break: contig_9:370718 370542 -344 +342 BreakFix
# fix break: contig_9:371919-371983 0 -0 +0 NoSolution
# fix break: contig_9:372684-372685 0 -0 +0 NoSolution
# fix break: contig_9:374576-374578 0 -0 +0 NoSolution
fix break: contig_9:396330-396602 396186 -675 +677 BreakFix
fix break: contig_9:396967-397078 396820 -418 +417 BreakFix
# fix break: contig_9:397288-397536 0 -0 +0 NoSolution
fix break: contig_9:397938-397939 397698 -456 +457 BreakFix
fix break: contig_9:398705-399023 398569 -678 +679 BreakFix
fix break: contig_9:399446-399800 399247 -827 +827 BreakFix
# fix break: contig_9:400002-400074 0 -0 +0 NoSolution
# fix break: contig_9:400664-400865 0 -0 +0 NoSolution
fix break: contig_9:402052-402298 401796 -652 +655 BreakFix
# fix break: contig_9:402622-402716 0 -0 +0 NoSolution
fix break: contig_9:403066-403330 402973 -597 +600 BreakFix
fix break: contig_9:403918 403715 -449 +447 BreakFix
# fix break: contig_9:404157-404616 0 -0 +0 NoSolution
fix break: contig_9:404894-405551 404712 -1066 +1062 BreakFix
fix break: contig_9:405889-406011 405782 -456 +456 BreakFix
# fix break: contig_9:406292-406316 0 -0 +0 NoSolution
# fix break: contig_9:406815-406863 0 -0 +0 NoSolution
fix break: contig_9:407126-407291 407041 -298 +297 BreakFix
# fix break: contig_9:407785 0 -0 +0 NoSolution
# fix break: contig_9:408133-408146 0 -0 +0 NoSolution
# fix break: contig_9:408398-408732 0 -0 +0 NoSolution
# fix break: contig_9:408935-409074 0 -0 +0 NoSolution
# fix break: contig_9:409420-409432 0 -0 +0 NoSolution
# fix break: contig_9:409812-411836 0 -0 +0 NoSolution
# fix break: contig_9:412193-412207 0 -0 +0 NoSolution
# fix break: contig_9:412500-412843 0 -0 +0 NoSolution
fix break: contig_9:413066-414079 412839 -1455 +1453 BreakFix
fix break: contig_9:414709-414726 414448 -539 +539 BreakFix
fix break: contig_9:419861-420248 419715 -769 +793 BreakFix
# fix break: contig_9:420947-420957 0 -0 +0 NoSolution
fix break: contig_9:421614-421625 421383 -488 +490 BreakFix
# fix break: contig_9:422010-422014 0 -0 +0 NoSolution
# fix break: contig_9:422348-422355 0 -0 +0 NoSolution
# fix break: contig_9:423615 0 -0 +0 NoSolution
fix break: contig_9:425209 425208 -238 +235 BreakFix
fix break: contig_9:425806 425547 -328 +327 BreakFix
fix break: contig_9:429513-429520 429513 -66 +69 BreakFix
fix break: contig_9:431372-431380 431372 -117 +120 BreakFix
# fix break: contig_9:444704-445030 0 -0 +0 NoSolution
# fix break: contig_9:445412-445424 0 -0 +0 NoSolution
# fix break: contig_9:445689-445697 0 -0 +0 NoSolution
fix break: contig_9:447934-448151 447855 -410 +407 BreakFix
fix break: contig_9:459616-459678 459359 -458 +461 BreakFix
# fix break: contig_9:483224-483238 0 -0 +0 NoSolution TandemRepeat 27
fix break: contig_9:495880-496081 495645 -435 +436 BreakFix
fix break: contig_9:498265-498454 498032 -440 +439 BreakFix
# fix break: contig_9:499960-499978 0 -0 +0 NoSolution
# fix break: contig_9:500762-500766 0 -0 +0 NoSolution
# fix break: contig_9:501757-501762 0 -0 +0 NoSolution
# fix break: contig_9:501976-502004 0 -0 +0 NoSolution
fix break: contig_9:504045 503796 -510 +506 BreakFix
fix break: contig_9:504530-504540 504305 -229 +228 BreakFix
# fix break: contig_9:506462-506554 0 -0 +0 NoSolution
fix break: contig_9:536265-536274 536117 -387 +392 BreakFix
# fix break: contig_9:552102-552114 0 -0 +0 NoSolution
fix break: contig_9:554392-554399 554337 -267 +266 BreakFix
# fix break: contig_9:556405-556735 0 -0 +0 NoSolution
# fix break: contig_9:560352-560361 0 -0 +0 NoSolution
# fix break: contig_9:562305-569129 0 -0 +0 NoSolution
# fix break: contig_9:569335-570359 0 -0 +0 NoSolution
# fix break: contig_9:570771-572668 0 -0 +0 NoSolution
# fix break: contig_9:572890-573756 0 -0 +0 NoSolution
# fix break: contig_9:573968-578640 0 -0 +0 NoSolution
# fix break: contig_9:578889-580565 0 -0 +0 NoSolution
fix break: contig_9:584198 584116 -145 +145 BreakFix
# fix break: contig_9:585069-585076 0 -0 +0 NoSolution
# fix break: contig_9:595887-595906 0 -0 +0 NoSolution
# fix break: contig_9:600319 0 -0 +0 NoSolution
fix break: contig_9:612339-612491 612186 -547 +546 BreakFix
# fix break: contig_9:612899-612918 0 -0 +0 NoSolution
# fix break: contig_9:613138-613144 0 -0 +0 NoSolution
# fix break: contig_9:613357-613361 0 -0 +0 NoSolution
# fix break: contig_9:614063-614068 0 -0 +0 NoSolution
fix break: contig_9:615631 615592 -306 +303 BreakFix
# fix break: contig_9:615897 0 -0 +0 NoSolution
fix break: contig_9:616556-616756 616384 -612 +614 BreakFix
fix break: contig_9:616967-617003 616712 -509 +510 BreakFix
# fix break: contig_9:617474-617480 0 -0 +0 NoSolution
# fix break: contig_9:617794-618544 0 -0 +0 NoSolution TandemRepeat 2
# fix break: contig_9:618752-618823 0 -0 +0 NoSolution
# fix break: contig_9:619330-619759 0 -0 +0 NoSolution
# fix break: contig_9:620008-620194 0 -0 +0 NoSolution
# fix break: contig_9:620524-620634 0 -0 +0 NoSolution
# fix break: contig_9:620930-620960 0 -0 +0 NoSolution
fix break: contig_9:626381-626492 626157 -510 +509 BreakFix
# fix break: contig_9:626933-626943 0 -0 +0 NoSolution
# fix break: contig_9:627697-627702 0 -0 +0 NoSolution
# fix break: contig_9:629544 0 -0 +0 NoSolution
# fix break: contig_9:630401-630418 0 -0 +0 NoSolution
# fix break: contig_9:631368-632803 0 -0 +0 NoSolution
# fix break: contig_9:633152-633357 0 -0 +0 NoSolution
# fix break: contig_9:636743-636753 0 -0 +0 NoSolution
# fix break: contig_9:637754-637761 0 -0 +0 NoSolution
# fix break: contig_9:638231-638373 0 -0 +0 NoSolution
fix break: contig_9:639196 639040 -158 +158 BreakFix
# fix break: contig_9:643137-643147 0 -0 +0 NoSolution TandemRepeat 70
fix break: contig_9:645179-645183 645023 -385 +389 BreakFix
# fix break: contig_9:656069-656075 0 -0 +0 NoSolution
fix break: contig_9:658742-658755 658609 -321 +320 BreakFix
fix break: contig_9:660612-660613 660356 -344 +340 BreakFix
fix break: contig_9:664196-664248 663981 -268 +235 BreakFix
# fix break: contig_9:670961 0 -0 +0 NoSolution
# fix break: contig_9:684067-684079 0 -0 +0 NoSolution
# fix break: contig_9:684906-684933 0 -0 +0 NoSolution
# fix break: contig_9:685584-685633 0 -0 +0 NoSolution
# fix break: contig_9:686755-687141 0 -0 +0 NoSolution
# fix break: contig_9:687459 0 -0 +0 NoSolution
# fix break: contig_9:688183-688191 0 -0 +0 NoSolution
# fix break: contig_9:688572-688585 0 -0 +0 NoSolution
# fix break: contig_9:688836-688841 0 -0 +0 NoSolution
# fix break: contig_9:689318-689331 0 -0 +0 NoSolution
fix break: contig_9:690437-690615 690192 -687 +693 BreakFix
# fix break: contig_9:691044-691746 0 -0 +0 NoSolution
fix break: contig_9:692489-692705 692488 -457 +460 BreakFix
fix break: contig_9:692931-692945 692675 -544 +541 BreakFix
fix break: contig_9:693256-693531 693046 -734 +737 BreakFix
# fix break: contig_9:694051-694071 0 -0 +0 NoSolution
# fix break: contig_9:694358-694416 0 -0 +0 NoSolution
# fix break: contig_9:694644-694662 0 -0 +0 NoSolution
# fix break: contig_9:694872-695191 0 -0 +0 NoSolution
fix break: contig_9:696120-696365 696120 -500 +501 BreakFix
# fix break: contig_9:696718-699617 0 -0 +0 NoSolution
# fix break: contig_9:699921-699941 0 -0 +0 NoSolution
# fix break: contig_9:700235-700664 0 -0 +0 NoSolution
# fix break: contig_9:701029-701033 0 -0 +0 NoSolution
# fix break: contig_9:701254-701450 0 -0 +0 NoSolution
fix break: contig_9:701800-702463 701541 -1163 +1165 BreakFix
# fix break: contig_9:702667-703571 0 -0 +0 NoSolution
# fix break: contig_9:705063-705231 0 -0 +0 NoSolution
# fix break: contig_9:705435-705524 0 -0 +0 NoSolution
# fix break: contig_9:708225 0 -0 +0 NoSolution
# fix break: contig_9:711106-711173 0 -0 +0 NoSolution
# fix break: contig_9:712211-712361 0 -0 +0 NoSolution
# fix break: contig_9:713525-713555 0 -0 +0 NoSolution
# fix break: contig_9:713899-713964 0 -0 +0 NoSolution
# fix break: contig_9:715471-715490 0 -0 +0 NoSolution
# fix break: contig_9:722427-722478 0 -0 +0 NoSolution
# fix break: contig_9:727234-727429 0 -0 +0 NoSolution
fix break: contig_9:728196-728205 727928 -310 +309 BreakFix
# fix break: contig_9:728661-728697 0 -0 +0 NoSolution TandemRepeat 61
# fix break: contig_9:729002-729130 0 -0 +0 NoSolution TandemRepeat 61
# fix break: contig_9:729798-729966 0 -0 +0 NoSolution
fix break: contig_9:731316-731498 731343 -389 +389 BreakFix
# fix break: contig_9:732264-732518 0 -0 +0 NoSolution
fix break: contig_9:734442-734466 734442 -20 +3 BreakFix
# fix break: contig_9:737485-737524 0 -0 +0 NoSolution
# fix break: contig_9:737769-737800 0 -0 +0 NoSolution
# fix break: contig_9:738184-738221 0 -0 +0 NoSolution
# fix break: contig_9:739352-739529 0 -0 +0 NoSolution
fix break: contig_9:740096-740102 740003 -216 +219 BreakFix
# fix break: contig_9:742343-742353 0 -0 +0 NoSolution TandemRepeat 47
fix break: contig_9:743243-743258 743237 -283 +290 BreakFix
# fix break: contig_9:744318-744587 0 -0 +0 NoSolution
fix break: contig_9:746051-746093 745864 -187 +189 BreakFix
fix break: contig_9:747551-747593 747339 -216 +214 BreakFix
# fix break: contig_9:748076-748085 0 -0 +0 NoSolution
# fix break: contig_9:753346-753573 0 -0 +0 NoSolution TandemRepeat 1
# fix break: contig_9:754023-754082 0 -0 +0 NoSolution TandemRepeat 1
# fix break: contig_9:770626 0 -0 +0 NoSolution TandemRepeat 10
# fix break: contig_9:771225 0 -0 +0 NoSolution
fix break: contig_9:772842-772852 772588 -428 +434 BreakFix
fix break: contig_9:778408-778413 778325 -58 +62 BreakFix
fix break: contig_9:780150-780216 780123 -295 +297 BreakFix
# fix break: contig_9:784462-784464 0 -0 +0 NoSolution
# fix break: contig_9:797145-797356 0 -0 +0 NoSolution
# fix break: contig_9:801663-801665 0 -0 +0 NoSolution
# fix break: contig_9:808871-808935 0 -0 +0 NoSolution TandemRepeat 28
fix break: contig_9:810149-810160 809898 -297 +298 BreakFix
# fix break: contig_9:813896-813920 0 -0 +0 NoSolution
# fix break: contig_9:815701-816833 0 -0 +0 NoSolution
# fix break: contig_9:817040-817107 0 -0 +0 NoSolution
# fix break: contig_9:817387-820971 0 -0 +0 NoSolution
# fix break: contig_9:821360-821437 0 -0 +0 NoSolution
# fix break: contig_9:821790-822154 0 -0 +0 NoSolution
# fix break: contig_9:825546-825550 0 -0 +0 NoSolution TandemRepeat 27
fix break: contig_9:827701-827709 827553 -377 +378 BreakFix
# fix break: contig_9:840083-840124 0 -0 +0 NoSolution TandemRepeat 1
# fix break: contig_9:841197-841239 0 -0 +0 NoSolution
# fix break: contig_9:842510-842519 0 -0 +0 NoSolution
# fix break: contig_9:845339-845366 0 -0 +0 NoSolution
fix break: contig_9:845635-845688 845373 -65 +67 BreakFix
# fix break: contig_9:851207 0 -0 +0 NoSolution
# fix break: contig_9:855645-855918 0 -0 +0 NoSolution
# fix break: contig_9:856569-857045 0 -0 +0 NoSolution TandemRepeat 66
# fix break: contig_9:871589-871641 0 -0 +0 NoSolution TandemRepeat 2
fix break: contig_9:872670-873042 872689 -456 +460 BreakFix
# fix break: contig_9:886659-886726 0 -0 +0 NoSolution TandemRepeat 2
# fix break: contig_9:886958-886959 0 -0 +0 NoSolution TandemRepeat 2
# fix break: contig_9:887272 0 -0 +0 NoSolution TandemRepeat 2
fix break: contig_9:888530 888316 -287 +282 BreakFix
# fix break: contig_9:899996 0 -0 +0 NoSolution
# fix break: contig_9:902016-902026 0 -0 +0 NoSolution
# fix break: contig_9:903616-903620 0 -0 +0 NoSolution
# fix break: contig_9:903911-903972 0 -0 +0 NoSolution
fix break: contig_9:904556-904560 904285 -463 +462 BreakFix
fix break: contig_9:904957 904702 -528 +523 BreakFix
fix break: contig_9:905783 905578 -375 +372 BreakFix
# fix break: contig_9:922262-922306 0 -0 +0 NoSolution TandemRepeat 23
# fix break: contig_9:953504-953505 0 -0 +0 NoSolution
# fix break: contig_9:966184-966455 0 -0 +0 NoSolution TandemRepeat 48
fix break: contig_9:967850 967820 -23 +24 BreakFix
# fix break: contig_9:968354-968389 0 -0 +0 NoSolution
# fix break: contig_9:979245-979362 0 -0 +0 NoSolution
# fix break: contig_9:979988-980032 0 -0 +0 NoSolution
# fix break: contig_9:981593-981933 0 -0 +0 NoSolution
fix break: contig_9:983467-983479 983226 -216 +222 BreakFix
# fix break: contig_9:1010007 0 -0 +0 NoSolution
fix break: contig_9:1026850-1026856 1026776 -81 +82 BreakFix
# fix break: contig_9:1030052-1030328 0 -0 +0 NoSolution
# fix break: contig_9:1038194 0 -0 +0 NoSolution
fix break: contig_9:1039335 1039176 -289 +292 BreakFix
# fix break: contig_9:1044606-1044648 0 -0 +0 NoSolution
# fix break: contig_9:1053764-1053786 0 -0 +0 NoSolution
# fix break: contig_9:1062074-1062075 0 -0 +0 NoSolution
# fix break: contig_9:1067376-1067405 0 -0 +0 NoSolution
# fix break: contig_9:1072435-1072510 0 -0 +0 NoSolution
# fix break: contig_9:1074587-1074606 0 -0 +0 NoSolution TandemRepeat 25
# fix break: contig_9:1098486-1098505 0 -0 +0 NoSolution
# fix break: contig_9:1098847-1098917 0 -0 +0 NoSolution
# fix break: contig_9:1103311-1103312 0 -0 +0 NoSolution TandemRepeat 24
# fix break: contig_9:1131951-1131954 0 -0 +0 NoSolution
# fix break: contig_9:1193340-1193342 0 -0 +0 NoSolution
fix break: contig_9:1209060-1209073 1208806 -540 +542 BreakFix
# fix break: contig_9:1209499-1209852 0 -0 +0 NoSolution
# fix break: contig_9:1210235-1210337 0 -0 +0 NoSolution
# fix break: contig_9:1210663-1210676 0 -0 +0 NoSolution
# fix break: contig_9:1211149-1211331 0 -0 +0 NoSolution
fix break: contig_9:1211868-1211869 1211597 -456 +463 BreakFix
fix break: contig_9:1212687-1212950 1212417 -796 +795 BreakFix
# fix break: contig_9:1213282-1213790 0 -0 +0 NoSolution
# fix break: contig_9:1237022-1237231 0 -0 +0 NoSolution TandemRepeat 77
# fix break: contig_9:1240559-1240570 0 -0 +0 NoSolution TandemRepeat 25
# fix break: contig_9:1241410-1241855 0 -0 +0 NoSolution
# fix break: contig_9:1242284-1242599 0 -0 +0 NoSolution
# fix break: contig_9:1243033-1243054 0 -0 +0 NoSolution
# fix break: contig_9:1247568-1247832 0 -0 +0 NoSolution TandemRepeat 22
fix break: contig_9:1257583-1257585 1257474 -111 +113 BreakFix
# fix break: contig_9:1258608-1259053 0 -0 +0 NoSolution
# fix break: contig_9:1259480-1259481 0 -0 +0 NoSolution
# fix break: contig_9:1260524-1260531 0 -0 +0 NoSolution
fix break: contig_9:1267414-1267419 1267278 -304 +306 BreakFix
# fix break: contig_9:1269417-1269442 0 -0 +0 NoSolution
# fix break: contig_9:1269715-1269776 0 -0 +0 NoSolution
fix break: contig_9:1270016-1270025 1269928 -364 +363 BreakFix
# fix break: contig_9:1271151-1271495 0 -0 +0 NoSolution
# fix break: contig_9:1272060-1272069 0 -0 +0 NoSolution
# fix break: contig_9:1272313-1272533 0 -0 +0 NoSolution
# fix break: contig_9:1273870 0 -0 +0 NoSolution
# fix break: contig_9:1274096 0 -0 +0 NoSolution
# fix break: contig_9:1274379-1274388 0 -0 +0 NoSolution
fix break: contig_9:1274909-1274915 1274675 -236 +236 BreakFix
# fix break: contig_9:1275414-1275800 0 -0 +0 NoSolution
# fix break: contig_9:1276050-1280101 0 -0 +0 NoSolution
fix break: contig_9:1280354-1280614 1280249 -628 +623 BreakFix
# fix break: contig_9:1280876-1280881 0 -0 +0 NoSolution
# fix break: contig_9:1281158-1287271 0 -0 +0 NoSolution
# fix break: contig_9:1291896 0 -0 +0 NoSolution
fix break: contig_9:1303013-1303022 1302775 -376 +374 BreakFix
# fix break: contig_9:1304493-1304562 0 -0 +0 NoSolution
# fix break: contig_9:1304917-1305240 0 -0 +0 NoSolution
# fix break: contig_9:1305520-1305580 0 -0 +0 NoSolution
fix break: contig_9:1306083-1306084 1305851 -419 +417 BreakFix
# fix break: contig_9:1306536-1306588 0 -0 +0 NoSolution
# fix break: contig_9:1306929-1307101 0 -0 +0 NoSolution
# fix break: contig_9:1307602-1309146 0 -0 +0 NoSolution
# fix break: contig_9:1309557-1309568 0 -0 +0 NoSolution
# fix break: contig_9:1310133-1310856 0 -0 +0 NoSolution
# fix break: contig_9:1311909-1311925 0 -0 +0 NoSolution
# fix break: contig_9:1312242-1312510 0 -0 +0 NoSolution
# fix break: contig_9:1314765-1315360 0 -0 +0 NoSolution
# fix break: contig_9:1315669-1315734 0 -0 +0 NoSolution
# fix break: contig_9:1316022-1316289 0 -0 +0 NoSolution
# fix break: contig_9:1316797-1316811 0 -0 +0 NoSolution
# fix break: contig_9:1317465-1317691 0 -0 +0 NoSolution
# fix break: contig_9:1318150-1318152 0 -0 +0 NoSolution
# fix break: contig_9:1319672-1319683 0 -0 +0 NoSolution
fix break: contig_9:1320082-1320088 1320039 -164 +163 BreakFix
fix break: contig_9:1320585-1320598 1320410 -400 +401 BreakFix
# fix break: contig_9:1320801-1320813 0 -0 +0 NoSolution
fix break: contig_9:1321481-1321595 1321308 -455 +448 BreakFix
# fix break: contig_9:1322018-1322408 0 -0 +0 NoSolution
fix break: contig_9:1322901-1322977 1322885 -352 +355 BreakFix
# fix break: contig_9:1329202-1329698 0 -0 +0 NoSolution
# fix break: contig_9:1330722-1330761 0 -0 +0 NoSolution
# fix break: contig_9:1349194-1349195 0 -0 +0 NoSolution
# fix break: contig_9:1351170-1351360 0 -0 +0 NoSolution
# fix break: contig_9:1367655-1367673 0 -0 +0 NoSolution
# fix break: contig_9:1377548-1377723 0 -0 +0 NoSolution TandemRepeat 23
# fix break: contig_9:1388385-1388394 0 -0 +0 NoSolution TandemRepeat 12
# fix break: contig_9:1388952-1388994 0 -0 +0 NoSolution TandemRepeat 12
# fix break: contig_9:1389524-1389669 0 -0 +0 NoSolution
# fix break: contig_9:1389909-1389931 0 -0 +0 NoSolution
# fix break: contig_9:1390411-1390490 0 -0 +0 NoSolution TandemRepeat 52
# fix break: contig_9:1393531-1393691 0 -0 +0 NoSolution TandemRepeat 3
# fix break: contig_9:1402141-1402192 0 -0 +0 NoSolution
# fix break: contig_9:1402593 0 -0 +0 NoSolution TandemRepeat 222
# fix break: contig_9:1402804-1402836 0 -0 +0 NoSolution TandemRepeat 222
# fix break: contig_9:1404163-1404231 0 -0 +0 NoSolution
fix break: contig_9:1405219-1405221 1405136 -86 +88 BreakFix
# fix break: contig_9:1406404-1406423 0 -0 +0 NoSolution
# fix break: contig_9:1407646-1407723 0 -0 +0 NoSolution
# fix break: contig_9:1408880-1408900 0 -0 +0 NoSolution
# fix break: contig_9:1410601-1410621 0 -0 +0 NoSolution
fix break: contig_9:1413709-1413711 1413724 -162 +168 BreakFix
# fix break: contig_9:1421075-1421088 0 -0 +0 NoSolution
# fix break: contig_9:1421559-1421594 0 -0 +0 NoSolution
# fix break: contig_9:1421925-1421928 0 -0 +0 NoSolution
# fix break: contig_9:1422809-1422889 0 -0 +0 NoSolution
# fix break: contig_9:1423723-1423783 0 -0 +0 NoSolution
# fix break: contig_9:1424515-1424538 0 -0 +0 NoSolution
# fix break: contig_9:1425175-1425205 0 -0 +0 NoSolution
# fix break: contig_9:1425895-1425927 0 -0 +0 NoSolution
# fix break: contig_9:1426580-1426590 0 -0 +0 NoSolution
# fix break: contig_9:1428444 0 -0 +0 NoSolution
# fix break: contig_9:1428875-1428958 0 -0 +0 NoSolution
# fix break: contig_9:1429531-1429548 0 -0 +0 NoSolution
# fix break: contig_9:1430194-1430221 0 -0 +0 NoSolution TandemRepeat 222
# fix break: contig_9:1434461-1434467 0 -0 +0 NoSolution
fix break: contig_9:1436766 1436688 -195 +191 BreakFix
# fix break: contig_9:1437592-1437600 0 -0 +0 NoSolution
# fix break: contig_9:1438578 0 -0 +0 NoSolution
# fix break: contig_9:1438965-1438993 0 -0 +0 NoSolution
# fix break: contig_9:1441473-1441657 0 -0 +0 NoSolution
fix break: contig_9:1441968-1441983 1441818 -117 +119 BreakFix
fix break: contig_9:1447272-1447279 1447086 -185 +187 BreakFix
# fix break: contig_9:1491881-1491918 0 -0 +0 NoSolution
# fix break: contig_9:1492692-1492701 0 -0 +0 NoSolution
# fix break: contig_9:1496816-1496821 0 -0 +0 NoSolution TandemRepeat 31
# fix break: contig_9:1497296-1497416 0 -0 +0 NoSolution
# fix break: contig_9:1497747-1497765 0 -0 +0 NoSolution
# fix break: contig_9:1500172 0 -0 +0 NoSolution
# fix break: contig_9:1500648-1500653 0 -0 +0 NoSolution
# fix break: contig_9:1506484-1506491 0 -0 +0 NoSolution
fix break: contig_9:1507748 1507747 -74 +75 BreakFix
# fix break: contig_9:1523447-1523492 0 -0 +0 NoSolution TandemRepeat 27
fix break: contig_9:1523700-1523752 1523452 -530 +542 BreakFix
fix break: contig_9:1524345-1524348 1524158 -244 +242 BreakFix
# fix break: contig_9:1524703-1524721 0 -0 +0 NoSolution
# fix break: contig_9:1527192-1527710 0 -0 +0 NoSolution
fix break: contig_9:1528037-1528092 1527838 -271 +279 BreakFix
fix break: contig_9:1528325 1528234 -318 +322 BreakFix
# fix break: contig_9:1528723-1528867 0 -0 +0 NoSolution
# fix break: contig_9:1529740 0 -0 +0 NoSolution
# fix break: contig_9:1530145-1530180 0 -0 +0 NoSolution
# fix break: contig_9:1533371-1533387 0 -0 +0 NoSolution
# fix break: contig_9:1534287 0 -0 +0 NoSolution
# fix break: contig_9:1534755-1534847 0 -0 +0 NoSolution
# fix break: contig_9:1535811-1536087 0 -0 +0 NoSolution
fix break: contig_9:1552025-1552270 1551995 -498 +497 BreakFix
# fix break: contig_9:1553563-1553579 0 -0 +0 NoSolution
# fix break: contig_9:1556332-1556333 0 -0 +0 NoSolution
# fix break: contig_9:1557060-1557283 0 -0 +0 NoSolution
# fix break: contig_9:1558254-1558839 0 -0 +0 NoSolution
# fix break: contig_9:1560990-1561144 0 -0 +0 NoSolution TandemRepeat 62
# fix break: contig_9:1561414-1561717 0 -0 +0 NoSolution
fix break: contig_9:1562516-1562559 1562338 -493 +489 BreakFix
# fix break: contig_9:1579844 0 -0 +0 NoSolution TandemRepeat 54
# fix break: contig_9:1588287-1588300 0 -0 +0 NoSolution
fix break: contig_9:1591038-1591047 1590907 -207 +208 BreakFix
# fix break: contig_9:1591686-1591880 0 -0 +0 NoSolution
# fix break: contig_9:1597681-1597766 0 -0 +0 NoSolution TandemRepeat 20
# fix break: contig_9:1598558 0 -0 +0 NoSolution TandemRepeat 20
# fix break: contig_9:1600595 0 -0 +0 NoSolution
fix break: contig_9:1611652-1611657 1611482 -414 +421 BreakFix
fix break: contig_9:1613321-1613363 1613072 -269 +271 BreakFix
fix break: contig_9:1613932-1613960 1613938 -134 +136 BreakFix
# fix break: contig_9:1614531-1614681 0 -0 +0 NoSolution
fix break: contig_9:1618035-1618046 1617799 -244 +246 BreakFix
# fix break: contig_9:1618632-1618639 0 -0 +0 NoSolution
fix break: contig_9:1621356-1621374 1621253 -394 +393 BreakFix
# fix break: contig_9:1640465-1640512 0 -0 +0 NoSolution TandemRepeat 2
# fix break: contig_9:1648823-1648972 0 -0 +0 NoSolution
fix break: contig_9:1658138-1658145 1657878 -201 +201 BreakFix
# fix break: contig_9:1660762-1660898 0 -0 +0 NoSolution
fix break: contig_9:1661244-1661442 1660990 -711 +714 BreakFix
# fix break: contig_9:1662468 0 -0 +0 NoSolution
# fix break: contig_9:1663141-1663322 0 -0 +0 NoSolution TandemRepeat 2
# fix break: contig_9:1665023-1665099 0 -0 +0 NoSolution
# fix break: contig_9:1666407 0 -0 +0 NoSolution
fix break: contig_9:1670069 1669955 -142 +144 BreakFix
# fix break: contig_9:1672564 0 -0 +0 NoSolution
fix break: contig_9:1678599-1678665 1678346 -382 +388 BreakFix
fix break: contig_9:1692475 1692278 -336 +335 BreakFix
# fix break: contig_9:1701826-1701832 0 -0 +0 NoSolution
# fix break: contig_9:1703247-1703251 0 -0 +0 NoSolution
# fix break: contig_9:1704668-1704896 0 -0 +0 NoSolution
# fix break: contig_9:1705418-1705452 0 -0 +0 NoSolution
fix break: contig_9:1705768-1705999 1705619 -603 +607 BreakFix
# fix break: contig_9:1706915-1706938 0 -0 +0 NoSolution
# fix break: contig_9:1707807-1707809 0 -0 +0 NoSolution
# fix break: contig_9:1708303-1708307 0 -0 +0 NoSolution
fix break: contig_9:1712947-1712964 1712950 -286 +288 BreakFix
# fix break: contig_9:1714431-1714433 0 -0 +0 NoSolution
fix break: contig_9:1714871-1714964 1714870 -271 +262 BreakFix
# fix break: contig_9:1715428-1715601 0 -0 +0 NoSolution
# fix break: contig_9:1716295-1717199 0 -0 +0 NoSolution TandemRepeat 60
# fix break: contig_9:1717737-1718212 0 -0 +0 NoSolution
fix break: contig_9:1718926-1719189 1719055 -381 +375 BreakFix
# fix break: contig_9:1719735-1719749 0 -0 +0 NoSolution
# fix break: contig_9:1720029-1720050 0 -0 +0 NoSolution
# fix break: contig_9:1720308-1720310 0 -0 +0 NoSolution
# fix break: contig_9:1720966-1720968 0 -0 +0 NoSolution
# fix break: contig_9:1740659-1740769 0 -0 +0 NoSolution TandemRepeat 9
# fix break: contig_9:1743003-1743039 0 -0 +0 NoSolution
fix break: contig_9:1744754-1744974 1744599 -604 +614 BreakFix
# fix break: contig_9:1747769-1748078 0 -0 +0 NoSolution TandemRepeat 60
fix break: contig_9:1754854-1755348 1755010 -132 +135 BreakFix
# fix break: contig_9:1760196-1760223 0 -0 +0 NoSolution TandemRepeat 14
# fix break: contig_9:1761819-1761836 0 -0 +0 NoSolution
# fix break: contig_9:1770813-1770923 0 -0 +0 NoSolution TandemRepeat 46
# fix break: contig_9:1771888-1772084 0 -0 +0 NoSolution
fix break: contig_9:1773139-1773155 1772931 -341 +338 BreakFix
# fix break: contig_9:1790629-1790633 0 -0 +0 NoSolution
fix break: contig_9:1800215-1800242 1799996 -450 +462 BreakFix
# fix break: contig_9:1824296-1824430 0 -0 +0 NoSolution
fix break: contig_9:1844694 1844530 -402 +402 BreakFix
# fix break: contig_9:1852360-1852368 0 -0 +0 NoSolution
# fix break: contig_9:1860212 0 -0 +0 NoSolution
# fix break: contig_9:1862356-1862445 0 -0 +0 NoSolution TandemRepeat 2
fix break: contig_9:1863499 1863500 -45 +44 BreakFix
fix break: contig_9:1865956-1866147 1865824 -323 +321 BreakFix
fix break: contig_9:1866861 1866859 -269 +268 BreakFix
# fix break: contig_9:1868309 0 -0 +0 NoSolution
# fix break: contig_9:1898372-1898381 0 -0 +0 NoSolution TandemRepeat 41
# fix break: contig_9:1901761-1901775 0 -0 +0 NoSolution
# fix break: contig_9:1902048-1902092 0 -0 +0 NoSolution
# fix break: contig_9:1917929-1918000 0 -0 +0 NoSolution
fix break: contig_9:1918211-1918232 1917948 -530 +530 BreakFix
# fix break: contig_9:1922625-1922828 0 -0 +0 NoSolution
# fix break: contig_9:1925863-1925883 0 -0 +0 NoSolution
# fix break: contig_9:1930473-1930658 0 -0 +0 NoSolution
# fix break: contig_9:1931087 0 -0 +0 NoSolution
# fix break: contig_9:1931476-1931621 0 -0 +0 NoSolution
# fix break: contig_9:1931905-1931954 0 -0 +0 NoSolution
# fix break: contig_9:1934950-1934955 0 -0 +0 NoSolution
# fix break: contig_9:1935843-1935884 0 -0 +0 NoSolution
# fix break: contig_9:1936240-1936689 0 -0 +0 NoSolution TandemRepeat 1
# fix break: contig_9:1936992-1937014 0 -0 +0 NoSolution TandemRepeat 1
# fix break: contig_9:1941198-1941236 0 -0 +0 NoSolution
# fix break: contig_9:1944273-1944274 0 -0 +0 NoSolution TandemRepeat 84
# fix break: contig_9:1944889-1944890 0 -0 +0 NoSolution TandemRepeat 21
fix break: contig_9:1956740-1956756 1956776 -245 +248 BreakFix
# fix break: contig_9:1957244-1957356 0 -0 +0 NoSolution
# fix break: contig_9:1958628-1958769 0 -0 +0 NoSolution
# fix break: contig_9:1976444-1976493 0 -0 +0 NoSolution
# fix break: contig_9:1978767-1978837 0 -0 +0 NoSolution
# fix break: contig_9:1986708-1986897 0 -0 +0 NoSolution
fix break: contig_9:1989346 1989113 -386 +386 BreakFix
# fix break: contig_9:1990439 0 -0 +0 NoSolution
# fix break: contig_9:1990750 0 -0 +0 NoSolution
# fix break: contig_9:1992824 0 -0 +0 NoSolution
fix break: contig_9:1997647-1997657 1997652 -23 +24 BreakFix
# fix break: contig_9:2001715-2002937 0 -0 +0 NoSolution
# fix break: contig_9:2003210-2003294 0 -0 +0 NoSolution
# fix break: contig_9:2003602-2004147 0 -0 +0 NoSolution
# fix break: contig_9:2008116-2008122 0 -0 +0 NoSolution
fix break: contig_9:2013049-2013136 2012972 -398 +402 BreakFix
# fix break: contig_9:2018522-2018580 0 -0 +0 NoSolution TandemRepeat 14
# fix break: contig_9:2026776-2026777 0 -0 +0 NoSolution
# fix break: contig_9:2027004-2027010 0 -0 +0 NoSolution
# fix break: contig_9:2027265-2027505 0 -0 +0 NoSolution
# fix break: contig_9:2038074-2038334 0 -0 +0 NoSolution
fix break: contig_9:2038549-2038581 2038302 -525 +521 BreakFix
# fix break: contig_9:2039103-2039278 0 -0 +0 NoSolution
# fix break: contig_9:2039645-2039659 0 -0 +0 NoSolution
fix break: contig_9:2040755-2040765 2040659 -306 +302 BreakFix
fix break: contig_9:2041656-2041747 2041573 -419 +419 BreakFix
fix break: contig_9:2042838-2043003 2042667 -237 +235 BreakFix
# fix break: contig_9:2044300-2044308 0 -0 +0 NoSolution
# fix break: contig_9:2073397 0 -0 +0 NoSolution
# fix break: contig_9:2079467-2079684 0 -0 +0 NoSolution
# fix break: contig_9:2080163-2080210 0 -0 +0 NoSolution
# fix break: contig_9:2082603-2082891 0 -0 +0 NoSolution TandemRepeat 41
# fix break: contig_9:2088818-2088856 0 -0 +0 NoSolution
# fix break: contig_9:2089341-2089413 0 -0 +0 NoSolution
# fix break: contig_9:2090075-2090119 0 -0 +0 NoSolution TandemRepeat 1
# fix break: contig_9:2095379-2095473 0 -0 +0 NoSolution
# fix break: contig_9:2096596-2096601 0 -0 +0 NoSolution TandemRepeat 78
# fix break: contig_9:2101831-2101880 0 -0 +0 NoSolution
# fix break: contig_9:2103628 0 -0 +0 NoSolution
fix break: contig_9:2105061-2105080 2104834 -460 +458 BreakFix
fix break: contig_9:2105294 2105041 -253 +250 BreakFix
# fix break: contig_9:2105822-2105827 0 -0 +0 NoSolution
# fix break: contig_9:2106945-2106957 0 -0 +0 NoSolution
# fix break: contig_9:2109606-2109953 0 -0 +0 NoSolution
# fix break: contig_9:2110973-2111216 0 -0 +0 NoSolution
fix break: contig_9:2112117-2112137 2112117 -136 +142 BreakFix
fix break: contig_9:2112702-2112876 2112476 -217 +218 BreakFix
# fix break: contig_9:2114833-2114862 0 -0 +0 NoSolution
fix break: contig_9:2117849-2117966 2117703 -529 +544 BreakFix
# fix break: contig_9:2118342-2118352 0 -0 +0 NoSolution
# fix break: contig_9:2119298-2119302 0 -0 +0 NoSolution
# fix break: contig_9:2119591-2119601 0 -0 +0 NoSolution
fix break: contig_9:2120491-2120504 2120319 -334 +334 BreakFix
fix break: contig_9:2121025-2121256 2120771 -545 +551 BreakFix
# fix break: contig_9:2127316-2127338 0 -0 +0 NoSolution
fix break: contig_9:2127587-2127596 2127408 -364 +373 BreakFix
# fix break: contig_9:2130414-2130417 0 -0 +0 NoSolution
fix break: contig_9:2131065 2130836 -214 +214 BreakFix
# fix break: contig_9:2133079-2133095 0 -0 +0 NoSolution
fix break: contig_9:2137440-2137447 2137366 -33 +36 BreakFix
# fix break: contig_9:2137915-2138000 0 -0 +0 NoSolution
# fix break: contig_9:2151477-2151497 0 -0 +0 NoSolution
# fix break: contig_9:2151919-2152194 0 -0 +0 NoSolution
# fix break: contig_9:2153781-2153787 0 -0 +0 NoSolution
# fix break: contig_9:2156548-2156638 0 -0 +0 NoSolution
fix break: contig_9:2163795 2163524 -272 +273 BreakFix
fix break: contig_9:2164353 2164127 -275 +273 BreakFix
# fix break: contig_9:2167509 0 -0 +0 NoSolution
# fix break: contig_9:2182582-2182623 0 -0 +0 NoSolution TandemRepeat 2
# fix break: contig_9:2205757-2205776 0 -0 +0 NoSolution
# fix break: contig_9:2215631-2215789 0 -0 +0 NoSolution
fix break: contig_9:2216537-2216662 2216290 -369 +373 BreakFix
# fix break: contig_9:2234603-2234683 0 -0 +0 NoSolution
# fix break: contig_9:2235404-2235417 0 -0 +0 NoSolution
# fix break: contig_9:2240504-2240840 0 -0 +0 NoSolution
fix break: contig_9:2241045-2241058 2240835 -424 +423 BreakFix
fix break: contig_9:2241628-2241634 2241437 -406 +399 BreakFix
# fix break: contig_9:2242090 0 -0 +0 NoSolution
# fix break: contig_9:2242296 0 -0 +0 NoSolution
# fix break: contig_9:2243378-2243391 0 -0 +0 NoSolution
fix break: contig_9:2243992-2244017 2243744 -448 +452 BreakFix
# fix break: contig_9:2244478-2244792 0 -0 +0 NoSolution
fix break: contig_9:2245450-2245983 2245203 -568 +565 BreakFix
# fix break: contig_9:2249299-2249347 0 -0 +0 NoSolution TandemRepeat 14
fix break: contig_9:2253385-2253388 2253198 -454 +457 BreakFix
fix break: contig_9:2253901-2253902 2253657 -396 +396 BreakFix
fix break: contig_9:2254420 2254404 -17 +15 BreakFix
# fix break: contig_9:2263017-2263027 0 -0 +0 NoSolution TandemRepeat 25
fix break: contig_9:2295741-2295939 2295472 -458 +460 BreakFix
fix break: contig_9:2296193-2296431 2295934 -735 +738 BreakFix
# fix break: contig_9:2300351-2300987 0 -0 +0 NoSolution
# fix break: contig_9:2305182-2305184 0 -0 +0 NoSolution
# fix break: contig_9:2306399-2306414 0 -0 +0 NoSolution
# fix break: contig_9:2307561-2307912 0 -0 +0 NoSolution
# fix break: contig_9:2319575-2319581 0 -0 +0 NoSolution
# fix break: contig_9:2341540-2341661 0 -0 +0 NoSolution
# fix break: contig_9:2342155-2342184 0 -0 +0 NoSolution
# fix break: contig_9:2343534-2343546 0 -0 +0 NoSolution
# fix break: contig_9:2343771-2343800 0 -0 +0 NoSolution
# fix break: contig_9:2344365-2344574 0 -0 +0 NoSolution
# fix break: contig_9:2345118-2346705 0 -0 +0 NoSolution
# fix break: contig_9:2348212 0 -0 +0 NoSolution
# fix break: contig_9:2358848-2358876 0 -0 +0 NoSolution
# fix break: contig_9:2360043-2360066 0 -0 +0 NoSolution TandemRepeat 25
# fix break: contig_9:2361044-2361047 0 -0 +0 NoSolution
# fix break: contig_9:2361752-2362051 0 -0 +0 NoSolution TandemRepeat 8
# fix break: contig_9:2363176-2363183 0 -0 +0 NoSolution
# fix break: contig_9:2363430-2363432 0 -0 +0 NoSolution
fix break: contig_9:2366211 2365995 -461 +459 BreakFix
# fix break: contig_9:2379424-2379489 0 -0 +0 NoSolution
# fix break: contig_9:2380766-2380956 0 -0 +0 NoSolution
fix break: contig_9:2388682-2388684 2388667 -216 +219 BreakFix
# fix break: contig_9:2396757-2396836 0 -0 +0 NoSolution TandemRepeat 1
# fix break: contig_9:2398433 0 -0 +0 NoSolution
# fix break: contig_9:2411382-2411389 0 -0 +0 NoSolution
# fix break: contig_9:2411603 0 -0 +0 NoSolution
# fix break: contig_9:2412694-2412871 0 -0 +0 NoSolution
# fix break: contig_9:2425658-2427103 0 -0 +0 NoSolution
fix break: contig_9:2427776-2427928 2427733 -400 +408 BreakFix
# fix break: contig_9:2428252-2428275 0 -0 +0 NoSolution
# fix break: contig_9:2428969-2428971 0 -0 +0 NoSolution
# fix break: contig_9:2429236-2429268 0 -0 +0 NoSolution
fix break: contig_9:2429700-2429709 2429602 -377 +376 BreakFix
fix break: contig_9:2430303-2430313 2430038 -484 +476 BreakFix
fix break: contig_9:2431131-2431149 2430869 -278 +277 BreakFix
# fix break: contig_9:2432353-2432557 0 -0 +0 NoSolution
# fix break: contig_9:2441597-2441601 0 -0 +0 NoSolution
fix break: contig_9:2442000-2442006 2441764 -485 +491 BreakFix
# fix break: contig_9:2442767-2442774 0 -0 +0 NoSolution
# fix break: contig_9:2443942-2443948 0 -0 +0 NoSolution
fix break: contig_9:2444887-2444900 2444722 -11 +12 BreakFix
fix break: contig_9:2447303-2447395 2447135 -533 +545 BreakFix
fix break: contig_9:2449334-2449401 2449469 -179 +179 BreakFix
# fix break: contig_9:2449978-2449979 0 -0 +0 NoSolution
# fix break: contig_9:2450393-2450431 0 -0 +0 NoSolution
# fix break: contig_9:2450956-2450958 0 -0 +0 NoSolution
# fix break: contig_9:2451590-2451968 0 -0 +0 NoSolution
# fix break: contig_9:2452881-2453153 0 -0 +0 NoSolution
# fix break: contig_9:2462246-2463314 0 -0 +0 NoSolution
# fix break: contig_9:2476275-2476329 0 -0 +0 NoSolution
# fix break: contig_9:2477390 0 -0 +0 NoSolution
# fix break: contig_9:2488447-2488451 0 -0 +0 NoSolution
fix break: contig_9:2489937 2489678 -294 +294 BreakFix
# fix break: contig_9:2497180-2497192 0 -0 +0 NoSolution
fix break: contig_9:2511222-2511236 2511104 -176 +181 BreakFix
# fix break: contig_9:2527666-2527668 0 -0 +0 NoSolution
fix break: contig_9:2528829-2528833 2528651 -143 +142 BreakFix
fix break: contig_9:2534205-2534439 2533932 -615 +619 BreakFix
# fix break: contig_9:2544726-2544929 0 -0 +0 NoSolution
# fix break: contig_9:2549603-2549616 0 -0 +0 NoSolution
fix break: contig_9:2560888-2560896 2560629 -457 +461 BreakFix
# fix break: contig_9:2563210-2563427 0 -0 +0 NoSolution TandemRepeat 31
# fix break: contig_9:2580577-2580579 0 -0 +0 NoSolution
# fix break: contig_9:2580841-2580849 0 -0 +0 NoSolution
# fix break: contig_9:2581796-2581798 0 -0 +0 NoSolution
# fix break: contig_9:2582087-2582169 0 -0 +0 NoSolution
# fix break: contig_9:2585775-2585846 0 -0 +0 NoSolution
# fix break: contig_9:2590537 0 -0 +0 NoSolution
# fix break: contig_9:2596186-2596294 0 -0 +0 NoSolution
fix break: contig_9:2601947-2602067 2601814 -486 +489 BreakFix
fix break: contig_9:2611438-2611518 2611438 -72 +76 BreakFix
fix break: contig_9:2617099-2617109 2616871 -328 +329 BreakFix
# fix break: contig_9:2618370-2618570 0 -0 +0 NoSolution
# fix break: contig_9:2628153 0 -0 +0 NoSolution
# fix break: contig_9:2628640-2628651 0 -0 +0 NoSolution
# fix break: contig_9:2637138-2637197 0 -0 +0 NoSolution TandemRepeat 28
# fix break: contig_9:2645886-2645951 0 -0 +0 NoSolution
# fix break: contig_9:2646730-2646752 0 -0 +0 NoSolution
# fix break: contig_9:2649857-2650133 0 -0 +0 NoSolution
# fix break: contig_9:2651244-2651248 0 -0 +0 NoSolution
# fix break: contig_9:2652519 0 -0 +0 NoSolution TandemRepeat 14
# fix break: contig_9:2659578-2659591 0 -0 +0 NoSolution
# fix break: contig_9:2660911-2660927 0 -0 +0 NoSolution TandemRepeat 58
# fix break: contig_9:2664319-2664439 0 -0 +0 NoSolution
# fix break: contig_9:2680966-2681014 0 -0 +0 NoSolution
# fix break: contig_9:2682236-2682244 0 -0 +0 NoSolution
# fix break: contig_9:2682798-2683003 0 -0 +0 NoSolution
fix break: contig_9:2683777-2683822 2683521 -504 +509 BreakFix
fix break: contig_9:2684224-2684598 2683991 -791 +965 BreakFix
fix break: contig_9:2685573-2685590 2685312 -543 +548 BreakFix
# fix break: contig_9:2693466-2693505 0 -0 +0 NoSolution
# fix break: contig_9:2701916-2702060 0 -0 +0 NoSolution
# fix break: contig_9:2703911-2703942 0 -0 +0 NoSolution
# fix break: contig_9:2706298-2706309 0 -0 +0 NoSolution
# fix break: contig_9:2707665-2707718 0 -0 +0 NoSolution
fix break: contig_9:2727443-2727445 2727401 -45 +50 BreakFix
# fix break: contig_9:2750571-2750668 0 -0 +0 NoSolution
# fix break: contig_9:2752981-2753000 0 -0 +0 NoSolution
# fix break: contig_9:2762704 0 -0 +0 NoSolution
fix break: contig_9:2766943-2766946 2766914 -272 +273 BreakFix
# fix break: contig_9:2767183 0 -0 +0 NoSolution
fix break: contig_9:2768747 2768569 -193 +195 BreakFix
fix break: contig_9:2771000 2770834 -423 +427 BreakFix
# fix break: contig_9:2777699-2777763 0 -0 +0 NoSolution TandemRepeat 2
fix break: contig_9:2792840 2792585 -352 +354 BreakFix
# fix break: contig_9:2793596-2793699 0 -0 +0 NoSolution
# fix break: contig_9:2794681-2794697 0 -0 +0 NoSolution
fix break: contig_9:2796298-2796461 2796069 -651 +655 BreakFix
# fix break: contig_9:2797435-2801742 0 -0 +0 NoSolution
# fix break: contig_9:2802026-2802631 0 -0 +0 NoSolution
# fix break: contig_9:2802860-2803952 0 -0 +0 NoSolution
# fix break: contig_9:2804305-2806112 0 -0 +0 NoSolution
fix break: contig_9:2807076-2807204 2806867 -337 +334 BreakFix
fix break: contig_9:2807558-2807665 2807517 -148 +147 BreakFix
# fix break: contig_9:2808666-2808669 0 -0 +0 NoSolution
# fix break: contig_9:2808893-2808900 0 -0 +0 NoSolution
# fix break: contig_9:2813562-2814265 0 -0 +0 NoSolution
# fix break: contig_9:2814502-2815959 0 -0 +0 NoSolution
# fix break: contig_9:2816554-2819207 0 -0 +0 NoSolution
# fix break: contig_9:2819428-2820875 0 -0 +0 NoSolution
# fix break: contig_9:2821077-2821160 0 -0 +0 NoSolution
# fix break: contig_9:2821450-2825029 0 -0 +0 NoSolution
# fix break: contig_9:2829815-2829822 0 -0 +0 NoSolution
# fix break: contig_9:2833412-2833620 0 -0 +0 NoSolution
fix break: contig_9:2851311-2851320 2851134 -180 +183 BreakFix
fix break: contig_9:2852070-2852986 2852070 -989 +1000 BreakFix
# fix break: contig_9:2853205-2854368 0 -0 +0 NoSolution
# fix break: contig_9:2854747-2854981 0 -0 +0 NoSolution
# fix break: contig_9:2855335-2855363 0 -0 +0 NoSolution
# fix break: contig_9:2856453-2856524 0 -0 +0 NoSolution
# fix break: contig_9:2856775-2857010 0 -0 +0 NoSolution
# fix break: contig_9:2857803-2857945 0 -0 +0 NoSolution
# fix break: contig_9:2858994-2858998 0 -0 +0 NoSolution
# fix break: contig_9:2859278-2859280 0 -0 +0 NoSolution
# fix break: contig_9:2860751-2860939 0 -0 +0 NoSolution
fix break: contig_9:2861802-2861827 2861534 -350 +352 BreakFix
# fix break: contig_9:2862180-2862244 0 -0 +0 NoSolution
# fix break: contig_9:2863764-2863829 0 -0 +0 NoSolution
# fix break: contig_9:2864589-2864740 0 -0 +0 NoSolution
# fix break: contig_9:2865053 0 -0 +0 NoSolution
# fix break: contig_9:2866302-2866661 0 -0 +0 NoSolution
# fix break: contig_9:2867143-2870253 0 -0 +0 NoSolution
# fix break: contig_9:2870458-2874258 0 -0 +0 NoSolution
# fix break: contig_9:2874497-2874692 0 -0 +0 NoSolution
# fix break: contig_9:2875048-2875052 0 -0 +0 NoSolution
# fix break: contig_9:2875431-2878244 0 -0 +0 NoSolution
# fix break: contig_9:2878893-2879084 0 -0 +0 NoSolution
# fix break: contig_9:2879403-2880233 0 -0 +0 NoSolution
fix break: contig_9:2881774-2881781 2881730 -160 +160 BreakFix
fix break: contig_9:2882824-2882872 2882577 -451 +454 BreakFix
# fix break: contig_9:2885270-2885304 0 -0 +0 NoSolution
# fix break: contig_9:2885853-2886314 0 -0 +0 NoSolution
# fix break: contig_9:2886588-2886589 0 -0 +0 NoSolution
# fix break: contig_9:2887441-2888108 0 -0 +0 NoSolution
# fix break: contig_9:2888700-2889374 0 -0 +0 NoSolution
# fix break: contig_9:2890354-2890697 0 -0 +0 NoSolution
fix break: contig_9:2890918-2890932 2890707 -480 +481 BreakFix
fix break: contig_9:2891141-2892031 2890870 -1292 +1298 BreakFix
fix break: contig_9:2892505-2892522 2892342 -238 +241 BreakFix
# fix break: contig_9:2893461-2893696 0 -0 +0 NoSolution
fix break: contig_9:2893987-2894147 2893745 -616 +618 BreakFix
# fix break: contig_9:2894416-2894422 0 -0 +0 NoSolution
fix break: contig_9:2895130-2895516 2895129 -632 +634 BreakFix
# fix break: contig_9:2895734-2895747 0 -0 +0 NoSolution
# fix break: contig_9:2896420-2896718 0 -0 +0 NoSolution
# fix break: contig_9:2897587 0 -0 +0 NoSolution
# fix break: contig_9:2897858-2898192 0 -0 +0 NoSolution
# fix break: contig_9:2898451-2898584 0 -0 +0 NoSolution
fix break: contig_9:2899662-2899671 2899399 -417 +419 BreakFix
fix break: contig_9:2900086-2900090 2899816 -531 +531 BreakFix
fix break: contig_9:2900610-2900629 2900346 -542 +544 BreakFix
# fix break: contig_9:2900856-2901153 0 -0 +0 NoSolution
# fix break: contig_9:2901699 0 -0 +0 NoSolution
fix break: contig_9:2904386-2904560 2904154 -536 +540 BreakFix
# fix break: contig_9:2905392-2905437 0 -0 +0 NoSolution
fix break: contig_9:2906936-2906956 2906774 -420 +421 BreakFix
fix break: contig_9:2907634-2907642 2907462 -181 +182 BreakFix
fix break: contig_9:2908088-2908825 2908273 -816 +813 BreakFix
# fix break: contig_9:2909272-2909273 0 -0 +0 NoSolution
# fix break: contig_9:2909679-2909786 0 -0 +0 NoSolution
# fix break: contig_9:2911617-2911679 0 -0 +0 NoSolution
# fix break: contig_9:2913569-2913578 0 -0 +0 NoSolution
fix break: contig_9:2914127-2914139 2913894 -239 +241 BreakFix
# fix break: contig_9:2914832-2914843 0 -0 +0 NoSolution
# fix break: contig_9:2915089-2915107 0 -0 +0 NoSolution
fix break: contig_9:2915965-2916200 2915944 -510 +510 BreakFix
# fix break: contig_9:2916483-2916680 0 -0 +0 NoSolution
# fix break: contig_9:2916904-2916906 0 -0 +0 NoSolution
fix break: contig_9:2917142-2917146 2916870 -169 +172 BreakFix
# fix break: contig_9:2918184-2918186 0 -0 +0 NoSolution
contig_9:1-2922085 log:
Finished processing contig_9:1-2922085
Processing contig_92:1-2296776
frags analyses/03_polishing/pilon_output/chr3_aligned.bam: coverage 312
Total Reads: 5783234, Coverage: 312, minDepth: 31
Confirmed 2190896 of 2296776 bases (95.39%)
Corrected 7253 snps; 52 ambiguous bases; corrected 6201 small insertions totaling 6927 bases, 1973 small deletions totaling 2491 bases
# Attempting to fix local continuity breaks
# fix break: contig_92:8632-9335 0 -0 +0 NoSolution
# fix break: contig_92:9595-11815 0 -0 +0 NoSolution
# fix break: contig_92:12062-14377 0 -0 +0 NoSolution
# fix break: contig_92:14597-16369 0 -0 +0 NoSolution
# fix break: contig_92:16601-17239 0 -0 +0 NoSolution
# fix break: contig_92:17478-23017 0 -0 +0 NoSolution
# fix break: contig_92:23239-26135 0 -0 +0 NoSolution
fix break: contig_92:51707-51714 51490 -395 +393 BreakFix
fix break: contig_92:52099-52116 51878 -239 +239 BreakFix
fix break: contig_92:52888 52684 -360 +359 BreakFix
fix break: contig_92:53556 53382 -443 +437 BreakFix
# fix break: contig_92:53797-54313 0 -0 +0 NoSolution
# fix break: contig_92:54639-54851 0 -0 +0 NoSolution
# fix break: contig_92:67412-67430 0 -0 +0 NoSolution TandemRepeat 30
fix break: contig_92:69883-70216 69691 -188 +191 BreakFix
# fix break: contig_92:76792-76796 0 -0 +0 NoSolution
# fix break: contig_92:77087 0 -0 +0 NoSolution
fix break: contig_92:82404-82457 82173 -304 +224 BreakFix
# fix break: contig_92:112185-112213 0 -0 +0 NoSolution TandemRepeat 21
# fix break: contig_92:114426-115943 0 -0 +0 NoSolution
# fix break: contig_92:116373-124584 0 -0 +0 NoSolution TandemRepeat 404
# fix break: contig_92:131186-131198 0 -0 +0 NoSolution
# fix break: contig_92:132884-132914 0 -0 +0 NoSolution
# fix break: contig_92:133126-133734 0 -0 +0 NoSolution
# fix break: contig_92:134373-136973 0 -0 +0 NoSolution
# fix break: contig_92:137177-137879 0 -0 +0 NoSolution
# fix break: contig_92:138168-138678 0 -0 +0 NoSolution
# fix break: contig_92:138909-141950 0 -0 +0 NoSolution TandemRepeat 404
# fix break: contig_92:142225-142240 0 -0 +0 NoSolution TandemRepeat 404
# fix break: contig_92:142627 0 -0 +0 NoSolution
# fix break: contig_92:142834 0 -0 +0 NoSolution
# fix break: contig_92:143402 0 -0 +0 NoSolution
fix break: contig_92:158628-158633 158366 -480 +478 BreakFix
# fix break: contig_92:159211 0 -0 +0 NoSolution
# fix break: contig_92:159492 0 -0 +0 NoSolution
# fix break: contig_92:159901-160036 0 -0 +0 NoSolution
# fix break: contig_92:162586-162620 0 -0 +0 NoSolution
# fix break: contig_92:164166-164549 0 -0 +0 NoSolution
fix break: contig_92:164859-164875 164630 -483 +486 BreakFix
fix break: contig_92:165079-165088 164859 -366 +370 BreakFix
# fix break: contig_92:165846-165879 0 -0 +0 NoSolution
# fix break: contig_92:170751-170772 0 -0 +0 NoSolution
# fix break: contig_92:172561-172567 0 -0 +0 NoSolution TandemRepeat 54
# fix break: contig_92:189969-190005 0 -0 +0 NoSolution TandemRepeat 58
# fix break: contig_92:197031-197120 0 -0 +0 NoSolution
# fix break: contig_92:209787-209867 0 -0 +0 NoSolution
fix break: contig_92:211366 211170 -416 +409 BreakFix
# fix break: contig_92:212106-212359 0 -0 +0 NoSolution
# fix break: contig_92:212802-212808 0 -0 +0 NoSolution
# fix break: contig_92:213291-213622 0 -0 +0 NoSolution
fix break: contig_92:214527-214768 214326 -665 +666 BreakFix
fix break: contig_92:215426-218686 215328 -3596 +385 BreakFix
# fix break: contig_92:219052-226595 0 -0 +0 NoSolution
# fix break: contig_92:227359-227518 0 -0 +0 NoSolution
# fix break: contig_92:227885-229042 0 -0 +0 NoSolution
# fix break: contig_92:229279-233698 0 -0 +0 NoSolution
fix break: contig_92:233930-233940 233684 -522 +520 BreakFix
# fix break: contig_92:234302-234448 0 -0 +0 NoSolution
# fix break: contig_92:235202-235220 0 -0 +0 NoSolution
# fix break: contig_92:235725-235984 0 -0 +0 NoSolution
# fix break: contig_92:236256-236869 0 -0 +0 NoSolution
# fix break: contig_92:237342-237396 0 -0 +0 NoSolution
# fix break: contig_92:253104-253218 0 -0 +0 NoSolution
# fix break: contig_92:256435-256436 0 -0 +0 NoSolution
# fix break: contig_92:256785-256789 0 -0 +0 NoSolution
fix break: contig_92:258497-258808 258280 -749 +746 BreakFix
# fix break: contig_92:260500-260512 0 -0 +0 NoSolution
# fix break: contig_92:260807-261004 0 -0 +0 NoSolution
# fix break: contig_92:261258-261259 0 -0 +0 NoSolution
fix break: contig_92:261849-261884 261583 -564 +568 BreakFix
# fix break: contig_92:264120-264262 0 -0 +0 NoSolution TandemRepeat 20
fix break: contig_92:271390 271205 -448 +448 BreakFix
fix break: contig_92:271983-271999 271774 -411 +414 BreakFix
fix break: contig_92:276717 276674 -247 +251 BreakFix
# fix break: contig_92:319154-319160 0 -0 +0 NoSolution
# fix break: contig_92:342114-342120 0 -0 +0 NoSolution
# fix break: contig_92:343026 0 -0 +0 NoSolution
fix break: contig_92:343371-343397 343285 -319 +320 BreakFix
fix break: contig_92:345303 345054 -302 +301 BreakFix
fix break: contig_92:350520 350385 -230 +231 BreakFix
fix break: contig_92:351964 351843 -366 +370 BreakFix
fix break: contig_92:354873-355054 355039 -174 +176 BreakFix
fix break: contig_92:366742-366758 366749 -277 +284 BreakFix
# fix break: contig_92:374130-375200 0 -0 +0 NoSolution TandemRepeat 21
# fix break: contig_92:375525-375535 0 -0 +0 NoSolution TandemRepeat 21
# fix break: contig_92:376389-376397 0 -0 +0 NoSolution
fix break: contig_92:379627-379634 379496 -397 +398 BreakFix
fix break: contig_92:406804-406810 406731 -244 +248 BreakFix
# fix break: contig_92:411471-411727 0 -0 +0 NoSolution TandemRepeat 2
# fix break: contig_92:415424-415461 0 -0 +0 NoSolution
# fix break: contig_92:422686-422692 0 -0 +0 NoSolution
fix break: contig_92:428672 428418 -257 +258 BreakFix
fix break: contig_92:431782-431793 431857 -163 +165 BreakFix
fix break: contig_92:435910-436052 435836 -69 +71 BreakFix
fix break: contig_92:442251-442263 442011 -459 +458 BreakFix
fix break: contig_92:457800 457537 -296 +295 BreakFix
# fix break: contig_92:459119-459121 0 -0 +0 NoSolution
# fix break: contig_92:460230-460282 0 -0 +0 NoSolution
fix break: contig_92:460821-460912 460645 -531 +546 BreakFix
# fix break: contig_92:461545-461642 0 -0 +0 NoSolution
# fix break: contig_92:462122-462326 0 -0 +0 NoSolution
fix break: contig_92:462656-462669 462413 -516 +521 BreakFix
# fix break: contig_92:463126-463517 0 -0 +0 NoSolution
# fix break: contig_92:463864-465042 0 -0 +0 NoSolution
# fix break: contig_92:465407-465767 0 -0 +0 NoSolution
# fix break: contig_92:466275-466924 0 -0 +0 NoSolution
# fix break: contig_92:467137-467315 0 -0 +0 NoSolution
# fix break: contig_92:467600-468065 0 -0 +0 NoSolution
# fix break: contig_92:468607-468624 0 -0 +0 NoSolution
fix break: contig_92:490036-490147 489765 -574 +590 BreakFix
# fix break: contig_92:490410-490427 0 -0 +0 NoSolution
# fix break: contig_92:519318-519329 0 -0 +0 NoSolution
# fix break: contig_92:520423 0 -0 +0 NoSolution
# fix break: contig_92:520977-520986 0 -0 +0 NoSolution
# fix break: contig_92:521464-521468 0 -0 +0 NoSolution
fix break: contig_92:528696-528705 528672 -118 +120 BreakFix
fix break: contig_92:539485 539266 -469 +467 BreakFix
# fix break: contig_92:552460-553034 0 -0 +0 NoSolution
fix break: contig_92:553649-553717 553653 -330 +331 BreakFix
# fix break: contig_92:554735-554787 0 -0 +0 NoSolution TandemRepeat 1
# fix break: contig_92:558217-558225 0 -0 +0 NoSolution
fix break: contig_92:559363-559365 559148 -432 +430 BreakFix
# fix break: contig_92:560454-560459 0 -0 +0 NoSolution
# fix break: contig_92:560740-560748 0 -0 +0 NoSolution
# fix break: contig_92:561659-561660 0 -0 +0 NoSolution
# fix break: contig_92:561868-561872 0 -0 +0 NoSolution
# fix break: contig_92:562130-562377 0 -0 +0 NoSolution
# fix break: contig_92:564487-564593 0 -0 +0 NoSolution
# fix break: contig_92:580406-580487 0 -0 +0 NoSolution TandemRepeat 2
fix break: contig_92:584138-584211 583937 -180 +183 BreakFix
# fix break: contig_92:585450-585503 0 -0 +0 NoSolution
# fix break: contig_92:596574-596727 0 -0 +0 NoSolution
# fix break: contig_92:597422-597431 0 -0 +0 NoSolution
# fix break: contig_92:598179-598199 0 -0 +0 NoSolution
# fix break: contig_92:598516-599265 0 -0 +0 NoSolution
# fix break: contig_92:599518-599526 0 -0 +0 NoSolution
# fix break: contig_92:599767-600612 0 -0 +0 NoSolution
fix break: contig_92:601027-601312 600819 -756 +756 BreakFix
# fix break: contig_92:601689-601951 0 -0 +0 NoSolution
# fix break: contig_92:602468-603124 0 -0 +0 NoSolution
fix break: contig_92:603556 603445 -378 +379 BreakFix
fix break: contig_92:607766 607673 -328 +326 BreakFix
# fix break: contig_92:613769-613771 0 -0 +0 NoSolution
fix break: contig_92:616999-617006 617007 -211 +216 BreakFix
# fix break: contig_92:638764-638768 0 -0 +0 NoSolution
# fix break: contig_92:647004-647348 0 -0 +0 NoSolution
# fix break: contig_92:661205 0 -0 +0 NoSolution
# fix break: contig_92:663223-663262 0 -0 +0 NoSolution
fix break: contig_92:679322 679322 -258 +256 BreakFix
# fix break: contig_92:681224-681254 0 -0 +0 NoSolution
# fix break: contig_92:682437-682442 0 -0 +0 NoSolution
# fix break: contig_92:684555 0 -0 +0 NoSolution
# fix break: contig_92:724502-724505 0 -0 +0 NoSolution
# fix break: contig_92:725100 0 -0 +0 NoSolution
fix break: contig_92:726306 726083 -279 +281 BreakFix
# fix break: contig_92:732009-732031 0 -0 +0 NoSolution
# fix break: contig_92:732501-732502 0 -0 +0 NoSolution
# fix break: contig_92:733133-733144 0 -0 +0 NoSolution
# fix break: contig_92:733415 0 -0 +0 NoSolution
# fix break: contig_92:734547-734695 0 -0 +0 NoSolution
# fix break: contig_92:735052-735518 0 -0 +0 NoSolution
fix break: contig_92:735931-736081 735736 -454 +446 BreakFix
# fix break: contig_92:736887-736889 0 -0 +0 NoSolution
fix break: contig_92:737599-737608 737339 -537 +537 BreakFix
# fix break: contig_92:738806-738832 0 -0 +0 NoSolution
# fix break: contig_92:739997-740002 0 -0 +0 NoSolution TandemRepeat 87
fix break: contig_92:740549-740729 740386 -294 +291 BreakFix
# fix break: contig_92:751697-751814 0 -0 +0 NoSolution TandemRepeat 29
# fix break: contig_92:755079-755094 0 -0 +0 NoSolution
# fix break: contig_92:755391-755503 0 -0 +0 NoSolution TandemRepeat 56
# fix break: contig_92:756778-756973 0 -0 +0 NoSolution
# fix break: contig_92:757419 0 -0 +0 NoSolution
# fix break: contig_92:759416 0 -0 +0 NoSolution
# fix break: contig_92:762180-762352 0 -0 +0 NoSolution
# fix break: contig_92:780963-781113 0 -0 +0 NoSolution TandemRepeat 25
# fix break: contig_92:783997-784074 0 -0 +0 NoSolution TandemRepeat 56
# fix break: contig_92:788668-788742 0 -0 +0 NoSolution
# fix break: contig_92:789089-789282 0 -0 +0 NoSolution
# fix break: contig_92:789499-789775 0 -0 +0 NoSolution
fix break: contig_92:814283 814160 -311 +318 BreakFix
# fix break: contig_92:827936-828066 0 -0 +0 NoSolution
fix break: contig_92:828413-828555 828197 -506 +485 BreakFix
# fix break: contig_92:841961 0 -0 +0 NoSolution
# fix break: contig_92:849536-849540 0 -0 +0 NoSolution TandemRepeat 26
# fix break: contig_92:850145-850332 0 -0 +0 NoSolution TandemRepeat 12
fix break: contig_92:857902-858394 857731 -834 +855 BreakFix
# fix break: contig_92:858601-858734 0 -0 +0 NoSolution
# fix break: contig_92:859188-859194 0 -0 +0 NoSolution
# fix break: contig_92:860999-861001 0 -0 +0 NoSolution
fix break: contig_92:861216-861223 861077 -341 +344 BreakFix
# fix break: contig_92:862197-862548 0 -0 +0 NoSolution TandemRepeat 34
# fix break: contig_92:872068-872303 0 -0 +0 NoSolution
fix break: contig_92:873209-873304 872961 -381 +383 BreakFix
# fix break: contig_92:878681 0 -0 +0 NoSolution
# fix break: contig_92:881499-881503 0 -0 +0 NoSolution
# fix break: contig_92:884370-884376 0 -0 +0 NoSolution
fix break: contig_92:897988 897872 -285 +286 BreakFix
# fix break: contig_92:899004-899476 0 -0 +0 NoSolution
# fix break: contig_92:900041-900118 0 -0 +0 NoSolution
fix break: contig_92:900498-900669 900409 -476 +477 BreakFix
# fix break: contig_92:901801-902271 0 -0 +0 NoSolution
# fix break: contig_92:902540-902552 0 -0 +0 NoSolution
# fix break: contig_92:903607 0 -0 +0 NoSolution
# fix break: contig_92:903963-903968 0 -0 +0 NoSolution
fix break: contig_92:904187-904533 903996 -759 +767 BreakFix
# fix break: contig_92:905537-905539 0 -0 +0 NoSolution
fix break: contig_92:905928-905929 905720 -447 +444 BreakFix
# fix break: contig_92:906143-906166 0 -0 +0 NoSolution
fix break: contig_92:907433-907447 907162 -547 +547 BreakFix
# fix break: contig_92:907704-907708 0 -0 +0 NoSolution
# fix break: contig_92:908129-908135 0 -0 +0 NoSolution
# fix break: contig_92:922071-922200 0 -0 +0 NoSolution
# fix break: contig_92:923751 0 -0 +0 NoSolution
# fix break: contig_92:925127-925701 0 -0 +0 NoSolution
# fix break: contig_92:926011-926362 0 -0 +0 NoSolution
# fix break: contig_92:926673-927076 0 -0 +0 NoSolution
# fix break: contig_92:927490-927502 0 -0 +0 NoSolution
# fix break: contig_92:928223-928434 0 -0 +0 NoSolution
# fix break: contig_92:928677-928680 0 -0 +0 NoSolution
# fix break: contig_92:930197-930199 0 -0 +0 NoSolution
# fix break: contig_92:934079-934085 0 -0 +0 NoSolution
fix break: contig_92:938280-938293 938134 -140 +142 BreakFix
# fix break: contig_92:948562-948564 0 -0 +0 NoSolution
# fix break: contig_92:956246-956248 0 -0 +0 NoSolution
# fix break: contig_92:960952-960958 0 -0 +0 NoSolution
fix break: contig_92:961678 961449 -231 +231 BreakFix
# fix break: contig_92:986117-986170 0 -0 +0 NoSolution
# fix break: contig_92:989133-989329 0 -0 +0 NoSolution
# fix break: contig_92:999754-999809 0 -0 +0 NoSolution TandemRepeat 32
fix break: contig_92:1005855-1005928 1005785 -323 +324 BreakFix
# fix break: contig_92:1011323-1011391 0 -0 +0 NoSolution TandemRepeat 1
# fix break: contig_92:1014663-1014736 0 -0 +0 NoSolution
# fix break: contig_92:1038337-1038345 0 -0 +0 NoSolution
# fix break: contig_92:1040196-1040207 0 -0 +0 NoSolution
# fix break: contig_92:1045826-1046883 0 -0 +0 NoSolution TandemRepeat 24
fix break: contig_92:1055709-1056059 1055458 -874 +881 BreakFix
# fix break: contig_92:1057306 0 -0 +0 NoSolution
# fix break: contig_92:1057750-1057756 0 -0 +0 NoSolution
# fix break: contig_92:1058222-1058433 0 -0 +0 NoSolution
# fix break: contig_92:1060265-1060276 0 -0 +0 NoSolution
# fix break: contig_92:1060963-1061041 0 -0 +0 NoSolution TandemRepeat 2
fix break: contig_92:1065572-1065779 1065489 -133 +136 BreakFix
# fix break: contig_92:1067451-1067601 0 -0 +0 NoSolution
fix break: contig_92:1068659-1068912 1068419 -680 +687 BreakFix
# fix break: contig_92:1069129-1069149 0 -0 +0 NoSolution
# fix break: contig_92:1069738-1070686 0 -0 +0 NoSolution
# fix break: contig_92:1071116-1072762 0 -0 +0 NoSolution
# fix break: contig_92:1073429-1073742 0 -0 +0 NoSolution
# fix break: contig_92:1074087-1074296 0 -0 +0 NoSolution
# fix break: contig_92:1074501-1075470 0 -0 +0 NoSolution
# fix break: contig_92:1075676-1076118 0 -0 +0 NoSolution
# fix break: contig_92:1076880-1077493 0 -0 +0 NoSolution
fix break: contig_92:1077799-1077980 1077578 -403 +403 BreakFix
fix break: contig_92:1078683-1078716 1078441 -533 +534 BreakFix
fix break: contig_92:1080143 1080014 -291 +291 BreakFix
# fix break: contig_92:1093763-1093826 0 -0 +0 NoSolution
# fix break: contig_92:1101782-1101911 0 -0 +0 NoSolution TandemRepeat 31
# fix break: contig_92:1102315-1102572 0 -0 +0 NoSolution TandemRepeat 31
fix break: contig_92:1104722-1104880 1104451 -600 +604 BreakFix
# fix break: contig_92:1112679-1112850 0 -0 +0 NoSolution
# fix break: contig_92:1113286-1113490 0 -0 +0 NoSolution
# fix break: contig_92:1113795-1114163 0 -0 +0 NoSolution
# fix break: contig_92:1114429-1114744 0 -0 +0 NoSolution
# fix break: contig_92:1115010-1115567 0 -0 +0 NoSolution
# fix break: contig_92:1115784-1116082 0 -0 +0 NoSolution
# fix break: contig_92:1116296-1116301 0 -0 +0 NoSolution
# fix break: contig_92:1116594 0 -0 +0 NoSolution
fix break: contig_92:1117802-1117823 1117821 -215 +214 BreakFix
# fix break: contig_92:1118035 0 -0 +0 NoSolution
# fix break: contig_92:1118591-1118638 0 -0 +0 NoSolution
# fix break: contig_92:1124958-1124966 0 -0 +0 NoSolution TandemRepeat 2
fix break: contig_92:1140192 1139966 -473 +473 BreakFix
fix break: contig_92:1140538-1140547 1140338 -469 +468 BreakFix
fix break: contig_92:1165134-1165136 1164958 -291 +293 BreakFix
# fix break: contig_92:1209001-1209070 0 -0 +0 NoSolution TandemRepeat 2
# fix break: contig_92:1215873-1215881 0 -0 +0 NoSolution
# fix break: contig_92:1216669-1216739 0 -0 +0 NoSolution
# fix break: contig_92:1223631 0 -0 +0 NoSolution
# fix break: contig_92:1228750-1229276 0 -0 +0 NoSolution
# fix break: contig_92:1229805-1229809 0 -0 +0 NoSolution
# fix break: contig_92:1230324-1230397 0 -0 +0 NoSolution
fix break: contig_92:1230798-1230954 1230776 -150 +152 BreakFix
# fix break: contig_92:1240918-1240947 0 -0 +0 NoSolution
# fix break: contig_92:1241353-1241359 0 -0 +0 NoSolution
# fix break: contig_92:1241930-1241946 0 -0 +0 NoSolution
fix break: contig_92:1242929-1242940 1242771 -388 +385 BreakFix
# fix break: contig_92:1255231-1255254 0 -0 +0 NoSolution
# fix break: contig_92:1263652-1263717 0 -0 +0 NoSolution TandemRepeat 40
fix break: contig_92:1266392-1266395 1266220 -400 +402 BreakFix
# fix break: contig_92:1272877-1273002 0 -0 +0 NoSolution
# fix break: contig_92:1279191-1279213 0 -0 +0 NoSolution
# fix break: contig_92:1279514-1279525 0 -0 +0 NoSolution
# fix break: contig_92:1302247-1302452 0 -0 +0 NoSolution
# fix break: contig_92:1308931-1309062 0 -0 +0 NoSolution
fix break: contig_92:1312185-1312228 1312042 -346 +352 BreakFix
# fix break: contig_92:1313140-1313190 0 -0 +0 NoSolution
# fix break: contig_92:1314462-1314824 0 -0 +0 NoSolution
# fix break: contig_92:1315318-1315586 0 -0 +0 NoSolution
fix break: contig_92:1316113-1316142 1315859 -554 +556 BreakFix
# fix break: contig_92:1317102-1317113 0 -0 +0 NoSolution
fix break: contig_92:1321397-1321484 1321274 -416 +417 BreakFix
# fix break: contig_92:1321993-1322313 0 -0 +0 NoSolution
# fix break: contig_92:1322727-1322861 0 -0 +0 NoSolution
# fix break: contig_92:1323455-1323479 0 -0 +0 NoSolution
# fix break: contig_92:1324352-1324358 0 -0 +0 NoSolution
# fix break: contig_92:1324680-1325070 0 -0 +0 NoSolution
fix break: contig_92:1325325-1325526 1325159 -346 +352 BreakFix
# fix break: contig_92:1325728-1326011 0 -0 +0 NoSolution
fix break: contig_92:1331995-1332045 1331788 -353 +295 BreakFix
fix break: contig_92:1336421-1336819 1336432 -658 +662 BreakFix
# fix break: contig_92:1340679-1340682 0 -0 +0 NoSolution
# fix break: contig_92:1340961-1340967 0 -0 +0 NoSolution
# fix break: contig_92:1344042-1344182 0 -0 +0 NoSolution
fix break: contig_92:1344975-1345209 1344838 -620 +633 BreakFix
# fix break: contig_92:1345435-1345478 0 -0 +0 NoSolution
# fix break: contig_92:1345758-1345838 0 -0 +0 NoSolution
# fix break: contig_92:1346181-1346203 0 -0 +0 NoSolution
fix break: contig_92:1347207-1347226 1347008 -492 +493 BreakFix
# fix break: contig_92:1347461-1347472 0 -0 +0 NoSolution
# fix break: contig_92:1347711-1347718 0 -0 +0 NoSolution
# fix break: contig_92:1348455-1349038 0 -0 +0 NoSolution
# fix break: contig_92:1349329-1349359 0 -0 +0 NoSolution
# fix break: contig_92:1349824 0 -0 +0 NoSolution
fix break: contig_92:1350397-1350723 1350245 -663 +659 BreakFix
fix break: contig_92:1351242 1351027 -463 +463 BreakFix
# fix break: contig_92:1353759-1353763 0 -0 +0 NoSolution
fix break: contig_92:1386327-1386333 1386187 -380 +383 BreakFix
fix break: contig_92:1386728-1386735 1386463 -513 +515 BreakFix
# fix break: contig_92:1387164-1387183 0 -0 +0 NoSolution
fix break: contig_92:1387587-1387617 1387464 -150 +156 BreakFix
# fix break: contig_92:1387991-1388822 0 -0 +0 NoSolution
# fix break: contig_92:1389079-1389497 0 -0 +0 NoSolution
fix break: contig_92:1392337-1392341 1392084 -511 +518 BreakFix
fix break: contig_92:1392773-1392779 1392596 -388 +388 BreakFix
# fix break: contig_92:1395087-1395090 0 -0 +0 NoSolution
# fix break: contig_92:1397463-1397465 0 -0 +0 NoSolution
# fix break: contig_92:1398010-1398336 0 -0 +0 NoSolution
# fix break: contig_92:1398676-1398680 0 -0 +0 NoSolution
# fix break: contig_92:1399172-1399173 0 -0 +0 NoSolution
# fix break: contig_92:1400729-1400738 0 -0 +0 NoSolution
# fix break: contig_92:1400986-1400988 0 -0 +0 NoSolution
# fix break: contig_92:1401197-1401355 0 -0 +0 NoSolution
fix break: contig_92:1401782 1401543 -240 +240 BreakFix
fix break: contig_92:1402154 1402154 -262 +262 BreakFix
# fix break: contig_92:1402984-1402985 0 -0 +0 NoSolution
fix break: contig_92:1405417-1405429 1405161 -342 +343 BreakFix
fix break: contig_92:1433493 1433420 -74 +71 BreakFix
# fix break: contig_92:1440259-1440261 0 -0 +0 NoSolution
fix break: contig_92:1442255 1442143 -319 +320 BreakFix
# fix break: contig_92:1443451-1443487 0 -0 +0 NoSolution
# fix break: contig_92:1443918-1444147 0 -0 +0 NoSolution
# fix break: contig_92:1448920-1448957 0 -0 +0 NoSolution
# fix break: contig_92:1450363-1450415 0 -0 +0 NoSolution TandemRepeat 1
# fix break: contig_92:1450924-1450939 0 -0 +0 NoSolution
# fix break: contig_92:1454874-1455297 0 -0 +0 NoSolution TandemRepeat 56
# fix break: contig_92:1455510-1455521 0 -0 +0 NoSolution TandemRepeat 106
# fix break: contig_92:1459557-1459645 0 -0 +0 NoSolution
# fix break: contig_92:1460227-1460255 0 -0 +0 NoSolution
# fix break: contig_92:1460566-1460647 0 -0 +0 NoSolution
# fix break: contig_92:1461658 0 -0 +0 NoSolution
# fix break: contig_92:1464066-1464095 0 -0 +0 NoSolution
# fix break: contig_92:1464963 0 -0 +0 NoSolution
# fix break: contig_92:1465463-1465757 0 -0 +0 NoSolution
# fix break: contig_92:1466133-1466271 0 -0 +0 NoSolution
# fix break: contig_92:1467523-1467530 0 -0 +0 NoSolution
fix break: contig_92:1469249-1469260 1468984 -493 +495 BreakFix
fix break: contig_92:1469929-1469935 1469670 -367 +370 BreakFix
# fix break: contig_92:1470258-1470322 0 -0 +0 NoSolution
# fix break: contig_92:1470547-1470620 0 -0 +0 NoSolution
# fix break: contig_92:1471389-1471400 0 -0 +0 NoSolution
# fix break: contig_92:1471770 0 -0 +0 NoSolution
# fix break: contig_92:1472214-1472224 0 -0 +0 NoSolution
# fix break: contig_92:1472610-1472634 0 -0 +0 NoSolution
# fix break: contig_92:1475450-1475464 0 -0 +0 NoSolution
# fix break: contig_92:1476297-1476321 0 -0 +0 NoSolution
# fix break: contig_92:1476524 0 -0 +0 NoSolution
# fix break: contig_92:1477903-1477908 0 -0 +0 NoSolution
# fix break: contig_92:1478630-1478676 0 -0 +0 NoSolution
# fix break: contig_92:1479471-1479475 0 -0 +0 NoSolution
# fix break: contig_92:1480088-1480089 0 -0 +0 NoSolution
# fix break: contig_92:1481647-1481664 0 -0 +0 NoSolution
fix break: contig_92:1487394-1487402 1487208 -386 +387 BreakFix
# fix break: contig_92:1488462-1488563 0 -0 +0 NoSolution
fix break: contig_92:1491438-1491442 1491316 -97 +99 BreakFix
# fix break: contig_92:1493056-1493061 0 -0 +0 NoSolution
fix break: contig_92:1494098-1494099 1493986 -142 +143 BreakFix
fix break: contig_92:1531600 1531360 -413 +414 BreakFix
# fix break: contig_92:1545622-1545728 0 -0 +0 NoSolution TandemRepeat 39
# fix break: contig_92:1547585-1547620 0 -0 +0 NoSolution
# fix break: contig_92:1548528-1548752 0 -0 +0 NoSolution
# fix break: contig_92:1548978-1549010 0 -0 +0 NoSolution
# fix break: contig_92:1549383-1549655 0 -0 +0 NoSolution
# fix break: contig_92:1549990-1550667 0 -0 +0 NoSolution
# fix break: contig_92:1550986-1551029 0 -0 +0 NoSolution
# fix break: contig_92:1551366-1552512 0 -0 +0 NoSolution
# fix break: contig_92:1552783-1554524 0 -0 +0 NoSolution
# fix break: contig_92:1555040-1555041 0 -0 +0 NoSolution
fix break: contig_92:1555405-1555429 1555256 -409 +411 BreakFix
# fix break: contig_92:1556451-1556454 0 -0 +0 NoSolution
# fix break: contig_92:1556837-1557084 0 -0 +0 NoSolution
# fix break: contig_92:1558276-1558460 0 -0 +0 NoSolution
# fix break: contig_92:1558893-1559014 0 -0 +0 NoSolution
# fix break: contig_92:1559434 0 -0 +0 NoSolution
# fix break: contig_92:1559738-1559843 0 -0 +0 NoSolution TandemRepeat 2
fix break: contig_92:1567430-1567438 1567444 -258 +260 BreakFix
# fix break: contig_92:1572948 0 -0 +0 NoSolution
# fix break: contig_92:1579121-1579129 0 -0 +0 NoSolution
# fix break: contig_92:1627733-1627748 0 -0 +0 NoSolution
# fix break: contig_92:1634074 0 -0 +0 NoSolution
# fix break: contig_92:1650546-1650591 0 -0 +0 NoSolution
# fix break: contig_92:1657590-1657797 0 -0 +0 NoSolution
# fix break: contig_92:1666447-1666460 0 -0 +0 NoSolution
# fix break: contig_92:1670969-1671151 0 -0 +0 NoSolution
fix break: contig_92:1671489-1671692 1671233 -577 +578 BreakFix
# fix break: contig_92:1695845-1695967 0 -0 +0 NoSolution
# fix break: contig_92:1701713-1701721 0 -0 +0 NoSolution TandemRepeat 30
fix break: contig_92:1706512-1706646 1706378 -475 +477 BreakFix
# fix break: contig_92:1715443-1715513 0 -0 +0 NoSolution
# fix break: contig_92:1716817-1716821 0 -0 +0 NoSolution
fix break: contig_92:1718245-1718295 1718093 -276 +280 BreakFix
# fix break: contig_92:1719127 0 -0 +0 NoSolution
# fix break: contig_92:1719428 0 -0 +0 NoSolution
fix break: contig_92:1722555-1722693 1722817 -110 +112 BreakFix
# fix break: contig_92:1771097 0 -0 +0 NoSolution
# fix break: contig_92:1771328-1771339 0 -0 +0 NoSolution
fix break: contig_92:1773024-1773242 1772827 -445 +445 BreakFix
fix break: contig_92:1773623-1773650 1773501 -365 +349 BreakFix
# fix break: contig_92:1806996-1807202 0 -0 +0 NoSolution TandemRepeat 12
# fix break: contig_92:1808196-1808310 0 -0 +0 NoSolution
# fix break: contig_92:1808567-1808774 0 -0 +0 NoSolution
# fix break: contig_92:1809264-1809312 0 -0 +0 NoSolution
# fix break: contig_92:1809532-1809561 0 -0 +0 NoSolution
fix break: contig_92:1811791-1811809 1811666 -271 +270 BreakFix
fix break: contig_92:1812154-1812349 1811937 -581 +580 BreakFix
fix break: contig_92:1813205-1813240 1813178 -300 +299 BreakFix
fix break: contig_92:1813616-1813646 1813425 -418 +421 BreakFix
# fix break: contig_92:1814226-1814298 0 -0 +0 NoSolution
fix break: contig_92:1814783-1814914 1814600 -522 +522 BreakFix
# fix break: contig_92:1815624-1815629 0 -0 +0 NoSolution
# fix break: contig_92:1820251-1820324 0 -0 +0 NoSolution TandemRepeat 55
# fix break: contig_92:1832150-1832157 0 -0 +0 NoSolution
# fix break: contig_92:1833212-1833268 0 -0 +0 NoSolution
# fix break: contig_92:1838401-1838436 0 -0 +0 NoSolution TandemRepeat 46
fix break: contig_92:1839130 1838888 -244 +242 BreakFix
# fix break: contig_92:1841474-1841499 0 -0 +0 NoSolution
# fix break: contig_92:1848972-1849039 0 -0 +0 NoSolution TandemRepeat 119
# fix break: contig_92:1861420-1861490 0 -0 +0 NoSolution TandemRepeat 2
# fix break: contig_92:1873074 0 -0 +0 NoSolution
# fix break: contig_92:1874149-1874164 0 -0 +0 NoSolution
# fix break: contig_92:1874496-1874512 0 -0 +0 NoSolution
# fix break: contig_92:1875248-1875458 0 -0 +0 NoSolution TandemRepeat 31
# fix break: contig_92:1875767-1875973 0 -0 +0 NoSolution TandemRepeat 31
# fix break: contig_92:1887310 0 -0 +0 NoSolution TandemRepeat 78
# fix break: contig_92:1890671-1891024 0 -0 +0 NoSolution
# fix break: contig_92:1891366-1891421 0 -0 +0 NoSolution
# fix break: contig_92:1893024-1893033 0 -0 +0 NoSolution
# fix break: contig_92:1902201-1902203 0 -0 +0 NoSolution TandemRepeat 36
# fix break: contig_92:1902611-1902614 0 -0 +0 NoSolution
fix break: contig_92:1911214-1911220 1910956 -536 +531 BreakFix
# fix break: contig_92:1911684-1911694 0 -0 +0 NoSolution
# fix break: contig_92:1912593-1912613 0 -0 +0 NoSolution
# fix break: contig_92:1912827-1912948 0 -0 +0 NoSolution
# fix break: contig_92:1913299-1913454 0 -0 +0 NoSolution
# fix break: contig_92:1913720-1913725 0 -0 +0 NoSolution
# fix break: contig_92:1913947-1913964 0 -0 +0 NoSolution
# fix break: contig_92:1914353-1914360 0 -0 +0 NoSolution
# fix break: contig_92:1914655-1915141 0 -0 +0 NoSolution
# fix break: contig_92:1915553-1915643 0 -0 +0 NoSolution
# fix break: contig_92:1915894-1915908 0 -0 +0 NoSolution
# fix break: contig_92:1916422-1916428 0 -0 +0 NoSolution
# fix break: contig_92:1917353-1917355 0 -0 +0 NoSolution
fix break: contig_92:1953358-1953447 1953107 -336 +339 BreakFix
# fix break: contig_92:1953754-1953769 0 -0 +0 NoSolution
# fix break: contig_92:1963703-1963770 0 -0 +0 NoSolution
fix break: contig_92:1970358-1970364 1970091 -471 +468 BreakFix
fix break: contig_92:1971868-1971934 1971669 -519 +523 BreakFix
fix break: contig_92:1974154-1974167 1973895 -317 +315 BreakFix
# fix break: contig_92:1978684-1978688 0 -0 +0 NoSolution
fix break: contig_92:1979212-1979213 1978993 -356 +357 BreakFix
fix break: contig_92:1979897 1979649 -406 +404 BreakFix
# fix break: contig_92:1981723-1981845 0 -0 +0 NoSolution
# fix break: contig_92:1982587-1982736 0 -0 +0 NoSolution
# fix break: contig_92:1985458-1985470 0 -0 +0 NoSolution
fix break: contig_92:1990394-1990400 1990180 -221 +223 BreakFix
# fix break: contig_92:1991120-1991129 0 -0 +0 NoSolution
fix break: contig_92:1991612 1991448 -322 +320 BreakFix
# fix break: contig_92:1992828-1992832 0 -0 +0 NoSolution
# fix break: contig_92:2034909-2034995 0 -0 +0 NoSolution TandemRepeat 2
fix break: contig_92:2050738-2050746 2050623 -349 +351 BreakFix
# fix break: contig_92:2062972-2062977 0 -0 +0 NoSolution
fix break: contig_92:2063431-2063434 2063171 -412 +410 BreakFix
# fix break: contig_92:2091057-2091073 0 -0 +0 NoSolution TandemRepeat 25
# fix break: contig_92:2098525-2098526 0 -0 +0 NoSolution TandemRepeat 23
fix break: contig_92:2114330 2114145 -381 +382 BreakFix
fix break: contig_92:2118756 2118651 -106 +105 BreakFix
fix break: contig_92:2131227-2131345 2130958 -598 +627 BreakFix
# fix break: contig_92:2134076-2134099 0 -0 +0 NoSolution
fix break: contig_92:2134996-2135267 2134742 -698 +702 BreakFix
fix break: contig_92:2136873-2136874 2136658 -222 +225 BreakFix
# fix break: contig_92:2138212 0 -0 +0 NoSolution TandemRepeat 44
# fix break: contig_92:2138846-2139038 0 -0 +0 NoSolution
# fix break: contig_92:2143351-2143366 0 -0 +0 NoSolution
# fix break: contig_92:2144136-2144171 0 -0 +0 NoSolution
# fix break: contig_92:2145856-2145872 0 -0 +0 NoSolution
# fix break: contig_92:2146275-2146354 0 -0 +0 NoSolution
# fix break: contig_92:2156375-2156389 0 -0 +0 NoSolution TandemRepeat 1
# fix break: contig_92:2168608-2168613 0 -0 +0 NoSolution
# fix break: contig_92:2172152-2172329 0 -0 +0 NoSolution
# fix break: contig_92:2193126-2193139 0 -0 +0 NoSolution
fix break: contig_92:2196634-2196817 2196470 -590 +597 BreakFix
# fix break: contig_92:2198237 0 -0 +0 NoSolution
# fix break: contig_92:2199753-2200011 0 -0 +0 NoSolution TandemRepeat 27
# fix break: contig_92:2201941-2202173 0 -0 +0 NoSolution TandemRepeat 25
# fix break: contig_92:2206179-2206253 0 -0 +0 NoSolution
# fix break: contig_92:2206963-2206993 0 -0 +0 NoSolution TandemRepeat 25
# fix break: contig_92:2207455-2207470 0 -0 +0 NoSolution TandemRepeat 21
# fix break: contig_92:2212452-2212460 0 -0 +0 NoSolution
fix break: contig_92:2219631-2219658 2219418 -216 +214 BreakFix
# fix break: contig_92:2220150-2220160 0 -0 +0 NoSolution
fix break: contig_92:2221689 2221566 -380 +382 BreakFix
fix break: contig_92:2222309-2222667 2222065 -808 +816 BreakFix
# fix break: contig_92:2223407-2224088 0 -0 +0 NoSolution
# fix break: contig_92:2224698-2224712 0 -0 +0 NoSolution
# fix break: contig_92:2225013-2227618 0 -0 +0 NoSolution
# fix break: contig_92:2227824-2229163 0 -0 +0 NoSolution
# fix break: contig_92:2229713-2229949 0 -0 +0 NoSolution
# fix break: contig_92:2230857-2232530 0 -0 +0 NoSolution
# fix break: contig_92:2233059-2233354 0 -0 +0 NoSolution
# fix break: contig_92:2233747-2233847 0 -0 +0 NoSolution
# fix break: contig_92:2234067-2234508 0 -0 +0 NoSolution
# fix break: contig_92:2234713-2235282 0 -0 +0 NoSolution
# fix break: contig_92:2235698-2236551 0 -0 +0 NoSolution
# fix break: contig_92:2236754-2236812 0 -0 +0 NoSolution
# fix break: contig_92:2237065-2238694 0 -0 +0 NoSolution
fix break: contig_92:2239267-2239546 2239526 -265 +263 BreakFix
# fix break: contig_92:2239804-2239977 0 -0 +0 NoSolution
# fix break: contig_92:2240325-2240555 0 -0 +0 NoSolution
# fix break: contig_92:2241007-2241041 0 -0 +0 NoSolution
fix break: contig_92:2241427-2241506 2241270 -497 +492 BreakFix
# fix break: contig_92:2241886-2242180 0 -0 +0 NoSolution
# fix break: contig_92:2242494-2242735 0 -0 +0 NoSolution
# fix break: contig_92:2243096-2244066 0 -0 +0 NoSolution
# fix break: contig_92:2244588-2244924 0 -0 +0 NoSolution
# fix break: contig_92:2245232-2246572 0 -0 +0 NoSolution
# fix break: contig_92:2246851-2247477 0 -0 +0 NoSolution
# fix break: contig_92:2247695-2247702 0 -0 +0 NoSolution
# fix break: contig_92:2248204-2248602 0 -0 +0 NoSolution
# fix break: contig_92:2248999-2249530 0 -0 +0 NoSolution
fix break: contig_92:2249831 2249596 -275 +271 BreakFix
# fix break: contig_92:2251218-2251385 0 -0 +0 NoSolution
# fix break: contig_92:2251671-2251817 0 -0 +0 NoSolution
# fix break: contig_92:2252150-2252151 0 -0 +0 NoSolution
# fix break: contig_92:2253605 0 -0 +0 NoSolution
# fix break: contig_92:2254553-2254604 0 -0 +0 NoSolution
# fix break: contig_92:2255911-2255919 0 -0 +0 NoSolution TandemRepeat 26
fix break: contig_92:2262503-2262548 2262242 -575 +580 BreakFix
fix break: contig_92:2262787-2262863 2262518 -299 +303 BreakFix
# fix break: contig_92:2263382-2263702 0 -0 +0 NoSolution
# fix break: contig_92:2264432-2264492 0 -0 +0 NoSolution
# fix break: contig_92:2265479-2265500 0 -0 +0 NoSolution
# fix break: contig_92:2267218-2267256 0 -0 +0 NoSolution
# fix break: contig_92:2268867-2268882 0 -0 +0 NoSolution
# fix break: contig_92:2270011-2270080 0 -0 +0 NoSolution
fix break: contig_92:2271618-2271622 2271443 -446 +447 BreakFix
# fix break: contig_92:2273349-2273360 0 -0 +0 NoSolution
# fix break: contig_92:2274459-2274714 0 -0 +0 NoSolution
# fix break: contig_92:2276575-2276643 0 -0 +0 NoSolution
# fix break: contig_92:2276851-2277070 0 -0 +0 NoSolution
# fix break: contig_92:2277406-2277741 0 -0 +0 NoSolution
# fix break: contig_92:2278195-2278196 0 -0 +0 NoSolution
# fix break: contig_92:2278425-2278427 0 -0 +0 NoSolution
# fix break: contig_92:2278718-2278866 0 -0 +0 NoSolution
# fix break: contig_92:2288887-2289017 0 -0 +0 NoSolution
# fix break: contig_92:2290012-2290060 0 -0 +0 NoSolution
# fix break: contig_92:2291074-2291123 0 -0 +0 NoSolution
# fix break: contig_92:2294189-2294192 0 -0 +0 NoSolution
contig_92:1-2296776 log:
Finished processing contig_92:1-2296776
Processing contig_93:1-3705
frags analyses/03_polishing/pilon_output/chr3_aligned.bam: coverage 119
Total Reads: 3649, Coverage: 119, minDepth: 12
Confirmed 3427 of 3705 bases (92.50%)
Corrected 36 snps; 1 ambiguous bases; corrected 12 small insertions totaling 15 bases, 14 small deletions totaling 15 bases
# Attempting to fix local continuity breaks
# fix break: contig_93:2299-2336 0 -0 +0 NoSolution
contig_93:1-3705 log:
Finished processing contig_93:1-3705
Processing contig_96:1-2390
frags analyses/03_polishing/pilon_output/chr3_aligned.bam: coverage 158
Total Reads: 3132, Coverage: 158, minDepth: 16
Confirmed 2270 of 2390 bases (94.98%)
Corrected 3 snps; 0 ambiguous bases; corrected 5 small insertions totaling 5 bases, 3 small deletions totaling 3 bases
# Attempting to fix local continuity breaks
# fix break: contig_96:1210-1261 0 -0 +0 NoSolution
contig_96:1-2390 log:
Finished processing contig_96:1-2390
Processing contig_97:1-25963
frags analyses/03_polishing/pilon_output/chr3_aligned.bam: coverage 10
Total Reads: 2742, Coverage: 10, minDepth: 5
Confirmed 2077 of 25963 bases (8.00%)
Corrected 62 snps; 1 ambiguous bases; corrected 19 small insertions totaling 26 bases, 8 small deletions totaling 8 bases
contig_97:1-25963 log:
Finished processing contig_97:1-25963
Writing contig_1:1-38933 changes to analyses/03_polishing/pilon_output/chr3_polished.changes
Writing updated contig_1_pilon to analyses/03_polishing/pilon_output/chr3_polished.fasta
Writing contig_100:1-51504 changes to analyses/03_polishing/pilon_output/chr3_polished.changes
Writing updated contig_100_pilon to analyses/03_polishing/pilon_output/chr3_polished.fasta
Writing contig_103:1-3045 changes to analyses/03_polishing/pilon_output/chr3_polished.changes
Writing updated contig_103_pilon to analyses/03_polishing/pilon_output/chr3_polished.fasta
Writing contig_104:1-229580 changes to analyses/03_polishing/pilon_output/chr3_polished.changes
Writing updated contig_104_pilon to analyses/03_polishing/pilon_output/chr3_polished.fasta
Writing contig_110:1-38206 changes to analyses/03_polishing/pilon_output/chr3_polished.changes
Writing updated contig_110_pilon to analyses/03_polishing/pilon_output/chr3_polished.fasta
Writing contig_113:1-1854480 changes to analyses/03_polishing/pilon_output/chr3_polished.changes
Writing updated contig_113_pilon to analyses/03_polishing/pilon_output/chr3_polished.fasta
Writing contig_114:1-18292 changes to analyses/03_polishing/pilon_output/chr3_polished.changes
Writing updated contig_114_pilon to analyses/03_polishing/pilon_output/chr3_polished.fasta
Writing contig_117:1-5561 changes to analyses/03_polishing/pilon_output/chr3_polished.changes
Writing updated contig_117_pilon to analyses/03_polishing/pilon_output/chr3_polished.fasta
Writing contig_119:1-48291 changes to analyses/03_polishing/pilon_output/chr3_polished.changes
Writing updated contig_119_pilon to analyses/03_polishing/pilon_output/chr3_polished.fasta
Writing contig_120:1-3705 changes to analyses/03_polishing/pilon_output/chr3_polished.changes
Writing updated contig_120_pilon to analyses/03_polishing/pilon_output/chr3_polished.fasta
Writing contig_125:1-423241 changes to analyses/03_polishing/pilon_output/chr3_polished.changes
Writing updated contig_125_pilon to analyses/03_polishing/pilon_output/chr3_polished.fasta
Writing contig_126:1-49605 changes to analyses/03_polishing/pilon_output/chr3_polished.changes
Writing updated contig_126_pilon to analyses/03_polishing/pilon_output/chr3_polished.fasta
Writing contig_127:1-8953 changes to analyses/03_polishing/pilon_output/chr3_polished.changes
Writing updated contig_127_pilon to analyses/03_polishing/pilon_output/chr3_polished.fasta
Writing contig_128:1-1082798 changes to analyses/03_polishing/pilon_output/chr3_polished.changes
Writing updated contig_128_pilon to analyses/03_polishing/pilon_output/chr3_polished.fasta
Writing contig_13:1-19761 changes to analyses/03_polishing/pilon_output/chr3_polished.changes
Writing updated contig_13_pilon to analyses/03_polishing/pilon_output/chr3_polished.fasta
Writing contig_130:1-17035 changes to analyses/03_polishing/pilon_output/chr3_polished.changes
Writing updated contig_130_pilon to analyses/03_polishing/pilon_output/chr3_polished.fasta
Writing contig_132:1-387661 changes to analyses/03_polishing/pilon_output/chr3_polished.changes
Writing updated contig_132_pilon to analyses/03_polishing/pilon_output/chr3_polished.fasta
Writing contig_133:1-98649 changes to analyses/03_polishing/pilon_output/chr3_polished.changes
Writing updated contig_133_pilon to analyses/03_polishing/pilon_output/chr3_polished.fasta
Writing contig_134:1-18182 changes to analyses/03_polishing/pilon_output/chr3_polished.changes
Writing updated contig_134_pilon to analyses/03_polishing/pilon_output/chr3_polished.fasta
Writing contig_137:1-89469 changes to analyses/03_polishing/pilon_output/chr3_polished.changes
Writing updated contig_137_pilon to analyses/03_polishing/pilon_output/chr3_polished.fasta
Writing contig_14:1-351124 changes to analyses/03_polishing/pilon_output/chr3_polished.changes
Writing updated contig_14_pilon to analyses/03_polishing/pilon_output/chr3_polished.fasta
Writing contig_15:1-2519 changes to analyses/03_polishing/pilon_output/chr3_polished.changes
Writing updated contig_15_pilon to analyses/03_polishing/pilon_output/chr3_polished.fasta
Writing contig_16:1-54334 changes to analyses/03_polishing/pilon_output/chr3_polished.changes
Writing updated contig_16_pilon to analyses/03_polishing/pilon_output/chr3_polished.fasta
Writing contig_17:1-37215 changes to analyses/03_polishing/pilon_output/chr3_polished.changes
Writing updated contig_17_pilon to analyses/03_polishing/pilon_output/chr3_polished.fasta
Writing contig_2:1-1045829 changes to analyses/03_polishing/pilon_output/chr3_polished.changes
Writing updated contig_2_pilon to analyses/03_polishing/pilon_output/chr3_polished.fasta
Writing contig_23:1-13087 changes to analyses/03_polishing/pilon_output/chr3_polished.changes
Writing updated contig_23_pilon to analyses/03_polishing/pilon_output/chr3_polished.fasta
Writing contig_25:1-35408 changes to analyses/03_polishing/pilon_output/chr3_polished.changes
Writing updated contig_25_pilon to analyses/03_polishing/pilon_output/chr3_polished.fasta
Writing contig_26:1-1724286 changes to analyses/03_polishing/pilon_output/chr3_polished.changes
Writing updated contig_26_pilon to analyses/03_polishing/pilon_output/chr3_polished.fasta
Writing contig_3:1-490403 changes to analyses/03_polishing/pilon_output/chr3_polished.changes
Writing updated contig_3_pilon to analyses/03_polishing/pilon_output/chr3_polished.fasta
Writing contig_30:1-642 changes to analyses/03_polishing/pilon_output/chr3_polished.changes
Writing updated contig_30_pilon to analyses/03_polishing/pilon_output/chr3_polished.fasta
Writing contig_32:1-87042 changes to analyses/03_polishing/pilon_output/chr3_polished.changes
Writing updated contig_32_pilon to analyses/03_polishing/pilon_output/chr3_polished.fasta
Writing contig_33:1-11006 changes to analyses/03_polishing/pilon_output/chr3_polished.changes
Writing updated contig_33_pilon to analyses/03_polishing/pilon_output/chr3_polished.fasta
Writing contig_37:1-104708 changes to analyses/03_polishing/pilon_output/chr3_polished.changes
Writing updated contig_37_pilon to analyses/03_polishing/pilon_output/chr3_polished.fasta
Writing contig_38:1-1265633 changes to analyses/03_polishing/pilon_output/chr3_polished.changes
Writing updated contig_38_pilon to analyses/03_polishing/pilon_output/chr3_polished.fasta
Writing contig_4:1-115341 changes to analyses/03_polishing/pilon_output/chr3_polished.changes
Writing updated contig_4_pilon to analyses/03_polishing/pilon_output/chr3_polished.fasta
Writing contig_40:1-13481 changes to analyses/03_polishing/pilon_output/chr3_polished.changes
Writing updated contig_40_pilon to analyses/03_polishing/pilon_output/chr3_polished.fasta
Writing contig_46:1-25665 changes to analyses/03_polishing/pilon_output/chr3_polished.changes
Writing updated contig_46_pilon to analyses/03_polishing/pilon_output/chr3_polished.fasta
Writing contig_5:1-17379 changes to analyses/03_polishing/pilon_output/chr3_polished.changes
Writing updated contig_5_pilon to analyses/03_polishing/pilon_output/chr3_polished.fasta
Writing contig_52:1-17490 changes to analyses/03_polishing/pilon_output/chr3_polished.changes
Writing updated contig_52_pilon to analyses/03_polishing/pilon_output/chr3_polished.fasta
Writing contig_55:1-97053 changes to analyses/03_polishing/pilon_output/chr3_polished.changes
Writing updated contig_55_pilon to analyses/03_polishing/pilon_output/chr3_polished.fasta
Writing contig_57:1-32769 changes to analyses/03_polishing/pilon_output/chr3_polished.changes
Writing updated contig_57_pilon to analyses/03_polishing/pilon_output/chr3_polished.fasta
Writing contig_58:1-255401 changes to analyses/03_polishing/pilon_output/chr3_polished.changes
Writing updated contig_58_pilon to analyses/03_polishing/pilon_output/chr3_polished.fasta
Writing contig_61:1-35135 changes to analyses/03_polishing/pilon_output/chr3_polished.changes
Writing updated contig_61_pilon to analyses/03_polishing/pilon_output/chr3_polished.fasta
Writing contig_62:1-304909 changes to analyses/03_polishing/pilon_output/chr3_polished.changes
Writing updated contig_62_pilon to analyses/03_polishing/pilon_output/chr3_polished.fasta
Writing contig_64:1-23981 changes to analyses/03_polishing/pilon_output/chr3_polished.changes
Writing updated contig_64_pilon to analyses/03_polishing/pilon_output/chr3_polished.fasta
Writing contig_65:1-21616 changes to analyses/03_polishing/pilon_output/chr3_polished.changes
Writing updated contig_65_pilon to analyses/03_polishing/pilon_output/chr3_polished.fasta
Writing contig_68:1-18952 changes to analyses/03_polishing/pilon_output/chr3_polished.changes
Writing updated contig_68_pilon to analyses/03_polishing/pilon_output/chr3_polished.fasta
Writing contig_7:1-402449 changes to analyses/03_polishing/pilon_output/chr3_polished.changes
Writing updated contig_7_pilon to analyses/03_polishing/pilon_output/chr3_polished.fasta
Writing contig_74:1-619105 changes to analyses/03_polishing/pilon_output/chr3_polished.changes
Writing updated contig_74_pilon to analyses/03_polishing/pilon_output/chr3_polished.fasta
Writing contig_78:1-27645 changes to analyses/03_polishing/pilon_output/chr3_polished.changes
Writing updated contig_78_pilon to analyses/03_polishing/pilon_output/chr3_polished.fasta
Writing contig_79:1-64772 changes to analyses/03_polishing/pilon_output/chr3_polished.changes
Writing updated contig_79_pilon to analyses/03_polishing/pilon_output/chr3_polished.fasta
Writing contig_8:1-27169 changes to analyses/03_polishing/pilon_output/chr3_polished.changes
Writing updated contig_8_pilon to analyses/03_polishing/pilon_output/chr3_polished.fasta
Writing contig_85:1-9988 changes to analyses/03_polishing/pilon_output/chr3_polished.changes
Writing updated contig_85_pilon to analyses/03_polishing/pilon_output/chr3_polished.fasta
Writing contig_87:1-30114 changes to analyses/03_polishing/pilon_output/chr3_polished.changes
Writing updated contig_87_pilon to analyses/03_polishing/pilon_output/chr3_polished.fasta
Writing contig_88:1-59236 changes to analyses/03_polishing/pilon_output/chr3_polished.changes
Writing updated contig_88_pilon to analyses/03_polishing/pilon_output/chr3_polished.fasta
Writing contig_9:1-2922085 changes to analyses/03_polishing/pilon_output/chr3_polished.changes
Writing updated contig_9_pilon to analyses/03_polishing/pilon_output/chr3_polished.fasta
Writing contig_92:1-2296776 changes to analyses/03_polishing/pilon_output/chr3_polished.changes
Writing updated contig_92_pilon to analyses/03_polishing/pilon_output/chr3_polished.fasta
Writing contig_93:1-3705 changes to analyses/03_polishing/pilon_output/chr3_polished.changes
Writing updated contig_93_pilon to analyses/03_polishing/pilon_output/chr3_polished.fasta
Writing contig_96:1-2390 changes to analyses/03_polishing/pilon_output/chr3_polished.changes
Writing updated contig_96_pilon to analyses/03_polishing/pilon_output/chr3_polished.fasta
Writing contig_97:1-25963 changes to analyses/03_polishing/pilon_output/chr3_polished.changes
Writing updated contig_97_pilon to analyses/03_polishing/pilon_output/chr3_polished.fasta
Mean frags coverage: 297
Mean total coverage: 297
